SEALTAG_NC_FILE,TAG_ID,PROFILE_NUM,DATE,LATITUDE,LONGITUDE,ISDAYTIME,PROCESSED
/Volumes/Data/Work/SEALTAGS/Prydz/FLUO_LIGHT/PROCESSED/NC/ct157-F116-20_all_prof_PROCESSED.nc,ct157-F116-20,1,2020-01-12 11:10:00,-48.7066,69.83,True,True
/Volumes/Data/Work/SEALTAGS/Prydz/FLUO_LIGHT/PROCESSED/NC/ct157-F116-20_all_prof_PROCESSED.nc,ct157-F116-20,2,2020-01-12 22:00:00,-48.4935,69.105,False,True
/Volumes/Data/Work/SEALTAGS/Prydz/FLUO_LIGHT/PROCESSED/NC/ct157-F116-20_all_prof_PROCESSED.nc,ct157-F116-20,3,2020-01-13 10:10:00,-48.3914,68.1434,True,True
/Volumes/Data/Work/SEALTAGS/Prydz/FLUO_LIGHT/PROCESSED/NC/ct157-F116-20_all_prof_PROCESSED.nc,ct157-F116-20,4,2020-01-13 22:00:00,-48.3219,67.6565,False,True
/Volumes/Data/Work/SEALTAGS/Prydz/FLUO_LIGHT/PROCESSED/NC/ct157-F116-20_all_prof_PROCESSED.nc,ct157-F116-20,5,2020-01-14 05:50:00,-48.4779,66.9255,True,True
/Volumes/Data/Work/SEALTAGS/Prydz/FLUO_LIGHT/PROCESSED/NC/ct157-F116-20_all_prof_PROCESSED.nc,ct157-F116-20,6,2020-01-14 15:10:00,-48.2997,66.5506,True,True
/Volumes/Data/Work/SEALTAGS/Prydz/FLUO_LIGHT/PROCESSED/NC/ct157-F116-20_all_prof_PROCESSED.nc,ct157-F116-20,7,2020-01-15 04:20:00,-48.0698,65.5466,True,True
/Volumes/Data/Work/SEALTAGS/Prydz/FLUO_LIGHT/PROCESSED/NC/ct157-F116-20_all_prof_PROCESSED.nc,ct157-F116-20,8,2020-01-15 15:10:00,-48.1352,65.409,True,True
/Volumes/Data/Work/SEALTAGS/Prydz/FLUO_LIGHT/PROCESSED/NC/ct157-F116-20_all_prof_PROCESSED.nc,ct157-F116-20,9,2020-01-16 02:50:00,-48.1141,64.2633,True,True
/Volumes/Data/Work/SEALTAGS/Prydz/FLUO_LIGHT/PROCESSED/NC/ct157-F116-20_all_prof_PROCESSED.nc,ct157-F116-20,10,2020-01-16 20:20:00,-48.1374,63.5119,False,True
/Volumes/Data/Work/SEALTAGS/Prydz/FLUO_LIGHT/PROCESSED/NC/ct157-F116-20_all_prof_PROCESSED.nc,ct157-F116-20,11,2020-01-17 06:30:00,-47.7871,63.3653,True,True
/Volumes/Data/Work/SEALTAGS/Prydz/FLUO_LIGHT/PROCESSED/NC/ct157-F116-20_all_prof_PROCESSED.nc,ct157-F116-20,12,2020-01-17 15:00:00,-47.9089,62.6133,True,True
/Volumes/Data/Work/SEALTAGS/Prydz/FLUO_LIGHT/PROCESSED/NC/ct157-F116-20_all_prof_PROCESSED.nc,ct157-F116-20,13,2020-01-18 03:30:00,-47.9069,62.7026,True,True
/Volumes/Data/Work/SEALTAGS/Prydz/FLUO_LIGHT/PROCESSED/NC/ct157-F116-20_all_prof_PROCESSED.nc,ct157-F116-20,14,2020-01-18 15:50:00,-47.7534,61.7887,False,True
/Volumes/Data/Work/SEALTAGS/Prydz/FLUO_LIGHT/PROCESSED/NC/ct157-F116-20_all_prof_PROCESSED.nc,ct157-F116-20,15,2020-01-19 02:20:00,-47.7621,61.2553,True,True
/Volumes/Data/Work/SEALTAGS/Prydz/FLUO_LIGHT/PROCESSED/NC/ct157-F116-20_all_prof_PROCESSED.nc,ct157-F116-20,16,2020-01-19 23:20:00,-47.5433,60.8078,False,True
/Volumes/Data/Work/SEALTAGS/Prydz/FLUO_LIGHT/PROCESSED/NC/ct157-F116-20_all_prof_PROCESSED.nc,ct157-F116-20,17,2020-01-20 07:00:00,-47.7178,60.4278,True,True
/Volumes/Data/Work/SEALTAGS/Prydz/FLUO_LIGHT/PROCESSED/NC/ct157-F116-20_all_prof_PROCESSED.nc,ct157-F116-20,18,2020-01-20 14:20:00,-47.6212,60.1637,True,True
/Volumes/Data/Work/SEALTAGS/Prydz/FLUO_LIGHT/PROCESSED/NC/ct157-F116-20_all_prof_PROCESSED.nc,ct157-F116-20,19,2020-01-21 14:40:00,-47.3153,58.5548,True,True
/Volumes/Data/Work/SEALTAGS/Prydz/FLUO_LIGHT/PROCESSED/NC/ct157-F116-20_all_prof_PROCESSED.nc,ct157-F116-20,20,2020-01-22 04:10:00,-47.2255,58.0353,True,True
/Volumes/Data/Work/SEALTAGS/Prydz/FLUO_LIGHT/PROCESSED/NC/ct157-F116-20_all_prof_PROCESSED.nc,ct157-F116-20,21,2020-01-22 14:20:00,-47.0185,57.7787,True,True
/Volumes/Data/Work/SEALTAGS/Prydz/FLUO_LIGHT/PROCESSED/NC/ct157-F116-20_all_prof_PROCESSED.nc,ct157-F116-20,22,2020-01-23 05:00:00,-46.8275,57.4027,True,True
/Volumes/Data/Work/SEALTAGS/Prydz/FLUO_LIGHT/PROCESSED/NC/ct157-F116-20_all_prof_PROCESSED.nc,ct157-F116-20,23,2020-01-23 15:00:00,-46.9058,56.7608,True,True
/Volumes/Data/Work/SEALTAGS/Prydz/FLUO_LIGHT/PROCESSED/NC/ct157-F116-20_all_prof_PROCESSED.nc,ct157-F116-20,24,2020-01-24 05:50:00,-46.9603,56.4369,True,True
/Volumes/Data/Work/SEALTAGS/Prydz/FLUO_LIGHT/PROCESSED/NC/ct157-F116-20_all_prof_PROCESSED.nc,ct157-F116-20,25,2020-01-24 15:20:00,-46.7049,55.9102,True,True
/Volumes/Data/Work/SEALTAGS/Prydz/FLUO_LIGHT/PROCESSED/NC/ct157-F116-20_all_prof_PROCESSED.nc,ct157-F116-20,26,2020-01-25 04:00:00,-46.6632,55.6724,True,True
/Volumes/Data/Work/SEALTAGS/Prydz/FLUO_LIGHT/PROCESSED/NC/ct157-F116-20_all_prof_PROCESSED.nc,ct157-F116-20,27,2020-01-25 15:10:00,-46.7132,54.7596,True,True
/Volumes/Data/Work/SEALTAGS/Prydz/FLUO_LIGHT/PROCESSED/NC/ct157-F116-20_all_prof_PROCESSED.nc,ct157-F116-20,28,2020-01-26 11:10:00,-46.484,53.8573,True,True
/Volumes/Data/Work/SEALTAGS/Prydz/FLUO_LIGHT/PROCESSED/NC/ct157-F116-20_all_prof_PROCESSED.nc,ct157-F116-20,29,2020-01-26 15:10:00,-46.5024,53.8804,True,True
/Volumes/Data/Work/SEALTAGS/Prydz/FLUO_LIGHT/PROCESSED/NC/ct157-F116-20_all_prof_PROCESSED.nc,ct157-F116-20,30,2020-01-27 11:20:00,-46.2225,52.5412,True,True
/Volumes/Data/Work/SEALTAGS/Prydz/FLUO_LIGHT/PROCESSED/NC/ct157-F116-20_all_prof_PROCESSED.nc,ct157-F116-20,31,2020-01-27 15:30:00,-46.3718,52.2551,True,True
/Volumes/Data/Work/SEALTAGS/Prydz/FLUO_LIGHT/PROCESSED/NC/ct157-F116-20_all_prof_PROCESSED.nc,ct157-F116-20,32,2020-01-28 05:00:00,-46.3648,52.1651,True,True
/Volumes/Data/Work/SEALTAGS/Prydz/FLUO_LIGHT/PROCESSED/NC/ct157-F116-20_all_prof_PROCESSED.nc,ct157-F116-20,33,2020-01-28 15:20:00,-46.3632,52.2056,True,True
/Volumes/Data/Work/SEALTAGS/Prydz/FLUO_LIGHT/PROCESSED/NC/ct157-F116-20_all_prof_PROCESSED.nc,ct157-F116-20,34,2020-01-29 06:30:00,-46.381,51.9652,True,True
/Volumes/Data/Work/SEALTAGS/Prydz/FLUO_LIGHT/PROCESSED/NC/ct157-F116-20_all_prof_PROCESSED.nc,ct157-F116-20,35,2020-01-29 14:50:00,-46.4131,52.0841,True,True
/Volumes/Data/Work/SEALTAGS/Prydz/FLUO_LIGHT/PROCESSED/NC/ct157-F116-20_all_prof_PROCESSED.nc,ct157-F116-20,36,2020-01-30 03:40:00,-46.2711,51.9231,True,True
/Volumes/Data/Work/SEALTAGS/Prydz/FLUO_LIGHT/PROCESSED/NC/ct157-F116-20_all_prof_PROCESSED.nc,ct157-F116-20,37,2020-01-30 14:00:00,-46.4242,51.9085,True,True
/Volumes/Data/Work/SEALTAGS/Prydz/FLUO_LIGHT/PROCESSED/NC/ct157-F116-20_all_prof_PROCESSED.nc,ct157-F116-20,38,2020-01-31 04:50:00,-46.2848,52.0076,True,True
/Volumes/Data/Work/SEALTAGS/Prydz/FLUO_LIGHT/PROCESSED/NC/ct157-F116-20_all_prof_PROCESSED.nc,ct157-F116-20,39,2020-01-31 16:00:00,-46.3633,52.1121,True,True
/Volumes/Data/Work/SEALTAGS/Prydz/FLUO_LIGHT/PROCESSED/NC/ct157-F116-20_all_prof_PROCESSED.nc,ct157-F116-20,40,2020-02-01 04:30:00,-46.2568,51.7289,True,True
/Volumes/Data/Work/SEALTAGS/Prydz/FLUO_LIGHT/PROCESSED/NC/ct157-F116-20_all_prof_PROCESSED.nc,ct157-F116-20,41,2020-02-01 16:40:00,-46.3088,51.9918,False,True
/Volumes/Data/Work/SEALTAGS/Prydz/FLUO_LIGHT/PROCESSED/NC/ct157-F116-20_all_prof_PROCESSED.nc,ct157-F116-20,42,2020-02-02 10:10:00,-46.4535,52.0189,True,True
/Volumes/Data/Work/SEALTAGS/Prydz/FLUO_LIGHT/PROCESSED/NC/ct157-F116-20_all_prof_PROCESSED.nc,ct157-F116-20,43,2020-02-03 08:20:00,-46.3831,51.9418,True,True
/Volumes/Data/Work/SEALTAGS/Prydz/FLUO_LIGHT/PROCESSED/NC/ct157-F118-20_all_prof_PROCESSED.nc,ct157-F118-20,1,2020-01-16 10:50:00,-49.3207,70.6816,True,True
/Volumes/Data/Work/SEALTAGS/Prydz/FLUO_LIGHT/PROCESSED/NC/ct157-F118-20_all_prof_PROCESSED.nc,ct157-F118-20,2,2020-01-16 16:50:00,-49.5783,70.8867,False,True
/Volumes/Data/Work/SEALTAGS/Prydz/FLUO_LIGHT/PROCESSED/NC/ct157-F118-20_all_prof_PROCESSED.nc,ct157-F118-20,3,2020-01-17 05:10:00,-49.9512,71.1712,True,True
/Volumes/Data/Work/SEALTAGS/Prydz/FLUO_LIGHT/PROCESSED/NC/ct157-F118-20_all_prof_PROCESSED.nc,ct157-F118-20,4,2020-01-17 19:20:00,-50.6172,71.0817,False,True
/Volumes/Data/Work/SEALTAGS/Prydz/FLUO_LIGHT/PROCESSED/NC/ct157-F118-20_all_prof_PROCESSED.nc,ct157-F118-20,5,2020-01-18 11:00:00,-51.1415,71.1833,True,True
/Volumes/Data/Work/SEALTAGS/Prydz/FLUO_LIGHT/PROCESSED/NC/ct157-F118-20_all_prof_PROCESSED.nc,ct157-F118-20,6,2020-01-18 17:10:00,-51.3621,71.1441,False,True
/Volumes/Data/Work/SEALTAGS/Prydz/FLUO_LIGHT/PROCESSED/NC/ct157-F118-20_all_prof_PROCESSED.nc,ct157-F118-20,7,2020-01-19 03:20:00,-51.7914,71.4795,True,True
/Volumes/Data/Work/SEALTAGS/Prydz/FLUO_LIGHT/PROCESSED/NC/ct157-F118-20_all_prof_PROCESSED.nc,ct157-F118-20,8,2020-01-19 16:10:00,-52.2698,71.5264,False,True
/Volumes/Data/Work/SEALTAGS/Prydz/FLUO_LIGHT/PROCESSED/NC/ct157-F118-20_all_prof_PROCESSED.nc,ct157-F118-20,9,2020-01-20 03:40:00,-52.8685,71.4898,True,True
/Volumes/Data/Work/SEALTAGS/Prydz/FLUO_LIGHT/PROCESSED/NC/ct157-F118-20_all_prof_PROCESSED.nc,ct157-F118-20,10,2020-01-20 15:20:00,-53.3922,71.5723,True,True
/Volumes/Data/Work/SEALTAGS/Prydz/FLUO_LIGHT/PROCESSED/NC/ct157-F118-20_all_prof_PROCESSED.nc,ct157-F118-20,11,2020-01-21 03:10:00,-53.9489,71.5764,True,True
/Volumes/Data/Work/SEALTAGS/Prydz/FLUO_LIGHT/PROCESSED/NC/ct157-F118-20_all_prof_PROCESSED.nc,ct157-F118-20,12,2020-01-21 23:50:00,-54.9529,71.7777,True,True
/Volumes/Data/Work/SEALTAGS/Prydz/FLUO_LIGHT/PROCESSED/NC/ct157-F118-20_all_prof_PROCESSED.nc,ct157-F118-20,13,2020-01-22 02:40:00,-55.1226,71.7314,True,True
/Volumes/Data/Work/SEALTAGS/Prydz/FLUO_LIGHT/PROCESSED/NC/ct157-F118-20_all_prof_PROCESSED.nc,ct157-F118-20,14,2020-01-22 19:10:00,-55.9475,71.796,False,True
/Volumes/Data/Work/SEALTAGS/Prydz/FLUO_LIGHT/PROCESSED/NC/ct157-F118-20_all_prof_PROCESSED.nc,ct157-F118-20,15,2020-01-23 10:50:00,-56.6278,71.7757,True,True
/Volumes/Data/Work/SEALTAGS/Prydz/FLUO_LIGHT/PROCESSED/NC/ct157-F118-20_all_prof_PROCESSED.nc,ct157-F118-20,16,2020-01-23 15:10:00,-56.8632,71.7606,True,True
/Volumes/Data/Work/SEALTAGS/Prydz/FLUO_LIGHT/PROCESSED/NC/ct157-F118-20_all_prof_PROCESSED.nc,ct157-F118-20,17,2020-01-24 06:30:00,-57.5008,71.9314,True,True
/Volumes/Data/Work/SEALTAGS/Prydz/FLUO_LIGHT/PROCESSED/NC/ct157-F118-20_all_prof_PROCESSED.nc,ct157-F118-20,18,2020-01-24 15:20:00,-57.908,72.1557,True,True
/Volumes/Data/Work/SEALTAGS/Prydz/FLUO_LIGHT/PROCESSED/NC/ct157-F118-20_all_prof_PROCESSED.nc,ct157-F118-20,19,2020-01-25 11:10:00,-58.8221,72.5477,True,True
/Volumes/Data/Work/SEALTAGS/Prydz/FLUO_LIGHT/PROCESSED/NC/ct157-F118-20_all_prof_PROCESSED.nc,ct157-F118-20,20,2020-01-25 15:10:00,-59.0083,72.7319,True,True
/Volumes/Data/Work/SEALTAGS/Prydz/FLUO_LIGHT/PROCESSED/NC/ct157-F118-20_all_prof_PROCESSED.nc,ct157-F118-20,21,2020-01-26 06:30:00,-59.8348,72.9746,True,True
/Volumes/Data/Work/SEALTAGS/Prydz/FLUO_LIGHT/PROCESSED/NC/ct157-F118-20_all_prof_PROCESSED.nc,ct157-F118-20,22,2020-01-26 13:40:00,-60.1524,73.0759,True,True
/Volumes/Data/Work/SEALTAGS/Prydz/FLUO_LIGHT/PROCESSED/NC/ct157-F118-20_all_prof_PROCESSED.nc,ct157-F118-20,23,2020-01-27 07:30:00,-60.8984,73.5135,True,True
/Volumes/Data/Work/SEALTAGS/Prydz/FLUO_LIGHT/PROCESSED/NC/ct157-F118-20_all_prof_PROCESSED.nc,ct157-F118-20,24,2020-01-27 15:40:00,-61.3544,73.7426,True,True
/Volumes/Data/Work/SEALTAGS/Prydz/FLUO_LIGHT/PROCESSED/NC/ct157-F118-20_all_prof_PROCESSED.nc,ct157-F118-20,25,2020-01-28 03:00:00,-61.8649,73.8953,True,True
/Volumes/Data/Work/SEALTAGS/Prydz/FLUO_LIGHT/PROCESSED/NC/ct157-F118-20_all_prof_PROCESSED.nc,ct157-F118-20,26,2020-01-28 14:00:00,-62.3902,74.1571,True,True
/Volumes/Data/Work/SEALTAGS/Prydz/FLUO_LIGHT/PROCESSED/NC/ct157-F118-20_all_prof_PROCESSED.nc,ct157-F118-20,27,2020-01-29 02:10:00,-62.9541,74.3051,True,True
/Volumes/Data/Work/SEALTAGS/Prydz/FLUO_LIGHT/PROCESSED/NC/ct157-F118-20_all_prof_PROCESSED.nc,ct157-F118-20,28,2020-01-29 21:10:00,-63.7044,74.5069,False,True
/Volumes/Data/Work/SEALTAGS/Prydz/FLUO_LIGHT/PROCESSED/NC/ct157-F118-20_all_prof_PROCESSED.nc,ct157-F118-20,29,2020-01-30 10:30:00,-64.1402,74.8112,True,True
/Volumes/Data/Work/SEALTAGS/Prydz/FLUO_LIGHT/PROCESSED/NC/ct157-F118-20_all_prof_PROCESSED.nc,ct157-F118-20,30,2020-01-30 14:30:00,-64.1705,74.9286,True,True
/Volumes/Data/Work/SEALTAGS/Prydz/FLUO_LIGHT/PROCESSED/NC/ct157-F118-20_all_prof_PROCESSED.nc,ct157-F118-20,31,2020-01-31 03:40:00,-64.6752,75.1081,True,True
/Volumes/Data/Work/SEALTAGS/Prydz/FLUO_LIGHT/PROCESSED/NC/ct157-F118-20_all_prof_PROCESSED.nc,ct157-F118-20,32,2020-01-31 14:20:00,-64.9533,74.9859,True,True
/Volumes/Data/Work/SEALTAGS/Prydz/FLUO_LIGHT/PROCESSED/NC/ct157-F118-20_all_prof_PROCESSED.nc,ct157-F118-20,33,2020-02-01 05:00:00,-65.4019,75.2464,True,True
/Volumes/Data/Work/SEALTAGS/Prydz/FLUO_LIGHT/PROCESSED/NC/ct157-F118-20_all_prof_PROCESSED.nc,ct157-F118-20,34,2020-02-01 23:40:00,-66.1807,74.856,True,True
/Volumes/Data/Work/SEALTAGS/Prydz/FLUO_LIGHT/PROCESSED/NC/ct157-F118-20_all_prof_PROCESSED.nc,ct157-F118-20,35,2020-02-02 11:00:00,-66.6591,74.3658,True,True
/Volumes/Data/Work/SEALTAGS/Prydz/FLUO_LIGHT/PROCESSED/NC/ct157-F118-20_all_prof_PROCESSED.nc,ct157-F118-20,36,2020-02-02 15:10:00,-66.8211,74.1169,True,True
/Volumes/Data/Work/SEALTAGS/Prydz/FLUO_LIGHT/PROCESSED/NC/ct157-F118-20_all_prof_PROCESSED.nc,ct157-F118-20,37,2020-02-03 03:10:00,-67.0907,74.1757,True,False
/Volumes/Data/Work/SEALTAGS/Prydz/FLUO_LIGHT/PROCESSED/NC/ct157-F118-20_all_prof_PROCESSED.nc,ct157-F118-20,38,2020-02-03 14:00:00,-67.4088,73.9634,True,False
/Volumes/Data/Work/SEALTAGS/Prydz/FLUO_LIGHT/PROCESSED/NC/ct157-F118-20_all_prof_PROCESSED.nc,ct157-F118-20,39,2020-02-04 04:10:00,-67.6954,73.7649,True,False
/Volumes/Data/Work/SEALTAGS/Prydz/FLUO_LIGHT/PROCESSED/NC/ct157-F118-20_all_prof_PROCESSED.nc,ct157-F118-20,40,2020-02-05 04:00:00,-67.9021,73.8727,True,False
/Volumes/Data/Work/SEALTAGS/Prydz/FLUO_LIGHT/PROCESSED/NC/ct157-F118-20_all_prof_PROCESSED.nc,ct157-F118-20,41,2020-02-05 14:20:00,-68.1799,74.0143,True,False
/Volumes/Data/Work/SEALTAGS/Prydz/FLUO_LIGHT/PROCESSED/NC/ct157-F118-20_all_prof_PROCESSED.nc,ct157-F118-20,42,2020-02-06 02:00:00,-68.3164,74.7848,True,False
/Volumes/Data/Work/SEALTAGS/Prydz/FLUO_LIGHT/PROCESSED/NC/ct157-F118-20_all_prof_PROCESSED.nc,ct157-F118-20,43,2020-02-06 14:10:00,-68.2793,75.103,True,False
/Volumes/Data/Work/SEALTAGS/Prydz/FLUO_LIGHT/PROCESSED/NC/ct157-F118-20_all_prof_PROCESSED.nc,ct157-F118-20,44,2020-02-07 02:10:00,-68.0316,75.3986,True,False
/Volumes/Data/Work/SEALTAGS/Prydz/FLUO_LIGHT/PROCESSED/NC/ct157-F118-20_all_prof_PROCESSED.nc,ct157-F118-20,45,2020-02-07 15:10:00,-67.9935,75.4397,True,False
/Volumes/Data/Work/SEALTAGS/Prydz/FLUO_LIGHT/PROCESSED/NC/ct157-F118-20_all_prof_PROCESSED.nc,ct157-F118-20,46,2020-02-08 03:10:00,-67.8446,75.7268,True,False
/Volumes/Data/Work/SEALTAGS/Prydz/FLUO_LIGHT/PROCESSED/NC/ct157-F118-20_all_prof_PROCESSED.nc,ct157-F118-20,47,2020-02-08 15:10:00,-67.9596,76.4047,True,False
/Volumes/Data/Work/SEALTAGS/Prydz/FLUO_LIGHT/PROCESSED/NC/ct157-F118-20_all_prof_PROCESSED.nc,ct157-F118-20,48,2020-02-09 03:10:00,-68.0648,76.7124,True,False
/Volumes/Data/Work/SEALTAGS/Prydz/FLUO_LIGHT/PROCESSED/NC/ct157-F118-20_all_prof_PROCESSED.nc,ct157-F118-20,49,2020-02-09 15:00:00,-68.0106,77.1152,True,False
/Volumes/Data/Work/SEALTAGS/Prydz/FLUO_LIGHT/PROCESSED/NC/ct157-F118-20_all_prof_PROCESSED.nc,ct157-F118-20,50,2020-02-10 06:50:00,-67.9168,77.2547,True,False
/Volumes/Data/Work/SEALTAGS/Prydz/FLUO_LIGHT/PROCESSED/NC/ct157-F118-20_all_prof_PROCESSED.nc,ct157-F118-20,51,2020-02-10 15:10:00,-67.8499,77.4547,True,False
/Volumes/Data/Work/SEALTAGS/Prydz/FLUO_LIGHT/PROCESSED/NC/ct157-F118-20_all_prof_PROCESSED.nc,ct157-F118-20,52,2020-02-11 03:00:00,-67.7503,77.6344,True,False
/Volumes/Data/Work/SEALTAGS/Prydz/FLUO_LIGHT/PROCESSED/NC/ct157-F118-20_all_prof_PROCESSED.nc,ct157-F118-20,53,2020-02-11 18:30:00,-67.7743,78.252,False,False
/Volumes/Data/Work/SEALTAGS/Prydz/FLUO_LIGHT/PROCESSED/NC/ct157-F118-20_all_prof_PROCESSED.nc,ct157-F118-20,54,2020-02-12 05:10:00,-67.8495,78.8505,True,False
/Volumes/Data/Work/SEALTAGS/Prydz/FLUO_LIGHT/PROCESSED/NC/ct157-F118-20_all_prof_PROCESSED.nc,ct157-F118-20,55,2020-02-12 15:50:00,-67.8086,78.791,False,False
/Volumes/Data/Work/SEALTAGS/Prydz/FLUO_LIGHT/PROCESSED/NC/ct157-F118-20_all_prof_PROCESSED.nc,ct157-F118-20,56,2020-02-13 05:20:00,-67.7158,79.1347,True,False
/Volumes/Data/Work/SEALTAGS/Prydz/FLUO_LIGHT/PROCESSED/NC/ct157-F118-20_all_prof_PROCESSED.nc,ct157-F118-20,57,2020-02-13 21:50:00,-67.3757,79.0143,False,False
/Volumes/Data/Work/SEALTAGS/Prydz/FLUO_LIGHT/PROCESSED/NC/ct157-F118-20_all_prof_PROCESSED.nc,ct157-F118-20,58,2020-02-14 01:10:00,-67.3139,78.9681,True,False
/Volumes/Data/Work/SEALTAGS/Prydz/FLUO_LIGHT/PROCESSED/NC/ct157-F118-20_all_prof_PROCESSED.nc,ct157-F118-20,59,2020-02-14 22:20:00,-66.9883,78.8246,False,False
/Volumes/Data/Work/SEALTAGS/Prydz/FLUO_LIGHT/PROCESSED/NC/ct157-F118-20_all_prof_PROCESSED.nc,ct157-F118-20,60,2020-02-15 03:20:00,-66.9968,78.7041,True,False
/Volumes/Data/Work/SEALTAGS/Prydz/FLUO_LIGHT/PROCESSED/NC/ct157-F118-20_all_prof_PROCESSED.nc,ct157-F118-20,61,2020-02-15 15:00:00,-67.0013,78.83,True,False
/Volumes/Data/Work/SEALTAGS/Prydz/FLUO_LIGHT/PROCESSED/NC/ct157-F118-20_all_prof_PROCESSED.nc,ct157-F118-20,62,2020-02-16 04:00:00,-67.0471,78.6926,True,False
/Volumes/Data/Work/SEALTAGS/Prydz/FLUO_LIGHT/PROCESSED/NC/ct157-F118-20_all_prof_PROCESSED.nc,ct157-F118-20,63,2020-02-16 15:00:00,-66.9266,78.6903,True,False
/Volumes/Data/Work/SEALTAGS/Prydz/FLUO_LIGHT/PROCESSED/NC/ct157-F118-20_all_prof_PROCESSED.nc,ct157-F118-20,64,2020-02-17 15:10:00,-66.8914,78.3445,False,False
/Volumes/Data/Work/SEALTAGS/Prydz/FLUO_LIGHT/PROCESSED/NC/ct157-F118-20_all_prof_PROCESSED.nc,ct157-F118-20,65,2020-02-18 03:00:00,-67.0161,78.1944,True,False
/Volumes/Data/Work/SEALTAGS/Prydz/FLUO_LIGHT/PROCESSED/NC/ct157-F118-20_all_prof_PROCESSED.nc,ct157-F118-20,66,2020-02-18 15:20:00,-67.0684,78.1523,False,False
/Volumes/Data/Work/SEALTAGS/Prydz/FLUO_LIGHT/PROCESSED/NC/ct157-F118-20_all_prof_PROCESSED.nc,ct157-F118-20,67,2020-02-19 03:10:00,-67.0073,78.1692,True,False
/Volumes/Data/Work/SEALTAGS/Prydz/FLUO_LIGHT/PROCESSED/NC/ct157-F118-20_all_prof_PROCESSED.nc,ct157-F118-20,68,2020-02-19 23:00:00,-67.2549,77.6712,False,False
/Volumes/Data/Work/SEALTAGS/Prydz/FLUO_LIGHT/PROCESSED/NC/ct157-F118-20_all_prof_PROCESSED.nc,ct157-F118-20,69,2020-02-20 03:00:00,-67.3193,77.5889,True,False
/Volumes/Data/Work/SEALTAGS/Prydz/FLUO_LIGHT/PROCESSED/NC/ct157-F118-20_all_prof_PROCESSED.nc,ct157-F118-20,70,2020-02-20 15:20:00,-67.5655,77.2563,False,False
/Volumes/Data/Work/SEALTAGS/Prydz/FLUO_LIGHT/PROCESSED/NC/ct157-F118-20_all_prof_PROCESSED.nc,ct157-F118-20,71,2020-02-21 03:10:00,-67.7575,77.1711,True,False
/Volumes/Data/Work/SEALTAGS/Prydz/FLUO_LIGHT/PROCESSED/NC/ct157-F118-20_all_prof_PROCESSED.nc,ct157-F118-20,72,2020-02-21 15:10:00,-67.9652,76.7834,False,False
/Volumes/Data/Work/SEALTAGS/Prydz/FLUO_LIGHT/PROCESSED/NC/ct157-F118-20_all_prof_PROCESSED.nc,ct157-F118-20,73,2020-02-22 03:10:00,-68.1091,76.2862,True,False
/Volumes/Data/Work/SEALTAGS/Prydz/FLUO_LIGHT/PROCESSED/NC/ct157-F118-20_all_prof_PROCESSED.nc,ct157-F118-20,74,2020-02-22 14:10:00,-68.2142,75.7284,True,False
/Volumes/Data/Work/SEALTAGS/Prydz/FLUO_LIGHT/PROCESSED/NC/ct157-F118-20_all_prof_PROCESSED.nc,ct157-F118-20,75,2020-02-23 02:00:00,-68.1785,75.3768,True,False
/Volumes/Data/Work/SEALTAGS/Prydz/FLUO_LIGHT/PROCESSED/NC/ct157-F118-20_all_prof_PROCESSED.nc,ct157-F118-20,76,2020-02-23 14:50:00,-68.1815,74.6609,True,False
/Volumes/Data/Work/SEALTAGS/Prydz/FLUO_LIGHT/PROCESSED/NC/ct157-F118-20_all_prof_PROCESSED.nc,ct157-F118-20,77,2020-02-24 02:20:00,-68.2165,74.0157,True,False
/Volumes/Data/Work/SEALTAGS/Prydz/FLUO_LIGHT/PROCESSED/NC/ct157-F118-20_all_prof_PROCESSED.nc,ct157-F118-20,78,2020-02-24 14:10:00,-68.222,73.5779,True,False
/Volumes/Data/Work/SEALTAGS/Prydz/FLUO_LIGHT/PROCESSED/NC/ct157-F118-20_all_prof_PROCESSED.nc,ct157-F118-20,79,2020-02-25 02:20:00,-68.1099,73.0362,True,False
/Volumes/Data/Work/SEALTAGS/Prydz/FLUO_LIGHT/PROCESSED/NC/ct157-F118-20_all_prof_PROCESSED.nc,ct157-F118-20,80,2020-02-25 14:20:00,-67.8554,73.0264,True,False
/Volumes/Data/Work/SEALTAGS/Prydz/FLUO_LIGHT/PROCESSED/NC/ct157-F118-20_all_prof_PROCESSED.nc,ct157-F118-20,81,2020-02-26 02:10:00,-67.7455,73.1205,True,False
/Volumes/Data/Work/SEALTAGS/Prydz/FLUO_LIGHT/PROCESSED/NC/ct157-F118-20_all_prof_PROCESSED.nc,ct157-F118-20,82,2020-02-26 14:20:00,-67.6781,73.2061,True,False
/Volumes/Data/Work/SEALTAGS/Prydz/FLUO_LIGHT/PROCESSED/NC/ct157-F118-20_all_prof_PROCESSED.nc,ct157-F118-20,83,2020-02-27 02:20:00,-67.5145,72.7596,True,False
/Volumes/Data/Work/SEALTAGS/Prydz/FLUO_LIGHT/PROCESSED/NC/ct157-F118-20_all_prof_PROCESSED.nc,ct157-F118-20,84,2020-02-27 14:20:00,-67.4029,73.0305,True,False
/Volumes/Data/Work/SEALTAGS/Prydz/FLUO_LIGHT/PROCESSED/NC/ct157-F118-20_all_prof_PROCESSED.nc,ct157-F118-20,85,2020-02-28 02:10:00,-67.4356,73.0998,True,False
/Volumes/Data/Work/SEALTAGS/Prydz/FLUO_LIGHT/PROCESSED/NC/ct157-F118-20_all_prof_PROCESSED.nc,ct157-F118-20,86,2020-02-28 14:20:00,-67.4335,73.549,True,False
/Volumes/Data/Work/SEALTAGS/Prydz/FLUO_LIGHT/PROCESSED/NC/ct157-F118-20_all_prof_PROCESSED.nc,ct157-F118-20,87,2020-02-29 02:20:00,-67.3379,73.3552,True,False
/Volumes/Data/Work/SEALTAGS/Prydz/FLUO_LIGHT/PROCESSED/NC/ct157-F118-20_all_prof_PROCESSED.nc,ct157-F118-20,88,2020-02-29 20:50:00,-67.4894,73.525,False,False
/Volumes/Data/Work/SEALTAGS/Prydz/FLUO_LIGHT/PROCESSED/NC/ct157-F118-20_all_prof_PROCESSED.nc,ct157-F118-20,89,2020-03-01 02:10:00,-67.5388,73.4208,True,False
/Volumes/Data/Work/SEALTAGS/Prydz/FLUO_LIGHT/PROCESSED/NC/ct157-F118-20_all_prof_PROCESSED.nc,ct157-F118-20,90,2020-03-01 14:10:00,-67.5554,73.4721,True,False
/Volumes/Data/Work/SEALTAGS/Prydz/FLUO_LIGHT/PROCESSED/NC/ct157-F118-20_all_prof_PROCESSED.nc,ct157-F118-20,91,2020-03-02 02:20:00,-67.5118,73.5683,True,False
/Volumes/Data/Work/SEALTAGS/Prydz/FLUO_LIGHT/PROCESSED/NC/ct157-F118-20_all_prof_PROCESSED.nc,ct157-F118-20,92,2020-03-02 16:10:00,-67.6696,73.4395,False,False
/Volumes/Data/Work/SEALTAGS/Prydz/FLUO_LIGHT/PROCESSED/NC/ct157-F118-20_all_prof_PROCESSED.nc,ct157-F118-20,93,2020-03-03 02:20:00,-67.6517,73.494,True,False
/Volumes/Data/Work/SEALTAGS/Prydz/FLUO_LIGHT/PROCESSED/NC/ct157-F118-20_all_prof_PROCESSED.nc,ct157-F118-20,94,2020-03-03 14:10:00,-67.6394,73.5444,True,False
/Volumes/Data/Work/SEALTAGS/Prydz/FLUO_LIGHT/PROCESSED/NC/ct157-F118-20_all_prof_PROCESSED.nc,ct157-F118-20,95,2020-03-04 02:20:00,-67.6143,73.4704,True,False
/Volumes/Data/Work/SEALTAGS/Prydz/FLUO_LIGHT/PROCESSED/NC/ct157-F118-20_all_prof_PROCESSED.nc,ct157-F118-20,96,2020-03-04 15:10:00,-67.5845,73.6489,False,False
/Volumes/Data/Work/SEALTAGS/Prydz/FLUO_LIGHT/PROCESSED/NC/ct157-F118-20_all_prof_PROCESSED.nc,ct157-F118-20,97,2020-03-05 02:10:00,-67.6236,73.7799,True,False
/Volumes/Data/Work/SEALTAGS/Prydz/FLUO_LIGHT/PROCESSED/NC/ct157-F118-20_all_prof_PROCESSED.nc,ct157-F118-20,98,2020-03-05 14:10:00,-67.7209,73.8831,True,False
/Volumes/Data/Work/SEALTAGS/Prydz/FLUO_LIGHT/PROCESSED/NC/ct157-F118-20_all_prof_PROCESSED.nc,ct157-F118-20,99,2020-03-06 02:00:00,-67.8081,73.4717,True,False
/Volumes/Data/Work/SEALTAGS/Prydz/FLUO_LIGHT/PROCESSED/NC/ct157-F118-20_all_prof_PROCESSED.nc,ct157-F118-20,100,2020-03-06 14:00:00,-67.7812,73.146,True,False
/Volumes/Data/Work/SEALTAGS/Prydz/FLUO_LIGHT/PROCESSED/NC/ct157-F118-20_all_prof_PROCESSED.nc,ct157-F118-20,101,2020-03-07 02:20:00,-67.4915,73.2015,True,False
/Volumes/Data/Work/SEALTAGS/Prydz/FLUO_LIGHT/PROCESSED/NC/ct157-F118-20_all_prof_PROCESSED.nc,ct157-F118-20,102,2020-03-07 14:10:00,-67.5336,73.2239,True,False
/Volumes/Data/Work/SEALTAGS/Prydz/FLUO_LIGHT/PROCESSED/NC/ct157-F118-20_all_prof_PROCESSED.nc,ct157-F118-20,103,2020-03-08 02:10:00,-67.5476,73.3297,True,False
/Volumes/Data/Work/SEALTAGS/Prydz/FLUO_LIGHT/PROCESSED/NC/ct157-F118-20_all_prof_PROCESSED.nc,ct157-F118-20,104,2020-03-08 14:00:00,-67.6105,73.1186,True,False
/Volumes/Data/Work/SEALTAGS/Prydz/FLUO_LIGHT/PROCESSED/NC/ct157-F118-20_all_prof_PROCESSED.nc,ct157-F118-20,105,2020-03-09 02:20:00,-67.5419,73.4369,True,False
/Volumes/Data/Work/SEALTAGS/Prydz/FLUO_LIGHT/PROCESSED/NC/ct157-F118-20_all_prof_PROCESSED.nc,ct157-F118-20,106,2020-03-09 18:40:00,-67.5304,73.2931,False,False
/Volumes/Data/Work/SEALTAGS/Prydz/FLUO_LIGHT/PROCESSED/NC/ct157-F118-20_all_prof_PROCESSED.nc,ct157-F118-20,107,2020-03-10 02:10:00,-67.659,73.6735,True,False
/Volumes/Data/Work/SEALTAGS/Prydz/FLUO_LIGHT/PROCESSED/NC/ct157-F118-20_all_prof_PROCESSED.nc,ct157-F118-20,108,2020-03-10 14:10:00,-67.7129,73.7594,False,False
/Volumes/Data/Work/SEALTAGS/Prydz/FLUO_LIGHT/PROCESSED/NC/ct157-F118-20_all_prof_PROCESSED.nc,ct157-F118-20,109,2020-03-11 02:20:00,-67.7391,73.6892,True,False
/Volumes/Data/Work/SEALTAGS/Prydz/FLUO_LIGHT/PROCESSED/NC/ct157-F118-20_all_prof_PROCESSED.nc,ct157-F118-20,110,2020-03-11 14:40:00,-67.7034,73.7036,False,False
/Volumes/Data/Work/SEALTAGS/Prydz/FLUO_LIGHT/PROCESSED/NC/ct157-F118-20_all_prof_PROCESSED.nc,ct157-F118-20,111,2020-03-12 02:20:00,-67.7645,73.7024,True,False
/Volumes/Data/Work/SEALTAGS/Prydz/FLUO_LIGHT/PROCESSED/NC/ct157-F118-20_all_prof_PROCESSED.nc,ct157-F118-20,112,2020-03-12 14:10:00,-67.719,73.8162,False,False
/Volumes/Data/Work/SEALTAGS/Prydz/FLUO_LIGHT/PROCESSED/NC/ct157-F118-20_all_prof_PROCESSED.nc,ct157-F118-20,113,2020-03-13 02:20:00,-67.7393,74.3069,True,False
/Volumes/Data/Work/SEALTAGS/Prydz/FLUO_LIGHT/PROCESSED/NC/ct157-F118-20_all_prof_PROCESSED.nc,ct157-F118-20,114,2020-03-13 14:10:00,-67.6482,74.3106,False,False
/Volumes/Data/Work/SEALTAGS/Prydz/FLUO_LIGHT/PROCESSED/NC/ct157-F118-20_all_prof_PROCESSED.nc,ct157-F118-20,115,2020-03-14 02:00:00,-67.612,74.5028,True,False
/Volumes/Data/Work/SEALTAGS/Prydz/FLUO_LIGHT/PROCESSED/NC/ct157-F118-20_all_prof_PROCESSED.nc,ct157-F118-20,116,2020-03-14 15:00:00,-67.5526,74.7498,False,False
/Volumes/Data/Work/SEALTAGS/Prydz/FLUO_LIGHT/PROCESSED/NC/ct157-F118-20_all_prof_PROCESSED.nc,ct157-F118-20,117,2020-03-15 03:20:00,-67.452,74.8153,True,False
/Volumes/Data/Work/SEALTAGS/Prydz/FLUO_LIGHT/PROCESSED/NC/ct157-F118-20_all_prof_PROCESSED.nc,ct157-F118-20,118,2020-03-15 17:30:00,-67.3529,75.039,False,False
/Volumes/Data/Work/SEALTAGS/Prydz/FLUO_LIGHT/PROCESSED/NC/ct157-F118-20_all_prof_PROCESSED.nc,ct157-F118-20,119,2020-03-16 03:10:00,-67.4102,74.6651,True,False
/Volumes/Data/Work/SEALTAGS/Prydz/FLUO_LIGHT/PROCESSED/NC/ct157-F118-20_all_prof_PROCESSED.nc,ct157-F118-20,120,2020-03-16 16:50:00,-67.3425,74.6139,False,False
/Volumes/Data/Work/SEALTAGS/Prydz/FLUO_LIGHT/PROCESSED/NC/ct157-F118-20_all_prof_PROCESSED.nc,ct157-F118-20,121,2020-03-17 03:10:00,-67.1279,75.0078,True,False
/Volumes/Data/Work/SEALTAGS/Prydz/FLUO_LIGHT/PROCESSED/NC/ct157-F118-20_all_prof_PROCESSED.nc,ct157-F118-20,122,2020-03-17 15:30:00,-66.9762,75.3348,False,False
/Volumes/Data/Work/SEALTAGS/Prydz/FLUO_LIGHT/PROCESSED/NC/ct157-F118-20_all_prof_PROCESSED.nc,ct157-F118-20,123,2020-03-18 03:20:00,-67.0014,75.7161,True,False
/Volumes/Data/Work/SEALTAGS/Prydz/FLUO_LIGHT/PROCESSED/NC/ct157-F118-20_all_prof_PROCESSED.nc,ct157-F118-20,124,2020-03-18 15:20:00,-67.0451,75.7172,False,False
/Volumes/Data/Work/SEALTAGS/Prydz/FLUO_LIGHT/PROCESSED/NC/ct157-F118-20_all_prof_PROCESSED.nc,ct157-F118-20,125,2020-03-19 03:20:00,-66.9945,75.7954,True,False
/Volumes/Data/Work/SEALTAGS/Prydz/FLUO_LIGHT/PROCESSED/NC/ct157-F118-20_all_prof_PROCESSED.nc,ct157-F118-20,126,2020-03-19 15:00:00,-66.9719,75.7968,False,False
/Volumes/Data/Work/SEALTAGS/Prydz/FLUO_LIGHT/PROCESSED/NC/ct157-F118-20_all_prof_PROCESSED.nc,ct157-F118-20,127,2020-03-20 03:10:00,-66.969,75.829,True,False
/Volumes/Data/Work/SEALTAGS/Prydz/FLUO_LIGHT/PROCESSED/NC/ct157-F118-20_all_prof_PROCESSED.nc,ct157-F118-20,128,2020-03-20 15:10:00,-66.9559,75.8147,False,False
/Volumes/Data/Work/SEALTAGS/Prydz/FLUO_LIGHT/PROCESSED/NC/ct157-F118-20_all_prof_PROCESSED.nc,ct157-F118-20,129,2020-03-21 04:30:00,-66.8096,75.7965,True,False
/Volumes/Data/Work/SEALTAGS/Prydz/FLUO_LIGHT/PROCESSED/NC/ct157-F118-20_all_prof_PROCESSED.nc,ct157-F118-20,130,2020-03-21 15:20:00,-66.8789,75.6119,False,False
/Volumes/Data/Work/SEALTAGS/Prydz/FLUO_LIGHT/PROCESSED/NC/ct157-F118-20_all_prof_PROCESSED.nc,ct157-F118-20,131,2020-03-22 03:00:00,-66.982,75.4686,True,False
/Volumes/Data/Work/SEALTAGS/Prydz/FLUO_LIGHT/PROCESSED/NC/ct157-F118-20_all_prof_PROCESSED.nc,ct157-F118-20,132,2020-03-22 15:10:00,-67.0607,75.2557,False,False
/Volumes/Data/Work/SEALTAGS/Prydz/FLUO_LIGHT/PROCESSED/NC/ct157-F118-20_all_prof_PROCESSED.nc,ct157-F118-20,133,2020-03-23 03:20:00,-67.086,75.3099,True,False
/Volumes/Data/Work/SEALTAGS/Prydz/FLUO_LIGHT/PROCESSED/NC/ct157-F118-20_all_prof_PROCESSED.nc,ct157-F118-20,134,2020-03-23 15:10:00,-67.1154,75.0664,False,False
/Volumes/Data/Work/SEALTAGS/Prydz/FLUO_LIGHT/PROCESSED/NC/ct157-F118-20_all_prof_PROCESSED.nc,ct157-F118-20,135,2020-03-24 03:20:00,-67.1318,74.8463,True,False
/Volumes/Data/Work/SEALTAGS/Prydz/FLUO_LIGHT/PROCESSED/NC/ct157-F118-20_all_prof_PROCESSED.nc,ct157-F118-20,136,2020-03-24 15:00:00,-67.0578,74.935,False,False
/Volumes/Data/Work/SEALTAGS/Prydz/FLUO_LIGHT/PROCESSED/NC/ct157-F118-20_all_prof_PROCESSED.nc,ct157-F118-20,137,2020-03-25 08:20:00,-66.9777,75.3077,True,False
/Volumes/Data/Work/SEALTAGS/Prydz/FLUO_LIGHT/PROCESSED/NC/ct157-F118-20_all_prof_PROCESSED.nc,ct157-F118-20,138,2020-03-25 15:10:00,-66.9775,75.1723,False,False
/Volumes/Data/Work/SEALTAGS/Prydz/FLUO_LIGHT/PROCESSED/NC/ct157-F118-20_all_prof_PROCESSED.nc,ct157-F118-20,139,2020-03-26 07:20:00,-66.9603,75.3318,True,False
/Volumes/Data/Work/SEALTAGS/Prydz/FLUO_LIGHT/PROCESSED/NC/ct157-F118-20_all_prof_PROCESSED.nc,ct157-F118-20,140,2020-03-26 21:40:00,-66.7517,75.592,False,False
/Volumes/Data/Work/SEALTAGS/Prydz/FLUO_LIGHT/PROCESSED/NC/ct157-F118-20_all_prof_PROCESSED.nc,ct157-F118-20,141,2020-03-27 07:40:00,-66.9306,74.6205,True,False
/Volumes/Data/Work/SEALTAGS/Prydz/FLUO_LIGHT/PROCESSED/NC/ct157-F118-20_all_prof_PROCESSED.nc,ct157-F118-20,142,2020-03-27 15:20:00,-67.0277,74.3427,False,False
/Volumes/Data/Work/SEALTAGS/Prydz/FLUO_LIGHT/PROCESSED/NC/ct157-F118-20_all_prof_PROCESSED.nc,ct157-F118-20,143,2020-03-28 03:10:00,-67.0716,74.5393,True,False
/Volumes/Data/Work/SEALTAGS/Prydz/FLUO_LIGHT/PROCESSED/NC/ct157-F118-20_all_prof_PROCESSED.nc,ct157-F118-20,144,2020-03-28 16:10:00,-66.9457,74.7068,False,False
/Volumes/Data/Work/SEALTAGS/Prydz/FLUO_LIGHT/PROCESSED/NC/ct157-F118-20_all_prof_PROCESSED.nc,ct157-F118-20,145,2020-03-29 03:40:00,-66.946,74.4789,True,False
/Volumes/Data/Work/SEALTAGS/Prydz/FLUO_LIGHT/PROCESSED/NC/ct157-F118-20_all_prof_PROCESSED.nc,ct157-F118-20,146,2020-03-29 14:20:00,-66.9524,74.6516,False,False
/Volumes/Data/Work/SEALTAGS/Prydz/FLUO_LIGHT/PROCESSED/NC/ct157-F118-20_all_prof_PROCESSED.nc,ct157-F118-20,147,2020-03-30 01:40:00,-66.7914,74.2513,False,False
/Volumes/Data/Work/SEALTAGS/Prydz/FLUO_LIGHT/PROCESSED/NC/ct157-F118-20_all_prof_PROCESSED.nc,ct157-F118-20,148,2020-03-30 16:00:00,-66.8823,73.5364,False,False
/Volumes/Data/Work/SEALTAGS/Prydz/FLUO_LIGHT/PROCESSED/NC/ct157-F118-20_all_prof_PROCESSED.nc,ct157-F118-20,149,2020-03-31 11:50:00,-66.8911,73.7397,True,False
/Volumes/Data/Work/SEALTAGS/Prydz/FLUO_LIGHT/PROCESSED/NC/ct157-F118-20_all_prof_PROCESSED.nc,ct157-F118-20,150,2020-03-31 14:10:00,-66.9125,73.7253,False,False
/Volumes/Data/Work/SEALTAGS/Prydz/FLUO_LIGHT/PROCESSED/NC/ct157-F118-20_all_prof_PROCESSED.nc,ct157-F118-20,151,2020-04-01 03:20:00,-66.9393,73.5595,True,False
/Volumes/Data/Work/SEALTAGS/Prydz/FLUO_LIGHT/PROCESSED/NC/ct157-F118-20_all_prof_PROCESSED.nc,ct157-F118-20,152,2020-04-01 18:40:00,-66.8908,73.6966,False,False
/Volumes/Data/Work/SEALTAGS/Prydz/FLUO_LIGHT/PROCESSED/NC/ct157-F118-20_all_prof_PROCESSED.nc,ct157-F118-20,153,2020-04-02 03:20:00,-66.9476,73.6031,True,False
/Volumes/Data/Work/SEALTAGS/Prydz/FLUO_LIGHT/PROCESSED/NC/ct157-F118-20_all_prof_PROCESSED.nc,ct157-F118-20,154,2020-04-02 17:30:00,-66.9506,73.6617,False,False
/Volumes/Data/Work/SEALTAGS/Prydz/FLUO_LIGHT/PROCESSED/NC/ct157-F118-20_all_prof_PROCESSED.nc,ct157-F118-20,155,2020-04-03 03:10:00,-66.925,73.8036,True,False
/Volumes/Data/Work/SEALTAGS/Prydz/FLUO_LIGHT/PROCESSED/NC/ct157-F118-20_all_prof_PROCESSED.nc,ct157-F118-20,156,2020-04-03 17:20:00,-66.9043,73.6954,False,False
/Volumes/Data/Work/SEALTAGS/Prydz/FLUO_LIGHT/PROCESSED/NC/ct157-F118-20_all_prof_PROCESSED.nc,ct157-F118-20,157,2020-04-04 03:00:00,-66.926,73.5549,True,False
/Volumes/Data/Work/SEALTAGS/Prydz/FLUO_LIGHT/PROCESSED/NC/ct157-F118-20_all_prof_PROCESSED.nc,ct157-F118-20,158,2020-04-04 15:10:00,-66.9261,73.7428,False,False
/Volumes/Data/Work/SEALTAGS/Prydz/FLUO_LIGHT/PROCESSED/NC/ct157-F118-20_all_prof_PROCESSED.nc,ct157-F118-20,159,2020-04-05 03:20:00,-66.831,73.4808,True,False
/Volumes/Data/Work/SEALTAGS/Prydz/FLUO_LIGHT/PROCESSED/NC/ct157-F118-20_all_prof_PROCESSED.nc,ct157-F118-20,160,2020-04-05 19:10:00,-66.8985,73.6178,False,False
/Volumes/Data/Work/SEALTAGS/Prydz/FLUO_LIGHT/PROCESSED/NC/ct157-F118-20_all_prof_PROCESSED.nc,ct157-F118-20,161,2020-04-06 03:00:00,-66.866,73.5523,True,False
/Volumes/Data/Work/SEALTAGS/Prydz/FLUO_LIGHT/PROCESSED/NC/ct157-F118-20_all_prof_PROCESSED.nc,ct157-F118-20,162,2020-04-06 20:40:00,-66.866,73.5731,False,False
/Volumes/Data/Work/SEALTAGS/Prydz/FLUO_LIGHT/PROCESSED/NC/ct157-F118-20_all_prof_PROCESSED.nc,ct157-F118-20,163,2020-04-07 02:50:00,-66.8553,73.5451,True,False
/Volumes/Data/Work/SEALTAGS/Prydz/FLUO_LIGHT/PROCESSED/NC/ct157-F118-20_all_prof_PROCESSED.nc,ct157-F118-20,164,2020-04-07 15:20:00,-66.9083,73.5782,False,False
/Volumes/Data/Work/SEALTAGS/Prydz/FLUO_LIGHT/PROCESSED/NC/ct157-F118-20_all_prof_PROCESSED.nc,ct157-F118-20,165,2020-04-08 03:00:00,-66.8177,73.718,True,False
/Volumes/Data/Work/SEALTAGS/Prydz/FLUO_LIGHT/PROCESSED/NC/ct157-F118-20_all_prof_PROCESSED.nc,ct157-F118-20,166,2020-04-08 15:10:00,-66.8819,73.6964,False,False
/Volumes/Data/Work/SEALTAGS/Prydz/FLUO_LIGHT/PROCESSED/NC/ct157-F118-20_all_prof_PROCESSED.nc,ct157-F118-20,167,2020-04-09 03:10:00,-66.9087,73.6002,True,False
/Volumes/Data/Work/SEALTAGS/Prydz/FLUO_LIGHT/PROCESSED/NC/ct157-F118-20_all_prof_PROCESSED.nc,ct157-F118-20,168,2020-04-09 15:20:00,-66.8531,73.5964,False,False
/Volumes/Data/Work/SEALTAGS/Prydz/FLUO_LIGHT/PROCESSED/NC/ct157-F118-20_all_prof_PROCESSED.nc,ct157-F118-20,169,2020-04-10 03:20:00,-66.8701,73.5631,True,False
/Volumes/Data/Work/SEALTAGS/Prydz/FLUO_LIGHT/PROCESSED/NC/ct157-F118-20_all_prof_PROCESSED.nc,ct157-F118-20,170,2020-04-10 15:10:00,-66.8449,73.3783,False,False
/Volumes/Data/Work/SEALTAGS/Prydz/FLUO_LIGHT/PROCESSED/NC/ct157-F118-20_all_prof_PROCESSED.nc,ct157-F118-20,171,2020-04-11 02:20:00,-66.8447,73.3832,False,False
/Volumes/Data/Work/SEALTAGS/Prydz/FLUO_LIGHT/PROCESSED/NC/ct157-F118-20_all_prof_PROCESSED.nc,ct157-F118-20,172,2020-04-11 14:20:00,-66.8423,73.3766,False,False
/Volumes/Data/Work/SEALTAGS/Prydz/FLUO_LIGHT/PROCESSED/NC/ct157-F118-20_all_prof_PROCESSED.nc,ct157-F118-20,173,2020-04-12 03:30:00,-66.8979,73.5684,True,False
/Volumes/Data/Work/SEALTAGS/Prydz/FLUO_LIGHT/PROCESSED/NC/ct157-F118-20_all_prof_PROCESSED.nc,ct157-F118-20,174,2020-04-12 19:30:00,-66.8913,73.5069,False,False
/Volumes/Data/Work/SEALTAGS/Prydz/FLUO_LIGHT/PROCESSED/NC/ct157-F118-20_all_prof_PROCESSED.nc,ct157-F118-20,175,2020-04-13 03:20:00,-66.8751,73.4288,True,False
/Volumes/Data/Work/SEALTAGS/Prydz/FLUO_LIGHT/PROCESSED/NC/ct157-F118-20_all_prof_PROCESSED.nc,ct157-F118-20,176,2020-04-13 15:10:00,-66.8125,73.3241,False,False
/Volumes/Data/Work/SEALTAGS/Prydz/FLUO_LIGHT/PROCESSED/NC/ct157-F118-20_all_prof_PROCESSED.nc,ct157-F118-20,177,2020-04-14 05:30:00,-66.8123,73.3463,True,False
/Volumes/Data/Work/SEALTAGS/Prydz/FLUO_LIGHT/PROCESSED/NC/ct157-F118-20_all_prof_PROCESSED.nc,ct157-F118-20,178,2020-04-14 22:10:00,-66.6644,73.3469,False,False
/Volumes/Data/Work/SEALTAGS/Prydz/FLUO_LIGHT/PROCESSED/NC/ct157-F118-20_all_prof_PROCESSED.nc,ct157-F118-20,179,2020-04-15 02:30:00,-66.6867,72.8789,False,False
/Volumes/Data/Work/SEALTAGS/Prydz/FLUO_LIGHT/PROCESSED/NC/ct157-F118-20_all_prof_PROCESSED.nc,ct157-F118-20,180,2020-04-15 14:20:00,-66.781,72.8475,False,False
/Volumes/Data/Work/SEALTAGS/Prydz/FLUO_LIGHT/PROCESSED/NC/ct157-F118-20_all_prof_PROCESSED.nc,ct157-F118-20,181,2020-04-16 02:30:00,-66.6687,72.6151,False,False
/Volumes/Data/Work/SEALTAGS/Prydz/FLUO_LIGHT/PROCESSED/NC/ct157-F118-20_all_prof_PROCESSED.nc,ct157-F118-20,182,2020-04-16 14:10:00,-66.7521,72.4239,False,False
/Volumes/Data/Work/SEALTAGS/Prydz/FLUO_LIGHT/PROCESSED/NC/ct157-F118-20_all_prof_PROCESSED.nc,ct157-F118-20,183,2020-04-17 02:40:00,-66.6849,72.5988,False,False
/Volumes/Data/Work/SEALTAGS/Prydz/FLUO_LIGHT/PROCESSED/NC/ct157-F118-20_all_prof_PROCESSED.nc,ct157-F118-20,184,2020-04-17 14:10:00,-66.7424,72.2231,False,False
/Volumes/Data/Work/SEALTAGS/Prydz/FLUO_LIGHT/PROCESSED/NC/ct157-F118-20_all_prof_PROCESSED.nc,ct157-F118-20,185,2020-04-18 06:10:00,-66.5691,72.2898,True,False
/Volumes/Data/Work/SEALTAGS/Prydz/FLUO_LIGHT/PROCESSED/NC/ct157-F118-20_all_prof_PROCESSED.nc,ct157-F118-20,186,2020-04-18 19:20:00,-66.6702,71.9352,False,False
/Volumes/Data/Work/SEALTAGS/Prydz/FLUO_LIGHT/PROCESSED/NC/ct157-F118-20_all_prof_PROCESSED.nc,ct157-F118-20,187,2020-04-19 03:00:00,-66.6232,72.1016,True,False
/Volumes/Data/Work/SEALTAGS/Prydz/FLUO_LIGHT/PROCESSED/NC/ct157-F118-20_all_prof_PROCESSED.nc,ct157-F118-20,188,2020-04-19 16:10:00,-66.6452,72.3377,False,False
/Volumes/Data/Work/SEALTAGS/Prydz/FLUO_LIGHT/PROCESSED/NC/ct157-F118-20_all_prof_PROCESSED.nc,ct157-F118-20,189,2020-04-20 03:50:00,-66.7247,72.4018,True,False
/Volumes/Data/Work/SEALTAGS/Prydz/FLUO_LIGHT/PROCESSED/NC/ct157-F118-20_all_prof_PROCESSED.nc,ct157-F118-20,190,2020-04-20 20:20:00,-66.6606,72.5348,False,False
/Volumes/Data/Work/SEALTAGS/Prydz/FLUO_LIGHT/PROCESSED/NC/ct157-F118-20_all_prof_PROCESSED.nc,ct157-F118-20,191,2020-04-21 03:20:00,-66.5453,72.883,True,False
/Volumes/Data/Work/SEALTAGS/Prydz/FLUO_LIGHT/PROCESSED/NC/ct157-F118-20_all_prof_PROCESSED.nc,ct157-F118-20,192,2020-04-21 23:10:00,-66.7325,72.6809,False,False
/Volumes/Data/Work/SEALTAGS/Prydz/FLUO_LIGHT/PROCESSED/NC/ct157-F118-20_all_prof_PROCESSED.nc,ct157-F118-20,193,2020-04-22 02:50:00,-66.6627,73.0098,False,False
/Volumes/Data/Work/SEALTAGS/Prydz/FLUO_LIGHT/PROCESSED/NC/ct157-F118-20_all_prof_PROCESSED.nc,ct157-F118-20,194,2020-04-22 19:10:00,-66.7642,72.8448,False,False
/Volumes/Data/Work/SEALTAGS/Prydz/FLUO_LIGHT/PROCESSED/NC/ct157-F118-20_all_prof_PROCESSED.nc,ct157-F118-20,195,2020-04-23 04:30:00,-66.7564,72.8448,True,False
/Volumes/Data/Work/SEALTAGS/Prydz/FLUO_LIGHT/PROCESSED/NC/ct157-F118-20_all_prof_PROCESSED.nc,ct157-F118-20,196,2020-04-23 16:30:00,-66.6646,72.5572,False,False
/Volumes/Data/Work/SEALTAGS/Prydz/FLUO_LIGHT/PROCESSED/NC/ct157-F118-20_all_prof_PROCESSED.nc,ct157-F118-20,197,2020-04-24 05:20:00,-66.4993,72.1069,True,False
/Volumes/Data/Work/SEALTAGS/Prydz/FLUO_LIGHT/PROCESSED/NC/ct157-F118-20_all_prof_PROCESSED.nc,ct157-F118-20,198,2020-04-24 19:40:00,-66.6445,71.8107,False,False
/Volumes/Data/Work/SEALTAGS/Prydz/FLUO_LIGHT/PROCESSED/NC/ct157-F118-20_all_prof_PROCESSED.nc,ct157-F118-20,199,2020-04-25 03:20:00,-66.6271,71.8654,False,False
/Volumes/Data/Work/SEALTAGS/Prydz/FLUO_LIGHT/PROCESSED/NC/ct157-F118-20_all_prof_PROCESSED.nc,ct157-F118-20,200,2020-04-25 20:00:00,-66.6832,71.6726,False,False
/Volumes/Data/Work/SEALTAGS/Prydz/FLUO_LIGHT/PROCESSED/NC/ct157-F118-20_all_prof_PROCESSED.nc,ct157-F118-20,201,2020-04-26 06:10:00,-66.6891,71.661,True,False
/Volumes/Data/Work/SEALTAGS/Prydz/FLUO_LIGHT/PROCESSED/NC/ct157-F118-20_all_prof_PROCESSED.nc,ct157-F118-20,202,2020-04-26 19:20:00,-66.5472,72.2051,False,False
/Volumes/Data/Work/SEALTAGS/Prydz/FLUO_LIGHT/PROCESSED/NC/ct157-F118-20_all_prof_PROCESSED.nc,ct157-F118-20,203,2020-04-27 05:30:00,-66.443,72.3005,True,False
/Volumes/Data/Work/SEALTAGS/Prydz/FLUO_LIGHT/PROCESSED/NC/ct157-F118-20_all_prof_PROCESSED.nc,ct157-F118-20,204,2020-04-27 16:10:00,-66.5486,72.6474,False,False
/Volumes/Data/Work/SEALTAGS/Prydz/FLUO_LIGHT/PROCESSED/NC/ct157-F118-20_all_prof_PROCESSED.nc,ct157-F118-20,205,2020-04-28 09:10:00,-66.5094,73.13,True,False
/Volumes/Data/Work/SEALTAGS/Prydz/FLUO_LIGHT/PROCESSED/NC/ct157-F118-20_all_prof_PROCESSED.nc,ct157-F118-20,206,2020-04-28 15:20:00,-66.607,72.8503,False,False
/Volumes/Data/Work/SEALTAGS/Prydz/FLUO_LIGHT/PROCESSED/NC/ct157-F118-20_all_prof_PROCESSED.nc,ct157-F118-20,207,2020-04-29 04:40:00,-66.4476,72.7999,True,False
/Volumes/Data/Work/SEALTAGS/Prydz/FLUO_LIGHT/PROCESSED/NC/ct157-F118-20_all_prof_PROCESSED.nc,ct157-F118-20,208,2020-04-29 18:30:00,-66.5335,73.0909,False,False
/Volumes/Data/Work/SEALTAGS/Prydz/FLUO_LIGHT/PROCESSED/NC/ct157-F118-20_all_prof_PROCESSED.nc,ct157-F118-20,209,2020-04-30 06:50:00,-66.7102,73.5657,True,False
/Volumes/Data/Work/SEALTAGS/Prydz/FLUO_LIGHT/PROCESSED/NC/ct157-F118-20_all_prof_PROCESSED.nc,ct157-F118-20,210,2020-04-30 14:20:00,-66.7159,73.4043,False,False
/Volumes/Data/Work/SEALTAGS/Prydz/FLUO_LIGHT/PROCESSED/NC/ct157-F118-20_all_prof_PROCESSED.nc,ct157-F118-20,211,2020-05-01 02:30:00,-66.8355,73.1744,False,False
/Volumes/Data/Work/SEALTAGS/Prydz/FLUO_LIGHT/PROCESSED/NC/ct157-F118-20_all_prof_PROCESSED.nc,ct157-F118-20,212,2020-05-01 14:50:00,-66.902,73.0997,False,False
/Volumes/Data/Work/SEALTAGS/Prydz/FLUO_LIGHT/PROCESSED/NC/ct157-F118-20_all_prof_PROCESSED.nc,ct157-F118-20,213,2020-05-02 02:30:00,-66.9378,72.8206,False,False
/Volumes/Data/Work/SEALTAGS/Prydz/FLUO_LIGHT/PROCESSED/NC/ct157-F118-20_all_prof_PROCESSED.nc,ct157-F118-20,214,2020-05-02 16:10:00,-66.9513,72.5015,False,False
/Volumes/Data/Work/SEALTAGS/Prydz/FLUO_LIGHT/PROCESSED/NC/ct157-F118-20_all_prof_PROCESSED.nc,ct157-F118-20,215,2020-05-03 03:30:00,-66.9868,72.8243,False,False
/Volumes/Data/Work/SEALTAGS/Prydz/FLUO_LIGHT/PROCESSED/NC/ct157-F118-20_all_prof_PROCESSED.nc,ct157-F118-20,216,2020-05-03 15:50:00,-67.0347,72.7218,False,False
/Volumes/Data/Work/SEALTAGS/Prydz/FLUO_LIGHT/PROCESSED/NC/ct157-F118-20_all_prof_PROCESSED.nc,ct157-F118-20,217,2020-05-04 17:30:00,-67.0179,72.2015,False,False
/Volumes/Data/Work/SEALTAGS/Prydz/FLUO_LIGHT/PROCESSED/NC/ct157-F118-20_all_prof_PROCESSED.nc,ct157-F118-20,218,2020-05-05 02:00:00,-67.0394,72.1992,False,False
/Volumes/Data/Work/SEALTAGS/Prydz/FLUO_LIGHT/PROCESSED/NC/ct157-F118-20_all_prof_PROCESSED.nc,ct157-F118-20,219,2020-05-05 14:00:00,-66.9357,72.5283,False,False
/Volumes/Data/Work/SEALTAGS/Prydz/FLUO_LIGHT/PROCESSED/NC/ct157-F118-20_all_prof_PROCESSED.nc,ct157-F118-20,220,2020-05-06 02:30:00,-66.9708,72.0927,False,False
/Volumes/Data/Work/SEALTAGS/Prydz/FLUO_LIGHT/PROCESSED/NC/ct157-F118-20_all_prof_PROCESSED.nc,ct157-F118-20,221,2020-05-06 15:40:00,-66.9047,72.2622,False,False
/Volumes/Data/Work/SEALTAGS/Prydz/FLUO_LIGHT/PROCESSED/NC/ct157-F118-20_all_prof_PROCESSED.nc,ct157-F118-20,222,2020-05-07 02:20:00,-66.9111,71.9439,False,False
/Volumes/Data/Work/SEALTAGS/Prydz/FLUO_LIGHT/PROCESSED/NC/ct157-F118-20_all_prof_PROCESSED.nc,ct157-F118-20,223,2020-05-07 14:30:00,-66.9206,71.6076,False,False
/Volumes/Data/Work/SEALTAGS/Prydz/FLUO_LIGHT/PROCESSED/NC/ct157-F118-20_all_prof_PROCESSED.nc,ct157-F118-20,224,2020-05-08 03:20:00,-66.9736,71.2698,False,False
/Volumes/Data/Work/SEALTAGS/Prydz/FLUO_LIGHT/PROCESSED/NC/ct157-F118-20_all_prof_PROCESSED.nc,ct157-F118-20,225,2020-05-08 15:40:00,-66.7942,71.4403,False,False
/Volumes/Data/Work/SEALTAGS/Prydz/FLUO_LIGHT/PROCESSED/NC/ct157-F118-20_all_prof_PROCESSED.nc,ct157-F118-20,226,2020-05-09 02:10:00,-66.8691,71.4552,False,False
/Volumes/Data/Work/SEALTAGS/Prydz/FLUO_LIGHT/PROCESSED/NC/ct157-F118-20_all_prof_PROCESSED.nc,ct157-F118-20,227,2020-05-09 15:50:00,-66.8747,71.078,False,False
/Volumes/Data/Work/SEALTAGS/Prydz/FLUO_LIGHT/PROCESSED/NC/ct157-F118-20_all_prof_PROCESSED.nc,ct157-F118-20,228,2020-05-10 02:20:00,-66.922,71.5254,False,False
/Volumes/Data/Work/SEALTAGS/Prydz/FLUO_LIGHT/PROCESSED/NC/ct157-F118-20_all_prof_PROCESSED.nc,ct157-F118-20,229,2020-05-10 14:10:00,-67.0004,71.5095,False,False
/Volumes/Data/Work/SEALTAGS/Prydz/FLUO_LIGHT/PROCESSED/NC/ct157-F118-20_all_prof_PROCESSED.nc,ct157-F118-20,230,2020-05-11 03:00:00,-67.0264,71.0506,False,False
/Volumes/Data/Work/SEALTAGS/Prydz/FLUO_LIGHT/PROCESSED/NC/ct157-F118-20_all_prof_PROCESSED.nc,ct157-F118-20,231,2020-05-11 15:20:00,-67.0086,70.5115,False,False
/Volumes/Data/Work/SEALTAGS/Prydz/FLUO_LIGHT/PROCESSED/NC/ct157-F118-20_all_prof_PROCESSED.nc,ct157-F118-20,232,2020-05-12 03:10:00,-67.1574,69.979,False,False
/Volumes/Data/Work/SEALTAGS/Prydz/FLUO_LIGHT/PROCESSED/NC/ct157-F118-20_all_prof_PROCESSED.nc,ct157-F118-20,233,2020-05-12 20:20:00,-67.2502,70.615,False,False
/Volumes/Data/Work/SEALTAGS/Prydz/FLUO_LIGHT/PROCESSED/NC/ct157-F118-20_all_prof_PROCESSED.nc,ct157-F118-20,234,2020-05-13 03:10:00,-67.2258,70.8142,False,False
/Volumes/Data/Work/SEALTAGS/Prydz/FLUO_LIGHT/PROCESSED/NC/ct157-F118-20_all_prof_PROCESSED.nc,ct157-F118-20,235,2020-05-13 20:30:00,-67.1546,71.1106,False,False
/Volumes/Data/Work/SEALTAGS/Prydz/FLUO_LIGHT/PROCESSED/NC/ct157-F118-20_all_prof_PROCESSED.nc,ct157-F118-20,236,2020-05-14 02:20:00,-67.023,71.1878,False,False
/Volumes/Data/Work/SEALTAGS/Prydz/FLUO_LIGHT/PROCESSED/NC/ct157-F118-20_all_prof_PROCESSED.nc,ct157-F118-20,237,2020-05-14 15:30:00,-66.9611,71.0106,False,False
/Volumes/Data/Work/SEALTAGS/Prydz/FLUO_LIGHT/PROCESSED/NC/ct157-F118-20_all_prof_PROCESSED.nc,ct157-F118-20,238,2020-05-15 03:30:00,-66.9798,71.1289,False,False
/Volumes/Data/Work/SEALTAGS/Prydz/FLUO_LIGHT/PROCESSED/NC/ct157-F118-20_all_prof_PROCESSED.nc,ct157-F118-20,239,2020-05-15 14:10:00,-67.0043,71.1582,False,False
/Volumes/Data/Work/SEALTAGS/Prydz/FLUO_LIGHT/PROCESSED/NC/ct157-F118-20_all_prof_PROCESSED.nc,ct157-F118-20,240,2020-05-16 02:30:00,-66.934,71.4181,False,False
/Volumes/Data/Work/SEALTAGS/Prydz/FLUO_LIGHT/PROCESSED/NC/ct157-F118-20_all_prof_PROCESSED.nc,ct157-F118-20,241,2020-05-16 16:00:00,-67.0332,71.4239,False,False
/Volumes/Data/Work/SEALTAGS/Prydz/FLUO_LIGHT/PROCESSED/NC/ct157-F118-20_all_prof_PROCESSED.nc,ct157-F118-20,242,2020-05-17 02:20:00,-66.8872,71.1829,False,False
/Volumes/Data/Work/SEALTAGS/Prydz/FLUO_LIGHT/PROCESSED/NC/ct157-F118-20_all_prof_PROCESSED.nc,ct157-F118-20,243,2020-05-17 16:10:00,-66.6793,71.426,False,False
/Volumes/Data/Work/SEALTAGS/Prydz/FLUO_LIGHT/PROCESSED/NC/ct157-F118-20_all_prof_PROCESSED.nc,ct157-F118-20,244,2020-05-18 07:40:00,-66.7903,71.2012,True,False
/Volumes/Data/Work/SEALTAGS/Prydz/FLUO_LIGHT/PROCESSED/NC/ct157-F118-20_all_prof_PROCESSED.nc,ct157-F118-20,245,2020-05-19 06:50:00,-66.7631,70.7634,True,False
/Volumes/Data/Work/SEALTAGS/Prydz/FLUO_LIGHT/PROCESSED/NC/ct157-F118-20_all_prof_PROCESSED.nc,ct157-F118-20,246,2020-05-19 13:50:00,-66.5211,70.6756,False,False
/Volumes/Data/Work/SEALTAGS/Prydz/FLUO_LIGHT/PROCESSED/NC/ct157-F118-20_all_prof_PROCESSED.nc,ct157-F118-20,247,2020-05-20 06:30:00,-66.6442,69.8361,True,False
/Volumes/Data/Work/SEALTAGS/Prydz/FLUO_LIGHT/PROCESSED/NC/ct157-F118-20_all_prof_PROCESSED.nc,ct157-F118-20,248,2020-05-20 20:00:00,-66.8116,69.6518,False,False
/Volumes/Data/Work/SEALTAGS/Prydz/FLUO_LIGHT/PROCESSED/NC/ct157-F118-20_all_prof_PROCESSED.nc,ct157-F118-20,249,2020-05-21 03:30:00,-66.6898,69.5074,False,False
/Volumes/Data/Work/SEALTAGS/Prydz/FLUO_LIGHT/PROCESSED/NC/ct157-F118-20_all_prof_PROCESSED.nc,ct157-F118-20,250,2020-05-21 21:10:00,-66.6633,68.2988,False,False
/Volumes/Data/Work/SEALTAGS/Prydz/FLUO_LIGHT/PROCESSED/NC/ct157-F118-20_all_prof_PROCESSED.nc,ct157-F118-20,251,2020-05-22 03:00:00,-66.8566,67.8429,False,False
/Volumes/Data/Work/SEALTAGS/Prydz/FLUO_LIGHT/PROCESSED/NC/ct157-F118-20_all_prof_PROCESSED.nc,ct157-F118-20,252,2020-05-22 15:00:00,-67.0143,67.2519,False,False
/Volumes/Data/Work/SEALTAGS/Prydz/FLUO_LIGHT/PROCESSED/NC/ct157-F118-20_all_prof_PROCESSED.nc,ct157-F118-20,253,2020-05-23 06:20:00,-66.9312,67.4111,True,False
/Volumes/Data/Work/SEALTAGS/Prydz/FLUO_LIGHT/PROCESSED/NC/ct157-F118-20_all_prof_PROCESSED.nc,ct157-F118-20,254,2020-05-23 15:20:00,-67.0251,67.3608,False,False
/Volumes/Data/Work/SEALTAGS/Prydz/FLUO_LIGHT/PROCESSED/NC/ct157-F118-20_all_prof_PROCESSED.nc,ct157-F118-20,255,2020-05-24 07:10:00,-67.0605,67.0546,True,False
/Volumes/Data/Work/SEALTAGS/Prydz/FLUO_LIGHT/PROCESSED/NC/ct157-F118-20_all_prof_PROCESSED.nc,ct157-F118-20,256,2020-05-25 08:00:00,-67.0251,66.7948,True,False
/Volumes/Data/Work/SEALTAGS/Prydz/FLUO_LIGHT/PROCESSED/NC/ct157-F118-20_all_prof_PROCESSED.nc,ct157-F118-20,257,2020-05-25 15:00:00,-67.0753,67.2665,False,False
/Volumes/Data/Work/SEALTAGS/Prydz/FLUO_LIGHT/PROCESSED/NC/ct157-F118-20_all_prof_PROCESSED.nc,ct157-F118-20,258,2020-05-26 10:50:00,-67.1205,68.0573,False,False
/Volumes/Data/Work/SEALTAGS/Prydz/FLUO_LIGHT/PROCESSED/NC/ct157-F118-20_all_prof_PROCESSED.nc,ct157-F118-20,259,2020-05-26 15:10:00,-67.0609,68.1253,False,False
/Volumes/Data/Work/SEALTAGS/Prydz/FLUO_LIGHT/PROCESSED/NC/ct157-F118-20_all_prof_PROCESSED.nc,ct157-F118-20,260,2020-05-27 05:10:00,-67.0751,68.1836,False,False
/Volumes/Data/Work/SEALTAGS/Prydz/FLUO_LIGHT/PROCESSED/NC/ct157-F118-20_all_prof_PROCESSED.nc,ct157-F118-20,261,2020-05-27 15:30:00,-67.0504,68.395,False,False
/Volumes/Data/Work/SEALTAGS/Prydz/FLUO_LIGHT/PROCESSED/NC/ct157-F118-20_all_prof_PROCESSED.nc,ct157-F118-20,262,2020-05-28 10:40:00,-66.9165,68.539,False,False
/Volumes/Data/Work/SEALTAGS/Prydz/FLUO_LIGHT/PROCESSED/NC/ct157-F118-20_all_prof_PROCESSED.nc,ct157-F118-20,263,2020-05-28 14:30:00,-66.9511,68.5796,False,False
/Volumes/Data/Work/SEALTAGS/Prydz/FLUO_LIGHT/PROCESSED/NC/ct157-F118-20_all_prof_PROCESSED.nc,ct157-F118-20,264,2020-05-29 10:20:00,-67.1753,69.284,False,False
/Volumes/Data/Work/SEALTAGS/Prydz/FLUO_LIGHT/PROCESSED/NC/ct157-F118-20_all_prof_PROCESSED.nc,ct157-F118-20,265,2020-05-29 15:20:00,-67.1836,69.6417,False,False
/Volumes/Data/Work/SEALTAGS/Prydz/FLUO_LIGHT/PROCESSED/NC/ct157-F118-20_all_prof_PROCESSED.nc,ct157-F118-20,266,2020-05-30 03:30:00,-67.1346,70.0978,False,False
/Volumes/Data/Work/SEALTAGS/Prydz/FLUO_LIGHT/PROCESSED/NC/ct157-F118-20_all_prof_PROCESSED.nc,ct157-F118-20,267,2020-05-30 15:10:00,-67.1993,69.9624,False,False
/Volumes/Data/Work/SEALTAGS/Prydz/FLUO_LIGHT/PROCESSED/NC/ct157-F118-20_all_prof_PROCESSED.nc,ct157-F118-20,268,2020-05-31 10:40:00,-67.0668,70.9178,False,False
/Volumes/Data/Work/SEALTAGS/Prydz/FLUO_LIGHT/PROCESSED/NC/ct157-F118-20_all_prof_PROCESSED.nc,ct157-F118-20,269,2020-05-31 15:40:00,-66.9845,70.8909,False,False
/Volumes/Data/Work/SEALTAGS/Prydz/FLUO_LIGHT/PROCESSED/NC/ct157-F118-20_all_prof_PROCESSED.nc,ct157-F118-20,270,2020-06-01 05:20:00,-66.618,70.7873,False,False
/Volumes/Data/Work/SEALTAGS/Prydz/FLUO_LIGHT/PROCESSED/NC/ct157-F118-20_all_prof_PROCESSED.nc,ct157-F118-20,271,2020-06-02 08:20:00,-65.9342,70.3352,True,False
/Volumes/Data/Work/SEALTAGS/Prydz/FLUO_LIGHT/PROCESSED/NC/ct157-F118-20_all_prof_PROCESSED.nc,ct157-F118-20,272,2020-06-02 20:30:00,-65.6074,69.935,False,False
/Volumes/Data/Work/SEALTAGS/Prydz/FLUO_LIGHT/PROCESSED/NC/ct157-F118-20_all_prof_PROCESSED.nc,ct157-F118-20,273,2020-06-03 05:10:00,-65.5287,70.1176,False,False
/Volumes/Data/Work/SEALTAGS/Prydz/FLUO_LIGHT/PROCESSED/NC/ct157-F118-20_all_prof_PROCESSED.nc,ct157-F118-20,274,2020-06-03 12:30:00,-65.5091,70.6791,False,False
/Volumes/Data/Work/SEALTAGS/Prydz/FLUO_LIGHT/PROCESSED/NC/ct157-F118-20_all_prof_PROCESSED.nc,ct157-F118-20,275,2020-06-04 11:10:00,-65.7472,70.3277,False,False
/Volumes/Data/Work/SEALTAGS/Prydz/FLUO_LIGHT/PROCESSED/NC/ct157-F118-20_all_prof_PROCESSED.nc,ct157-F118-20,276,2020-06-04 15:10:00,-65.5415,70.2268,False,False
/Volumes/Data/Work/SEALTAGS/Prydz/FLUO_LIGHT/PROCESSED/NC/ct157-F118-20_all_prof_PROCESSED.nc,ct157-F118-20,277,2020-06-05 08:00:00,-65.7608,69.0808,True,False
/Volumes/Data/Work/SEALTAGS/Prydz/FLUO_LIGHT/PROCESSED/NC/ct157-F118-20_all_prof_PROCESSED.nc,ct157-F118-20,278,2020-06-05 15:40:00,-65.9156,68.9076,False,False
/Volumes/Data/Work/SEALTAGS/Prydz/FLUO_LIGHT/PROCESSED/NC/ct157-F118-20_all_prof_PROCESSED.nc,ct157-F118-20,279,2020-06-06 08:20:00,-66.4157,68.4239,True,False
/Volumes/Data/Work/SEALTAGS/Prydz/FLUO_LIGHT/PROCESSED/NC/ct157-F118-20_all_prof_PROCESSED.nc,ct157-F118-20,280,2020-06-06 19:00:00,-66.5433,68.4255,False,False
/Volumes/Data/Work/SEALTAGS/Prydz/FLUO_LIGHT/PROCESSED/NC/ct157-F118-20_all_prof_PROCESSED.nc,ct157-F118-20,281,2020-06-07 08:50:00,-66.5831,68.8323,False,False
/Volumes/Data/Work/SEALTAGS/Prydz/FLUO_LIGHT/PROCESSED/NC/ct157-F118-20_all_prof_PROCESSED.nc,ct157-F118-20,282,2020-06-07 13:40:00,-66.7676,68.6475,False,False
/Volumes/Data/Work/SEALTAGS/Prydz/FLUO_LIGHT/PROCESSED/NC/ct157-F118-20_all_prof_PROCESSED.nc,ct157-F118-20,283,2020-06-08 04:10:00,-66.9833,68.7855,False,False
/Volumes/Data/Work/SEALTAGS/Prydz/FLUO_LIGHT/PROCESSED/NC/ct157-F118-20_all_prof_PROCESSED.nc,ct157-F118-20,284,2020-06-08 13:20:00,-66.9409,68.7678,False,False
/Volumes/Data/Work/SEALTAGS/Prydz/FLUO_LIGHT/PROCESSED/NC/ct157-F118-20_all_prof_PROCESSED.nc,ct157-F118-20,285,2020-06-09 03:20:00,-67.1684,68.7908,False,False
/Volumes/Data/Work/SEALTAGS/Prydz/FLUO_LIGHT/PROCESSED/NC/ct157-F118-20_all_prof_PROCESSED.nc,ct157-F118-20,286,2020-06-09 15:20:00,-67.2246,68.5497,False,False
/Volumes/Data/Work/SEALTAGS/Prydz/FLUO_LIGHT/PROCESSED/NC/ct157-F118-20_all_prof_PROCESSED.nc,ct157-F118-20,287,2020-06-10 07:20:00,-67.2592,68.5539,False,False
/Volumes/Data/Work/SEALTAGS/Prydz/FLUO_LIGHT/PROCESSED/NC/ct157-F118-20_all_prof_PROCESSED.nc,ct157-F118-20,288,2020-06-10 16:30:00,-67.2772,68.6012,False,False
/Volumes/Data/Work/SEALTAGS/Prydz/FLUO_LIGHT/PROCESSED/NC/ct157-F118-20_all_prof_PROCESSED.nc,ct157-F118-20,289,2020-06-11 09:10:00,-67.5315,68.5476,False,False
/Volumes/Data/Work/SEALTAGS/Prydz/FLUO_LIGHT/PROCESSED/NC/ct157-F118-20_all_prof_PROCESSED.nc,ct157-F118-20,290,2020-06-11 22:30:00,-67.8629,68.7883,False,False
/Volumes/Data/Work/SEALTAGS/Prydz/FLUO_LIGHT/PROCESSED/NC/ct157-F118-20_all_prof_PROCESSED.nc,ct157-F118-20,291,2020-06-12 09:10:00,-67.8261,69.0397,False,False
/Volumes/Data/Work/SEALTAGS/Prydz/FLUO_LIGHT/PROCESSED/NC/ct157-F118-20_all_prof_PROCESSED.nc,ct157-F118-20,292,2020-06-12 22:30:00,-67.8103,69.0124,False,False
/Volumes/Data/Work/SEALTAGS/Prydz/FLUO_LIGHT/PROCESSED/NC/ct157-F118-20_all_prof_PROCESSED.nc,ct157-F118-20,293,2020-06-13 05:30:00,-67.7863,68.9751,False,False
/Volumes/Data/Work/SEALTAGS/Prydz/FLUO_LIGHT/PROCESSED/NC/ct157-F118-20_all_prof_PROCESSED.nc,ct157-F118-20,294,2020-06-13 18:30:00,-67.798,69.1108,False,False
/Volumes/Data/Work/SEALTAGS/Prydz/FLUO_LIGHT/PROCESSED/NC/ct157-F118-20_all_prof_PROCESSED.nc,ct157-F118-20,295,2020-06-14 05:30:00,-67.8122,69.058,False,False
/Volumes/Data/Work/SEALTAGS/Prydz/FLUO_LIGHT/PROCESSED/NC/ct157-F118-20_all_prof_PROCESSED.nc,ct157-F118-20,296,2020-06-14 22:00:00,-67.8536,69.1031,False,False
/Volumes/Data/Work/SEALTAGS/Prydz/FLUO_LIGHT/PROCESSED/NC/ct157-F118-20_all_prof_PROCESSED.nc,ct157-F118-20,297,2020-06-15 08:10:00,-67.8473,69.1452,False,False
/Volumes/Data/Work/SEALTAGS/Prydz/FLUO_LIGHT/PROCESSED/NC/ct157-F118-20_all_prof_PROCESSED.nc,ct157-F118-20,298,2020-06-15 21:00:00,-67.8036,69.0779,False,False
/Volumes/Data/Work/SEALTAGS/Prydz/FLUO_LIGHT/PROCESSED/NC/ct157-F118-20_all_prof_PROCESSED.nc,ct157-F118-20,299,2020-06-16 08:00:00,-67.8332,69.0378,False,False
/Volumes/Data/Work/SEALTAGS/Prydz/FLUO_LIGHT/PROCESSED/NC/ct157-F118-20_all_prof_PROCESSED.nc,ct157-F118-20,300,2020-06-16 21:10:00,-67.6371,69.2555,False,False
/Volumes/Data/Work/SEALTAGS/Prydz/FLUO_LIGHT/PROCESSED/NC/ct157-F118-20_all_prof_PROCESSED.nc,ct157-F118-20,301,2020-06-17 09:20:00,-67.4253,68.823,False,False
/Volumes/Data/Work/SEALTAGS/Prydz/FLUO_LIGHT/PROCESSED/NC/ct157-F118-20_all_prof_PROCESSED.nc,ct157-F118-20,302,2020-06-17 22:10:00,-67.1819,68.8663,False,False
/Volumes/Data/Work/SEALTAGS/Prydz/FLUO_LIGHT/PROCESSED/NC/ct157-F118-20_all_prof_PROCESSED.nc,ct157-F118-20,303,2020-06-18 09:20:00,-67.0592,68.6572,False,False
/Volumes/Data/Work/SEALTAGS/Prydz/FLUO_LIGHT/PROCESSED/NC/ct157-F118-20_all_prof_PROCESSED.nc,ct157-F118-20,304,2020-06-18 15:10:00,-67.1004,68.6952,False,False
/Volumes/Data/Work/SEALTAGS/Prydz/FLUO_LIGHT/PROCESSED/NC/ct157-F118-20_all_prof_PROCESSED.nc,ct157-F118-20,305,2020-06-19 09:10:00,-67.2096,68.7653,False,False
/Volumes/Data/Work/SEALTAGS/Prydz/FLUO_LIGHT/PROCESSED/NC/ct157-F118-20_all_prof_PROCESSED.nc,ct157-F118-20,306,2020-06-19 20:00:00,-67.1355,68.7866,False,False
/Volumes/Data/Work/SEALTAGS/Prydz/FLUO_LIGHT/PROCESSED/NC/ct157-F118-20_all_prof_PROCESSED.nc,ct157-F118-20,307,2020-06-20 04:50:00,-66.9792,68.6553,False,False
/Volumes/Data/Work/SEALTAGS/Prydz/FLUO_LIGHT/PROCESSED/NC/ct157-F118-20_all_prof_PROCESSED.nc,ct157-F118-20,308,2020-06-20 20:50:00,-66.5731,68.1251,False,False
/Volumes/Data/Work/SEALTAGS/Prydz/FLUO_LIGHT/PROCESSED/NC/ct157-F118-20_all_prof_PROCESSED.nc,ct157-F118-20,309,2020-06-21 06:20:00,-66.2557,67.961,False,False
/Volumes/Data/Work/SEALTAGS/Prydz/FLUO_LIGHT/PROCESSED/NC/ct157-F118-20_all_prof_PROCESSED.nc,ct157-F118-20,310,2020-06-21 16:30:00,-65.8501,67.8504,False,False
/Volumes/Data/Work/SEALTAGS/Prydz/FLUO_LIGHT/PROCESSED/NC/ct157-F118-20_all_prof_PROCESSED.nc,ct157-F118-20,311,2020-06-22 03:10:00,-65.6345,67.9479,False,False
/Volumes/Data/Work/SEALTAGS/Prydz/FLUO_LIGHT/PROCESSED/NC/ct157-F118-20_all_prof_PROCESSED.nc,ct157-F118-20,312,2020-06-22 15:50:00,-65.5071,68.6865,False,False
/Volumes/Data/Work/SEALTAGS/Prydz/FLUO_LIGHT/PROCESSED/NC/ct157-F118-20_all_prof_PROCESSED.nc,ct157-F118-20,313,2020-06-23 05:10:00,-65.2548,69.456,False,False
/Volumes/Data/Work/SEALTAGS/Prydz/FLUO_LIGHT/PROCESSED/NC/ct157-F118-20_all_prof_PROCESSED.nc,ct157-F118-20,314,2020-06-23 15:30:00,-65.0656,69.7793,False,False
/Volumes/Data/Work/SEALTAGS/Prydz/FLUO_LIGHT/PROCESSED/NC/ct157-F118-20_all_prof_PROCESSED.nc,ct157-F118-20,315,2020-06-24 11:50:00,-64.7943,70.2569,False,False
/Volumes/Data/Work/SEALTAGS/Prydz/FLUO_LIGHT/PROCESSED/NC/ct157-F118-20_all_prof_PROCESSED.nc,ct157-F118-20,316,2020-06-24 23:50:00,-64.6595,70.5428,False,False
/Volumes/Data/Work/SEALTAGS/Prydz/FLUO_LIGHT/PROCESSED/NC/ct157-F118-20_all_prof_PROCESSED.nc,ct157-F118-20,317,2020-06-25 01:10:00,-64.651,70.6326,False,False
/Volumes/Data/Work/SEALTAGS/Prydz/FLUO_LIGHT/PROCESSED/NC/ct157-F118-20_all_prof_PROCESSED.nc,ct157-F118-20,318,2020-06-26 07:00:00,-64.2152,70.8022,True,False
/Volumes/Data/Work/SEALTAGS/Prydz/FLUO_LIGHT/PROCESSED/NC/ct157-F118-20_all_prof_PROCESSED.nc,ct157-F118-20,319,2020-06-26 13:40:00,-63.9959,70.9487,False,False
/Volumes/Data/Work/SEALTAGS/Prydz/FLUO_LIGHT/PROCESSED/NC/ct157-F118-20_all_prof_PROCESSED.nc,ct157-F118-20,320,2020-06-27 00:10:00,-63.8096,71.494,False,False
/Volumes/Data/Work/SEALTAGS/Prydz/FLUO_LIGHT/PROCESSED/NC/ct157-F118-20_all_prof_PROCESSED.nc,ct157-F118-20,321,2020-06-27 14:10:00,-63.6175,71.3261,False,False
/Volumes/Data/Work/SEALTAGS/Prydz/FLUO_LIGHT/PROCESSED/NC/ct157-F118-20_all_prof_PROCESSED.nc,ct157-F118-20,322,2020-06-28 08:20:00,-63.1828,71.6184,True,False
/Volumes/Data/Work/SEALTAGS/Prydz/FLUO_LIGHT/PROCESSED/NC/ct157-F118-20_all_prof_PROCESSED.nc,ct157-F118-20,323,2020-06-28 17:50:00,-63.0202,71.5229,False,False
/Volumes/Data/Work/SEALTAGS/Prydz/FLUO_LIGHT/PROCESSED/NC/ct157-F118-20_all_prof_PROCESSED.nc,ct157-F118-20,324,2020-06-29 08:50:00,-62.535,71.6249,True,False
/Volumes/Data/Work/SEALTAGS/Prydz/FLUO_LIGHT/PROCESSED/NC/ct157-F118-20_all_prof_PROCESSED.nc,ct157-F118-20,325,2020-06-29 18:40:00,-62.2642,71.9063,False,False
/Volumes/Data/Work/SEALTAGS/Prydz/FLUO_LIGHT/PROCESSED/NC/ct157-F118-20_all_prof_PROCESSED.nc,ct157-F118-20,326,2020-06-30 02:20:00,-62.049,71.853,False,False
/Volumes/Data/Work/SEALTAGS/Prydz/FLUO_LIGHT/PROCESSED/NC/ct157-F118-20_all_prof_PROCESSED.nc,ct157-F118-20,327,2020-06-30 23:40:00,-61.5309,72.0931,False,False
/Volumes/Data/Work/SEALTAGS/Prydz/FLUO_LIGHT/PROCESSED/NC/ct157-F118-20_all_prof_PROCESSED.nc,ct157-F118-20,328,2020-07-01 11:50:00,-61.0781,72.3627,False,False
/Volumes/Data/Work/SEALTAGS/Prydz/FLUO_LIGHT/PROCESSED/NC/ct157-F118-20_all_prof_PROCESSED.nc,ct157-F118-20,329,2020-07-01 22:20:00,-61.0282,71.8282,False,False
/Volumes/Data/Work/SEALTAGS/Prydz/FLUO_LIGHT/PROCESSED/NC/ct157-F118-20_all_prof_PROCESSED.nc,ct157-F118-20,330,2020-07-02 06:50:00,-60.6731,71.967,True,False
/Volumes/Data/Work/SEALTAGS/Prydz/FLUO_LIGHT/PROCESSED/NC/ct157-F118-20_all_prof_PROCESSED.nc,ct157-F118-20,331,2020-07-02 20:10:00,-60.0762,72.1747,False,False
/Volumes/Data/Work/SEALTAGS/Prydz/FLUO_LIGHT/PROCESSED/NC/ct157-F118-20_all_prof_PROCESSED.nc,ct157-F118-20,332,2020-07-03 08:00:00,-59.9516,71.5748,True,False
/Volumes/Data/Work/SEALTAGS/Prydz/FLUO_LIGHT/PROCESSED/NC/ct157-F118-20_all_prof_PROCESSED.nc,ct157-F118-20,333,2020-07-03 13:00:00,-59.5979,71.6849,False,False
/Volumes/Data/Work/SEALTAGS/Prydz/FLUO_LIGHT/PROCESSED/NC/ct157-F118-20_all_prof_PROCESSED.nc,ct157-F118-20,334,2020-07-04 00:20:00,-59.2517,71.4174,False,False
/Volumes/Data/Work/SEALTAGS/Prydz/FLUO_LIGHT/PROCESSED/NC/ct157-F118-20_all_prof_PROCESSED.nc,ct157-F118-20,335,2020-07-04 21:00:00,-58.4242,71.2905,False,False
/Volumes/Data/Work/SEALTAGS/Prydz/FLUO_LIGHT/PROCESSED/NC/ct157-F118-20_all_prof_PROCESSED.nc,ct157-F118-20,336,2020-07-05 08:10:00,-58.0512,71.0686,True,False
/Volumes/Data/Work/SEALTAGS/Prydz/FLUO_LIGHT/PROCESSED/NC/ct157-F118-20_all_prof_PROCESSED.nc,ct157-F118-20,337,2020-07-05 23:40:00,-57.5287,71.533,False,False
/Volumes/Data/Work/SEALTAGS/Prydz/FLUO_LIGHT/PROCESSED/NC/ct157-F118-20_all_prof_PROCESSED.nc,ct157-F118-20,338,2020-07-06 10:30:00,-57.3521,71.8192,True,False
/Volumes/Data/Work/SEALTAGS/Prydz/FLUO_LIGHT/PROCESSED/NC/ct157-F118-20_all_prof_PROCESSED.nc,ct157-F118-20,339,2020-07-06 20:10:00,-56.7946,72.2553,False,False
/Volumes/Data/Work/SEALTAGS/Prydz/FLUO_LIGHT/PROCESSED/NC/ct157-F118-20_all_prof_PROCESSED.nc,ct157-F118-20,340,2020-07-07 06:50:00,-56.5103,72.6649,True,False
/Volumes/Data/Work/SEALTAGS/Prydz/FLUO_LIGHT/PROCESSED/NC/ct157-F118-20_all_prof_PROCESSED.nc,ct157-F118-20,341,2020-07-07 23:30:00,-55.7352,72.0462,False,False
/Volumes/Data/Work/SEALTAGS/Prydz/FLUO_LIGHT/PROCESSED/NC/ct157-F118-20_all_prof_PROCESSED.nc,ct157-F118-20,342,2020-07-08 07:30:00,-55.3765,72.0574,True,False
/Volumes/Data/Work/SEALTAGS/Prydz/FLUO_LIGHT/PROCESSED/NC/ct157-F118-20_all_prof_PROCESSED.nc,ct157-F118-20,343,2020-07-08 18:40:00,-54.8825,71.9473,False,False
/Volumes/Data/Work/SEALTAGS/Prydz/FLUO_LIGHT/PROCESSED/NC/ct157-F118-20_all_prof_PROCESSED.nc,ct157-F118-20,344,2020-07-09 04:10:00,-54.5284,71.7696,True,False
/Volumes/Data/Work/SEALTAGS/Prydz/FLUO_LIGHT/PROCESSED/NC/ct157-F118-20_all_prof_PROCESSED.nc,ct157-F118-20,345,2020-07-09 13:40:00,-54.0583,71.7062,False,False
/Volumes/Data/Work/SEALTAGS/Prydz/FLUO_LIGHT/PROCESSED/NC/ct157-F118-20_all_prof_PROCESSED.nc,ct157-F118-20,346,2020-07-10 02:20:00,-53.5995,71.8088,False,False
/Volumes/Data/Work/SEALTAGS/Prydz/FLUO_LIGHT/PROCESSED/NC/ct157-F118-20_all_prof_PROCESSED.nc,ct157-F118-20,347,2020-07-10 21:50:00,-52.8759,71.8532,False,False
/Volumes/Data/Work/SEALTAGS/Prydz/FLUO_LIGHT/PROCESSED/NC/ct157-F118-20_all_prof_PROCESSED.nc,ct157-F118-20,348,2020-07-11 00:20:00,-52.882,71.9877,False,False
/Volumes/Data/Work/SEALTAGS/Prydz/FLUO_LIGHT/PROCESSED/NC/ct157-F118-20_all_prof_PROCESSED.nc,ct157-F118-20,349,2020-07-12 00:00:00,-52.4487,71.6926,False,False
/Volumes/Data/Work/SEALTAGS/Prydz/FLUO_LIGHT/PROCESSED/NC/ct157-F118-20_all_prof_PROCESSED.nc,ct157-F118-20,350,2020-07-13 05:30:00,-51.872,71.2137,True,False
/Volumes/Data/Work/SEALTAGS/Prydz/FLUO_LIGHT/PROCESSED/NC/ct157-F118-20_all_prof_PROCESSED.nc,ct157-F118-20,351,2020-07-13 17:50:00,-51.9569,71.5581,False,False
/Volumes/Data/Work/SEALTAGS/Prydz/FLUO_LIGHT/PROCESSED/NC/ct157-F118-20_all_prof_PROCESSED.nc,ct157-F118-20,352,2020-07-14 09:30:00,-52.0622,71.4914,True,False
/Volumes/Data/Work/SEALTAGS/Prydz/FLUO_LIGHT/PROCESSED/NC/ct157-F118-20_all_prof_PROCESSED.nc,ct157-F118-20,353,2020-07-14 20:20:00,-52.025,71.5345,False,False
/Volumes/Data/Work/SEALTAGS/Prydz/FLUO_LIGHT/PROCESSED/NC/ct157-F118-20_all_prof_PROCESSED.nc,ct157-F118-20,354,2020-07-15 22:40:00,-51.8661,71.3824,False,False
/Volumes/Data/Work/SEALTAGS/Prydz/FLUO_LIGHT/PROCESSED/NC/ct157-F118-20_all_prof_PROCESSED.nc,ct157-F118-20,355,2020-07-16 01:20:00,-51.8715,71.4114,False,False
/Volumes/Data/Work/SEALTAGS/Prydz/FLUO_LIGHT/PROCESSED/NC/ct157-F118-20_all_prof_PROCESSED.nc,ct157-F118-20,356,2020-07-16 13:40:00,-52.1552,71.693,False,False
/Volumes/Data/Work/SEALTAGS/Prydz/FLUO_LIGHT/PROCESSED/NC/ct157-F118-20_all_prof_PROCESSED.nc,ct157-F118-20,357,2020-07-17 03:00:00,-52.0135,72.3588,False,False
/Volumes/Data/Work/SEALTAGS/Prydz/FLUO_LIGHT/PROCESSED/NC/ct157-F118-20_all_prof_PROCESSED.nc,ct157-F118-20,358,2020-07-17 16:20:00,-51.5324,72.9663,False,False
/Volumes/Data/Work/SEALTAGS/Prydz/FLUO_LIGHT/PROCESSED/NC/ct157-F118-20_all_prof_PROCESSED.nc,ct157-F118-20,359,2020-07-18 03:40:00,-51.3751,72.8369,True,False
/Volumes/Data/Work/SEALTAGS/Prydz/FLUO_LIGHT/PROCESSED/NC/ct157-F118-20_all_prof_PROCESSED.nc,ct157-F118-20,360,2020-07-19 00:00:00,-51.1313,72.3732,False,False
/Volumes/Data/Work/SEALTAGS/Prydz/FLUO_LIGHT/PROCESSED/NC/ct157-F118-20_all_prof_PROCESSED.nc,ct157-F118-20,361,2020-07-19 02:30:00,-51.1513,72.3378,False,False
/Volumes/Data/Work/SEALTAGS/Prydz/FLUO_LIGHT/PROCESSED/NC/ct157-F118-20_all_prof_PROCESSED.nc,ct157-F118-20,362,2020-07-19 15:00:00,-51.2782,72.8813,False,False
/Volumes/Data/Work/SEALTAGS/Prydz/FLUO_LIGHT/PROCESSED/NC/ct157-F118-20_all_prof_PROCESSED.nc,ct157-F118-20,363,2020-07-20 03:20:00,-51.2623,72.9466,True,False
/Volumes/Data/Work/SEALTAGS/Prydz/FLUO_LIGHT/PROCESSED/NC/ct157-F118-20_all_prof_PROCESSED.nc,ct157-F118-20,364,2020-07-21 09:30:00,-51.4023,72.5676,True,False
/Volumes/Data/Work/SEALTAGS/Prydz/FLUO_LIGHT/PROCESSED/NC/ct157-F118-20_all_prof_PROCESSED.nc,ct157-F118-20,365,2020-07-21 15:40:00,-51.4086,72.7363,False,False
/Volumes/Data/Work/SEALTAGS/Prydz/FLUO_LIGHT/PROCESSED/NC/ct157-F118-20_all_prof_PROCESSED.nc,ct157-F118-20,366,2020-07-22 03:40:00,-51.2584,72.5916,True,False
/Volumes/Data/Work/SEALTAGS/Prydz/FLUO_LIGHT/PROCESSED/NC/ct157-F118-20_all_prof_PROCESSED.nc,ct157-F118-20,367,2020-07-22 23:40:00,-51.0441,72.3113,False,False
/Volumes/Data/Work/SEALTAGS/Prydz/FLUO_LIGHT/PROCESSED/NC/ct157-F118-20_all_prof_PROCESSED.nc,ct157-F118-20,368,2020-07-23 03:20:00,-51.0868,72.4227,True,False
/Volumes/Data/Work/SEALTAGS/Prydz/FLUO_LIGHT/PROCESSED/NC/ct157-F118-20_all_prof_PROCESSED.nc,ct157-F118-20,369,2020-07-23 15:40:00,-51.2405,72.7553,False,False
/Volumes/Data/Work/SEALTAGS/Prydz/FLUO_LIGHT/PROCESSED/NC/ct157-F118-20_all_prof_PROCESSED.nc,ct157-F118-20,370,2020-07-24 07:00:00,-51.2253,72.3957,True,False
/Volumes/Data/Work/SEALTAGS/Prydz/FLUO_LIGHT/PROCESSED/NC/ct157-F118-20_all_prof_PROCESSED.nc,ct157-F118-20,371,2020-07-25 03:40:00,-51.3422,71.6524,True,False
/Volumes/Data/Work/SEALTAGS/Prydz/FLUO_LIGHT/PROCESSED/NC/ct157-F118-20_all_prof_PROCESSED.nc,ct157-F118-20,372,2020-07-25 19:10:00,-51.0433,71.6433,False,False
/Volumes/Data/Work/SEALTAGS/Prydz/FLUO_LIGHT/PROCESSED/NC/ct157-F118-20_all_prof_PROCESSED.nc,ct157-F118-20,373,2020-07-26 02:50:00,-50.8839,71.632,False,False
/Volumes/Data/Work/SEALTAGS/Prydz/FLUO_LIGHT/PROCESSED/NC/ct157-F118-20_all_prof_PROCESSED.nc,ct157-F118-20,374,2020-07-26 14:20:00,-50.3994,71.5136,False,False
/Volumes/Data/Work/SEALTAGS/Prydz/FLUO_LIGHT/PROCESSED/NC/ct157-F118-20_all_prof_PROCESSED.nc,ct157-F118-20,375,2020-07-27 02:40:00,-50.0301,71.0531,False,False
/Volumes/Data/Work/SEALTAGS/Prydz/FLUO_LIGHT/PROCESSED/NC/ct157-F118-20_all_prof_PROCESSED.nc,ct157-F118-20,376,2020-07-27 14:30:00,-49.8253,71.01,False,False
/Volumes/Data/Work/SEALTAGS/Prydz/FLUO_LIGHT/PROCESSED/NC/ct157-F118-20_all_prof_PROCESSED.nc,ct157-F118-20,377,2020-08-11 23:50:00,-49.5819,70.7656,False,False
/Volumes/Data/Work/SEALTAGS/Prydz/FLUO_LIGHT/PROCESSED/NC/ct157-F118-20_all_prof_PROCESSED.nc,ct157-F118-20,378,2020-08-12 08:50:00,-49.8675,70.9345,True,False
/Volumes/Data/Work/SEALTAGS/Prydz/FLUO_LIGHT/PROCESSED/NC/ct157-F118-20_all_prof_PROCESSED.nc,ct157-F118-20,379,2020-08-12 14:10:00,-49.9392,71.1056,False,False
/Volumes/Data/Work/SEALTAGS/Prydz/FLUO_LIGHT/PROCESSED/NC/ct157-F118-20_all_prof_PROCESSED.nc,ct157-F118-20,380,2020-08-13 02:20:00,-50.4804,71.0945,False,False
/Volumes/Data/Work/SEALTAGS/Prydz/FLUO_LIGHT/PROCESSED/NC/ct157-F118-20_all_prof_PROCESSED.nc,ct157-F118-20,381,2020-08-13 22:40:00,-51.0139,71.4268,False,False
/Volumes/Data/Work/SEALTAGS/Prydz/FLUO_LIGHT/PROCESSED/NC/ct157-F120-20_all_prof_PROCESSED.nc,ct157-F120-20,1,2020-01-18 11:10:00,-49.0852,71.003,True,False
/Volumes/Data/Work/SEALTAGS/Prydz/FLUO_LIGHT/PROCESSED/NC/ct157-F120-20_all_prof_PROCESSED.nc,ct157-F120-20,2,2020-01-18 18:30:00,-49.2745,71.2495,False,False
/Volumes/Data/Work/SEALTAGS/Prydz/FLUO_LIGHT/PROCESSED/NC/ct157-F120-20_all_prof_PROCESSED.nc,ct157-F120-20,3,2020-01-19 10:20:00,-49.1955,71.0329,True,False
/Volumes/Data/Work/SEALTAGS/Prydz/FLUO_LIGHT/PROCESSED/NC/ct157-F120-20_all_prof_PROCESSED.nc,ct157-F120-20,4,2020-01-19 18:10:00,-49.3241,71.3855,False,False
/Volumes/Data/Work/SEALTAGS/Prydz/FLUO_LIGHT/PROCESSED/NC/ct157-F120-20_all_prof_PROCESSED.nc,ct157-F120-20,5,2020-01-20 03:30:00,-49.5052,71.1842,True,False
/Volumes/Data/Work/SEALTAGS/Prydz/FLUO_LIGHT/PROCESSED/NC/ct157-F120-20_all_prof_PROCESSED.nc,ct157-F120-20,6,2020-01-20 22:50:00,-49.8728,71.7373,False,False
/Volumes/Data/Work/SEALTAGS/Prydz/FLUO_LIGHT/PROCESSED/NC/ct157-F120-20_all_prof_PROCESSED.nc,ct157-F120-20,7,2020-01-21 07:40:00,-50.1241,71.855,True,False
/Volumes/Data/Work/SEALTAGS/Prydz/FLUO_LIGHT/PROCESSED/NC/ct157-F120-20_all_prof_PROCESSED.nc,ct157-F120-20,8,2020-01-21 17:40:00,-50.3396,72.2361,False,False
/Volumes/Data/Work/SEALTAGS/Prydz/FLUO_LIGHT/PROCESSED/NC/ct157-F120-20_all_prof_PROCESSED.nc,ct157-F120-20,9,2020-01-22 03:20:00,-50.5178,72.1185,True,False
/Volumes/Data/Work/SEALTAGS/Prydz/FLUO_LIGHT/PROCESSED/NC/ct157-F120-20_all_prof_PROCESSED.nc,ct157-F120-20,10,2020-01-22 14:10:00,-50.7977,72.0857,True,False
/Volumes/Data/Work/SEALTAGS/Prydz/FLUO_LIGHT/PROCESSED/NC/ct157-F120-20_all_prof_PROCESSED.nc,ct157-F120-20,11,2020-01-23 03:50:00,-50.8313,71.66,True,False
/Volumes/Data/Work/SEALTAGS/Prydz/FLUO_LIGHT/PROCESSED/NC/ct157-F120-20_all_prof_PROCESSED.nc,ct157-F120-20,12,2020-01-23 17:30:00,-51.3049,71.3641,False,False
/Volumes/Data/Work/SEALTAGS/Prydz/FLUO_LIGHT/PROCESSED/NC/ct157-F120-20_all_prof_PROCESSED.nc,ct157-F120-20,13,2020-01-24 07:30:00,-51.559,70.7816,True,False
/Volumes/Data/Work/SEALTAGS/Prydz/FLUO_LIGHT/PROCESSED/NC/ct157-F120-20_all_prof_PROCESSED.nc,ct157-F120-20,14,2020-01-24 18:20:00,-51.8601,70.4565,False,False
/Volumes/Data/Work/SEALTAGS/Prydz/FLUO_LIGHT/PROCESSED/NC/ct157-F120-20_all_prof_PROCESSED.nc,ct157-F120-20,15,2020-01-25 11:50:00,-52.4671,70.1851,True,False
/Volumes/Data/Work/SEALTAGS/Prydz/FLUO_LIGHT/PROCESSED/NC/ct157-F120-20_all_prof_PROCESSED.nc,ct157-F120-20,16,2020-01-25 15:50:00,-52.4389,69.886,False,False
/Volumes/Data/Work/SEALTAGS/Prydz/FLUO_LIGHT/PROCESSED/NC/ct157-F120-20_all_prof_PROCESSED.nc,ct157-F120-20,17,2020-01-26 07:00:00,-52.6829,69.4176,True,False
/Volumes/Data/Work/SEALTAGS/Prydz/FLUO_LIGHT/PROCESSED/NC/ct157-F120-20_all_prof_PROCESSED.nc,ct157-F120-20,18,2020-01-26 15:10:00,-52.8869,69.1628,True,False
/Volumes/Data/Work/SEALTAGS/Prydz/FLUO_LIGHT/PROCESSED/NC/ct157-F120-20_all_prof_PROCESSED.nc,ct157-F120-20,19,2020-01-27 08:00:00,-53.4945,68.4422,True,False
/Volumes/Data/Work/SEALTAGS/Prydz/FLUO_LIGHT/PROCESSED/NC/ct157-F120-20_all_prof_PROCESSED.nc,ct157-F120-20,20,2020-01-27 15:10:00,-53.5572,68.2005,True,False
/Volumes/Data/Work/SEALTAGS/Prydz/FLUO_LIGHT/PROCESSED/NC/ct157-F120-20_all_prof_PROCESSED.nc,ct157-F120-20,21,2020-01-28 08:40:00,-53.921,67.5299,True,False
/Volumes/Data/Work/SEALTAGS/Prydz/FLUO_LIGHT/PROCESSED/NC/ct157-F120-20_all_prof_PROCESSED.nc,ct157-F120-20,22,2020-01-28 14:30:00,-54.0794,67.4254,True,False
/Volumes/Data/Work/SEALTAGS/Prydz/FLUO_LIGHT/PROCESSED/NC/ct157-F120-20_all_prof_PROCESSED.nc,ct157-F120-20,23,2020-01-29 11:00:00,-54.5722,66.8424,True,False
/Volumes/Data/Work/SEALTAGS/Prydz/FLUO_LIGHT/PROCESSED/NC/ct157-F120-20_all_prof_PROCESSED.nc,ct157-F120-20,24,2020-01-29 15:20:00,-54.645,66.7307,True,False
/Volumes/Data/Work/SEALTAGS/Prydz/FLUO_LIGHT/PROCESSED/NC/ct157-F120-20_all_prof_PROCESSED.nc,ct157-F120-20,25,2020-01-30 03:20:00,-55.0567,65.6172,True,False
/Volumes/Data/Work/SEALTAGS/Prydz/FLUO_LIGHT/PROCESSED/NC/ct157-F120-20_all_prof_PROCESSED.nc,ct157-F120-20,26,2020-01-30 15:10:00,-55.3142,65.4342,True,False
/Volumes/Data/Work/SEALTAGS/Prydz/FLUO_LIGHT/PROCESSED/NC/ct157-F120-20_all_prof_PROCESSED.nc,ct157-F120-20,27,2020-01-31 03:50:00,-55.5551,64.7575,True,False
/Volumes/Data/Work/SEALTAGS/Prydz/FLUO_LIGHT/PROCESSED/NC/ct157-F120-20_all_prof_PROCESSED.nc,ct157-F120-20,28,2020-01-31 13:20:00,-55.9094,64.3241,True,False
/Volumes/Data/Work/SEALTAGS/Prydz/FLUO_LIGHT/PROCESSED/NC/ct157-F120-20_all_prof_PROCESSED.nc,ct157-F120-20,29,2020-02-01 07:10:00,-56.524,63.6717,True,False
/Volumes/Data/Work/SEALTAGS/Prydz/FLUO_LIGHT/PROCESSED/NC/ct157-F120-20_all_prof_PROCESSED.nc,ct157-F120-20,30,2020-02-01 21:10:00,-56.8411,63.1055,False,False
/Volumes/Data/Work/SEALTAGS/Prydz/FLUO_LIGHT/PROCESSED/NC/ct157-F120-20_all_prof_PROCESSED.nc,ct157-F120-20,31,2020-02-02 03:10:00,-57.101,62.7168,True,False
/Volumes/Data/Work/SEALTAGS/Prydz/FLUO_LIGHT/PROCESSED/NC/ct157-F120-20_all_prof_PROCESSED.nc,ct157-F120-20,32,2020-02-02 15:10:00,-57.442,62.1509,True,False
/Volumes/Data/Work/SEALTAGS/Prydz/FLUO_LIGHT/PROCESSED/NC/ct157-F120-20_all_prof_PROCESSED.nc,ct157-F120-20,33,2020-02-03 03:20:00,-57.8417,61.6574,True,False
/Volumes/Data/Work/SEALTAGS/Prydz/FLUO_LIGHT/PROCESSED/NC/ct157-F120-20_all_prof_PROCESSED.nc,ct157-F120-20,34,2020-02-03 15:00:00,-58.2904,61.1824,True,False
/Volumes/Data/Work/SEALTAGS/Prydz/FLUO_LIGHT/PROCESSED/NC/ct157-F120-20_all_prof_PROCESSED.nc,ct157-F120-20,35,2020-02-04 03:40:00,-58.6399,60.717,True,False
/Volumes/Data/Work/SEALTAGS/Prydz/FLUO_LIGHT/PROCESSED/NC/ct157-F120-20_all_prof_PROCESSED.nc,ct157-F120-20,36,2020-02-04 15:10:00,-59.144,59.9539,True,False
/Volumes/Data/Work/SEALTAGS/Prydz/FLUO_LIGHT/PROCESSED/NC/ct157-F120-20_all_prof_PROCESSED.nc,ct157-F120-20,37,2020-02-05 02:40:00,-59.4248,59.7176,True,False
/Volumes/Data/Work/SEALTAGS/Prydz/FLUO_LIGHT/PROCESSED/NC/ct157-F120-20_all_prof_PROCESSED.nc,ct157-F120-20,38,2020-02-05 14:20:00,-60.0012,58.9881,True,False
/Volumes/Data/Work/SEALTAGS/Prydz/FLUO_LIGHT/PROCESSED/NC/ct157-F120-20_all_prof_PROCESSED.nc,ct157-F120-20,39,2020-02-06 06:10:00,-60.5263,58.4167,True,False
/Volumes/Data/Work/SEALTAGS/Prydz/FLUO_LIGHT/PROCESSED/NC/ct157-F120-20_all_prof_PROCESSED.nc,ct157-F120-20,40,2020-02-06 23:50:00,-61.08,57.8397,False,False
/Volumes/Data/Work/SEALTAGS/Prydz/FLUO_LIGHT/PROCESSED/NC/ct157-F120-20_all_prof_PROCESSED.nc,ct157-F120-20,41,2020-02-07 09:10:00,-61.3686,57.293,True,False
/Volumes/Data/Work/SEALTAGS/Prydz/FLUO_LIGHT/PROCESSED/NC/ct157-F120-20_all_prof_PROCESSED.nc,ct157-F120-20,42,2020-02-07 15:10:00,-61.5529,57.0823,True,False
/Volumes/Data/Work/SEALTAGS/Prydz/FLUO_LIGHT/PROCESSED/NC/ct157-F120-20_all_prof_PROCESSED.nc,ct157-F120-20,43,2020-02-08 05:20:00,-61.9498,56.6307,True,False
/Volumes/Data/Work/SEALTAGS/Prydz/FLUO_LIGHT/PROCESSED/NC/ct157-F120-20_all_prof_PROCESSED.nc,ct157-F120-20,44,2020-02-08 13:40:00,-62.3057,56.2434,True,False
/Volumes/Data/Work/SEALTAGS/Prydz/FLUO_LIGHT/PROCESSED/NC/ct157-F120-20_all_prof_PROCESSED.nc,ct157-F120-20,45,2020-02-09 03:00:00,-62.7864,55.7172,True,False
/Volumes/Data/Work/SEALTAGS/Prydz/FLUO_LIGHT/PROCESSED/NC/ct157-F120-20_all_prof_PROCESSED.nc,ct157-F120-20,46,2020-02-09 14:10:00,-62.8135,55.4202,True,False
/Volumes/Data/Work/SEALTAGS/Prydz/FLUO_LIGHT/PROCESSED/NC/ct157-F120-20_all_prof_PROCESSED.nc,ct157-F120-20,47,2020-02-10 07:40:00,-63.162,54.324,True,False
/Volumes/Data/Work/SEALTAGS/Prydz/FLUO_LIGHT/PROCESSED/NC/ct157-F120-20_all_prof_PROCESSED.nc,ct157-F120-20,48,2020-02-10 14:10:00,-63.3139,54.1047,True,False
/Volumes/Data/Work/SEALTAGS/Prydz/FLUO_LIGHT/PROCESSED/NC/ct157-F120-20_all_prof_PROCESSED.nc,ct157-F120-20,49,2020-02-11 07:20:00,-63.7492,54.0826,True,False
/Volumes/Data/Work/SEALTAGS/Prydz/FLUO_LIGHT/PROCESSED/NC/ct157-F120-20_all_prof_PROCESSED.nc,ct157-F120-20,50,2020-02-11 14:10:00,-63.9118,53.5474,True,False
/Volumes/Data/Work/SEALTAGS/Prydz/FLUO_LIGHT/PROCESSED/NC/ct157-F120-20_all_prof_PROCESSED.nc,ct157-F120-20,51,2020-02-12 06:20:00,-64.0788,53.1487,True,False
/Volumes/Data/Work/SEALTAGS/Prydz/FLUO_LIGHT/PROCESSED/NC/ct157-F120-20_all_prof_PROCESSED.nc,ct157-F120-20,52,2020-02-12 14:00:00,-64.2129,52.785,True,False
/Volumes/Data/Work/SEALTAGS/Prydz/FLUO_LIGHT/PROCESSED/NC/ct157-F120-20_all_prof_PROCESSED.nc,ct157-F120-20,53,2020-02-13 07:30:00,-64.5498,52.1354,True,False
/Volumes/Data/Work/SEALTAGS/Prydz/FLUO_LIGHT/PROCESSED/NC/ct157-F120-20_all_prof_PROCESSED.nc,ct157-F120-20,54,2020-02-13 14:10:00,-64.7528,51.7963,True,False
/Volumes/Data/Work/SEALTAGS/Prydz/FLUO_LIGHT/PROCESSED/NC/ct157-F120-20_all_prof_PROCESSED.nc,ct157-F120-20,55,2020-02-14 09:50:00,-65.095,50.6846,True,False
/Volumes/Data/Work/SEALTAGS/Prydz/FLUO_LIGHT/PROCESSED/NC/ct157-F120-20_all_prof_PROCESSED.nc,ct157-F120-20,56,2020-02-14 14:10:00,-65.1745,50.8421,True,False
/Volumes/Data/Work/SEALTAGS/Prydz/FLUO_LIGHT/PROCESSED/NC/ct157-F120-20_all_prof_PROCESSED.nc,ct157-F120-20,57,2020-02-15 06:20:00,-65.4639,49.9982,True,False
/Volumes/Data/Work/SEALTAGS/Prydz/FLUO_LIGHT/PROCESSED/NC/ct157-F120-20_all_prof_PROCESSED.nc,ct157-F120-20,58,2020-02-15 15:50:00,-65.7372,49.399,True,False
/Volumes/Data/Work/SEALTAGS/Prydz/FLUO_LIGHT/PROCESSED/NC/ct157-F120-20_all_prof_PROCESSED.nc,ct157-F120-20,59,2020-02-16 04:40:00,-65.9544,47.8275,True,False
/Volumes/Data/Work/SEALTAGS/Prydz/FLUO_LIGHT/PROCESSED/NC/ct157-F120-20_all_prof_PROCESSED.nc,ct157-F120-20,60,2020-02-16 14:10:00,-65.9271,47.1874,True,False
/Volumes/Data/Work/SEALTAGS/Prydz/FLUO_LIGHT/PROCESSED/NC/ct157-F120-20_all_prof_PROCESSED.nc,ct157-F120-20,61,2020-02-17 08:10:00,-65.6403,45.4583,True,False
/Volumes/Data/Work/SEALTAGS/Prydz/FLUO_LIGHT/PROCESSED/NC/ct157-F120-20_all_prof_PROCESSED.nc,ct157-F120-20,62,2020-02-17 14:10:00,-65.5906,45.3532,True,False
/Volumes/Data/Work/SEALTAGS/Prydz/FLUO_LIGHT/PROCESSED/NC/ct157-F120-20_all_prof_PROCESSED.nc,ct157-F120-20,63,2020-02-18 03:50:00,-65.5852,45.3708,True,False
/Volumes/Data/Work/SEALTAGS/Prydz/FLUO_LIGHT/PROCESSED/NC/ct157-F120-20_all_prof_PROCESSED.nc,ct157-F120-20,64,2020-02-18 14:10:00,-65.6681,44.7118,True,False
/Volumes/Data/Work/SEALTAGS/Prydz/FLUO_LIGHT/PROCESSED/NC/ct157-F120-20_all_prof_PROCESSED.nc,ct157-F120-20,65,2020-02-19 02:50:00,-65.4406,44.3704,True,False
/Volumes/Data/Work/SEALTAGS/Prydz/FLUO_LIGHT/PROCESSED/NC/ct157-F120-20_all_prof_PROCESSED.nc,ct157-F120-20,66,2020-02-19 14:10:00,-65.4006,43.886,True,False
/Volumes/Data/Work/SEALTAGS/Prydz/FLUO_LIGHT/PROCESSED/NC/ct157-F120-20_all_prof_PROCESSED.nc,ct157-F120-20,67,2020-02-20 04:50:00,-65.3822,43.0406,True,False
/Volumes/Data/Work/SEALTAGS/Prydz/FLUO_LIGHT/PROCESSED/NC/ct157-F120-20_all_prof_PROCESSED.nc,ct157-F120-20,68,2020-02-20 15:00:00,-65.3564,43.0878,True,False
/Volumes/Data/Work/SEALTAGS/Prydz/FLUO_LIGHT/PROCESSED/NC/ct157-F120-20_all_prof_PROCESSED.nc,ct157-F120-20,69,2020-02-21 06:40:00,-65.2496,41.9563,True,False
/Volumes/Data/Work/SEALTAGS/Prydz/FLUO_LIGHT/PROCESSED/NC/ct157-F120-20_all_prof_PROCESSED.nc,ct157-F120-20,70,2020-02-21 14:20:00,-65.3751,41.0334,True,False
/Volumes/Data/Work/SEALTAGS/Prydz/FLUO_LIGHT/PROCESSED/NC/ct157-F120-20_all_prof_PROCESSED.nc,ct157-F120-20,71,2020-02-22 04:40:00,-65.192,40.8228,True,False
/Volumes/Data/Work/SEALTAGS/Prydz/FLUO_LIGHT/PROCESSED/NC/ct157-F120-20_all_prof_PROCESSED.nc,ct157-F120-20,72,2020-02-22 14:10:00,-65.2861,40.1104,True,False
/Volumes/Data/Work/SEALTAGS/Prydz/FLUO_LIGHT/PROCESSED/NC/ct157-F120-20_all_prof_PROCESSED.nc,ct157-F120-20,73,2020-02-23 09:30:00,-65.3039,39.5696,True,False
/Volumes/Data/Work/SEALTAGS/Prydz/FLUO_LIGHT/PROCESSED/NC/ct157-F120-20_all_prof_PROCESSED.nc,ct157-F120-20,74,2020-02-23 15:00:00,-65.319,39.7603,True,False
/Volumes/Data/Work/SEALTAGS/Prydz/FLUO_LIGHT/PROCESSED/NC/ct157-F120-20_all_prof_PROCESSED.nc,ct157-F120-20,75,2020-02-24 09:20:00,-65.523,39.7207,True,False
/Volumes/Data/Work/SEALTAGS/Prydz/FLUO_LIGHT/PROCESSED/NC/ct157-F120-20_all_prof_PROCESSED.nc,ct157-F120-20,76,2020-02-24 14:10:00,-65.4482,39.5208,True,False
/Volumes/Data/Work/SEALTAGS/Prydz/FLUO_LIGHT/PROCESSED/NC/ct157-F120-20_all_prof_PROCESSED.nc,ct157-F120-20,77,2020-02-25 06:30:00,-65.4057,39.3371,True,False
/Volumes/Data/Work/SEALTAGS/Prydz/FLUO_LIGHT/PROCESSED/NC/ct157-F120-20_all_prof_PROCESSED.nc,ct157-F120-20,78,2020-02-25 13:10:00,-65.4362,39.481,True,False
/Volumes/Data/Work/SEALTAGS/Prydz/FLUO_LIGHT/PROCESSED/NC/ct157-F120-20_all_prof_PROCESSED.nc,ct157-F120-20,79,2020-02-26 08:10:00,-65.609,38.967,True,False
/Volumes/Data/Work/SEALTAGS/Prydz/FLUO_LIGHT/PROCESSED/NC/ct157-F120-20_all_prof_PROCESSED.nc,ct157-F120-20,80,2020-02-26 13:20:00,-65.6132,39.14,True,False
/Volumes/Data/Work/SEALTAGS/Prydz/FLUO_LIGHT/PROCESSED/NC/ct157-F120-20_all_prof_PROCESSED.nc,ct157-F120-20,81,2020-02-27 11:20:00,-65.5224,39.1091,True,False
/Volumes/Data/Work/SEALTAGS/Prydz/FLUO_LIGHT/PROCESSED/NC/ct157-F120-20_all_prof_PROCESSED.nc,ct157-F120-20,82,2020-02-27 13:20:00,-65.4781,39.0687,True,False
/Volumes/Data/Work/SEALTAGS/Prydz/FLUO_LIGHT/PROCESSED/NC/ct157-F120-20_all_prof_PROCESSED.nc,ct157-F120-20,83,2020-02-28 09:10:00,-65.7039,38.5031,True,False
/Volumes/Data/Work/SEALTAGS/Prydz/FLUO_LIGHT/PROCESSED/NC/ct157-F120-20_all_prof_PROCESSED.nc,ct157-F120-20,84,2020-02-28 14:10:00,-65.7802,38.3964,True,False
/Volumes/Data/Work/SEALTAGS/Prydz/FLUO_LIGHT/PROCESSED/NC/ct157-F120-20_all_prof_PROCESSED.nc,ct157-F120-20,85,2020-02-29 11:00:00,-65.9412,38.8159,True,False
/Volumes/Data/Work/SEALTAGS/Prydz/FLUO_LIGHT/PROCESSED/NC/ct157-F120-20_all_prof_PROCESSED.nc,ct157-F120-20,86,2020-02-29 13:50:00,-65.9611,38.6509,True,False
/Volumes/Data/Work/SEALTAGS/Prydz/FLUO_LIGHT/PROCESSED/NC/ct157-F120-20_all_prof_PROCESSED.nc,ct157-F120-20,87,2020-03-01 03:50:00,-66.0208,38.8656,True,False
/Volumes/Data/Work/SEALTAGS/Prydz/FLUO_LIGHT/PROCESSED/NC/ct157-F120-20_all_prof_PROCESSED.nc,ct157-F120-20,88,2020-03-01 13:20:00,-66.1515,38.5974,True,False
/Volumes/Data/Work/SEALTAGS/Prydz/FLUO_LIGHT/PROCESSED/NC/ct157-F120-20_all_prof_PROCESSED.nc,ct157-F120-20,89,2020-03-02 08:40:00,-66.1542,37.9513,True,False
/Volumes/Data/Work/SEALTAGS/Prydz/FLUO_LIGHT/PROCESSED/NC/ct157-F120-20_all_prof_PROCESSED.nc,ct157-F120-20,90,2020-03-02 14:30:00,-66.2723,37.7559,True,False
/Volumes/Data/Work/SEALTAGS/Prydz/FLUO_LIGHT/PROCESSED/NC/ct157-F120-20_all_prof_PROCESSED.nc,ct157-F120-20,91,2020-03-03 10:20:00,-66.5134,37.3852,True,False
/Volumes/Data/Work/SEALTAGS/Prydz/FLUO_LIGHT/PROCESSED/NC/ct157-F120-20_all_prof_PROCESSED.nc,ct157-F120-20,92,2020-03-03 21:20:00,-66.4089,37.9468,False,False
/Volumes/Data/Work/SEALTAGS/Prydz/FLUO_LIGHT/PROCESSED/NC/ct157-F120-20_all_prof_PROCESSED.nc,ct157-F120-20,93,2020-03-04 05:30:00,-66.4331,37.2255,True,False
/Volumes/Data/Work/SEALTAGS/Prydz/FLUO_LIGHT/PROCESSED/NC/ct157-F120-20_all_prof_PROCESSED.nc,ct157-F120-20,94,2020-03-04 14:00:00,-66.5463,36.8237,True,False
/Volumes/Data/Work/SEALTAGS/Prydz/FLUO_LIGHT/PROCESSED/NC/ct157-F120-20_all_prof_PROCESSED.nc,ct157-F120-20,95,2020-03-05 05:00:00,-66.5386,36.1039,True,False
/Volumes/Data/Work/SEALTAGS/Prydz/FLUO_LIGHT/PROCESSED/NC/ct157-F120-20_all_prof_PROCESSED.nc,ct157-F120-20,96,2020-03-05 15:20:00,-66.4988,36.1046,True,False
/Volumes/Data/Work/SEALTAGS/Prydz/FLUO_LIGHT/PROCESSED/NC/ct157-F120-20_all_prof_PROCESSED.nc,ct157-F120-20,97,2020-03-06 10:00:00,-66.6241,34.4113,True,False
/Volumes/Data/Work/SEALTAGS/Prydz/FLUO_LIGHT/PROCESSED/NC/ct157-F120-20_all_prof_PROCESSED.nc,ct157-F120-20,98,2020-03-06 21:30:00,-66.8375,34.0856,False,False
/Volumes/Data/Work/SEALTAGS/Prydz/FLUO_LIGHT/PROCESSED/NC/ct157-F120-20_all_prof_PROCESSED.nc,ct157-F120-20,99,2020-03-07 00:30:00,-66.8896,33.7736,False,False
/Volumes/Data/Work/SEALTAGS/Prydz/FLUO_LIGHT/PROCESSED/NC/ct157-F120-20_all_prof_PROCESSED.nc,ct157-F120-20,100,2020-03-07 19:00:00,-66.9794,32.5512,False,False
/Volumes/Data/Work/SEALTAGS/Prydz/FLUO_LIGHT/PROCESSED/NC/ct157-F120-20_all_prof_PROCESSED.nc,ct157-F120-20,101,2020-03-08 05:50:00,-67.0841,31.9927,True,False
/Volumes/Data/Work/SEALTAGS/Prydz/FLUO_LIGHT/PROCESSED/NC/ct157-F120-20_all_prof_PROCESSED.nc,ct157-F120-20,102,2020-03-08 23:30:00,-67.6226,30.629,False,False
/Volumes/Data/Work/SEALTAGS/Prydz/FLUO_LIGHT/PROCESSED/NC/ct157-F120-20_all_prof_PROCESSED.nc,ct157-F120-20,103,2020-03-09 03:30:00,-67.6182,30.5123,True,False
/Volumes/Data/Work/SEALTAGS/Prydz/FLUO_LIGHT/PROCESSED/NC/ct157-F120-20_all_prof_PROCESSED.nc,ct157-F120-20,104,2020-03-09 19:50:00,-67.9046,29.4724,False,False
/Volumes/Data/Work/SEALTAGS/Prydz/FLUO_LIGHT/PROCESSED/NC/ct157-F120-20_all_prof_PROCESSED.nc,ct157-F120-20,105,2020-03-10 07:50:00,-68.1508,29.1168,True,False
/Volumes/Data/Work/SEALTAGS/Prydz/FLUO_LIGHT/PROCESSED/NC/ct157-F120-20_all_prof_PROCESSED.nc,ct157-F120-20,106,2020-03-10 14:10:00,-68.2637,28.808,True,False
/Volumes/Data/Work/SEALTAGS/Prydz/FLUO_LIGHT/PROCESSED/NC/ct157-F120-20_all_prof_PROCESSED.nc,ct157-F120-20,107,2020-03-11 12:00:00,-68.6333,28.4108,True,False
/Volumes/Data/Work/SEALTAGS/Prydz/FLUO_LIGHT/PROCESSED/NC/ct157-F120-20_all_prof_PROCESSED.nc,ct157-F120-20,108,2020-03-12 10:10:00,-69.1279,27.3853,True,False
/Volumes/Data/Work/SEALTAGS/Prydz/FLUO_LIGHT/PROCESSED/NC/ct157-F120-20_all_prof_PROCESSED.nc,ct157-F120-20,109,2020-03-12 14:20:00,-68.9491,27.6609,True,False
/Volumes/Data/Work/SEALTAGS/Prydz/FLUO_LIGHT/PROCESSED/NC/ct157-F120-20_all_prof_PROCESSED.nc,ct157-F120-20,110,2020-03-13 09:40:00,-68.7965,27.1329,True,False
/Volumes/Data/Work/SEALTAGS/Prydz/FLUO_LIGHT/PROCESSED/NC/ct157-F120-20_all_prof_PROCESSED.nc,ct157-F120-20,111,2020-03-13 14:20:00,-68.8917,27.4086,True,False
/Volumes/Data/Work/SEALTAGS/Prydz/FLUO_LIGHT/PROCESSED/NC/ct157-F120-20_all_prof_PROCESSED.nc,ct157-F120-20,112,2020-03-14 21:40:00,-68.9197,26.0629,False,False
/Volumes/Data/Work/SEALTAGS/Prydz/FLUO_LIGHT/PROCESSED/NC/ct157-F120-20_all_prof_PROCESSED.nc,ct157-F120-20,113,2020-03-15 01:10:00,-69.0476,25.817,False,False
/Volumes/Data/Work/SEALTAGS/Prydz/FLUO_LIGHT/PROCESSED/NC/ct157-F120-20_all_prof_PROCESSED.nc,ct157-F120-20,114,2020-03-15 14:30:00,-69.2751,25.5279,True,False
/Volumes/Data/Work/SEALTAGS/Prydz/FLUO_LIGHT/PROCESSED/NC/ct157-F120-20_all_prof_PROCESSED.nc,ct157-F120-20,115,2020-03-16 19:00:00,-69.1353,24.8501,False,False
/Volumes/Data/Work/SEALTAGS/Prydz/FLUO_LIGHT/PROCESSED/NC/ct157-F120-20_all_prof_PROCESSED.nc,ct157-F120-20,116,2020-03-17 04:10:00,-68.8112,24.422,False,False
/Volumes/Data/Work/SEALTAGS/Prydz/FLUO_LIGHT/PROCESSED/NC/ct157-F120-20_all_prof_PROCESSED.nc,ct157-F120-20,117,2020-03-17 16:00:00,-68.6977,24.0779,True,False
/Volumes/Data/Work/SEALTAGS/Prydz/FLUO_LIGHT/PROCESSED/NC/ct157-F120-20_all_prof_PROCESSED.nc,ct157-F120-20,118,2020-03-18 09:40:00,-68.4046,23.8124,True,False
/Volumes/Data/Work/SEALTAGS/Prydz/FLUO_LIGHT/PROCESSED/NC/ct157-F120-20_all_prof_PROCESSED.nc,ct157-F120-20,119,2020-03-18 13:30:00,-68.3066,23.6541,True,False
/Volumes/Data/Work/SEALTAGS/Prydz/FLUO_LIGHT/PROCESSED/NC/ct157-F120-20_all_prof_PROCESSED.nc,ct157-F120-20,120,2020-03-19 02:30:00,-67.7695,23.2168,False,False
/Volumes/Data/Work/SEALTAGS/Prydz/FLUO_LIGHT/PROCESSED/NC/ct157-F120-20_all_prof_PROCESSED.nc,ct157-F120-20,121,2020-03-19 14:10:00,-67.6163,23.2586,True,False
/Volumes/Data/Work/SEALTAGS/Prydz/FLUO_LIGHT/PROCESSED/NC/ct157-F120-20_all_prof_PROCESSED.nc,ct157-F120-20,122,2020-03-20 04:30:00,-67.4819,23.2993,True,False
/Volumes/Data/Work/SEALTAGS/Prydz/FLUO_LIGHT/PROCESSED/NC/ct157-F120-20_all_prof_PROCESSED.nc,ct157-F120-20,123,2020-03-20 14:20:00,-67.4952,23.502,True,False
/Volumes/Data/Work/SEALTAGS/Prydz/FLUO_LIGHT/PROCESSED/NC/ct157-F120-20_all_prof_PROCESSED.nc,ct157-F120-20,124,2020-03-21 05:40:00,-67.5427,23.1621,True,False
/Volumes/Data/Work/SEALTAGS/Prydz/FLUO_LIGHT/PROCESSED/NC/ct157-F120-20_all_prof_PROCESSED.nc,ct157-F120-20,125,2020-03-21 16:50:00,-67.5044,22.6136,False,False
/Volumes/Data/Work/SEALTAGS/Prydz/FLUO_LIGHT/PROCESSED/NC/ct157-F120-20_all_prof_PROCESSED.nc,ct157-F120-20,126,2020-03-22 05:30:00,-67.4927,22.9332,True,False
/Volumes/Data/Work/SEALTAGS/Prydz/FLUO_LIGHT/PROCESSED/NC/ct157-F120-20_all_prof_PROCESSED.nc,ct157-F120-20,127,2020-03-22 15:30:00,-67.4177,23.0954,True,False
/Volumes/Data/Work/SEALTAGS/Prydz/FLUO_LIGHT/PROCESSED/NC/ct157-F120-20_all_prof_PROCESSED.nc,ct157-F120-20,128,2020-03-23 04:10:00,-67.3974,23.4343,False,False
/Volumes/Data/Work/SEALTAGS/Prydz/FLUO_LIGHT/PROCESSED/NC/ct157-F120-20_all_prof_PROCESSED.nc,ct157-F120-20,129,2020-03-23 22:00:00,-67.2384,22.611,False,False
/Volumes/Data/Work/SEALTAGS/Prydz/FLUO_LIGHT/PROCESSED/NC/ct157-F120-20_all_prof_PROCESSED.nc,ct157-F120-20,130,2020-03-24 05:20:00,-66.931,22.6926,True,False
/Volumes/Data/Work/SEALTAGS/Prydz/FLUO_LIGHT/PROCESSED/NC/ct157-F120-20_all_prof_PROCESSED.nc,ct157-F120-20,131,2020-03-24 14:20:00,-66.8275,22.6727,True,False
/Volumes/Data/Work/SEALTAGS/Prydz/FLUO_LIGHT/PROCESSED/NC/ct157-F120-20_all_prof_PROCESSED.nc,ct157-F120-20,132,2020-03-25 06:20:00,-66.3726,22.4656,True,False
/Volumes/Data/Work/SEALTAGS/Prydz/FLUO_LIGHT/PROCESSED/NC/ct157-F120-20_all_prof_PROCESSED.nc,ct157-F120-20,133,2020-03-25 15:30:00,-66.1511,22.2984,True,False
/Volumes/Data/Work/SEALTAGS/Prydz/FLUO_LIGHT/PROCESSED/NC/ct157-F120-20_all_prof_PROCESSED.nc,ct157-F120-20,134,2020-03-26 05:30:00,-65.8974,22.8293,True,False
/Volumes/Data/Work/SEALTAGS/Prydz/FLUO_LIGHT/PROCESSED/NC/ct157-F120-20_all_prof_PROCESSED.nc,ct157-F120-20,135,2020-03-26 22:50:00,-65.3427,23.9597,False,False
/Volumes/Data/Work/SEALTAGS/Prydz/FLUO_LIGHT/PROCESSED/NC/ct157-F120-20_all_prof_PROCESSED.nc,ct157-F120-20,136,2020-03-27 11:30:00,-65.2658,23.6755,True,False
/Volumes/Data/Work/SEALTAGS/Prydz/FLUO_LIGHT/PROCESSED/NC/ct157-F120-20_all_prof_PROCESSED.nc,ct157-F120-20,137,2020-03-27 13:10:00,-65.2008,23.7498,True,False
/Volumes/Data/Work/SEALTAGS/Prydz/FLUO_LIGHT/PROCESSED/NC/ct157-F120-20_all_prof_PROCESSED.nc,ct157-F120-20,138,2020-03-28 02:10:00,-64.6438,24.1076,False,False
/Volumes/Data/Work/SEALTAGS/Prydz/FLUO_LIGHT/PROCESSED/NC/ct157-F120-20_all_prof_PROCESSED.nc,ct157-F120-20,139,2020-03-28 14:20:00,-64.7873,24.1589,True,False
/Volumes/Data/Work/SEALTAGS/Prydz/FLUO_LIGHT/PROCESSED/NC/ct157-F120-20_all_prof_PROCESSED.nc,ct157-F120-20,140,2020-03-29 05:00:00,-64.8747,24.4468,True,False
/Volumes/Data/Work/SEALTAGS/Prydz/FLUO_LIGHT/PROCESSED/NC/ct157-F120-20_all_prof_PROCESSED.nc,ct157-F120-20,141,2020-03-29 13:10:00,-64.895,24.5856,True,False
/Volumes/Data/Work/SEALTAGS/Prydz/FLUO_LIGHT/PROCESSED/NC/ct157-F120-20_all_prof_PROCESSED.nc,ct157-F120-20,142,2020-03-30 03:20:00,-64.8277,24.4561,False,False
/Volumes/Data/Work/SEALTAGS/Prydz/FLUO_LIGHT/PROCESSED/NC/ct157-F120-20_all_prof_PROCESSED.nc,ct157-F120-20,143,2020-03-30 14:30:00,-64.668,24.7377,True,False
/Volumes/Data/Work/SEALTAGS/Prydz/FLUO_LIGHT/PROCESSED/NC/ct157-F120-20_all_prof_PROCESSED.nc,ct157-F120-20,144,2020-03-31 05:50:00,-64.067,24.9256,True,False
/Volumes/Data/Work/SEALTAGS/Prydz/FLUO_LIGHT/PROCESSED/NC/ct157-F120-20_all_prof_PROCESSED.nc,ct157-F120-20,145,2020-03-31 14:30:00,-63.647,25.0508,True,False
/Volumes/Data/Work/SEALTAGS/Prydz/FLUO_LIGHT/PROCESSED/NC/ct157-F120-20_all_prof_PROCESSED.nc,ct157-F120-20,146,2020-04-01 05:50:00,-63.3325,25.626,True,False
/Volumes/Data/Work/SEALTAGS/Prydz/FLUO_LIGHT/PROCESSED/NC/ct157-F120-20_all_prof_PROCESSED.nc,ct157-F120-20,147,2020-04-01 13:10:00,-63.1699,25.7249,True,False
/Volumes/Data/Work/SEALTAGS/Prydz/FLUO_LIGHT/PROCESSED/NC/ct157-F120-20_all_prof_PROCESSED.nc,ct157-F120-20,148,2020-04-02 02:20:00,-62.8823,26.2311,False,False
/Volumes/Data/Work/SEALTAGS/Prydz/FLUO_LIGHT/PROCESSED/NC/ct157-F120-20_all_prof_PROCESSED.nc,ct157-F120-20,149,2020-04-02 21:10:00,-62.2431,26.7664,False,False
/Volumes/Data/Work/SEALTAGS/Prydz/FLUO_LIGHT/PROCESSED/NC/ct157-F120-20_all_prof_PROCESSED.nc,ct157-F120-20,150,2020-04-03 09:20:00,-61.8898,27.0668,True,False
/Volumes/Data/Work/SEALTAGS/Prydz/FLUO_LIGHT/PROCESSED/NC/ct157-F120-20_all_prof_PROCESSED.nc,ct157-F120-20,151,2020-04-03 13:30:00,-61.9267,27.2459,True,False
/Volumes/Data/Work/SEALTAGS/Prydz/FLUO_LIGHT/PROCESSED/NC/ct157-F120-20_all_prof_PROCESSED.nc,ct157-F120-20,152,2020-04-04 08:40:00,-61.1275,28.0277,True,False
/Volumes/Data/Work/SEALTAGS/Prydz/FLUO_LIGHT/PROCESSED/NC/ct157-F120-20_all_prof_PROCESSED.nc,ct157-F120-20,153,2020-04-04 16:00:00,-60.8648,28.5221,False,False
/Volumes/Data/Work/SEALTAGS/Prydz/FLUO_LIGHT/PROCESSED/NC/ct157-F120-20_all_prof_PROCESSED.nc,ct157-F120-20,154,2020-04-05 12:00:00,-60.3423,28.5944,True,False
/Volumes/Data/Work/SEALTAGS/Prydz/FLUO_LIGHT/PROCESSED/NC/ct157-F120-20_all_prof_PROCESSED.nc,ct157-F120-20,155,2020-04-06 03:30:00,-60.064,29.8228,False,False
/Volumes/Data/Work/SEALTAGS/Prydz/FLUO_LIGHT/PROCESSED/NC/ct157-F120-20_all_prof_PROCESSED.nc,ct157-F120-20,156,2020-04-06 14:40:00,-59.6207,30.0248,True,False
/Volumes/Data/Work/SEALTAGS/Prydz/FLUO_LIGHT/PROCESSED/NC/ct157-F120-20_all_prof_PROCESSED.nc,ct157-F120-20,157,2020-04-07 08:20:00,-59.0015,30.5253,True,False
/Volumes/Data/Work/SEALTAGS/Prydz/FLUO_LIGHT/PROCESSED/NC/ct157-F120-20_all_prof_PROCESSED.nc,ct157-F120-20,158,2020-04-07 17:20:00,-58.7372,30.617,False,False
/Volumes/Data/Work/SEALTAGS/Prydz/FLUO_LIGHT/PROCESSED/NC/ct157-F120-20_all_prof_PROCESSED.nc,ct157-F120-20,159,2020-04-08 07:10:00,-58.4107,30.936,True,False
/Volumes/Data/Work/SEALTAGS/Prydz/FLUO_LIGHT/PROCESSED/NC/ct157-F120-20_all_prof_PROCESSED.nc,ct157-F120-20,160,2020-04-08 15:10:00,-58.1427,31.0667,True,False
/Volumes/Data/Work/SEALTAGS/Prydz/FLUO_LIGHT/PROCESSED/NC/ct157-F120-20_all_prof_PROCESSED.nc,ct157-F120-20,161,2020-04-09 08:20:00,-57.3355,31.6261,True,False
/Volumes/Data/Work/SEALTAGS/Prydz/FLUO_LIGHT/PROCESSED/NC/ct157-F120-20_all_prof_PROCESSED.nc,ct157-F120-20,162,2020-04-09 14:10:00,-57.1011,31.988,True,False
/Volumes/Data/Work/SEALTAGS/Prydz/FLUO_LIGHT/PROCESSED/NC/ct157-F120-20_all_prof_PROCESSED.nc,ct157-F120-20,163,2020-04-10 06:30:00,-56.2547,32.3358,True,False
/Volumes/Data/Work/SEALTAGS/Prydz/FLUO_LIGHT/PROCESSED/NC/ct157-F120-20_all_prof_PROCESSED.nc,ct157-F120-20,164,2020-04-10 18:40:00,-55.9758,32.6001,False,False
/Volumes/Data/Work/SEALTAGS/Prydz/FLUO_LIGHT/PROCESSED/NC/ct157-F120-20_all_prof_PROCESSED.nc,ct157-F120-20,165,2020-04-11 07:20:00,-55.7038,33.2341,True,False
/Volumes/Data/Work/SEALTAGS/Prydz/FLUO_LIGHT/PROCESSED/NC/ct157-F120-20_all_prof_PROCESSED.nc,ct157-F120-20,166,2020-04-11 20:40:00,-55.3196,33.2461,False,False
/Volumes/Data/Work/SEALTAGS/Prydz/FLUO_LIGHT/PROCESSED/NC/ct157-F120-20_all_prof_PROCESSED.nc,ct157-F120-20,167,2020-04-12 09:10:00,-55.0542,34.0437,True,False
/Volumes/Data/Work/SEALTAGS/Prydz/FLUO_LIGHT/PROCESSED/NC/ct157-F120-20_all_prof_PROCESSED.nc,ct157-F120-20,168,2020-04-12 18:40:00,-54.8538,34.0297,False,False
/Volumes/Data/Work/SEALTAGS/Prydz/FLUO_LIGHT/PROCESSED/NC/ct157-F120-20_all_prof_PROCESSED.nc,ct157-F120-20,169,2020-04-13 03:20:00,-54.6323,34.0677,False,False
/Volumes/Data/Work/SEALTAGS/Prydz/FLUO_LIGHT/PROCESSED/NC/ct157-F120-20_all_prof_PROCESSED.nc,ct157-F120-20,170,2020-04-13 13:40:00,-54.4743,34.4259,True,False
/Volumes/Data/Work/SEALTAGS/Prydz/FLUO_LIGHT/PROCESSED/NC/ct157-F120-20_all_prof_PROCESSED.nc,ct157-F120-20,171,2020-04-14 05:20:00,-54.1225,34.9141,True,False
/Volumes/Data/Work/SEALTAGS/Prydz/FLUO_LIGHT/PROCESSED/NC/ct157-F120-20_all_prof_PROCESSED.nc,ct157-F120-20,172,2020-04-14 14:30:00,-54.0202,34.8216,True,False
/Volumes/Data/Work/SEALTAGS/Prydz/FLUO_LIGHT/PROCESSED/NC/ct157-F120-20_all_prof_PROCESSED.nc,ct157-F120-20,173,2020-04-15 05:50:00,-53.4906,35.4906,True,False
/Volumes/Data/Work/SEALTAGS/Prydz/FLUO_LIGHT/PROCESSED/NC/ct157-F120-20_all_prof_PROCESSED.nc,ct157-F120-20,174,2020-04-15 15:50:00,-53.2708,35.6513,False,False
/Volumes/Data/Work/SEALTAGS/Prydz/FLUO_LIGHT/PROCESSED/NC/ct157-F120-20_all_prof_PROCESSED.nc,ct157-F120-20,175,2020-04-16 05:50:00,-52.9858,36.417,True,False
/Volumes/Data/Work/SEALTAGS/Prydz/FLUO_LIGHT/PROCESSED/NC/ct157-F120-20_all_prof_PROCESSED.nc,ct157-F120-20,176,2020-04-16 13:20:00,-52.7489,36.6267,True,False
/Volumes/Data/Work/SEALTAGS/Prydz/FLUO_LIGHT/PROCESSED/NC/ct157-F120-20_all_prof_PROCESSED.nc,ct157-F120-20,177,2020-04-17 07:50:00,-51.9809,36.7445,True,False
/Volumes/Data/Work/SEALTAGS/Prydz/FLUO_LIGHT/PROCESSED/NC/ct157-F120-20_all_prof_PROCESSED.nc,ct157-F120-20,178,2020-04-17 12:40:00,-51.7474,36.7817,True,False
/Volumes/Data/Work/SEALTAGS/Prydz/FLUO_LIGHT/PROCESSED/NC/ct157-F120-20_all_prof_PROCESSED.nc,ct157-F120-20,179,2020-04-18 07:20:00,-51.5505,37.2468,True,False
/Volumes/Data/Work/SEALTAGS/Prydz/FLUO_LIGHT/PROCESSED/NC/ct157-F120-20_all_prof_PROCESSED.nc,ct157-F120-20,180,2020-04-18 14:20:00,-51.3909,37.5456,True,False
/Volumes/Data/Work/SEALTAGS/Prydz/FLUO_LIGHT/PROCESSED/NC/ct157-F120-20_all_prof_PROCESSED.nc,ct157-F120-20,181,2020-04-19 05:50:00,-51.1228,37.959,True,False
/Volumes/Data/Work/SEALTAGS/Prydz/FLUO_LIGHT/PROCESSED/NC/ct157-F120-20_all_prof_PROCESSED.nc,ct157-F120-20,182,2020-04-19 12:40:00,-51.0748,38.1962,True,False
/Volumes/Data/Work/SEALTAGS/Prydz/FLUO_LIGHT/PROCESSED/NC/ct157-F120-20_all_prof_PROCESSED.nc,ct157-F120-20,183,2020-04-20 06:00:00,-50.938,38.1118,True,False
/Volumes/Data/Work/SEALTAGS/Prydz/FLUO_LIGHT/PROCESSED/NC/ct157-F120-20_all_prof_PROCESSED.nc,ct157-F120-20,184,2020-04-20 18:40:00,-50.8436,38.2677,False,False
/Volumes/Data/Work/SEALTAGS/Prydz/FLUO_LIGHT/PROCESSED/NC/ct157-F120-20_all_prof_PROCESSED.nc,ct157-F120-20,185,2020-04-21 01:50:00,-50.7278,38.2858,False,False
/Volumes/Data/Work/SEALTAGS/Prydz/FLUO_LIGHT/PROCESSED/NC/ct157-F120-20_all_prof_PROCESSED.nc,ct157-F120-20,186,2020-04-21 14:10:00,-50.3442,38.5355,True,False
/Volumes/Data/Work/SEALTAGS/Prydz/FLUO_LIGHT/PROCESSED/NC/ct157-F120-20_all_prof_PROCESSED.nc,ct157-F120-20,187,2020-04-22 06:40:00,-50.1147,38.3694,True,False
/Volumes/Data/Work/SEALTAGS/Prydz/FLUO_LIGHT/PROCESSED/NC/ct157-F120-20_all_prof_PROCESSED.nc,ct157-F120-20,188,2020-04-23 00:40:00,-50.0011,38.4741,False,False
/Volumes/Data/Work/SEALTAGS/Prydz/FLUO_LIGHT/PROCESSED/NC/ct157-F120-20_all_prof_PROCESSED.nc,ct157-F120-20,189,2020-04-23 20:00:00,-49.9898,38.6819,False,False
/Volumes/Data/Work/SEALTAGS/Prydz/FLUO_LIGHT/PROCESSED/NC/ct157-F120-20_all_prof_PROCESSED.nc,ct157-F120-20,190,2020-04-24 01:20:00,-50.134,38.8226,False,False
/Volumes/Data/Work/SEALTAGS/Prydz/FLUO_LIGHT/PROCESSED/NC/ct157-F120-20_all_prof_PROCESSED.nc,ct157-F120-20,191,2020-04-24 12:30:00,-50.0942,39.0578,True,False
/Volumes/Data/Work/SEALTAGS/Prydz/FLUO_LIGHT/PROCESSED/NC/ct157-F120-20_all_prof_PROCESSED.nc,ct157-F120-20,192,2020-04-25 00:50:00,-49.9673,39.2074,False,False
/Volumes/Data/Work/SEALTAGS/Prydz/FLUO_LIGHT/PROCESSED/NC/ct157-F120-20_all_prof_PROCESSED.nc,ct157-F120-20,193,2020-04-25 15:50:00,-49.9505,39.5807,False,False
/Volumes/Data/Work/SEALTAGS/Prydz/FLUO_LIGHT/PROCESSED/NC/ct157-F120-20_all_prof_PROCESSED.nc,ct157-F120-20,194,2020-04-26 02:10:00,-49.6084,39.9207,False,False
/Volumes/Data/Work/SEALTAGS/Prydz/FLUO_LIGHT/PROCESSED/NC/ct157-F120-20_all_prof_PROCESSED.nc,ct157-F120-20,195,2020-04-26 15:00:00,-49.3453,40.1995,False,False
/Volumes/Data/Work/SEALTAGS/Prydz/FLUO_LIGHT/PROCESSED/NC/ct157-F120-20_all_prof_PROCESSED.nc,ct157-F120-20,196,2020-04-27 01:20:00,-49.0533,40.1448,False,False
/Volumes/Data/Work/SEALTAGS/Prydz/FLUO_LIGHT/PROCESSED/NC/ct157-F120-20_all_prof_PROCESSED.nc,ct157-F120-20,197,2020-04-27 12:20:00,-48.8525,40.3835,True,False
/Volumes/Data/Work/SEALTAGS/Prydz/FLUO_LIGHT/PROCESSED/NC/ct157-F120-20_all_prof_PROCESSED.nc,ct157-F120-20,198,2020-04-28 10:50:00,-48.4161,40.9076,True,False
/Volumes/Data/Work/SEALTAGS/Prydz/FLUO_LIGHT/PROCESSED/NC/ct157-F120-20_all_prof_PROCESSED.nc,ct157-F120-20,199,2020-04-28 12:20:00,-48.3769,40.9513,True,False
/Volumes/Data/Work/SEALTAGS/Prydz/FLUO_LIGHT/PROCESSED/NC/ct157-F120-20_all_prof_PROCESSED.nc,ct157-F120-20,200,2020-04-29 06:20:00,-48.1073,40.863,True,False
/Volumes/Data/Work/SEALTAGS/Prydz/FLUO_LIGHT/PROCESSED/NC/ct157-F120-20_all_prof_PROCESSED.nc,ct157-F120-20,201,2020-04-29 20:40:00,-47.967,40.8938,False,False
/Volumes/Data/Work/SEALTAGS/Prydz/FLUO_LIGHT/PROCESSED/NC/ct157-F120-20_all_prof_PROCESSED.nc,ct157-F120-20,202,2020-04-30 08:00:00,-48.0953,41.1891,True,False
/Volumes/Data/Work/SEALTAGS/Prydz/FLUO_LIGHT/PROCESSED/NC/ct157-F120-20_all_prof_PROCESSED.nc,ct157-F120-20,203,2020-04-30 21:00:00,-48.0121,41.1371,False,False
/Volumes/Data/Work/SEALTAGS/Prydz/FLUO_LIGHT/PROCESSED/NC/ct157-F120-20_all_prof_PROCESSED.nc,ct157-F120-20,204,2020-05-01 03:40:00,-47.8427,41.2559,False,False
/Volumes/Data/Work/SEALTAGS/Prydz/FLUO_LIGHT/PROCESSED/NC/ct157-F120-20_all_prof_PROCESSED.nc,ct157-F120-20,205,2020-05-01 14:40:00,-47.6756,41.4346,False,False
/Volumes/Data/Work/SEALTAGS/Prydz/FLUO_LIGHT/PROCESSED/NC/ct157-F120-20_all_prof_PROCESSED.nc,ct157-F120-20,206,2020-05-02 05:30:00,-47.5096,41.5955,True,False
/Volumes/Data/Work/SEALTAGS/Prydz/FLUO_LIGHT/PROCESSED/NC/ct157-F120-20_all_prof_PROCESSED.nc,ct157-F120-20,207,2020-05-02 18:40:00,-47.4015,41.8681,False,False
/Volumes/Data/Work/SEALTAGS/Prydz/FLUO_LIGHT/PROCESSED/NC/ct157-F120-20_all_prof_PROCESSED.nc,ct157-F120-20,208,2020-05-03 19:20:00,-46.9006,42.1675,False,False
/Volumes/Data/Work/SEALTAGS/Prydz/FLUO_LIGHT/PROCESSED/NC/ct157-F120-20_all_prof_PROCESSED.nc,ct157-F120-20,209,2020-05-04 03:00:00,-46.7184,42.1968,False,False
/Volumes/Data/Work/SEALTAGS/Prydz/FLUO_LIGHT/PROCESSED/NC/ct157-F120-20_all_prof_PROCESSED.nc,ct157-F120-20,210,2020-05-04 17:00:00,-46.4501,42.3367,False,False
/Volumes/Data/Work/SEALTAGS/Prydz/FLUO_LIGHT/PROCESSED/NC/ct157-F120-20_all_prof_PROCESSED.nc,ct157-F120-20,211,2020-05-05 03:30:00,-46.2649,42.6109,False,False
/Volumes/Data/Work/SEALTAGS/Prydz/FLUO_LIGHT/PROCESSED/NC/ct157-F120-20_all_prof_PROCESSED.nc,ct157-F120-20,212,2020-05-05 17:00:00,-45.9726,42.1622,False,False
/Volumes/Data/Work/SEALTAGS/Prydz/FLUO_LIGHT/PROCESSED/NC/ct157-F120-20_all_prof_PROCESSED.nc,ct157-F120-20,213,2020-05-06 02:40:00,-45.8312,42.3391,False,False
/Volumes/Data/Work/SEALTAGS/Prydz/FLUO_LIGHT/PROCESSED/NC/ct157-F120-20_all_prof_PROCESSED.nc,ct157-F120-20,214,2020-05-06 13:40:00,-45.7647,42.4942,True,False
/Volumes/Data/Work/SEALTAGS/Prydz/FLUO_LIGHT/PROCESSED/NC/ct157-F120-20_all_prof_PROCESSED.nc,ct157-F120-20,215,2020-05-07 08:10:00,-45.804,42.8766,True,False
/Volumes/Data/Work/SEALTAGS/Prydz/FLUO_LIGHT/PROCESSED/NC/ct157-F120-20_all_prof_PROCESSED.nc,ct157-F120-20,216,2020-05-07 12:30:00,-45.7937,43.026,True,False
/Volumes/Data/Work/SEALTAGS/Prydz/FLUO_LIGHT/PROCESSED/NC/ct157-F120-20_all_prof_PROCESSED.nc,ct157-F120-20,217,2020-05-08 10:30:00,-45.7626,42.8824,True,False
/Volumes/Data/Work/SEALTAGS/Prydz/FLUO_LIGHT/PROCESSED/NC/ct157-F120-20_all_prof_PROCESSED.nc,ct157-F120-20,218,2020-05-08 13:30:00,-45.8051,42.8759,True,False
/Volumes/Data/Work/SEALTAGS/Prydz/FLUO_LIGHT/PROCESSED/NC/ct157-F120-20_all_prof_PROCESSED.nc,ct157-F120-20,219,2020-05-09 12:20:00,-45.8375,42.6759,True,False
/Volumes/Data/Work/SEALTAGS/Prydz/FLUO_LIGHT/PROCESSED/NC/ct157-F120-20_all_prof_PROCESSED.nc,ct157-F120-20,220,2020-05-10 09:50:00,-45.6521,42.4987,True,False
/Volumes/Data/Work/SEALTAGS/Prydz/FLUO_LIGHT/PROCESSED/NC/ct157-F120-20_all_prof_PROCESSED.nc,ct157-F120-20,221,2020-05-10 13:20:00,-45.6216,42.5137,True,False
/Volumes/Data/Work/SEALTAGS/Prydz/FLUO_LIGHT/PROCESSED/NC/ct157-F120-20_all_prof_PROCESSED.nc,ct157-F120-20,222,2020-05-11 02:00:00,-45.5968,42.6484,False,False
/Volumes/Data/Work/SEALTAGS/Prydz/FLUO_LIGHT/PROCESSED/NC/ct157-F120-20_all_prof_PROCESSED.nc,ct157-F120-20,223,2020-05-11 13:30:00,-45.7548,42.3252,True,False
/Volumes/Data/Work/SEALTAGS/Prydz/FLUO_LIGHT/PROCESSED/NC/ct157-F120-20_all_prof_PROCESSED.nc,ct157-F120-20,224,2020-05-12 10:10:00,-45.6875,42.5072,True,False
/Volumes/Data/Work/SEALTAGS/Prydz/FLUO_LIGHT/PROCESSED/NC/ct157-F120-20_all_prof_PROCESSED.nc,ct157-F120-20,225,2020-05-12 13:20:00,-45.6839,42.4871,True,False
/Volumes/Data/Work/SEALTAGS/Prydz/FLUO_LIGHT/PROCESSED/NC/ct157-F120-20_all_prof_PROCESSED.nc,ct157-F120-20,226,2020-05-13 11:00:00,-45.7475,42.6278,True,False
/Volumes/Data/Work/SEALTAGS/Prydz/FLUO_LIGHT/PROCESSED/NC/ct157-F120-20_all_prof_PROCESSED.nc,ct157-F120-20,227,2020-05-13 13:10:00,-45.7637,42.6656,True,False
/Volumes/Data/Work/SEALTAGS/Prydz/FLUO_LIGHT/PROCESSED/NC/ct157-F120-20_all_prof_PROCESSED.nc,ct157-F120-20,228,2020-05-14 12:40:00,-45.913,42.627,True,False
/Volumes/Data/Work/SEALTAGS/Prydz/FLUO_LIGHT/PROCESSED/NC/ct157-F120-20_all_prof_PROCESSED.nc,ct157-F120-20,229,2020-05-15 12:50:00,-45.8971,42.7912,True,False
/Volumes/Data/Work/SEALTAGS/Prydz/FLUO_LIGHT/PROCESSED/NC/ct157-F120-20_all_prof_PROCESSED.nc,ct157-F120-20,230,2020-05-16 07:10:00,-45.7278,42.9263,True,False
/Volumes/Data/Work/SEALTAGS/Prydz/FLUO_LIGHT/PROCESSED/NC/ct157-F120-20_all_prof_PROCESSED.nc,ct157-F120-20,231,2020-05-16 21:00:00,-45.523,43.1495,False,False
/Volumes/Data/Work/SEALTAGS/Prydz/FLUO_LIGHT/PROCESSED/NC/ct157-F120-20_all_prof_PROCESSED.nc,ct157-F120-20,232,2020-05-17 06:00:00,-45.4872,43.042,True,False
/Volumes/Data/Work/SEALTAGS/Prydz/FLUO_LIGHT/PROCESSED/NC/ct157-F120-20_all_prof_PROCESSED.nc,ct157-F120-20,233,2020-05-17 19:50:00,-45.4072,42.8816,False,False
/Volumes/Data/Work/SEALTAGS/Prydz/FLUO_LIGHT/PROCESSED/NC/ct157-F120-20_all_prof_PROCESSED.nc,ct157-F120-20,234,2020-05-18 15:00:00,-45.4738,42.555,False,False
/Volumes/Data/Work/SEALTAGS/Prydz/FLUO_LIGHT/PROCESSED/NC/ct157-F120-20_all_prof_PROCESSED.nc,ct157-F120-20,235,2020-05-19 06:00:00,-45.3974,42.3524,True,False
/Volumes/Data/Work/SEALTAGS/Prydz/FLUO_LIGHT/PROCESSED/NC/ct157-F120-20_all_prof_PROCESSED.nc,ct157-F120-20,236,2020-05-19 13:10:00,-45.4012,42.2646,True,False
/Volumes/Data/Work/SEALTAGS/Prydz/FLUO_LIGHT/PROCESSED/NC/ct157-F120-20_all_prof_PROCESSED.nc,ct157-F120-20,237,2020-05-20 23:30:00,-45.316,42.05,False,False
/Volumes/Data/Work/SEALTAGS/Prydz/FLUO_LIGHT/PROCESSED/NC/ct157-F120-20_all_prof_PROCESSED.nc,ct157-F120-20,238,2020-05-21 00:20:00,-45.3014,42.0274,False,False
/Volumes/Data/Work/SEALTAGS/Prydz/FLUO_LIGHT/PROCESSED/NC/ct157-F120-20_all_prof_PROCESSED.nc,ct157-F120-20,239,2020-05-21 20:10:00,-45.3585,42.0322,False,False
/Volumes/Data/Work/SEALTAGS/Prydz/FLUO_LIGHT/PROCESSED/NC/ct157-F120-20_all_prof_PROCESSED.nc,ct157-F120-20,240,2020-05-22 00:40:00,-45.3053,42.0837,False,False
/Volumes/Data/Work/SEALTAGS/Prydz/FLUO_LIGHT/PROCESSED/NC/ct157-F120-20_all_prof_PROCESSED.nc,ct157-F120-20,241,2020-05-22 12:50:00,-45.4795,42.0215,True,False
/Volumes/Data/Work/SEALTAGS/Prydz/FLUO_LIGHT/PROCESSED/NC/ct157-F120-20_all_prof_PROCESSED.nc,ct157-F120-20,242,2020-05-23 08:30:00,-45.3628,41.7461,True,False
/Volumes/Data/Work/SEALTAGS/Prydz/FLUO_LIGHT/PROCESSED/NC/ct157-F120-20_all_prof_PROCESSED.nc,ct157-F120-20,243,2020-05-23 12:20:00,-45.4287,41.9147,True,False
/Volumes/Data/Work/SEALTAGS/Prydz/FLUO_LIGHT/PROCESSED/NC/ct157-F120-20_all_prof_PROCESSED.nc,ct157-F120-20,244,2020-05-24 06:30:00,-45.5364,41.7501,True,False
/Volumes/Data/Work/SEALTAGS/Prydz/FLUO_LIGHT/PROCESSED/NC/ct157-F120-20_all_prof_PROCESSED.nc,ct157-F120-20,245,2020-05-24 13:10:00,-45.5152,41.7854,True,False
/Volumes/Data/Work/SEALTAGS/Prydz/FLUO_LIGHT/PROCESSED/NC/ct157-F120-20_all_prof_PROCESSED.nc,ct157-F120-20,246,2020-05-25 11:30:00,-45.5805,41.7861,True,False
/Volumes/Data/Work/SEALTAGS/Prydz/FLUO_LIGHT/PROCESSED/NC/ct157-F120-20_all_prof_PROCESSED.nc,ct157-F120-20,247,2020-05-25 13:10:00,-45.5809,41.7853,True,False
/Volumes/Data/Work/SEALTAGS/Prydz/FLUO_LIGHT/PROCESSED/NC/ct157-F120-20_all_prof_PROCESSED.nc,ct157-F120-20,248,2020-05-26 22:30:00,-45.7479,41.7975,False,False
/Volumes/Data/Work/SEALTAGS/Prydz/FLUO_LIGHT/PROCESSED/NC/ct157-F120-20_all_prof_PROCESSED.nc,ct157-F120-20,249,2020-05-27 14:20:00,-45.781,41.8562,False,False
/Volumes/Data/Work/SEALTAGS/Prydz/FLUO_LIGHT/PROCESSED/NC/ct157-F120-20_all_prof_PROCESSED.nc,ct157-F120-20,250,2020-05-28 07:40:00,-45.663,41.9845,True,False
/Volumes/Data/Work/SEALTAGS/Prydz/FLUO_LIGHT/PROCESSED/NC/ct157-F120-20_all_prof_PROCESSED.nc,ct157-F120-20,251,2020-05-28 19:50:00,-45.5402,41.9623,False,False
/Volumes/Data/Work/SEALTAGS/Prydz/FLUO_LIGHT/PROCESSED/NC/ct157-F120-20_all_prof_PROCESSED.nc,ct157-F120-20,252,2020-05-29 02:00:00,-45.5022,42.0058,False,False
/Volumes/Data/Work/SEALTAGS/Prydz/FLUO_LIGHT/PROCESSED/NC/ct157-F120-20_all_prof_PROCESSED.nc,ct157-F120-20,253,2020-05-29 13:20:00,-45.5016,42.0951,True,False
/Volumes/Data/Work/SEALTAGS/Prydz/FLUO_LIGHT/PROCESSED/NC/ct157-F120-20_all_prof_PROCESSED.nc,ct157-F120-20,254,2020-05-30 11:00:00,-45.4524,42.116,True,False
/Volumes/Data/Work/SEALTAGS/Prydz/FLUO_LIGHT/PROCESSED/NC/ct157-F120-20_all_prof_PROCESSED.nc,ct157-F120-20,255,2020-05-30 13:00:00,-45.472,42.0923,True,False
/Volumes/Data/Work/SEALTAGS/Prydz/FLUO_LIGHT/PROCESSED/NC/ct157-F120-20_all_prof_PROCESSED.nc,ct157-F120-20,256,2020-05-31 03:50:00,-45.39,41.5566,False,False
/Volumes/Data/Work/SEALTAGS/Prydz/FLUO_LIGHT/PROCESSED/NC/ct157-F120-20_all_prof_PROCESSED.nc,ct157-F120-20,257,2020-05-31 12:40:00,-45.5926,41.5778,True,False
/Volumes/Data/Work/SEALTAGS/Prydz/FLUO_LIGHT/PROCESSED/NC/ct157-F120-20_all_prof_PROCESSED.nc,ct157-F120-20,258,2020-06-01 06:20:00,-45.6645,41.9173,True,False
/Volumes/Data/Work/SEALTAGS/Prydz/FLUO_LIGHT/PROCESSED/NC/ct157-F120-20_all_prof_PROCESSED.nc,ct157-F120-20,259,2020-06-01 13:10:00,-45.661,41.9514,True,False
/Volumes/Data/Work/SEALTAGS/Prydz/FLUO_LIGHT/PROCESSED/NC/ct157-F120-20_all_prof_PROCESSED.nc,ct157-F120-20,260,2020-06-02 09:50:00,-45.6835,41.9985,True,False
/Volumes/Data/Work/SEALTAGS/Prydz/FLUO_LIGHT/PROCESSED/NC/ct157-F120-20_all_prof_PROCESSED.nc,ct157-F120-20,261,2020-06-03 00:10:00,-45.8623,42.2908,False,False
/Volumes/Data/Work/SEALTAGS/Prydz/FLUO_LIGHT/PROCESSED/NC/ct157-F120-20_all_prof_PROCESSED.nc,ct157-F120-20,262,2020-06-03 21:00:00,-45.8674,42.542,False,False
/Volumes/Data/Work/SEALTAGS/Prydz/FLUO_LIGHT/PROCESSED/NC/ct157-F120-20_all_prof_PROCESSED.nc,ct157-F120-20,263,2020-06-04 02:50:00,-45.885,42.5585,False,False
/Volumes/Data/Work/SEALTAGS/Prydz/FLUO_LIGHT/PROCESSED/NC/ct157-F120-20_all_prof_PROCESSED.nc,ct157-F120-20,264,2020-06-04 13:40:00,-45.9591,43.4814,False,False
/Volumes/Data/Work/SEALTAGS/Prydz/FLUO_LIGHT/PROCESSED/NC/ct157-F120-20_all_prof_PROCESSED.nc,ct157-F120-20,265,2020-06-05 13:40:00,-45.9907,43.8125,False,False
/Volumes/Data/Work/SEALTAGS/Prydz/FLUO_LIGHT/PROCESSED/NC/ct157-F120-20_all_prof_PROCESSED.nc,ct157-F120-20,266,2020-06-06 08:30:00,-45.7061,44.2596,True,False
/Volumes/Data/Work/SEALTAGS/Prydz/FLUO_LIGHT/PROCESSED/NC/ct157-F120-20_all_prof_PROCESSED.nc,ct157-F120-20,267,2020-06-06 14:10:00,-45.6234,44.3332,False,False
/Volumes/Data/Work/SEALTAGS/Prydz/FLUO_LIGHT/PROCESSED/NC/ct157-F120-20_all_prof_PROCESSED.nc,ct157-F120-20,268,2020-06-07 10:20:00,-45.6538,45.2345,True,False
/Volumes/Data/Work/SEALTAGS/Prydz/FLUO_LIGHT/PROCESSED/NC/ct157-F120-20_all_prof_PROCESSED.nc,ct157-F120-20,269,2020-06-07 13:30:00,-45.708,45.3218,False,False
/Volumes/Data/Work/SEALTAGS/Prydz/FLUO_LIGHT/PROCESSED/NC/ct157-F120-20_all_prof_PROCESSED.nc,ct157-F120-20,270,2020-06-08 08:40:00,-45.6485,46.2303,True,False
/Volumes/Data/Work/SEALTAGS/Prydz/FLUO_LIGHT/PROCESSED/NC/ct157-F120-20_all_prof_PROCESSED.nc,ct157-F120-20,271,2020-06-08 14:00:00,-45.6903,46.4706,False,False
/Volumes/Data/Work/SEALTAGS/Prydz/FLUO_LIGHT/PROCESSED/NC/ct157-F120-20_all_prof_PROCESSED.nc,ct157-F120-20,272,2020-06-09 07:00:00,-45.7103,47.1426,True,False
/Volumes/Data/Work/SEALTAGS/Prydz/FLUO_LIGHT/PROCESSED/NC/ct157-F120-20_all_prof_PROCESSED.nc,ct157-F120-20,273,2020-06-09 23:40:00,-45.8952,47.777,False,False
/Volumes/Data/Work/SEALTAGS/Prydz/FLUO_LIGHT/PROCESSED/NC/ct157-F120-20_all_prof_PROCESSED.nc,ct157-F120-20,274,2020-06-10 06:40:00,-45.8179,47.9816,True,False
/Volumes/Data/Work/SEALTAGS/Prydz/FLUO_LIGHT/PROCESSED/NC/ct157-F120-20_all_prof_PROCESSED.nc,ct157-F120-20,275,2020-06-10 18:40:00,-45.8684,48.6142,False,False
/Volumes/Data/Work/SEALTAGS/Prydz/FLUO_LIGHT/PROCESSED/NC/ct157-F120-20_all_prof_PROCESSED.nc,ct157-F120-20,276,2020-06-11 00:50:00,-45.9011,48.963,False,False
/Volumes/Data/Work/SEALTAGS/Prydz/FLUO_LIGHT/PROCESSED/NC/ct157-F120-20_all_prof_PROCESSED.nc,ct157-F120-20,277,2020-06-11 15:20:00,-45.9699,49.5261,False,False
/Volumes/Data/Work/SEALTAGS/Prydz/FLUO_LIGHT/PROCESSED/NC/ct157-F120-20_all_prof_PROCESSED.nc,ct157-F120-20,278,2020-06-12 09:10:00,-46.1828,50.3249,True,False
/Volumes/Data/Work/SEALTAGS/Prydz/FLUO_LIGHT/PROCESSED/NC/ct157-F120-20_all_prof_PROCESSED.nc,ct157-F120-20,279,2020-06-12 15:20:00,-46.2244,50.5556,False,False
/Volumes/Data/Work/SEALTAGS/Prydz/FLUO_LIGHT/PROCESSED/NC/ct157-F120-20_all_prof_PROCESSED.nc,ct157-F120-20,280,2020-06-13 08:10:00,-45.7303,51.0578,True,False
/Volumes/Data/Work/SEALTAGS/Prydz/FLUO_LIGHT/PROCESSED/NC/ct157-F120-20_all_prof_PROCESSED.nc,ct157-F120-20,281,2020-06-13 21:50:00,-45.7143,51.2854,False,False
/Volumes/Data/Work/SEALTAGS/Prydz/FLUO_LIGHT/PROCESSED/NC/ct157-F120-20_all_prof_PROCESSED.nc,ct157-F120-20,282,2020-06-14 02:00:00,-45.6508,51.497,False,False
/Volumes/Data/Work/SEALTAGS/Prydz/FLUO_LIGHT/PROCESSED/NC/ct157-F120-20_all_prof_PROCESSED.nc,ct157-F120-20,283,2020-06-14 18:50:00,-45.5206,52.1851,False,False
/Volumes/Data/Work/SEALTAGS/Prydz/FLUO_LIGHT/PROCESSED/NC/ct157-F120-20_all_prof_PROCESSED.nc,ct157-F120-20,284,2020-06-15 04:50:00,-45.4996,52.9158,True,False
/Volumes/Data/Work/SEALTAGS/Prydz/FLUO_LIGHT/PROCESSED/NC/ct157-F120-20_all_prof_PROCESSED.nc,ct157-F120-20,285,2020-06-15 15:50:00,-45.4761,53.1426,False,False
/Volumes/Data/Work/SEALTAGS/Prydz/FLUO_LIGHT/PROCESSED/NC/ct157-F120-20_all_prof_PROCESSED.nc,ct157-F120-20,286,2020-06-16 10:00:00,-45.6472,53.9334,True,False
/Volumes/Data/Work/SEALTAGS/Prydz/FLUO_LIGHT/PROCESSED/NC/ct157-F120-20_all_prof_PROCESSED.nc,ct157-F120-20,287,2020-06-16 15:30:00,-45.7271,54.148,False,False
/Volumes/Data/Work/SEALTAGS/Prydz/FLUO_LIGHT/PROCESSED/NC/ct157-F120-20_all_prof_PROCESSED.nc,ct157-F120-20,288,2020-06-17 05:20:00,-45.8696,54.7652,True,False
/Volumes/Data/Work/SEALTAGS/Prydz/FLUO_LIGHT/PROCESSED/NC/ct157-F120-20_all_prof_PROCESSED.nc,ct157-F120-20,289,2020-06-17 14:10:00,-46.0107,54.7968,False,False
/Volumes/Data/Work/SEALTAGS/Prydz/FLUO_LIGHT/PROCESSED/NC/ct157-F120-20_all_prof_PROCESSED.nc,ct157-F120-20,290,2020-06-18 01:10:00,-45.9014,55.6508,False,False
/Volumes/Data/Work/SEALTAGS/Prydz/FLUO_LIGHT/PROCESSED/NC/ct157-F120-20_all_prof_PROCESSED.nc,ct157-F120-20,291,2020-06-18 17:40:00,-46.0723,56.5436,False,False
/Volumes/Data/Work/SEALTAGS/Prydz/FLUO_LIGHT/PROCESSED/NC/ct157-F120-20_all_prof_PROCESSED.nc,ct157-F120-20,292,2020-06-19 05:40:00,-46.071,57.224,True,False
/Volumes/Data/Work/SEALTAGS/Prydz/FLUO_LIGHT/PROCESSED/NC/ct157-F120-20_all_prof_PROCESSED.nc,ct157-F120-20,293,2020-06-19 20:00:00,-45.9625,57.9469,False,False
/Volumes/Data/Work/SEALTAGS/Prydz/FLUO_LIGHT/PROCESSED/NC/ct157-F120-20_all_prof_PROCESSED.nc,ct157-F120-20,294,2020-06-20 05:30:00,-46.0596,58.6452,True,False
/Volumes/Data/Work/SEALTAGS/Prydz/FLUO_LIGHT/PROCESSED/NC/ct157-F120-20_all_prof_PROCESSED.nc,ct157-F120-20,295,2020-06-20 14:40:00,-46.0918,59.1115,False,False
/Volumes/Data/Work/SEALTAGS/Prydz/FLUO_LIGHT/PROCESSED/NC/ct157-F120-20_all_prof_PROCESSED.nc,ct157-F120-20,296,2020-06-21 06:50:00,-46.3054,59.5799,True,False
/Volumes/Data/Work/SEALTAGS/Prydz/FLUO_LIGHT/PROCESSED/NC/ct157-F120-20_all_prof_PROCESSED.nc,ct157-F120-20,297,2020-06-21 17:10:00,-46.4513,60.2366,False,False
/Volumes/Data/Work/SEALTAGS/Prydz/FLUO_LIGHT/PROCESSED/NC/ct157-F120-20_all_prof_PROCESSED.nc,ct157-F120-20,298,2020-06-22 01:40:00,-46.6902,60.7927,False,False
/Volumes/Data/Work/SEALTAGS/Prydz/FLUO_LIGHT/PROCESSED/NC/ct157-F120-20_all_prof_PROCESSED.nc,ct157-F120-20,299,2020-06-23 00:20:00,-47.1376,62.1224,False,False
/Volumes/Data/Work/SEALTAGS/Prydz/FLUO_LIGHT/PROCESSED/NC/ct157-F120-20_all_prof_PROCESSED.nc,ct157-F120-20,300,2020-06-23 18:20:00,-47.3825,63.0042,False,False
/Volumes/Data/Work/SEALTAGS/Prydz/FLUO_LIGHT/PROCESSED/NC/ct157-F120-20_all_prof_PROCESSED.nc,ct157-F120-20,301,2020-06-24 01:50:00,-47.4974,63.5637,False,False
/Volumes/Data/Work/SEALTAGS/Prydz/FLUO_LIGHT/PROCESSED/NC/ct157-F120-20_all_prof_PROCESSED.nc,ct157-F120-20,302,2020-06-24 14:50:00,-47.6625,63.7931,False,False
/Volumes/Data/Work/SEALTAGS/Prydz/FLUO_LIGHT/PROCESSED/NC/ct157-F120-20_all_prof_PROCESSED.nc,ct157-F120-20,303,2020-06-25 14:30:00,-48.1602,64.9967,False,False
/Volumes/Data/Work/SEALTAGS/Prydz/FLUO_LIGHT/PROCESSED/NC/ct157-F120-20_all_prof_PROCESSED.nc,ct157-F120-20,304,2020-06-26 00:30:00,-48.2332,65.4012,False,False
/Volumes/Data/Work/SEALTAGS/Prydz/FLUO_LIGHT/PROCESSED/NC/ct157-F120-20_all_prof_PROCESSED.nc,ct157-F120-20,305,2020-06-26 13:20:00,-48.5637,66.1396,False,False
/Volumes/Data/Work/SEALTAGS/Prydz/FLUO_LIGHT/PROCESSED/NC/ct157-F120-20_all_prof_PROCESSED.nc,ct157-F120-20,306,2020-06-27 02:10:00,-48.5405,66.6092,False,False
/Volumes/Data/Work/SEALTAGS/Prydz/FLUO_LIGHT/PROCESSED/NC/ct157-F120-20_all_prof_PROCESSED.nc,ct157-F120-20,307,2020-06-27 15:00:00,-48.6669,67.2268,False,False
/Volumes/Data/Work/SEALTAGS/Prydz/FLUO_LIGHT/PROCESSED/NC/ct157-F120-20_all_prof_PROCESSED.nc,ct157-F120-20,308,2020-06-28 09:00:00,-49.1845,68.0283,True,False
/Volumes/Data/Work/SEALTAGS/Prydz/FLUO_LIGHT/PROCESSED/NC/ct157-F120-20_all_prof_PROCESSED.nc,ct157-F120-20,309,2020-06-28 21:10:00,-49.4463,68.6014,False,False
/Volumes/Data/Work/SEALTAGS/Prydz/FLUO_LIGHT/PROCESSED/NC/ct157-F120-20_all_prof_PROCESSED.nc,ct157-F120-20,310,2020-07-13 10:00:00,-49.54,68.8133,True,False
/Volumes/Data/Work/SEALTAGS/Prydz/FLUO_LIGHT/PROCESSED/NC/ct157-F120-20_all_prof_PROCESSED.nc,ct157-F120-20,311,2020-07-23 11:30:00,-49.5456,68.6983,True,False
/Volumes/Data/Work/SEALTAGS/Prydz/FLUO_LIGHT/PROCESSED/NC/ct157-F120-20_all_prof_PROCESSED.nc,ct157-F120-20,312,2020-07-23 20:20:00,-49.4609,68.2939,False,False
/Volumes/Data/Work/SEALTAGS/Prydz/FLUO_LIGHT/PROCESSED/NC/ct157-F120-20_all_prof_PROCESSED.nc,ct157-F120-20,313,2020-07-25 05:00:00,-48.9301,66.7509,True,False
/Volumes/Data/Work/SEALTAGS/Prydz/FLUO_LIGHT/PROCESSED/NC/ct157-F120-20_all_prof_PROCESSED.nc,ct157-F120-20,314,2020-07-25 23:00:00,-48.5099,65.9794,False,False
/Volumes/Data/Work/SEALTAGS/Prydz/FLUO_LIGHT/PROCESSED/NC/ct157-F120-20_all_prof_PROCESSED.nc,ct157-F120-20,315,2020-07-26 00:30:00,-48.5869,65.929,False,False
/Volumes/Data/Work/SEALTAGS/Prydz/FLUO_LIGHT/PROCESSED/NC/ct157-F120-20_all_prof_PROCESSED.nc,ct157-F120-20,316,2020-07-26 17:40:00,-48.5496,65.2076,False,False
/Volumes/Data/Work/SEALTAGS/Prydz/FLUO_LIGHT/PROCESSED/NC/ct157-F120-20_all_prof_PROCESSED.nc,ct157-F120-20,317,2020-07-27 05:10:00,-48.4913,64.5799,True,False
/Volumes/Data/Work/SEALTAGS/Prydz/FLUO_LIGHT/PROCESSED/NC/ct157-F120-20_all_prof_PROCESSED.nc,ct157-F120-20,318,2020-07-27 19:00:00,-48.3276,63.8676,False,False
/Volumes/Data/Work/SEALTAGS/Prydz/FLUO_LIGHT/PROCESSED/NC/ct157-F120-20_all_prof_PROCESSED.nc,ct157-F120-20,319,2020-07-28 05:50:00,-48.2773,63.1492,True,False
/Volumes/Data/Work/SEALTAGS/Prydz/FLUO_LIGHT/PROCESSED/NC/ct157-F120-20_all_prof_PROCESSED.nc,ct157-F120-20,320,2020-07-28 15:00:00,-48.3213,62.5939,False,False
/Volumes/Data/Work/SEALTAGS/Prydz/FLUO_LIGHT/PROCESSED/NC/ct157-F120-20_all_prof_PROCESSED.nc,ct157-F120-20,321,2020-07-29 09:50:00,-48.2439,61.6591,True,False
/Volumes/Data/Work/SEALTAGS/Prydz/FLUO_LIGHT/PROCESSED/NC/ct157-F120-20_all_prof_PROCESSED.nc,ct157-F120-20,322,2020-07-29 22:40:00,-47.9795,61.337,False,False
/Volumes/Data/Work/SEALTAGS/Prydz/FLUO_LIGHT/PROCESSED/NC/ct157-F120-20_all_prof_PROCESSED.nc,ct157-F120-20,323,2020-07-30 15:50:00,-47.779,60.6415,False,False
/Volumes/Data/Work/SEALTAGS/Prydz/FLUO_LIGHT/PROCESSED/NC/ct157-F120-20_all_prof_PROCESSED.nc,ct157-F120-20,324,2020-07-31 05:10:00,-47.609,59.9039,True,False
/Volumes/Data/Work/SEALTAGS/Prydz/FLUO_LIGHT/PROCESSED/NC/ct157-F120-20_all_prof_PROCESSED.nc,ct157-F120-20,325,2020-08-01 18:10:00,-46.9952,58.5377,False,False
/Volumes/Data/Work/SEALTAGS/Prydz/FLUO_LIGHT/PROCESSED/NC/ct157-F120-20_all_prof_PROCESSED.nc,ct157-F120-20,326,2020-08-02 05:50:00,-46.9729,58.1501,True,False
/Volumes/Data/Work/SEALTAGS/Prydz/FLUO_LIGHT/PROCESSED/NC/ct157-F120-20_all_prof_PROCESSED.nc,ct157-F120-20,327,2020-08-02 14:30:00,-46.9873,57.5373,False,False
/Volumes/Data/Work/SEALTAGS/Prydz/FLUO_LIGHT/PROCESSED/NC/ct157-F120-20_all_prof_PROCESSED.nc,ct157-F120-20,328,2020-08-03 03:30:00,-46.7443,57.3006,False,False
/Volumes/Data/Work/SEALTAGS/Prydz/FLUO_LIGHT/PROCESSED/NC/ct157-F120-20_all_prof_PROCESSED.nc,ct157-F120-20,329,2020-08-03 16:50:00,-46.5747,56.7078,False,False
/Volumes/Data/Work/SEALTAGS/Prydz/FLUO_LIGHT/PROCESSED/NC/ct157-F120-20_all_prof_PROCESSED.nc,ct157-F120-20,330,2020-08-04 04:40:00,-46.4426,56.006,True,False
/Volumes/Data/Work/SEALTAGS/Prydz/FLUO_LIGHT/PROCESSED/NC/ct157-F120-20_all_prof_PROCESSED.nc,ct157-F120-20,331,2020-08-05 11:30:00,-46.6295,54.4982,True,False
/Volumes/Data/Work/SEALTAGS/Prydz/FLUO_LIGHT/PROCESSED/NC/ct157-F120-20_all_prof_PROCESSED.nc,ct157-F120-20,332,2020-08-05 17:40:00,-46.5035,54.1216,False,False
/Volumes/Data/Work/SEALTAGS/Prydz/FLUO_LIGHT/PROCESSED/NC/ct157-F120-20_all_prof_PROCESSED.nc,ct157-F120-20,333,2020-08-06 05:30:00,-46.3904,53.2457,True,False
/Volumes/Data/Work/SEALTAGS/Prydz/FLUO_LIGHT/PROCESSED/NC/ct157-F120-20_all_prof_PROCESSED.nc,ct157-F120-20,334,2020-08-06 17:20:00,-46.206,52.9872,False,False
/Volumes/Data/Work/SEALTAGS/Prydz/FLUO_LIGHT/PROCESSED/NC/ct157-F120-20_all_prof_PROCESSED.nc,ct157-F120-20,335,2020-08-07 05:30:00,-46.0193,52.7841,True,False
/Volumes/Data/Work/SEALTAGS/Prydz/FLUO_LIGHT/PROCESSED/NC/ct157-F120-20_all_prof_PROCESSED.nc,ct157-F120-20,336,2020-08-08 17:10:00,-46.4919,51.632,False,False
/Volumes/Data/Work/SEALTAGS/Prydz/FLUO_LIGHT/PROCESSED/NC/ct157-F120-20_all_prof_PROCESSED.nc,ct157-F120-20,337,2020-08-09 00:20:00,-46.3187,51.4895,False,False
/Volumes/Data/Work/SEALTAGS/Prydz/FLUO_LIGHT/PROCESSED/NC/ct157-F120-20_all_prof_PROCESSED.nc,ct157-F120-20,338,2020-08-09 21:50:00,-46.5663,50.455,False,False
/Volumes/Data/Work/SEALTAGS/Prydz/FLUO_LIGHT/PROCESSED/NC/ct157-F120-20_all_prof_PROCESSED.nc,ct157-F120-20,339,2020-08-10 02:50:00,-46.436,50.0486,False,False
/Volumes/Data/Work/SEALTAGS/Prydz/FLUO_LIGHT/PROCESSED/NC/ct160-338-20-N1_all_prof_PROCESSED.nc,ct160-338-20-N1,1,2021-01-10 09:50:00,-49.5227,70.3605,True,False
/Volumes/Data/Work/SEALTAGS/Prydz/FLUO_LIGHT/PROCESSED/NC/ct160-338-20-N1_all_prof_PROCESSED.nc,ct160-338-20-N1,2,2021-01-10 11:20:00,-49.5305,70.3544,True,False
/Volumes/Data/Work/SEALTAGS/Prydz/FLUO_LIGHT/PROCESSED/NC/ct160-338-20-N1_all_prof_PROCESSED.nc,ct160-338-20-N1,3,2021-01-10 16:20:00,-49.694,70.6511,False,False
/Volumes/Data/Work/SEALTAGS/Prydz/FLUO_LIGHT/PROCESSED/NC/ct160-338-20-N1_all_prof_PROCESSED.nc,ct160-338-20-N1,4,2021-01-11 02:10:00,-49.9334,70.971,True,False
/Volumes/Data/Work/SEALTAGS/Prydz/FLUO_LIGHT/PROCESSED/NC/ct160-338-20-N1_all_prof_PROCESSED.nc,ct160-338-20-N1,5,2021-01-11 15:00:00,-50.4115,71.493,True,False
/Volumes/Data/Work/SEALTAGS/Prydz/FLUO_LIGHT/PROCESSED/NC/ct160-338-20-N1_all_prof_PROCESSED.nc,ct160-338-20-N1,6,2021-01-12 03:10:00,-50.6879,71.9523,True,False
/Volumes/Data/Work/SEALTAGS/Prydz/FLUO_LIGHT/PROCESSED/NC/ct160-338-20-N1_all_prof_PROCESSED.nc,ct160-338-20-N1,7,2021-01-12 03:30:00,-50.7029,71.9527,True,False
/Volumes/Data/Work/SEALTAGS/Prydz/FLUO_LIGHT/PROCESSED/NC/ct160-338-20-N1_all_prof_PROCESSED.nc,ct160-338-20-N1,8,2021-01-12 20:40:00,-51.3424,71.9697,False,False
/Volumes/Data/Work/SEALTAGS/Prydz/FLUO_LIGHT/PROCESSED/NC/ct160-338-20-N1_all_prof_PROCESSED.nc,ct160-338-20-N1,9,2021-01-12 20:50:00,-51.3487,71.9761,False,False
/Volumes/Data/Work/SEALTAGS/Prydz/FLUO_LIGHT/PROCESSED/NC/ct160-338-20-N1_all_prof_PROCESSED.nc,ct160-338-20-N1,10,2021-01-13 06:50:00,-51.703,72.213,True,False
/Volumes/Data/Work/SEALTAGS/Prydz/FLUO_LIGHT/PROCESSED/NC/ct160-338-20-N1_all_prof_PROCESSED.nc,ct160-338-20-N1,11,2021-01-13 11:00:00,-51.7335,72.2235,True,False
/Volumes/Data/Work/SEALTAGS/Prydz/FLUO_LIGHT/PROCESSED/NC/ct160-338-20-N1_all_prof_PROCESSED.nc,ct160-338-20-N1,12,2021-01-13 11:30:00,-51.7574,72.21,True,False
/Volumes/Data/Work/SEALTAGS/Prydz/FLUO_LIGHT/PROCESSED/NC/ct160-338-20-N1_all_prof_PROCESSED.nc,ct160-338-20-N1,13,2021-01-13 15:10:00,-51.9463,72.207,True,False
/Volumes/Data/Work/SEALTAGS/Prydz/FLUO_LIGHT/PROCESSED/NC/ct160-338-20-N1_all_prof_PROCESSED.nc,ct160-338-20-N1,14,2021-01-13 16:30:00,-51.9958,72.2228,False,False
/Volumes/Data/Work/SEALTAGS/Prydz/FLUO_LIGHT/PROCESSED/NC/ct160-338-20-N1_all_prof_PROCESSED.nc,ct160-338-20-N1,15,2021-01-14 16:10:00,-52.9181,72.363,False,False
/Volumes/Data/Work/SEALTAGS/Prydz/FLUO_LIGHT/PROCESSED/NC/ct160-338-20-N1_all_prof_PROCESSED.nc,ct160-338-20-N1,16,2021-01-14 16:30:00,-52.9419,72.369,False,False
/Volumes/Data/Work/SEALTAGS/Prydz/FLUO_LIGHT/PROCESSED/NC/ct160-338-20-N1_all_prof_PROCESSED.nc,ct160-338-20-N1,17,2021-01-15 03:10:00,-53.4111,72.5995,True,False
/Volumes/Data/Work/SEALTAGS/Prydz/FLUO_LIGHT/PROCESSED/NC/ct160-338-20-N1_all_prof_PROCESSED.nc,ct160-338-20-N1,18,2021-01-15 06:00:00,-53.4597,72.5992,True,False
/Volumes/Data/Work/SEALTAGS/Prydz/FLUO_LIGHT/PROCESSED/NC/ct160-338-20-N1_all_prof_PROCESSED.nc,ct160-338-20-N1,19,2021-01-15 15:10:00,-53.7628,72.7445,True,False
/Volumes/Data/Work/SEALTAGS/Prydz/FLUO_LIGHT/PROCESSED/NC/ct160-338-20-N1_all_prof_PROCESSED.nc,ct160-338-20-N1,20,2021-01-15 23:10:00,-54.0111,72.7743,True,False
/Volumes/Data/Work/SEALTAGS/Prydz/FLUO_LIGHT/PROCESSED/NC/ct160-338-20-N1_all_prof_PROCESSED.nc,ct160-338-20-N1,21,2021-01-16 00:00:00,-54.0262,72.7734,True,False
/Volumes/Data/Work/SEALTAGS/Prydz/FLUO_LIGHT/PROCESSED/NC/ct160-338-20-N1_all_prof_PROCESSED.nc,ct160-338-20-N1,22,2021-01-16 15:40:00,-54.604,72.9695,False,False
/Volumes/Data/Work/SEALTAGS/Prydz/FLUO_LIGHT/PROCESSED/NC/ct160-338-20-N1_all_prof_PROCESSED.nc,ct160-338-20-N1,23,2021-01-17 04:10:00,-54.9713,73.0603,True,False
/Volumes/Data/Work/SEALTAGS/Prydz/FLUO_LIGHT/PROCESSED/NC/ct160-338-20-N1_all_prof_PROCESSED.nc,ct160-338-20-N1,24,2021-01-17 10:30:00,-54.9642,73.2658,True,False
/Volumes/Data/Work/SEALTAGS/Prydz/FLUO_LIGHT/PROCESSED/NC/ct160-338-20-N1_all_prof_PROCESSED.nc,ct160-338-20-N1,25,2021-01-17 15:40:00,-55.2513,73.2197,False,False
/Volumes/Data/Work/SEALTAGS/Prydz/FLUO_LIGHT/PROCESSED/NC/ct160-338-20-N1_all_prof_PROCESSED.nc,ct160-338-20-N1,26,2021-01-17 22:10:00,-55.4312,73.2963,False,False
/Volumes/Data/Work/SEALTAGS/Prydz/FLUO_LIGHT/PROCESSED/NC/ct160-338-20-N1_all_prof_PROCESSED.nc,ct160-338-20-N1,27,2021-01-18 02:10:00,-55.624,73.4592,True,False
/Volumes/Data/Work/SEALTAGS/Prydz/FLUO_LIGHT/PROCESSED/NC/ct160-338-20-N1_all_prof_PROCESSED.nc,ct160-338-20-N1,28,2021-01-18 14:10:00,-56.0817,73.5534,True,False
/Volumes/Data/Work/SEALTAGS/Prydz/FLUO_LIGHT/PROCESSED/NC/ct160-338-20-N1_all_prof_PROCESSED.nc,ct160-338-20-N1,29,2021-01-19 03:10:00,-56.4061,73.6406,True,False
/Volumes/Data/Work/SEALTAGS/Prydz/FLUO_LIGHT/PROCESSED/NC/ct160-338-20-N1_all_prof_PROCESSED.nc,ct160-338-20-N1,30,2021-01-19 03:20:00,-56.4171,73.6396,True,False
/Volumes/Data/Work/SEALTAGS/Prydz/FLUO_LIGHT/PROCESSED/NC/ct160-338-20-N1_all_prof_PROCESSED.nc,ct160-338-20-N1,31,2021-01-19 13:10:00,-56.782,73.7789,True,False
/Volumes/Data/Work/SEALTAGS/Prydz/FLUO_LIGHT/PROCESSED/NC/ct160-338-20-N1_all_prof_PROCESSED.nc,ct160-338-20-N1,32,2021-01-20 03:10:00,-57.2406,73.8402,True,False
/Volumes/Data/Work/SEALTAGS/Prydz/FLUO_LIGHT/PROCESSED/NC/ct160-338-20-N1_all_prof_PROCESSED.nc,ct160-338-20-N1,33,2021-01-20 04:40:00,-57.2969,73.8864,True,False
/Volumes/Data/Work/SEALTAGS/Prydz/FLUO_LIGHT/PROCESSED/NC/ct160-338-20-N1_all_prof_PROCESSED.nc,ct160-338-20-N1,34,2021-01-20 05:20:00,-57.3322,73.8967,True,False
/Volumes/Data/Work/SEALTAGS/Prydz/FLUO_LIGHT/PROCESSED/NC/ct160-338-20-N1_all_prof_PROCESSED.nc,ct160-338-20-N1,35,2021-01-20 07:50:00,-57.4578,73.949,True,False
/Volumes/Data/Work/SEALTAGS/Prydz/FLUO_LIGHT/PROCESSED/NC/ct160-338-20-N1_all_prof_PROCESSED.nc,ct160-338-20-N1,36,2021-01-20 15:00:00,-57.7494,73.9487,True,False
/Volumes/Data/Work/SEALTAGS/Prydz/FLUO_LIGHT/PROCESSED/NC/ct160-338-20-N1_all_prof_PROCESSED.nc,ct160-338-20-N1,37,2021-01-20 23:50:00,-58.02,74.0872,True,False
/Volumes/Data/Work/SEALTAGS/Prydz/FLUO_LIGHT/PROCESSED/NC/ct160-338-20-N1_all_prof_PROCESSED.nc,ct160-338-20-N1,38,2021-01-21 03:00:00,-58.1495,73.992,True,False
/Volumes/Data/Work/SEALTAGS/Prydz/FLUO_LIGHT/PROCESSED/NC/ct160-338-20-N1_all_prof_PROCESSED.nc,ct160-338-20-N1,39,2021-01-21 07:00:00,-58.3207,74.1153,True,False
/Volumes/Data/Work/SEALTAGS/Prydz/FLUO_LIGHT/PROCESSED/NC/ct160-338-20-N1_all_prof_PROCESSED.nc,ct160-338-20-N1,40,2021-01-21 15:10:00,-58.6685,74.0681,True,False
/Volumes/Data/Work/SEALTAGS/Prydz/FLUO_LIGHT/PROCESSED/NC/ct160-338-20-N1_all_prof_PROCESSED.nc,ct160-338-20-N1,41,2021-01-21 16:00:00,-58.6822,74.0676,False,False
/Volumes/Data/Work/SEALTAGS/Prydz/FLUO_LIGHT/PROCESSED/NC/ct160-338-20-N1_all_prof_PROCESSED.nc,ct160-338-20-N1,42,2021-01-22 03:00:00,-59.0022,73.9989,True,False
/Volumes/Data/Work/SEALTAGS/Prydz/FLUO_LIGHT/PROCESSED/NC/ct160-338-20-N1_all_prof_PROCESSED.nc,ct160-338-20-N1,43,2021-01-22 11:00:00,-59.3445,73.9928,True,False
/Volumes/Data/Work/SEALTAGS/Prydz/FLUO_LIGHT/PROCESSED/NC/ct160-338-20-N1_all_prof_PROCESSED.nc,ct160-338-20-N1,44,2021-01-22 15:10:00,-59.4655,73.9005,True,False
/Volumes/Data/Work/SEALTAGS/Prydz/FLUO_LIGHT/PROCESSED/NC/ct160-338-20-N1_all_prof_PROCESSED.nc,ct160-338-20-N1,45,2021-01-23 03:10:00,-59.93,73.7821,True,False
/Volumes/Data/Work/SEALTAGS/Prydz/FLUO_LIGHT/PROCESSED/NC/ct160-338-20-N1_all_prof_PROCESSED.nc,ct160-338-20-N1,46,2021-01-23 03:50:00,-59.9581,73.7939,True,False
/Volumes/Data/Work/SEALTAGS/Prydz/FLUO_LIGHT/PROCESSED/NC/ct160-338-20-N1_all_prof_PROCESSED.nc,ct160-338-20-N1,47,2021-01-23 10:20:00,-60.1955,73.7035,True,False
/Volumes/Data/Work/SEALTAGS/Prydz/FLUO_LIGHT/PROCESSED/NC/ct160-338-20-N1_all_prof_PROCESSED.nc,ct160-338-20-N1,48,2021-01-23 10:40:00,-60.2077,73.6819,True,False
/Volumes/Data/Work/SEALTAGS/Prydz/FLUO_LIGHT/PROCESSED/NC/ct160-338-20-N1_all_prof_PROCESSED.nc,ct160-338-20-N1,49,2021-01-23 15:00:00,-60.3427,73.7743,True,False
/Volumes/Data/Work/SEALTAGS/Prydz/FLUO_LIGHT/PROCESSED/NC/ct160-338-20-N1_all_prof_PROCESSED.nc,ct160-338-20-N1,50,2021-01-24 03:10:00,-60.6681,73.7051,True,False
/Volumes/Data/Work/SEALTAGS/Prydz/FLUO_LIGHT/PROCESSED/NC/ct160-338-20-N1_all_prof_PROCESSED.nc,ct160-338-20-N1,51,2021-01-24 05:20:00,-60.7563,73.7262,True,False
/Volumes/Data/Work/SEALTAGS/Prydz/FLUO_LIGHT/PROCESSED/NC/ct160-338-20-N1_all_prof_PROCESSED.nc,ct160-338-20-N1,52,2021-01-24 15:10:00,-61.1152,73.6631,True,False
/Volumes/Data/Work/SEALTAGS/Prydz/FLUO_LIGHT/PROCESSED/NC/ct160-338-20-N1_all_prof_PROCESSED.nc,ct160-338-20-N1,53,2021-01-25 02:20:00,-61.1655,73.6178,True,False
/Volumes/Data/Work/SEALTAGS/Prydz/FLUO_LIGHT/PROCESSED/NC/ct160-338-20-N1_all_prof_PROCESSED.nc,ct160-338-20-N1,54,2021-01-25 10:50:00,-61.2207,73.7086,True,False
/Volumes/Data/Work/SEALTAGS/Prydz/FLUO_LIGHT/PROCESSED/NC/ct160-338-20-N1_all_prof_PROCESSED.nc,ct160-338-20-N1,55,2021-01-25 15:10:00,-61.3881,73.7391,True,False
/Volumes/Data/Work/SEALTAGS/Prydz/FLUO_LIGHT/PROCESSED/NC/ct160-338-20-N1_all_prof_PROCESSED.nc,ct160-338-20-N1,56,2021-01-26 03:10:00,-61.5792,73.8194,True,False
/Volumes/Data/Work/SEALTAGS/Prydz/FLUO_LIGHT/PROCESSED/NC/ct160-338-20-N1_all_prof_PROCESSED.nc,ct160-338-20-N1,57,2021-01-26 04:00:00,-61.5639,73.8027,True,False
/Volumes/Data/Work/SEALTAGS/Prydz/FLUO_LIGHT/PROCESSED/NC/ct160-338-20-N1_all_prof_PROCESSED.nc,ct160-338-20-N1,58,2021-01-26 06:20:00,-61.5265,73.7044,True,False
/Volumes/Data/Work/SEALTAGS/Prydz/FLUO_LIGHT/PROCESSED/NC/ct160-338-20-N1_all_prof_PROCESSED.nc,ct160-338-20-N1,59,2021-01-26 08:40:00,-61.5209,73.7684,True,False
/Volumes/Data/Work/SEALTAGS/Prydz/FLUO_LIGHT/PROCESSED/NC/ct160-338-20-N1_all_prof_PROCESSED.nc,ct160-338-20-N1,60,2021-01-26 14:10:00,-61.4964,73.7652,True,False
/Volumes/Data/Work/SEALTAGS/Prydz/FLUO_LIGHT/PROCESSED/NC/ct160-338-20-N1_all_prof_PROCESSED.nc,ct160-338-20-N1,61,2021-01-27 03:10:00,-61.4741,73.741,True,False
/Volumes/Data/Work/SEALTAGS/Prydz/FLUO_LIGHT/PROCESSED/NC/ct160-338-20-N1_all_prof_PROCESSED.nc,ct160-338-20-N1,62,2021-01-27 04:00:00,-61.4706,73.7541,True,False
/Volumes/Data/Work/SEALTAGS/Prydz/FLUO_LIGHT/PROCESSED/NC/ct160-338-20-N1_all_prof_PROCESSED.nc,ct160-338-20-N1,63,2021-01-27 04:20:00,-61.4716,73.7575,True,False
/Volumes/Data/Work/SEALTAGS/Prydz/FLUO_LIGHT/PROCESSED/NC/ct160-338-20-N1_all_prof_PROCESSED.nc,ct160-338-20-N1,64,2021-01-27 13:10:00,-61.516,73.6677,True,False
/Volumes/Data/Work/SEALTAGS/Prydz/FLUO_LIGHT/PROCESSED/NC/ct160-338-20-N1_all_prof_PROCESSED.nc,ct160-338-20-N1,65,2021-01-28 03:00:00,-61.5067,73.6336,True,False
/Volumes/Data/Work/SEALTAGS/Prydz/FLUO_LIGHT/PROCESSED/NC/ct160-338-20-N1_all_prof_PROCESSED.nc,ct160-338-20-N1,66,2021-01-28 03:30:00,-61.5075,73.6242,True,False
/Volumes/Data/Work/SEALTAGS/Prydz/FLUO_LIGHT/PROCESSED/NC/ct160-338-20-N1_all_prof_PROCESSED.nc,ct160-338-20-N1,67,2021-01-28 05:10:00,-61.5101,73.593,True,False
/Volumes/Data/Work/SEALTAGS/Prydz/FLUO_LIGHT/PROCESSED/NC/ct160-338-20-N1_all_prof_PROCESSED.nc,ct160-338-20-N1,68,2021-01-28 05:50:00,-61.5216,73.5815,True,False
/Volumes/Data/Work/SEALTAGS/Prydz/FLUO_LIGHT/PROCESSED/NC/ct160-338-20-N1_all_prof_PROCESSED.nc,ct160-338-20-N1,69,2021-01-28 14:20:00,-61.5189,73.5636,True,False
/Volumes/Data/Work/SEALTAGS/Prydz/FLUO_LIGHT/PROCESSED/NC/ct160-338-20-N1_all_prof_PROCESSED.nc,ct160-338-20-N1,70,2021-01-28 14:50:00,-61.5174,73.5646,True,False
/Volumes/Data/Work/SEALTAGS/Prydz/FLUO_LIGHT/PROCESSED/NC/ct160-338-20-N1_all_prof_PROCESSED.nc,ct160-338-20-N1,71,2021-01-29 01:20:00,-61.5373,73.5787,True,False
/Volumes/Data/Work/SEALTAGS/Prydz/FLUO_LIGHT/PROCESSED/NC/ct160-338-20-N1_all_prof_PROCESSED.nc,ct160-338-20-N1,72,2021-01-29 13:20:00,-61.865,73.6942,True,False
/Volumes/Data/Work/SEALTAGS/Prydz/FLUO_LIGHT/PROCESSED/NC/ct160-338-20-N1_all_prof_PROCESSED.nc,ct160-338-20-N1,73,2021-01-30 01:40:00,-61.9092,73.947,True,False
/Volumes/Data/Work/SEALTAGS/Prydz/FLUO_LIGHT/PROCESSED/NC/ct160-338-20-N1_all_prof_PROCESSED.nc,ct160-338-20-N1,74,2021-01-30 15:10:00,-62.0957,74.1179,True,False
/Volumes/Data/Work/SEALTAGS/Prydz/FLUO_LIGHT/PROCESSED/NC/ct160-338-20-N1_all_prof_PROCESSED.nc,ct160-338-20-N1,75,2021-01-30 15:20:00,-62.1022,74.1308,True,False
/Volumes/Data/Work/SEALTAGS/Prydz/FLUO_LIGHT/PROCESSED/NC/ct160-338-20-N1_all_prof_PROCESSED.nc,ct160-338-20-N1,76,2021-01-31 03:30:00,-62.5541,74.0775,True,False
/Volumes/Data/Work/SEALTAGS/Prydz/FLUO_LIGHT/PROCESSED/NC/ct160-338-20-N1_all_prof_PROCESSED.nc,ct160-338-20-N1,77,2021-01-31 15:10:00,-63.087,74.2596,True,False
/Volumes/Data/Work/SEALTAGS/Prydz/FLUO_LIGHT/PROCESSED/NC/ct160-338-20-N1_all_prof_PROCESSED.nc,ct160-338-20-N1,78,2021-02-01 03:10:00,-63.4851,74.5714,True,False
/Volumes/Data/Work/SEALTAGS/Prydz/FLUO_LIGHT/PROCESSED/NC/ct160-338-20-N1_all_prof_PROCESSED.nc,ct160-338-20-N1,79,2021-02-01 04:20:00,-63.5113,74.6416,True,False
/Volumes/Data/Work/SEALTAGS/Prydz/FLUO_LIGHT/PROCESSED/NC/ct160-338-20-N1_all_prof_PROCESSED.nc,ct160-338-20-N1,80,2021-02-01 11:40:00,-63.7547,74.5583,True,False
/Volumes/Data/Work/SEALTAGS/Prydz/FLUO_LIGHT/PROCESSED/NC/ct160-338-20-N1_all_prof_PROCESSED.nc,ct160-338-20-N1,81,2021-02-01 14:30:00,-63.8237,74.7051,True,False
/Volumes/Data/Work/SEALTAGS/Prydz/FLUO_LIGHT/PROCESSED/NC/ct160-338-20-N1_all_prof_PROCESSED.nc,ct160-338-20-N1,82,2021-02-01 15:10:00,-63.8132,74.7609,True,False
/Volumes/Data/Work/SEALTAGS/Prydz/FLUO_LIGHT/PROCESSED/NC/ct160-338-20-N1_all_prof_PROCESSED.nc,ct160-338-20-N1,83,2021-02-02 02:20:00,-64.0877,75.1128,True,False
/Volumes/Data/Work/SEALTAGS/Prydz/FLUO_LIGHT/PROCESSED/NC/ct160-338-20-N1_all_prof_PROCESSED.nc,ct160-338-20-N1,84,2021-02-02 14:00:00,-64.3455,75.5302,True,False
/Volumes/Data/Work/SEALTAGS/Prydz/FLUO_LIGHT/PROCESSED/NC/ct160-338-20-N1_all_prof_PROCESSED.nc,ct160-338-20-N1,85,2021-02-02 20:20:00,-64.3045,75.5384,False,False
/Volumes/Data/Work/SEALTAGS/Prydz/FLUO_LIGHT/PROCESSED/NC/ct160-338-20-N1_all_prof_PROCESSED.nc,ct160-338-20-N1,86,2021-02-03 03:10:00,-64.2849,75.5505,True,False
/Volumes/Data/Work/SEALTAGS/Prydz/FLUO_LIGHT/PROCESSED/NC/ct160-338-20-N1_all_prof_PROCESSED.nc,ct160-338-20-N1,87,2021-02-03 04:10:00,-64.2892,75.5662,True,False
/Volumes/Data/Work/SEALTAGS/Prydz/FLUO_LIGHT/PROCESSED/NC/ct160-338-20-N1_all_prof_PROCESSED.nc,ct160-338-20-N1,88,2021-02-03 15:10:00,-64.5366,75.7952,True,False
/Volumes/Data/Work/SEALTAGS/Prydz/FLUO_LIGHT/PROCESSED/NC/ct160-338-20-N1_all_prof_PROCESSED.nc,ct160-338-20-N1,89,2021-02-03 19:40:00,-64.7025,75.6584,False,False
/Volumes/Data/Work/SEALTAGS/Prydz/FLUO_LIGHT/PROCESSED/NC/ct160-338-20-N1_all_prof_PROCESSED.nc,ct160-338-20-N1,90,2021-02-04 03:10:00,-64.7923,75.5653,True,False
/Volumes/Data/Work/SEALTAGS/Prydz/FLUO_LIGHT/PROCESSED/NC/ct160-338-20-N1_all_prof_PROCESSED.nc,ct160-338-20-N1,91,2021-02-04 03:50:00,-64.8018,75.5885,True,False
/Volumes/Data/Work/SEALTAGS/Prydz/FLUO_LIGHT/PROCESSED/NC/ct160-338-20-N1_all_prof_PROCESSED.nc,ct160-338-20-N1,92,2021-02-04 08:50:00,-64.7974,75.5181,True,False
/Volumes/Data/Work/SEALTAGS/Prydz/FLUO_LIGHT/PROCESSED/NC/ct160-338-20-N1_all_prof_PROCESSED.nc,ct160-338-20-N1,93,2021-02-04 15:10:00,-64.8099,75.5809,True,False
/Volumes/Data/Work/SEALTAGS/Prydz/FLUO_LIGHT/PROCESSED/NC/ct160-338-20-N1_all_prof_PROCESSED.nc,ct160-338-20-N1,94,2021-02-04 17:50:00,-64.8258,75.5731,False,False
/Volumes/Data/Work/SEALTAGS/Prydz/FLUO_LIGHT/PROCESSED/NC/ct160-338-20-N1_all_prof_PROCESSED.nc,ct160-338-20-N1,95,2021-02-05 03:30:00,-64.8191,75.5943,True,False
/Volumes/Data/Work/SEALTAGS/Prydz/FLUO_LIGHT/PROCESSED/NC/ct160-338-20-N1_all_prof_PROCESSED.nc,ct160-338-20-N1,96,2021-02-05 05:20:00,-64.8368,75.6328,True,False
/Volumes/Data/Work/SEALTAGS/Prydz/FLUO_LIGHT/PROCESSED/NC/ct160-338-20-N1_all_prof_PROCESSED.nc,ct160-338-20-N1,97,2021-02-05 05:40:00,-64.84,75.6398,True,False
/Volumes/Data/Work/SEALTAGS/Prydz/FLUO_LIGHT/PROCESSED/NC/ct160-338-20-N1_all_prof_PROCESSED.nc,ct160-338-20-N1,98,2021-02-05 15:00:00,-64.8714,75.6446,True,False
/Volumes/Data/Work/SEALTAGS/Prydz/FLUO_LIGHT/PROCESSED/NC/ct160-338-20-N1_all_prof_PROCESSED.nc,ct160-338-20-N1,99,2021-02-06 03:10:00,-64.9137,75.7021,True,False
/Volumes/Data/Work/SEALTAGS/Prydz/FLUO_LIGHT/PROCESSED/NC/ct160-338-20-N1_all_prof_PROCESSED.nc,ct160-338-20-N1,100,2021-02-06 03:50:00,-64.9275,75.7019,True,False
/Volumes/Data/Work/SEALTAGS/Prydz/FLUO_LIGHT/PROCESSED/NC/ct160-338-20-N1_all_prof_PROCESSED.nc,ct160-338-20-N1,101,2021-02-06 15:10:00,-64.9741,75.5864,True,False
/Volumes/Data/Work/SEALTAGS/Prydz/FLUO_LIGHT/PROCESSED/NC/ct160-338-20-N1_all_prof_PROCESSED.nc,ct160-338-20-N1,102,2021-02-07 02:40:00,-65.1164,75.8024,True,False
/Volumes/Data/Work/SEALTAGS/Prydz/FLUO_LIGHT/PROCESSED/NC/ct160-338-20-N1_all_prof_PROCESSED.nc,ct160-338-20-N1,103,2021-02-07 04:50:00,-65.1486,75.7799,True,False
/Volumes/Data/Work/SEALTAGS/Prydz/FLUO_LIGHT/PROCESSED/NC/ct160-338-20-N1_all_prof_PROCESSED.nc,ct160-338-20-N1,104,2021-02-07 14:20:00,-65.362,75.4725,True,False
/Volumes/Data/Work/SEALTAGS/Prydz/FLUO_LIGHT/PROCESSED/NC/ct160-338-20-N1_all_prof_PROCESSED.nc,ct160-338-20-N1,105,2021-02-08 03:00:00,-65.4875,75.451,True,False
/Volumes/Data/Work/SEALTAGS/Prydz/FLUO_LIGHT/PROCESSED/NC/ct160-338-20-N1_all_prof_PROCESSED.nc,ct160-338-20-N1,106,2021-02-08 04:40:00,-65.4953,75.4174,True,False
/Volumes/Data/Work/SEALTAGS/Prydz/FLUO_LIGHT/PROCESSED/NC/ct160-338-20-N1_all_prof_PROCESSED.nc,ct160-338-20-N1,107,2021-02-08 15:00:00,-65.5126,75.4697,True,False
/Volumes/Data/Work/SEALTAGS/Prydz/FLUO_LIGHT/PROCESSED/NC/ct160-338-20-N1_all_prof_PROCESSED.nc,ct160-338-20-N1,108,2021-02-09 03:00:00,-65.5082,75.3477,True,False
/Volumes/Data/Work/SEALTAGS/Prydz/FLUO_LIGHT/PROCESSED/NC/ct160-338-20-N1_all_prof_PROCESSED.nc,ct160-338-20-N1,109,2021-02-09 03:40:00,-65.5198,75.3906,True,False
/Volumes/Data/Work/SEALTAGS/Prydz/FLUO_LIGHT/PROCESSED/NC/ct160-338-20-N1_all_prof_PROCESSED.nc,ct160-338-20-N1,110,2021-02-09 05:10:00,-65.5379,75.4656,True,False
/Volumes/Data/Work/SEALTAGS/Prydz/FLUO_LIGHT/PROCESSED/NC/ct160-338-20-N1_all_prof_PROCESSED.nc,ct160-338-20-N1,111,2021-02-09 15:10:00,-65.5443,75.4816,True,False
/Volumes/Data/Work/SEALTAGS/Prydz/FLUO_LIGHT/PROCESSED/NC/ct160-338-20-N1_all_prof_PROCESSED.nc,ct160-338-20-N1,112,2021-02-09 15:40:00,-65.5464,75.4818,True,False
/Volumes/Data/Work/SEALTAGS/Prydz/FLUO_LIGHT/PROCESSED/NC/ct160-338-20-N1_all_prof_PROCESSED.nc,ct160-338-20-N1,113,2021-02-09 18:20:00,-65.5454,75.4305,False,False
/Volumes/Data/Work/SEALTAGS/Prydz/FLUO_LIGHT/PROCESSED/NC/ct160-338-20-N1_all_prof_PROCESSED.nc,ct160-338-20-N1,114,2021-02-09 19:20:00,-65.5457,75.4467,False,False
/Volumes/Data/Work/SEALTAGS/Prydz/FLUO_LIGHT/PROCESSED/NC/ct160-338-20-N1_all_prof_PROCESSED.nc,ct160-338-20-N1,115,2021-02-10 03:30:00,-65.5816,75.4472,True,False
/Volumes/Data/Work/SEALTAGS/Prydz/FLUO_LIGHT/PROCESSED/NC/ct160-338-20-N1_all_prof_PROCESSED.nc,ct160-338-20-N1,116,2021-02-10 08:40:00,-65.5972,75.3966,True,False
/Volumes/Data/Work/SEALTAGS/Prydz/FLUO_LIGHT/PROCESSED/NC/ct160-338-20-N1_all_prof_PROCESSED.nc,ct160-338-20-N1,117,2021-02-10 15:10:00,-65.5901,75.4247,True,False
/Volumes/Data/Work/SEALTAGS/Prydz/FLUO_LIGHT/PROCESSED/NC/ct160-338-20-N1_all_prof_PROCESSED.nc,ct160-338-20-N1,118,2021-02-10 17:30:00,-65.6175,75.4688,False,False
/Volumes/Data/Work/SEALTAGS/Prydz/FLUO_LIGHT/PROCESSED/NC/ct160-338-20-N1_all_prof_PROCESSED.nc,ct160-338-20-N1,119,2021-02-10 20:10:00,-65.6239,75.3981,False,False
/Volumes/Data/Work/SEALTAGS/Prydz/FLUO_LIGHT/PROCESSED/NC/ct160-338-20-N1_all_prof_PROCESSED.nc,ct160-338-20-N1,120,2021-02-11 03:00:00,-65.6293,75.3983,True,False
/Volumes/Data/Work/SEALTAGS/Prydz/FLUO_LIGHT/PROCESSED/NC/ct160-338-20-N1_all_prof_PROCESSED.nc,ct160-338-20-N1,121,2021-02-11 05:40:00,-65.5991,75.3525,True,False
/Volumes/Data/Work/SEALTAGS/Prydz/FLUO_LIGHT/PROCESSED/NC/ct160-338-20-N1_all_prof_PROCESSED.nc,ct160-338-20-N1,122,2021-02-11 07:40:00,-65.6334,75.3793,True,False
/Volumes/Data/Work/SEALTAGS/Prydz/FLUO_LIGHT/PROCESSED/NC/ct160-338-20-N1_all_prof_PROCESSED.nc,ct160-338-20-N1,123,2021-02-11 15:00:00,-65.6154,75.3565,True,False
/Volumes/Data/Work/SEALTAGS/Prydz/FLUO_LIGHT/PROCESSED/NC/ct160-338-20-N1_all_prof_PROCESSED.nc,ct160-338-20-N1,124,2021-02-12 15:10:00,-65.6532,75.1882,True,False
/Volumes/Data/Work/SEALTAGS/Prydz/FLUO_LIGHT/PROCESSED/NC/ct160-338-20-N1_all_prof_PROCESSED.nc,ct160-338-20-N1,125,2021-02-12 19:10:00,-65.6676,75.2251,False,False
/Volumes/Data/Work/SEALTAGS/Prydz/FLUO_LIGHT/PROCESSED/NC/ct160-338-20-N1_all_prof_PROCESSED.nc,ct160-338-20-N1,126,2021-02-13 03:00:00,-65.6825,75.2669,True,False
/Volumes/Data/Work/SEALTAGS/Prydz/FLUO_LIGHT/PROCESSED/NC/ct160-338-20-N1_all_prof_PROCESSED.nc,ct160-338-20-N1,127,2021-02-13 06:20:00,-65.6893,75.2366,True,False
/Volumes/Data/Work/SEALTAGS/Prydz/FLUO_LIGHT/PROCESSED/NC/ct160-338-20-N1_all_prof_PROCESSED.nc,ct160-338-20-N1,128,2021-02-13 15:20:00,-65.7133,75.2414,True,False
/Volumes/Data/Work/SEALTAGS/Prydz/FLUO_LIGHT/PROCESSED/NC/ct160-338-20-N1_all_prof_PROCESSED.nc,ct160-338-20-N1,129,2021-02-13 15:50:00,-65.7065,75.2528,False,False
/Volumes/Data/Work/SEALTAGS/Prydz/FLUO_LIGHT/PROCESSED/NC/ct160-338-20-N1_all_prof_PROCESSED.nc,ct160-338-20-N1,130,2021-02-14 03:30:00,-65.7102,75.2917,True,False
/Volumes/Data/Work/SEALTAGS/Prydz/FLUO_LIGHT/PROCESSED/NC/ct160-338-20-N1_all_prof_PROCESSED.nc,ct160-338-20-N1,131,2021-02-14 15:00:00,-65.8057,75.2279,True,False
/Volumes/Data/Work/SEALTAGS/Prydz/FLUO_LIGHT/PROCESSED/NC/ct160-338-20-N1_all_prof_PROCESSED.nc,ct160-338-20-N1,132,2021-02-15 03:10:00,-65.8979,74.846,True,False
/Volumes/Data/Work/SEALTAGS/Prydz/FLUO_LIGHT/PROCESSED/NC/ct160-338-20-N1_all_prof_PROCESSED.nc,ct160-338-20-N1,133,2021-02-15 07:40:00,-65.9056,74.8784,True,False
/Volumes/Data/Work/SEALTAGS/Prydz/FLUO_LIGHT/PROCESSED/NC/ct160-338-20-N1_all_prof_PROCESSED.nc,ct160-338-20-N1,134,2021-02-15 15:10:00,-65.9488,74.9891,True,False
/Volumes/Data/Work/SEALTAGS/Prydz/FLUO_LIGHT/PROCESSED/NC/ct160-338-20-N1_all_prof_PROCESSED.nc,ct160-338-20-N1,135,2021-02-15 16:50:00,-65.913,74.8946,False,False
/Volumes/Data/Work/SEALTAGS/Prydz/FLUO_LIGHT/PROCESSED/NC/ct160-338-20-N1_all_prof_PROCESSED.nc,ct160-338-20-N1,136,2021-02-15 17:50:00,-65.9119,74.9425,False,False
/Volumes/Data/Work/SEALTAGS/Prydz/FLUO_LIGHT/PROCESSED/NC/ct160-338-20-N1_all_prof_PROCESSED.nc,ct160-338-20-N1,137,2021-02-16 02:50:00,-65.9543,74.7237,True,False
/Volumes/Data/Work/SEALTAGS/Prydz/FLUO_LIGHT/PROCESSED/NC/ct160-338-20-N1_all_prof_PROCESSED.nc,ct160-338-20-N1,138,2021-02-16 14:20:00,-65.9576,74.6276,True,False
/Volumes/Data/Work/SEALTAGS/Prydz/FLUO_LIGHT/PROCESSED/NC/ct160-338-20-N1_all_prof_PROCESSED.nc,ct160-338-20-N1,139,2021-02-17 03:10:00,-66.0475,75.1742,True,False
/Volumes/Data/Work/SEALTAGS/Prydz/FLUO_LIGHT/PROCESSED/NC/ct160-338-20-N1_all_prof_PROCESSED.nc,ct160-338-20-N1,140,2021-02-17 05:00:00,-66.0098,75.1675,True,False
/Volumes/Data/Work/SEALTAGS/Prydz/FLUO_LIGHT/PROCESSED/NC/ct160-338-20-N1_all_prof_PROCESSED.nc,ct160-338-20-N1,141,2021-02-17 06:30:00,-66.0165,75.1855,True,False
/Volumes/Data/Work/SEALTAGS/Prydz/FLUO_LIGHT/PROCESSED/NC/ct160-338-20-N1_all_prof_PROCESSED.nc,ct160-338-20-N1,142,2021-02-17 15:10:00,-66.0971,75.6416,True,False
/Volumes/Data/Work/SEALTAGS/Prydz/FLUO_LIGHT/PROCESSED/NC/ct160-338-20-N1_all_prof_PROCESSED.nc,ct160-338-20-N1,143,2021-02-18 03:00:00,-66.4852,75.8619,True,False
/Volumes/Data/Work/SEALTAGS/Prydz/FLUO_LIGHT/PROCESSED/NC/ct160-338-20-N1_all_prof_PROCESSED.nc,ct160-338-20-N1,144,2021-02-18 03:40:00,-66.4844,75.8492,True,False
/Volumes/Data/Work/SEALTAGS/Prydz/FLUO_LIGHT/PROCESSED/NC/ct160-338-20-N1_all_prof_PROCESSED.nc,ct160-338-20-N1,145,2021-02-18 15:40:00,-66.7475,76.5651,False,False
/Volumes/Data/Work/SEALTAGS/Prydz/FLUO_LIGHT/PROCESSED/NC/ct160-338-20-N1_all_prof_PROCESSED.nc,ct160-338-20-N1,146,2021-02-19 03:10:00,-66.9458,76.759,True,False
/Volumes/Data/Work/SEALTAGS/Prydz/FLUO_LIGHT/PROCESSED/NC/ct160-338-20-N1_all_prof_PROCESSED.nc,ct160-338-20-N1,147,2021-02-19 06:40:00,-66.9619,76.6157,True,False
/Volumes/Data/Work/SEALTAGS/Prydz/FLUO_LIGHT/PROCESSED/NC/ct160-338-20-N1_all_prof_PROCESSED.nc,ct160-338-20-N1,148,2021-02-19 07:30:00,-66.9561,76.5774,True,False
/Volumes/Data/Work/SEALTAGS/Prydz/FLUO_LIGHT/PROCESSED/NC/ct160-338-20-N1_all_prof_PROCESSED.nc,ct160-338-20-N1,149,2021-02-19 08:00:00,-66.9526,76.5543,True,False
/Volumes/Data/Work/SEALTAGS/Prydz/FLUO_LIGHT/PROCESSED/NC/ct160-338-20-N1_all_prof_PROCESSED.nc,ct160-338-20-N1,150,2021-02-19 15:10:00,-66.9791,76.3372,False,False
/Volumes/Data/Work/SEALTAGS/Prydz/FLUO_LIGHT/PROCESSED/NC/ct160-338-20-N1_all_prof_PROCESSED.nc,ct160-338-20-N1,151,2021-02-20 03:20:00,-67.2285,76.1654,True,False
/Volumes/Data/Work/SEALTAGS/Prydz/FLUO_LIGHT/PROCESSED/NC/ct160-338-20-N1_all_prof_PROCESSED.nc,ct160-338-20-N1,152,2021-02-20 15:20:00,-67.5002,76.6451,False,False
/Volumes/Data/Work/SEALTAGS/Prydz/FLUO_LIGHT/PROCESSED/NC/ct160-338-20-N1_all_prof_PROCESSED.nc,ct160-338-20-N1,153,2021-02-21 03:10:00,-67.5744,76.9731,True,False
/Volumes/Data/Work/SEALTAGS/Prydz/FLUO_LIGHT/PROCESSED/NC/ct160-338-20-N1_all_prof_PROCESSED.nc,ct160-338-20-N1,154,2021-02-21 16:10:00,-67.6885,77.1958,False,False
/Volumes/Data/Work/SEALTAGS/Prydz/FLUO_LIGHT/PROCESSED/NC/ct160-338-20-N1_all_prof_PROCESSED.nc,ct160-338-20-N1,155,2021-02-22 03:10:00,-67.7381,77.2018,True,False
/Volumes/Data/Work/SEALTAGS/Prydz/FLUO_LIGHT/PROCESSED/NC/ct160-338-20-N1_all_prof_PROCESSED.nc,ct160-338-20-N1,156,2021-02-22 15:00:00,-67.7788,77.3094,False,False
/Volumes/Data/Work/SEALTAGS/Prydz/FLUO_LIGHT/PROCESSED/NC/ct160-338-20-N1_all_prof_PROCESSED.nc,ct160-338-20-N1,157,2021-02-23 02:30:00,-67.9977,77.9734,True,False
/Volumes/Data/Work/SEALTAGS/Prydz/FLUO_LIGHT/PROCESSED/NC/ct160-338-20-N1_all_prof_PROCESSED.nc,ct160-338-20-N1,158,2021-02-23 14:20:00,-67.9212,78.1814,True,False
/Volumes/Data/Work/SEALTAGS/Prydz/FLUO_LIGHT/PROCESSED/NC/ct160-338-20-N1_all_prof_PROCESSED.nc,ct160-338-20-N1,159,2021-02-24 09:00:00,-68.1898,78.6777,True,False
/Volumes/Data/Work/SEALTAGS/Prydz/FLUO_LIGHT/PROCESSED/NC/ct160-338-20-N1_all_prof_PROCESSED.nc,ct160-338-20-N1,160,2021-02-24 20:10:00,-68.1627,78.7988,False,False
/Volumes/Data/Work/SEALTAGS/Prydz/FLUO_LIGHT/PROCESSED/NC/ct160-338-20-N1_all_prof_PROCESSED.nc,ct160-338-20-N1,161,2021-02-24 23:10:00,-68.0504,78.9115,False,False
/Volumes/Data/Work/SEALTAGS/Prydz/FLUO_LIGHT/PROCESSED/NC/ct160-338-20-N1_all_prof_PROCESSED.nc,ct160-338-20-N1,162,2021-02-25 09:00:00,-68.1081,78.7388,True,False
/Volumes/Data/Work/SEALTAGS/Prydz/FLUO_LIGHT/PROCESSED/NC/ct160-338-20-N1_all_prof_PROCESSED.nc,ct160-338-20-N1,163,2021-02-25 10:00:00,-68.1124,78.7095,True,False
/Volumes/Data/Work/SEALTAGS/Prydz/FLUO_LIGHT/PROCESSED/NC/ct160-338-20-N1_all_prof_PROCESSED.nc,ct160-338-20-N1,164,2021-02-25 17:50:00,-68.1204,78.5031,False,False
/Volumes/Data/Work/SEALTAGS/Prydz/FLUO_LIGHT/PROCESSED/NC/ct160-338-20-N1_all_prof_PROCESSED.nc,ct160-338-20-N1,165,2021-02-25 19:00:00,-68.1126,78.4719,False,False
/Volumes/Data/Work/SEALTAGS/Prydz/FLUO_LIGHT/PROCESSED/NC/ct160-338-20-N1_all_prof_PROCESSED.nc,ct160-338-20-N1,166,2021-02-26 09:00:00,-68.1951,78.2746,True,False
/Volumes/Data/Work/SEALTAGS/Prydz/FLUO_LIGHT/PROCESSED/NC/ct160-338-20-N1_all_prof_PROCESSED.nc,ct160-338-20-N1,167,2021-02-26 16:30:00,-68.2167,78.3622,False,False
/Volumes/Data/Work/SEALTAGS/Prydz/FLUO_LIGHT/PROCESSED/NC/ct160-338-20-N1_all_prof_PROCESSED.nc,ct160-338-20-N1,168,2021-02-26 17:20:00,-68.2117,78.2761,False,False
/Volumes/Data/Work/SEALTAGS/Prydz/FLUO_LIGHT/PROCESSED/NC/ct160-338-20-N1_all_prof_PROCESSED.nc,ct160-338-20-N1,169,2021-02-27 03:10:00,-68.2806,77.8898,True,False
/Volumes/Data/Work/SEALTAGS/Prydz/FLUO_LIGHT/PROCESSED/NC/ct160-338-20-N1_all_prof_PROCESSED.nc,ct160-338-20-N1,170,2021-02-27 04:40:00,-68.2597,77.8546,True,False
/Volumes/Data/Work/SEALTAGS/Prydz/FLUO_LIGHT/PROCESSED/NC/ct160-338-20-N1_all_prof_PROCESSED.nc,ct160-338-20-N1,171,2021-02-27 06:20:00,-68.239,77.9165,True,False
/Volumes/Data/Work/SEALTAGS/Prydz/FLUO_LIGHT/PROCESSED/NC/ct160-338-20-N1_all_prof_PROCESSED.nc,ct160-338-20-N1,172,2021-02-27 15:10:00,-68.3447,77.9076,False,False
/Volumes/Data/Work/SEALTAGS/Prydz/FLUO_LIGHT/PROCESSED/NC/ct160-338-20-N1_all_prof_PROCESSED.nc,ct160-338-20-N1,173,2021-02-27 22:10:00,-68.3017,77.9737,False,False
/Volumes/Data/Work/SEALTAGS/Prydz/FLUO_LIGHT/PROCESSED/NC/ct160-338-20-N1_all_prof_PROCESSED.nc,ct160-338-20-N1,174,2021-02-28 03:20:00,-68.348,77.9748,True,False
/Volumes/Data/Work/SEALTAGS/Prydz/FLUO_LIGHT/PROCESSED/NC/ct160-338-20-N1_all_prof_PROCESSED.nc,ct160-338-20-N1,175,2021-02-28 15:10:00,-68.3478,78.0443,False,False
/Volumes/Data/Work/SEALTAGS/Prydz/FLUO_LIGHT/PROCESSED/NC/ct160-338-20-N1_all_prof_PROCESSED.nc,ct160-338-20-N1,176,2021-02-28 15:30:00,-68.3512,78.035,False,False
/Volumes/Data/Work/SEALTAGS/Prydz/FLUO_LIGHT/PROCESSED/NC/ct160-338-20-N1_all_prof_PROCESSED.nc,ct160-338-20-N1,177,2021-03-01 09:10:00,-68.2572,78.1408,True,False
/Volumes/Data/Work/SEALTAGS/Prydz/FLUO_LIGHT/PROCESSED/NC/ct160-338-20-N1_all_prof_PROCESSED.nc,ct160-338-20-N1,178,2021-03-01 15:30:00,-68.24,78.1909,False,False
/Volumes/Data/Work/SEALTAGS/Prydz/FLUO_LIGHT/PROCESSED/NC/ct160-338-20-N1_all_prof_PROCESSED.nc,ct160-338-20-N1,179,2021-03-02 04:20:00,-68.2083,78.312,True,False
/Volumes/Data/Work/SEALTAGS/Prydz/FLUO_LIGHT/PROCESSED/NC/ct160-338-20-N1_all_prof_PROCESSED.nc,ct160-338-20-N1,180,2021-03-02 06:30:00,-68.1974,78.4278,True,False
/Volumes/Data/Work/SEALTAGS/Prydz/FLUO_LIGHT/PROCESSED/NC/ct160-338-20-N1_all_prof_PROCESSED.nc,ct160-338-20-N1,181,2021-03-02 15:00:00,-68.2398,78.0715,False,False
/Volumes/Data/Work/SEALTAGS/Prydz/FLUO_LIGHT/PROCESSED/NC/ct160-338-20-N1_all_prof_PROCESSED.nc,ct160-338-20-N1,182,2021-03-02 15:20:00,-68.241,78.026,False,False
/Volumes/Data/Work/SEALTAGS/Prydz/FLUO_LIGHT/PROCESSED/NC/ct160-338-20-N1_all_prof_PROCESSED.nc,ct160-338-20-N1,183,2021-03-03 03:30:00,-68.3293,78.0323,True,False
/Volumes/Data/Work/SEALTAGS/Prydz/FLUO_LIGHT/PROCESSED/NC/ct160-338-20-N1_all_prof_PROCESSED.nc,ct160-338-20-N1,184,2021-03-03 06:20:00,-68.3126,77.8482,True,False
/Volumes/Data/Work/SEALTAGS/Prydz/FLUO_LIGHT/PROCESSED/NC/ct160-338-20-N1_all_prof_PROCESSED.nc,ct160-338-20-N1,185,2021-03-03 15:10:00,-68.2608,78.0611,False,False
/Volumes/Data/Work/SEALTAGS/Prydz/FLUO_LIGHT/PROCESSED/NC/ct160-338-20-N1_all_prof_PROCESSED.nc,ct160-338-20-N1,186,2021-03-03 17:20:00,-68.2632,77.944,False,False
/Volumes/Data/Work/SEALTAGS/Prydz/FLUO_LIGHT/PROCESSED/NC/ct160-338-20-N1_all_prof_PROCESSED.nc,ct160-338-20-N1,187,2021-03-03 18:10:00,-68.2636,77.9491,False,False
/Volumes/Data/Work/SEALTAGS/Prydz/FLUO_LIGHT/PROCESSED/NC/ct160-338-20-N1_all_prof_PROCESSED.nc,ct160-338-20-N1,188,2021-03-04 02:30:00,-68.3207,77.8663,True,False
/Volumes/Data/Work/SEALTAGS/Prydz/FLUO_LIGHT/PROCESSED/NC/ct160-338-20-N1_all_prof_PROCESSED.nc,ct160-338-20-N1,189,2021-03-04 15:00:00,-68.259,77.5553,False,False
/Volumes/Data/Work/SEALTAGS/Prydz/FLUO_LIGHT/PROCESSED/NC/ct160-338-20-N1_all_prof_PROCESSED.nc,ct160-338-20-N1,190,2021-03-05 03:10:00,-68.3475,76.9314,True,False
/Volumes/Data/Work/SEALTAGS/Prydz/FLUO_LIGHT/PROCESSED/NC/ct160-338-20-N1_all_prof_PROCESSED.nc,ct160-338-20-N1,191,2021-03-05 09:30:00,-68.3828,77.1472,True,False
/Volumes/Data/Work/SEALTAGS/Prydz/FLUO_LIGHT/PROCESSED/NC/ct160-338-20-N1_all_prof_PROCESSED.nc,ct160-338-20-N1,192,2021-03-05 14:50:00,-68.371,77.0065,False,False
/Volumes/Data/Work/SEALTAGS/Prydz/FLUO_LIGHT/PROCESSED/NC/ct160-338-20-N1_all_prof_PROCESSED.nc,ct160-338-20-N1,193,2021-03-06 03:00:00,-68.3726,77.0621,True,False
/Volumes/Data/Work/SEALTAGS/Prydz/FLUO_LIGHT/PROCESSED/NC/ct160-338-20-N1_all_prof_PROCESSED.nc,ct160-338-20-N1,194,2021-03-06 04:40:00,-68.3894,76.9946,True,False
/Volumes/Data/Work/SEALTAGS/Prydz/FLUO_LIGHT/PROCESSED/NC/ct160-338-20-N1_all_prof_PROCESSED.nc,ct160-338-20-N1,195,2021-03-06 14:40:00,-68.4324,76.9235,False,False
/Volumes/Data/Work/SEALTAGS/Prydz/FLUO_LIGHT/PROCESSED/NC/ct160-338-20-N1_all_prof_PROCESSED.nc,ct160-338-20-N1,196,2021-03-07 02:10:00,-68.3507,76.6321,True,False
/Volumes/Data/Work/SEALTAGS/Prydz/FLUO_LIGHT/PROCESSED/NC/ct160-338-20-N1_all_prof_PROCESSED.nc,ct160-338-20-N1,197,2021-03-07 15:10:00,-68.4423,76.6992,False,False
/Volumes/Data/Work/SEALTAGS/Prydz/FLUO_LIGHT/PROCESSED/NC/ct160-338-20-N1_all_prof_PROCESSED.nc,ct160-338-20-N1,198,2021-03-07 16:30:00,-68.4478,76.5458,False,False
/Volumes/Data/Work/SEALTAGS/Prydz/FLUO_LIGHT/PROCESSED/NC/ct160-338-20-N1_all_prof_PROCESSED.nc,ct160-338-20-N1,199,2021-03-08 02:10:00,-68.4688,76.2646,True,False
/Volumes/Data/Work/SEALTAGS/Prydz/FLUO_LIGHT/PROCESSED/NC/ct160-338-20-N1_all_prof_PROCESSED.nc,ct160-338-20-N1,200,2021-03-08 15:10:00,-68.4903,76.122,False,False
/Volumes/Data/Work/SEALTAGS/Prydz/FLUO_LIGHT/PROCESSED/NC/ct160-338-20-N1_all_prof_PROCESSED.nc,ct160-338-20-N1,201,2021-03-08 18:50:00,-68.4589,76.1611,False,False
/Volumes/Data/Work/SEALTAGS/Prydz/FLUO_LIGHT/PROCESSED/NC/ct160-338-20-N1_all_prof_PROCESSED.nc,ct160-338-20-N1,202,2021-03-09 02:30:00,-68.3535,76.4493,True,False
/Volumes/Data/Work/SEALTAGS/Prydz/FLUO_LIGHT/PROCESSED/NC/ct160-338-20-N1_all_prof_PROCESSED.nc,ct160-338-20-N1,203,2021-03-09 15:20:00,-68.3701,76.9697,False,False
/Volumes/Data/Work/SEALTAGS/Prydz/FLUO_LIGHT/PROCESSED/NC/ct160-338-20-N1_all_prof_PROCESSED.nc,ct160-338-20-N1,204,2021-03-09 17:30:00,-68.3604,77.1922,False,False
/Volumes/Data/Work/SEALTAGS/Prydz/FLUO_LIGHT/PROCESSED/NC/ct160-338-20-N1_all_prof_PROCESSED.nc,ct160-338-20-N1,205,2021-03-10 09:10:00,-68.3833,78.0683,True,False
/Volumes/Data/Work/SEALTAGS/Prydz/FLUO_LIGHT/PROCESSED/NC/ct160-338-20-N1_all_prof_PROCESSED.nc,ct160-338-20-N1,206,2021-03-10 10:40:00,-68.3143,77.8753,True,False
/Volumes/Data/Work/SEALTAGS/Prydz/FLUO_LIGHT/PROCESSED/NC/ct160-338-20-N1_all_prof_PROCESSED.nc,ct160-338-20-N1,207,2021-03-10 11:10:00,-68.3283,77.9018,True,False
/Volumes/Data/Work/SEALTAGS/Prydz/FLUO_LIGHT/PROCESSED/NC/ct160-338-20-N1_all_prof_PROCESSED.nc,ct160-338-20-N1,208,2021-03-10 19:00:00,-68.319,78.0078,False,False
/Volumes/Data/Work/SEALTAGS/Prydz/FLUO_LIGHT/PROCESSED/NC/ct160-338-20-N1_all_prof_PROCESSED.nc,ct160-338-20-N1,209,2021-03-10 20:40:00,-68.2944,77.9469,False,False
/Volumes/Data/Work/SEALTAGS/Prydz/FLUO_LIGHT/PROCESSED/NC/ct160-338-20-N1_all_prof_PROCESSED.nc,ct160-338-20-N1,210,2021-03-11 10:20:00,-68.2385,78.4256,True,False
/Volumes/Data/Work/SEALTAGS/Prydz/FLUO_LIGHT/PROCESSED/NC/ct160-338-20-N1_all_prof_PROCESSED.nc,ct160-338-20-N1,211,2021-03-11 21:10:00,-68.2183,78.5848,False,False
/Volumes/Data/Work/SEALTAGS/Prydz/FLUO_LIGHT/PROCESSED/NC/ct160-338-20-N1_all_prof_PROCESSED.nc,ct160-338-20-N1,212,2021-03-12 09:10:00,-68.1656,78.6246,True,False
/Volumes/Data/Work/SEALTAGS/Prydz/FLUO_LIGHT/PROCESSED/NC/ct160-338-20-N1_all_prof_PROCESSED.nc,ct160-338-20-N1,213,2021-03-12 11:00:00,-68.1555,78.3631,True,False
/Volumes/Data/Work/SEALTAGS/Prydz/FLUO_LIGHT/PROCESSED/NC/ct160-338-20-N1_all_prof_PROCESSED.nc,ct160-338-20-N1,214,2021-03-12 11:40:00,-68.1468,78.3444,True,False
/Volumes/Data/Work/SEALTAGS/Prydz/FLUO_LIGHT/PROCESSED/NC/ct160-338-20-N1_all_prof_PROCESSED.nc,ct160-338-20-N1,215,2021-03-12 12:00:00,-68.1372,78.3353,True,False
/Volumes/Data/Work/SEALTAGS/Prydz/FLUO_LIGHT/PROCESSED/NC/ct160-338-20-N1_all_prof_PROCESSED.nc,ct160-338-20-N1,216,2021-03-13 09:10:00,-68.1913,78.3445,True,False
/Volumes/Data/Work/SEALTAGS/Prydz/FLUO_LIGHT/PROCESSED/NC/ct160-338-20-N1_all_prof_PROCESSED.nc,ct160-338-20-N1,217,2021-03-13 09:40:00,-68.193,78.3336,True,False
/Volumes/Data/Work/SEALTAGS/Prydz/FLUO_LIGHT/PROCESSED/NC/ct160-338-20-N1_all_prof_PROCESSED.nc,ct160-338-20-N1,218,2021-03-13 23:40:00,-68.1515,78.5292,False,False
/Volumes/Data/Work/SEALTAGS/Prydz/FLUO_LIGHT/PROCESSED/NC/ct160-338-20-N1_all_prof_PROCESSED.nc,ct160-338-20-N1,219,2021-03-14 09:00:00,-68.2537,78.5259,True,False
/Volumes/Data/Work/SEALTAGS/Prydz/FLUO_LIGHT/PROCESSED/NC/ct160-338-20-N1_all_prof_PROCESSED.nc,ct160-338-20-N1,220,2021-03-14 10:00:00,-68.2399,78.5984,True,False
/Volumes/Data/Work/SEALTAGS/Prydz/FLUO_LIGHT/PROCESSED/NC/ct160-338-20-N1_all_prof_PROCESSED.nc,ct160-338-20-N1,221,2021-03-14 21:30:00,-68.1469,78.4672,False,False
/Volumes/Data/Work/SEALTAGS/Prydz/FLUO_LIGHT/PROCESSED/NC/ct160-338-20-N1_all_prof_PROCESSED.nc,ct160-338-20-N1,222,2021-03-14 22:00:00,-68.1315,78.4458,False,False
/Volumes/Data/Work/SEALTAGS/Prydz/FLUO_LIGHT/PROCESSED/NC/ct160-338-20-N1_all_prof_PROCESSED.nc,ct160-338-20-N1,223,2021-03-15 09:10:00,-68.1638,78.3095,True,False
/Volumes/Data/Work/SEALTAGS/Prydz/FLUO_LIGHT/PROCESSED/NC/ct160-338-20-N1_all_prof_PROCESSED.nc,ct160-338-20-N1,224,2021-03-15 18:50:00,-68.1564,78.2979,False,False
/Volumes/Data/Work/SEALTAGS/Prydz/FLUO_LIGHT/PROCESSED/NC/ct160-338-20-N1_all_prof_PROCESSED.nc,ct160-338-20-N1,225,2021-03-16 08:40:00,-68.1599,78.5948,True,False
/Volumes/Data/Work/SEALTAGS/Prydz/FLUO_LIGHT/PROCESSED/NC/ct160-338-20-N1_all_prof_PROCESSED.nc,ct160-338-20-N1,226,2021-03-16 15:10:00,-68.2046,78.2363,False,False
/Volumes/Data/Work/SEALTAGS/Prydz/FLUO_LIGHT/PROCESSED/NC/ct160-338-20-N1_all_prof_PROCESSED.nc,ct160-338-20-N1,227,2021-03-16 18:40:00,-68.1416,78.3442,False,False
/Volumes/Data/Work/SEALTAGS/Prydz/FLUO_LIGHT/PROCESSED/NC/ct160-338-20-N1_all_prof_PROCESSED.nc,ct160-338-20-N1,228,2021-03-16 21:30:00,-68.1106,78.3872,False,False
/Volumes/Data/Work/SEALTAGS/Prydz/FLUO_LIGHT/PROCESSED/NC/ct160-338-20-N1_all_prof_PROCESSED.nc,ct160-338-20-N1,229,2021-03-17 03:30:00,-68.0926,78.3385,True,False
/Volumes/Data/Work/SEALTAGS/Prydz/FLUO_LIGHT/PROCESSED/NC/ct160-338-20-N1_all_prof_PROCESSED.nc,ct160-338-20-N1,230,2021-03-17 21:00:00,-68.1785,78.0317,False,False
/Volumes/Data/Work/SEALTAGS/Prydz/FLUO_LIGHT/PROCESSED/NC/ct160-338-20-N1_all_prof_PROCESSED.nc,ct160-338-20-N1,231,2021-03-17 21:20:00,-68.181,78.0318,False,False
/Volumes/Data/Work/SEALTAGS/Prydz/FLUO_LIGHT/PROCESSED/NC/ct160-338-20-N1_all_prof_PROCESSED.nc,ct160-338-20-N1,232,2021-03-17 21:30:00,-68.1822,78.0319,False,False
/Volumes/Data/Work/SEALTAGS/Prydz/FLUO_LIGHT/PROCESSED/NC/ct160-338-20-N1_all_prof_PROCESSED.nc,ct160-338-20-N1,233,2021-03-17 22:10:00,-68.1871,78.0321,False,False
/Volumes/Data/Work/SEALTAGS/Prydz/FLUO_LIGHT/PROCESSED/NC/ct160-338-20-N1_all_prof_PROCESSED.nc,ct160-338-20-N1,234,2021-03-18 03:30:00,-68.2148,78.1932,True,False
/Volumes/Data/Work/SEALTAGS/Prydz/FLUO_LIGHT/PROCESSED/NC/ct160-338-20-N1_all_prof_PROCESSED.nc,ct160-338-20-N1,235,2021-03-18 11:40:00,-68.145,78.0274,True,False
/Volumes/Data/Work/SEALTAGS/Prydz/FLUO_LIGHT/PROCESSED/NC/ct160-338-20-N1_all_prof_PROCESSED.nc,ct160-338-20-N1,236,2021-03-18 16:20:00,-68.0726,78.1969,False,False
/Volumes/Data/Work/SEALTAGS/Prydz/FLUO_LIGHT/PROCESSED/NC/ct160-338-20-N1_all_prof_PROCESSED.nc,ct160-338-20-N1,237,2021-03-19 03:10:00,-68.025,77.8242,True,False
/Volumes/Data/Work/SEALTAGS/Prydz/FLUO_LIGHT/PROCESSED/NC/ct160-338-20-N1_all_prof_PROCESSED.nc,ct160-338-20-N1,238,2021-03-19 05:40:00,-68.0407,77.6004,True,False
/Volumes/Data/Work/SEALTAGS/Prydz/FLUO_LIGHT/PROCESSED/NC/ct160-338-20-N1_all_prof_PROCESSED.nc,ct160-338-20-N1,239,2021-03-19 06:00:00,-68.0308,77.5313,True,False
/Volumes/Data/Work/SEALTAGS/Prydz/FLUO_LIGHT/PROCESSED/NC/ct160-338-20-N1_all_prof_PROCESSED.nc,ct160-338-20-N1,240,2021-03-19 15:00:00,-67.919,77.6614,False,False
/Volumes/Data/Work/SEALTAGS/Prydz/FLUO_LIGHT/PROCESSED/NC/ct160-338-20-N1_all_prof_PROCESSED.nc,ct160-338-20-N1,241,2021-03-20 03:50:00,-67.8876,78.1885,True,False
/Volumes/Data/Work/SEALTAGS/Prydz/FLUO_LIGHT/PROCESSED/NC/ct160-338-20-N1_all_prof_PROCESSED.nc,ct160-338-20-N1,242,2021-03-20 16:10:00,-67.6348,78.0445,False,False
/Volumes/Data/Work/SEALTAGS/Prydz/FLUO_LIGHT/PROCESSED/NC/ct160-338-20-N1_all_prof_PROCESSED.nc,ct160-338-20-N1,243,2021-03-21 03:10:00,-67.3923,77.8726,True,False
/Volumes/Data/Work/SEALTAGS/Prydz/FLUO_LIGHT/PROCESSED/NC/ct160-338-20-N1_all_prof_PROCESSED.nc,ct160-338-20-N1,244,2021-03-21 21:20:00,-66.9967,77.6625,False,False
/Volumes/Data/Work/SEALTAGS/Prydz/FLUO_LIGHT/PROCESSED/NC/ct160-338-20-N1_all_prof_PROCESSED.nc,ct160-338-20-N1,245,2021-03-21 22:20:00,-67.0119,77.5738,False,False
/Volumes/Data/Work/SEALTAGS/Prydz/FLUO_LIGHT/PROCESSED/NC/ct160-338-20-N1_all_prof_PROCESSED.nc,ct160-338-20-N1,246,2021-03-22 05:00:00,-66.9083,77.6781,True,False
/Volumes/Data/Work/SEALTAGS/Prydz/FLUO_LIGHT/PROCESSED/NC/ct160-338-20-N1_all_prof_PROCESSED.nc,ct160-338-20-N1,247,2021-03-22 12:00:00,-66.8084,77.6927,True,False
/Volumes/Data/Work/SEALTAGS/Prydz/FLUO_LIGHT/PROCESSED/NC/ct160-338-20-N1_all_prof_PROCESSED.nc,ct160-338-20-N1,248,2021-03-23 03:00:00,-66.3601,77.6317,True,False
/Volumes/Data/Work/SEALTAGS/Prydz/FLUO_LIGHT/PROCESSED/NC/ct160-338-20-N1_all_prof_PROCESSED.nc,ct160-338-20-N1,249,2021-03-23 20:20:00,-65.8486,76.828,False,False
/Volumes/Data/Work/SEALTAGS/Prydz/FLUO_LIGHT/PROCESSED/NC/ct160-338-20-N1_all_prof_PROCESSED.nc,ct160-338-20-N1,250,2021-03-23 21:00:00,-65.8046,76.8164,False,False
/Volumes/Data/Work/SEALTAGS/Prydz/FLUO_LIGHT/PROCESSED/NC/ct160-338-20-N1_all_prof_PROCESSED.nc,ct160-338-20-N1,251,2021-03-24 03:00:00,-65.6,76.7635,True,False
/Volumes/Data/Work/SEALTAGS/Prydz/FLUO_LIGHT/PROCESSED/NC/ct160-338-20-N1_all_prof_PROCESSED.nc,ct160-338-20-N1,252,2021-03-24 03:30:00,-65.5788,76.7532,True,False
/Volumes/Data/Work/SEALTAGS/Prydz/FLUO_LIGHT/PROCESSED/NC/ct160-338-20-N1_all_prof_PROCESSED.nc,ct160-338-20-N1,253,2021-03-24 04:20:00,-65.5667,76.7557,True,False
/Volumes/Data/Work/SEALTAGS/Prydz/FLUO_LIGHT/PROCESSED/NC/ct160-338-20-N1_all_prof_PROCESSED.nc,ct160-338-20-N1,254,2021-03-24 09:50:00,-65.3854,76.7563,True,False
/Volumes/Data/Work/SEALTAGS/Prydz/FLUO_LIGHT/PROCESSED/NC/ct160-338-20-N1_all_prof_PROCESSED.nc,ct160-338-20-N1,255,2021-03-24 15:20:00,-65.2533,76.7934,False,False
/Volumes/Data/Work/SEALTAGS/Prydz/FLUO_LIGHT/PROCESSED/NC/ct160-338-20-N1_all_prof_PROCESSED.nc,ct160-338-20-N1,256,2021-03-25 03:20:00,-65.1107,76.7891,True,False
/Volumes/Data/Work/SEALTAGS/Prydz/FLUO_LIGHT/PROCESSED/NC/ct160-338-20-N1_all_prof_PROCESSED.nc,ct160-338-20-N1,257,2021-03-25 06:10:00,-65.0219,76.8654,True,False
/Volumes/Data/Work/SEALTAGS/Prydz/FLUO_LIGHT/PROCESSED/NC/ct160-338-20-N1_all_prof_PROCESSED.nc,ct160-338-20-N1,258,2021-03-25 06:50:00,-65.0006,76.8695,True,False
/Volumes/Data/Work/SEALTAGS/Prydz/FLUO_LIGHT/PROCESSED/NC/ct160-338-20-N1_all_prof_PROCESSED.nc,ct160-338-20-N1,259,2021-03-25 15:50:00,-64.9811,77.4963,False,False
/Volumes/Data/Work/SEALTAGS/Prydz/FLUO_LIGHT/PROCESSED/NC/ct160-338-20-N1_all_prof_PROCESSED.nc,ct160-338-20-N1,260,2021-03-26 03:10:00,-64.9887,78.233,True,False
/Volumes/Data/Work/SEALTAGS/Prydz/FLUO_LIGHT/PROCESSED/NC/ct160-338-20-N1_all_prof_PROCESSED.nc,ct160-338-20-N1,261,2021-03-26 10:40:00,-64.9006,78.7349,True,False
/Volumes/Data/Work/SEALTAGS/Prydz/FLUO_LIGHT/PROCESSED/NC/ct160-338-20-N1_all_prof_PROCESSED.nc,ct160-338-20-N1,262,2021-03-26 15:20:00,-64.8843,79.0466,False,False
/Volumes/Data/Work/SEALTAGS/Prydz/FLUO_LIGHT/PROCESSED/NC/ct160-338-20-N1_all_prof_PROCESSED.nc,ct160-338-20-N1,263,2021-03-26 17:10:00,-64.9048,79.1635,False,False
/Volumes/Data/Work/SEALTAGS/Prydz/FLUO_LIGHT/PROCESSED/NC/ct160-338-20-N1_all_prof_PROCESSED.nc,ct160-338-20-N1,264,2021-03-27 03:00:00,-65.0663,79.8836,True,False
/Volumes/Data/Work/SEALTAGS/Prydz/FLUO_LIGHT/PROCESSED/NC/ct160-338-20-N1_all_prof_PROCESSED.nc,ct160-338-20-N1,265,2021-03-27 05:30:00,-65.061,80.0435,True,False
/Volumes/Data/Work/SEALTAGS/Prydz/FLUO_LIGHT/PROCESSED/NC/ct160-338-20-N1_all_prof_PROCESSED.nc,ct160-338-20-N1,266,2021-03-28 11:30:00,-64.8928,80.8568,True,False
/Volumes/Data/Work/SEALTAGS/Prydz/FLUO_LIGHT/PROCESSED/NC/ct160-338-20-N1_all_prof_PROCESSED.nc,ct160-338-20-N1,267,2021-03-28 11:50:00,-64.8896,80.8651,True,False
/Volumes/Data/Work/SEALTAGS/Prydz/FLUO_LIGHT/PROCESSED/NC/ct160-338-20-N1_all_prof_PROCESSED.nc,ct160-338-20-N1,268,2021-03-29 02:50:00,-64.774,81.377,True,False
/Volumes/Data/Work/SEALTAGS/Prydz/FLUO_LIGHT/PROCESSED/NC/ct160-338-20-N1_all_prof_PROCESSED.nc,ct160-338-20-N1,269,2021-03-29 15:10:00,-64.6754,82.2058,False,False
/Volumes/Data/Work/SEALTAGS/Prydz/FLUO_LIGHT/PROCESSED/NC/ct160-338-20-N1_all_prof_PROCESSED.nc,ct160-338-20-N1,270,2021-03-29 17:00:00,-64.6668,82.3601,False,False
/Volumes/Data/Work/SEALTAGS/Prydz/FLUO_LIGHT/PROCESSED/NC/ct160-338-20-N1_all_prof_PROCESSED.nc,ct160-338-20-N1,271,2021-03-29 20:30:00,-64.6338,82.669,False,False
/Volumes/Data/Work/SEALTAGS/Prydz/FLUO_LIGHT/PROCESSED/NC/ct160-338-20-N1_all_prof_PROCESSED.nc,ct160-338-20-N1,272,2021-03-30 03:10:00,-64.6503,83.0106,True,False
/Volumes/Data/Work/SEALTAGS/Prydz/FLUO_LIGHT/PROCESSED/NC/ct160-338-20-N1_all_prof_PROCESSED.nc,ct160-338-20-N1,273,2021-03-30 15:20:00,-64.6962,83.5752,False,False
/Volumes/Data/Work/SEALTAGS/Prydz/FLUO_LIGHT/PROCESSED/NC/ct160-338-20-N1_all_prof_PROCESSED.nc,ct160-338-20-N1,274,2021-03-30 18:40:00,-64.7036,83.7919,False,False
/Volumes/Data/Work/SEALTAGS/Prydz/FLUO_LIGHT/PROCESSED/NC/ct160-338-20-N1_all_prof_PROCESSED.nc,ct160-338-20-N1,275,2021-03-31 03:10:00,-64.7259,84.54,True,False
/Volumes/Data/Work/SEALTAGS/Prydz/FLUO_LIGHT/PROCESSED/NC/ct160-338-20-N1_all_prof_PROCESSED.nc,ct160-338-20-N1,276,2021-03-31 04:10:00,-64.7405,84.5964,True,False
/Volumes/Data/Work/SEALTAGS/Prydz/FLUO_LIGHT/PROCESSED/NC/ct160-338-20-N1_all_prof_PROCESSED.nc,ct160-338-20-N1,277,2021-03-31 08:30:00,-64.742,84.6628,True,False
/Volumes/Data/Work/SEALTAGS/Prydz/FLUO_LIGHT/PROCESSED/NC/ct160-338-20-N1_all_prof_PROCESSED.nc,ct160-338-20-N1,278,2021-03-31 14:20:00,-64.7263,84.6973,False,False
/Volumes/Data/Work/SEALTAGS/Prydz/FLUO_LIGHT/PROCESSED/NC/ct160-338-20-N1_all_prof_PROCESSED.nc,ct160-338-20-N1,279,2021-04-01 02:40:00,-64.7473,84.8463,True,False
/Volumes/Data/Work/SEALTAGS/Prydz/FLUO_LIGHT/PROCESSED/NC/ct160-338-20-N1_all_prof_PROCESSED.nc,ct160-338-20-N1,280,2021-04-01 05:00:00,-64.7314,84.8531,True,False
/Volumes/Data/Work/SEALTAGS/Prydz/FLUO_LIGHT/PROCESSED/NC/ct160-338-20-N1_all_prof_PROCESSED.nc,ct160-338-20-N1,281,2021-04-01 15:20:00,-64.7367,84.9825,False,False
/Volumes/Data/Work/SEALTAGS/Prydz/FLUO_LIGHT/PROCESSED/NC/ct160-338-20-N1_all_prof_PROCESSED.nc,ct160-338-20-N1,282,2021-04-02 02:50:00,-64.653,85.9115,True,False
/Volumes/Data/Work/SEALTAGS/Prydz/FLUO_LIGHT/PROCESSED/NC/ct160-338-20-N1_all_prof_PROCESSED.nc,ct160-338-20-N1,283,2021-04-02 10:20:00,-64.611,86.107,True,False
/Volumes/Data/Work/SEALTAGS/Prydz/FLUO_LIGHT/PROCESSED/NC/ct160-338-20-N1_all_prof_PROCESSED.nc,ct160-338-20-N1,284,2021-04-02 20:20:00,-64.5515,86.3326,False,False
/Volumes/Data/Work/SEALTAGS/Prydz/FLUO_LIGHT/PROCESSED/NC/ct160-338-20-N1_all_prof_PROCESSED.nc,ct160-338-20-N1,285,2021-04-02 22:40:00,-64.5597,86.3328,False,False
/Volumes/Data/Work/SEALTAGS/Prydz/FLUO_LIGHT/PROCESSED/NC/ct160-338-20-N1_all_prof_PROCESSED.nc,ct160-338-20-N1,286,2021-04-03 00:00:00,-64.5555,86.3972,False,False
/Volumes/Data/Work/SEALTAGS/Prydz/FLUO_LIGHT/PROCESSED/NC/ct160-338-20-N1_all_prof_PROCESSED.nc,ct160-338-20-N1,287,2021-04-03 01:30:00,-64.5425,86.4377,True,False
/Volumes/Data/Work/SEALTAGS/Prydz/FLUO_LIGHT/PROCESSED/NC/ct160-338-20-N1_all_prof_PROCESSED.nc,ct160-338-20-N1,288,2021-04-03 07:30:00,-64.5552,86.4708,True,False
/Volumes/Data/Work/SEALTAGS/Prydz/FLUO_LIGHT/PROCESSED/NC/ct160-338-20-N1_all_prof_PROCESSED.nc,ct160-338-20-N1,289,2021-04-03 22:00:00,-64.6708,86.7404,False,False
/Volumes/Data/Work/SEALTAGS/Prydz/FLUO_LIGHT/PROCESSED/NC/ct160-338-20-N1_all_prof_PROCESSED.nc,ct160-338-20-N1,290,2021-04-04 02:50:00,-64.674,86.7806,True,False
/Volumes/Data/Work/SEALTAGS/Prydz/FLUO_LIGHT/PROCESSED/NC/ct160-338-20-N1_all_prof_PROCESSED.nc,ct160-338-20-N1,291,2021-04-04 15:50:00,-64.7105,86.9898,False,False
/Volumes/Data/Work/SEALTAGS/Prydz/FLUO_LIGHT/PROCESSED/NC/ct160-338-20-N1_all_prof_PROCESSED.nc,ct160-338-20-N1,292,2021-04-04 16:40:00,-64.7141,87.0109,False,False
/Volumes/Data/Work/SEALTAGS/Prydz/FLUO_LIGHT/PROCESSED/NC/ct160-338-20-N1_all_prof_PROCESSED.nc,ct160-338-20-N1,293,2021-04-04 17:10:00,-64.7183,87.0292,False,False
/Volumes/Data/Work/SEALTAGS/Prydz/FLUO_LIGHT/PROCESSED/NC/ct160-338-20-N1_all_prof_PROCESSED.nc,ct160-338-20-N1,294,2021-04-05 03:10:00,-64.6937,88.026,True,False
/Volumes/Data/Work/SEALTAGS/Prydz/FLUO_LIGHT/PROCESSED/NC/ct160-338-20-N1_all_prof_PROCESSED.nc,ct160-338-20-N1,295,2021-04-05 05:20:00,-64.6743,88.1538,True,False
/Volumes/Data/Work/SEALTAGS/Prydz/FLUO_LIGHT/PROCESSED/NC/ct160-338-20-N1_all_prof_PROCESSED.nc,ct160-338-20-N1,296,2021-04-05 15:20:00,-64.5961,88.8004,False,False
/Volumes/Data/Work/SEALTAGS/Prydz/FLUO_LIGHT/PROCESSED/NC/ct160-338-20-N1_all_prof_PROCESSED.nc,ct160-338-20-N1,297,2021-04-05 16:10:00,-64.5984,88.882,False,False
/Volumes/Data/Work/SEALTAGS/Prydz/FLUO_LIGHT/PROCESSED/NC/ct160-338-20-N1_all_prof_PROCESSED.nc,ct160-338-20-N1,298,2021-04-05 17:10:00,-64.5952,88.9623,False,False
/Volumes/Data/Work/SEALTAGS/Prydz/FLUO_LIGHT/PROCESSED/NC/ct160-338-20-N1_all_prof_PROCESSED.nc,ct160-338-20-N1,299,2021-04-05 18:20:00,-64.5576,89.04,False,False
/Volumes/Data/Work/SEALTAGS/Prydz/FLUO_LIGHT/PROCESSED/NC/ct160-338-20-N1_all_prof_PROCESSED.nc,ct160-338-20-N1,300,2021-04-06 14:30:00,-64.4834,89.8644,False,False
/Volumes/Data/Work/SEALTAGS/Prydz/FLUO_LIGHT/PROCESSED/NC/ct160-338-20-N1_all_prof_PROCESSED.nc,ct160-338-20-N1,301,2021-04-06 15:10:00,-64.4702,89.872,False,False
/Volumes/Data/Work/SEALTAGS/Prydz/FLUO_LIGHT/PROCESSED/NC/ct160-338-20-N1_all_prof_PROCESSED.nc,ct160-338-20-N1,302,2021-04-06 19:30:00,-64.3746,89.9751,False,False
/Volumes/Data/Work/SEALTAGS/Prydz/FLUO_LIGHT/PROCESSED/NC/ct160-338-20-N1_all_prof_PROCESSED.nc,ct160-338-20-N1,303,2021-04-07 03:20:00,-64.303,90.0212,True,False
/Volumes/Data/Work/SEALTAGS/Prydz/FLUO_LIGHT/PROCESSED/NC/ct160-338-20-N1_all_prof_PROCESSED.nc,ct160-338-20-N1,304,2021-04-07 03:50:00,-64.3164,90.0281,True,False
/Volumes/Data/Work/SEALTAGS/Prydz/FLUO_LIGHT/PROCESSED/NC/ct160-338-20-N1_all_prof_PROCESSED.nc,ct160-338-20-N1,305,2021-04-07 09:30:00,-64.2354,90.3116,True,False
/Volumes/Data/Work/SEALTAGS/Prydz/FLUO_LIGHT/PROCESSED/NC/ct160-338-20-N1_all_prof_PROCESSED.nc,ct160-338-20-N1,306,2021-04-07 13:40:00,-64.1428,90.4995,False,False
/Volumes/Data/Work/SEALTAGS/Prydz/FLUO_LIGHT/PROCESSED/NC/ct160-338-20-N1_all_prof_PROCESSED.nc,ct160-338-20-N1,307,2021-04-07 19:20:00,-64.1031,90.369,False,False
/Volumes/Data/Work/SEALTAGS/Prydz/FLUO_LIGHT/PROCESSED/NC/ct160-338-20-N1_all_prof_PROCESSED.nc,ct160-338-20-N1,308,2021-04-08 01:10:00,-63.9313,90.422,True,False
/Volumes/Data/Work/SEALTAGS/Prydz/FLUO_LIGHT/PROCESSED/NC/ct160-338-20-N1_all_prof_PROCESSED.nc,ct160-338-20-N1,309,2021-04-08 03:20:00,-63.8825,90.4312,True,False
/Volumes/Data/Work/SEALTAGS/Prydz/FLUO_LIGHT/PROCESSED/NC/ct160-338-20-N1_all_prof_PROCESSED.nc,ct160-338-20-N1,310,2021-04-08 13:10:00,-63.9014,89.9356,False,False
/Volumes/Data/Work/SEALTAGS/Prydz/FLUO_LIGHT/PROCESSED/NC/ct160-338-20-N1_all_prof_PROCESSED.nc,ct160-338-20-N1,311,2021-04-08 15:10:00,-63.944,89.9203,False,False
/Volumes/Data/Work/SEALTAGS/Prydz/FLUO_LIGHT/PROCESSED/NC/ct160-338-20-N1_all_prof_PROCESSED.nc,ct160-338-20-N1,312,2021-04-09 03:00:00,-63.8146,89.8995,True,False
/Volumes/Data/Work/SEALTAGS/Prydz/FLUO_LIGHT/PROCESSED/NC/ct160-338-20-N1_all_prof_PROCESSED.nc,ct160-338-20-N1,313,2021-04-09 14:30:00,-63.7758,89.6225,False,False
/Volumes/Data/Work/SEALTAGS/Prydz/FLUO_LIGHT/PROCESSED/NC/ct160-338-20-N1_all_prof_PROCESSED.nc,ct160-338-20-N1,314,2021-04-09 17:50:00,-63.8067,89.4177,False,False
/Volumes/Data/Work/SEALTAGS/Prydz/FLUO_LIGHT/PROCESSED/NC/ct160-338-20-N1_all_prof_PROCESSED.nc,ct160-338-20-N1,315,2021-04-10 03:10:00,-63.6498,89.1174,True,False
/Volumes/Data/Work/SEALTAGS/Prydz/FLUO_LIGHT/PROCESSED/NC/ct160-338-20-N1_all_prof_PROCESSED.nc,ct160-338-20-N1,316,2021-04-10 03:40:00,-63.6296,89.0566,True,False
/Volumes/Data/Work/SEALTAGS/Prydz/FLUO_LIGHT/PROCESSED/NC/ct160-338-20-N1_all_prof_PROCESSED.nc,ct160-338-20-N1,317,2021-04-10 15:10:00,-63.6407,88.8271,False,False
/Volumes/Data/Work/SEALTAGS/Prydz/FLUO_LIGHT/PROCESSED/NC/ct160-338-20-N1_all_prof_PROCESSED.nc,ct160-338-20-N1,318,2021-04-11 04:20:00,-63.3532,88.949,True,False
/Volumes/Data/Work/SEALTAGS/Prydz/FLUO_LIGHT/PROCESSED/NC/ct160-338-20-N1_all_prof_PROCESSED.nc,ct160-338-20-N1,319,2021-04-11 14:30:00,-63.2324,89.0119,False,False
/Volumes/Data/Work/SEALTAGS/Prydz/FLUO_LIGHT/PROCESSED/NC/ct160-338-20-N1_all_prof_PROCESSED.nc,ct160-338-20-N1,320,2021-04-11 17:40:00,-63.2453,88.9621,False,False
/Volumes/Data/Work/SEALTAGS/Prydz/FLUO_LIGHT/PROCESSED/NC/ct160-338-20-N1_all_prof_PROCESSED.nc,ct160-338-20-N1,321,2021-04-11 21:30:00,-63.2125,89.0513,False,False
/Volumes/Data/Work/SEALTAGS/Prydz/FLUO_LIGHT/PROCESSED/NC/ct160-338-20-N1_all_prof_PROCESSED.nc,ct160-338-20-N1,322,2021-04-12 02:20:00,-63.0865,89.0326,True,False
/Volumes/Data/Work/SEALTAGS/Prydz/FLUO_LIGHT/PROCESSED/NC/ct160-338-20-N1_all_prof_PROCESSED.nc,ct160-338-20-N1,323,2021-04-12 13:30:00,-62.943,88.9151,False,False
/Volumes/Data/Work/SEALTAGS/Prydz/FLUO_LIGHT/PROCESSED/NC/ct160-338-20-N1_all_prof_PROCESSED.nc,ct160-338-20-N1,324,2021-04-12 19:20:00,-62.8218,88.9613,False,False
/Volumes/Data/Work/SEALTAGS/Prydz/FLUO_LIGHT/PROCESSED/NC/ct160-338-20-N1_all_prof_PROCESSED.nc,ct160-338-20-N1,325,2021-04-13 02:50:00,-62.7568,88.896,True,False
/Volumes/Data/Work/SEALTAGS/Prydz/FLUO_LIGHT/PROCESSED/NC/ct160-338-20-N1_all_prof_PROCESSED.nc,ct160-338-20-N1,326,2021-04-13 03:20:00,-62.7839,88.9288,True,False
/Volumes/Data/Work/SEALTAGS/Prydz/FLUO_LIGHT/PROCESSED/NC/ct160-338-20-N1_all_prof_PROCESSED.nc,ct160-338-20-N1,327,2021-04-13 13:20:00,-62.7295,89.1261,False,False
/Volumes/Data/Work/SEALTAGS/Prydz/FLUO_LIGHT/PROCESSED/NC/ct160-338-20-N1_all_prof_PROCESSED.nc,ct160-338-20-N1,328,2021-04-13 16:50:00,-62.6986,88.9985,False,False
/Volumes/Data/Work/SEALTAGS/Prydz/FLUO_LIGHT/PROCESSED/NC/ct160-338-20-N1_all_prof_PROCESSED.nc,ct160-338-20-N1,329,2021-04-14 03:10:00,-62.5252,88.9963,True,False
/Volumes/Data/Work/SEALTAGS/Prydz/FLUO_LIGHT/PROCESSED/NC/ct160-338-20-N1_all_prof_PROCESSED.nc,ct160-338-20-N1,330,2021-04-14 06:30:00,-62.4216,89.042,True,False
/Volumes/Data/Work/SEALTAGS/Prydz/FLUO_LIGHT/PROCESSED/NC/ct160-338-20-N1_all_prof_PROCESSED.nc,ct160-338-20-N1,331,2021-04-14 13:30:00,-62.433,89.2411,False,False
/Volumes/Data/Work/SEALTAGS/Prydz/FLUO_LIGHT/PROCESSED/NC/ct160-338-20-N1_all_prof_PROCESSED.nc,ct160-338-20-N1,332,2021-04-14 16:20:00,-62.4844,88.9337,False,False
/Volumes/Data/Work/SEALTAGS/Prydz/FLUO_LIGHT/PROCESSED/NC/ct160-338-20-N1_all_prof_PROCESSED.nc,ct160-338-20-N1,333,2021-04-15 03:00:00,-62.3181,89.21,True,False
/Volumes/Data/Work/SEALTAGS/Prydz/FLUO_LIGHT/PROCESSED/NC/ct160-338-20-N1_all_prof_PROCESSED.nc,ct160-338-20-N1,334,2021-04-15 03:40:00,-62.3089,89.1833,True,False
/Volumes/Data/Work/SEALTAGS/Prydz/FLUO_LIGHT/PROCESSED/NC/ct160-338-20-N1_all_prof_PROCESSED.nc,ct160-338-20-N1,335,2021-04-15 06:40:00,-62.332,88.9425,True,False
/Volumes/Data/Work/SEALTAGS/Prydz/FLUO_LIGHT/PROCESSED/NC/ct160-338-20-N1_all_prof_PROCESSED.nc,ct160-338-20-N1,336,2021-04-15 13:20:00,-62.1967,88.9728,False,False
/Volumes/Data/Work/SEALTAGS/Prydz/FLUO_LIGHT/PROCESSED/NC/ct160-338-20-N1_all_prof_PROCESSED.nc,ct160-338-20-N1,337,2021-04-15 19:00:00,-62.0882,89.0522,False,False
/Volumes/Data/Work/SEALTAGS/Prydz/FLUO_LIGHT/PROCESSED/NC/ct160-338-20-N1_all_prof_PROCESSED.nc,ct160-338-20-N1,338,2021-04-16 02:20:00,-61.9806,88.8481,True,False
/Volumes/Data/Work/SEALTAGS/Prydz/FLUO_LIGHT/PROCESSED/NC/ct160-338-20-N1_all_prof_PROCESSED.nc,ct160-338-20-N1,339,2021-04-16 14:30:00,-61.8092,88.878,False,False
/Volumes/Data/Work/SEALTAGS/Prydz/FLUO_LIGHT/PROCESSED/NC/ct160-338-20-N1_all_prof_PROCESSED.nc,ct160-338-20-N1,340,2021-04-16 17:30:00,-61.7295,88.8644,False,False
/Volumes/Data/Work/SEALTAGS/Prydz/FLUO_LIGHT/PROCESSED/NC/ct160-338-20-N1_all_prof_PROCESSED.nc,ct160-338-20-N1,341,2021-04-17 01:30:00,-61.8312,88.6769,True,False
/Volumes/Data/Work/SEALTAGS/Prydz/FLUO_LIGHT/PROCESSED/NC/ct160-338-20-N1_all_prof_PROCESSED.nc,ct160-338-20-N1,342,2021-04-17 14:20:00,-61.7884,88.56,False,False
/Volumes/Data/Work/SEALTAGS/Prydz/FLUO_LIGHT/PROCESSED/NC/ct160-338-20-N1_all_prof_PROCESSED.nc,ct160-338-20-N1,343,2021-04-17 15:00:00,-61.7782,88.5535,False,False
/Volumes/Data/Work/SEALTAGS/Prydz/FLUO_LIGHT/PROCESSED/NC/ct160-338-20-N1_all_prof_PROCESSED.nc,ct160-338-20-N1,344,2021-04-17 15:40:00,-61.8247,88.5307,False,False
/Volumes/Data/Work/SEALTAGS/Prydz/FLUO_LIGHT/PROCESSED/NC/ct160-338-20-N1_all_prof_PROCESSED.nc,ct160-338-20-N1,345,2021-04-18 02:20:00,-61.6855,88.417,True,False
/Volumes/Data/Work/SEALTAGS/Prydz/FLUO_LIGHT/PROCESSED/NC/ct160-338-20-N1_all_prof_PROCESSED.nc,ct160-338-20-N1,346,2021-04-18 06:10:00,-61.6821,88.3921,True,False
/Volumes/Data/Work/SEALTAGS/Prydz/FLUO_LIGHT/PROCESSED/NC/ct160-338-20-N1_all_prof_PROCESSED.nc,ct160-338-20-N1,347,2021-04-18 13:10:00,-61.6428,88.8799,False,False
/Volumes/Data/Work/SEALTAGS/Prydz/FLUO_LIGHT/PROCESSED/NC/ct160-338-20-N1_all_prof_PROCESSED.nc,ct160-338-20-N1,348,2021-04-19 07:30:00,-61.5996,89.1969,True,False
/Volumes/Data/Work/SEALTAGS/Prydz/FLUO_LIGHT/PROCESSED/NC/ct160-338-20-N1_all_prof_PROCESSED.nc,ct160-338-20-N1,349,2021-04-19 13:10:00,-61.5942,89.0881,False,False
/Volumes/Data/Work/SEALTAGS/Prydz/FLUO_LIGHT/PROCESSED/NC/ct160-338-20-N1_all_prof_PROCESSED.nc,ct160-338-20-N1,350,2021-04-19 20:20:00,-61.5019,89.2873,False,False
/Volumes/Data/Work/SEALTAGS/Prydz/FLUO_LIGHT/PROCESSED/NC/ct160-338-20-N1_all_prof_PROCESSED.nc,ct160-338-20-N1,351,2021-04-20 02:20:00,-61.4495,89.5222,True,False
/Volumes/Data/Work/SEALTAGS/Prydz/FLUO_LIGHT/PROCESSED/NC/ct160-338-20-N1_all_prof_PROCESSED.nc,ct160-338-20-N1,352,2021-04-20 04:50:00,-61.4062,89.6385,True,False
/Volumes/Data/Work/SEALTAGS/Prydz/FLUO_LIGHT/PROCESSED/NC/ct160-338-20-N1_all_prof_PROCESSED.nc,ct160-338-20-N1,353,2021-04-20 06:00:00,-61.4075,89.6149,True,False
/Volumes/Data/Work/SEALTAGS/Prydz/FLUO_LIGHT/PROCESSED/NC/ct160-338-20-N1_all_prof_PROCESSED.nc,ct160-338-20-N1,354,2021-04-20 15:10:00,-61.2326,89.5453,False,False
/Volumes/Data/Work/SEALTAGS/Prydz/FLUO_LIGHT/PROCESSED/NC/ct160-338-20-N1_all_prof_PROCESSED.nc,ct160-338-20-N1,355,2021-04-20 18:00:00,-61.2148,89.4084,False,False
/Volumes/Data/Work/SEALTAGS/Prydz/FLUO_LIGHT/PROCESSED/NC/ct160-338-20-N1_all_prof_PROCESSED.nc,ct160-338-20-N1,356,2021-04-21 03:30:00,-61.0949,89.5595,True,False
/Volumes/Data/Work/SEALTAGS/Prydz/FLUO_LIGHT/PROCESSED/NC/ct160-338-20-N1_all_prof_PROCESSED.nc,ct160-338-20-N1,357,2021-04-21 19:40:00,-60.9141,89.6024,False,False
/Volumes/Data/Work/SEALTAGS/Prydz/FLUO_LIGHT/PROCESSED/NC/ct160-338-20-N1_all_prof_PROCESSED.nc,ct160-338-20-N1,358,2021-04-22 02:40:00,-60.7821,89.5802,True,False
/Volumes/Data/Work/SEALTAGS/Prydz/FLUO_LIGHT/PROCESSED/NC/ct160-338-20-N1_all_prof_PROCESSED.nc,ct160-338-20-N1,359,2021-04-22 04:30:00,-60.8302,89.6169,True,False
/Volumes/Data/Work/SEALTAGS/Prydz/FLUO_LIGHT/PROCESSED/NC/ct160-338-20-N1_all_prof_PROCESSED.nc,ct160-338-20-N1,360,2021-04-22 09:00:00,-60.7162,89.6108,True,False
/Volumes/Data/Work/SEALTAGS/Prydz/FLUO_LIGHT/PROCESSED/NC/ct160-338-20-N1_all_prof_PROCESSED.nc,ct160-338-20-N1,361,2021-04-22 18:00:00,-60.6521,89.7972,False,False
/Volumes/Data/Work/SEALTAGS/Prydz/FLUO_LIGHT/PROCESSED/NC/ct160-338-20-N1_all_prof_PROCESSED.nc,ct160-338-20-N1,362,2021-04-23 02:30:00,-60.4449,89.6099,True,False
/Volumes/Data/Work/SEALTAGS/Prydz/FLUO_LIGHT/PROCESSED/NC/ct160-338-20-N1_all_prof_PROCESSED.nc,ct160-338-20-N1,363,2021-04-23 03:50:00,-60.4688,89.5727,True,False
/Volumes/Data/Work/SEALTAGS/Prydz/FLUO_LIGHT/PROCESSED/NC/ct160-338-20-N1_all_prof_PROCESSED.nc,ct160-338-20-N1,364,2021-04-23 10:20:00,-60.4012,89.6153,True,False
/Volumes/Data/Work/SEALTAGS/Prydz/FLUO_LIGHT/PROCESSED/NC/ct160-338-20-N1_all_prof_PROCESSED.nc,ct160-338-20-N1,365,2021-04-24 01:50:00,-60.2439,89.3145,True,False
/Volumes/Data/Work/SEALTAGS/Prydz/FLUO_LIGHT/PROCESSED/NC/ct160-338-20-N1_all_prof_PROCESSED.nc,ct160-338-20-N1,366,2021-04-24 15:00:00,-60.0976,89.1497,False,False
/Volumes/Data/Work/SEALTAGS/Prydz/FLUO_LIGHT/PROCESSED/NC/ct160-338-20-N1_all_prof_PROCESSED.nc,ct160-338-20-N1,367,2021-04-24 18:00:00,-60.0607,89.0987,False,False
/Volumes/Data/Work/SEALTAGS/Prydz/FLUO_LIGHT/PROCESSED/NC/ct160-338-20-N1_all_prof_PROCESSED.nc,ct160-338-20-N1,368,2021-04-25 02:50:00,-60.0029,88.943,True,False
/Volumes/Data/Work/SEALTAGS/Prydz/FLUO_LIGHT/PROCESSED/NC/ct160-338-20-N1_all_prof_PROCESSED.nc,ct160-338-20-N1,369,2021-04-25 04:10:00,-59.9719,88.8608,True,False
/Volumes/Data/Work/SEALTAGS/Prydz/FLUO_LIGHT/PROCESSED/NC/ct160-338-20-N1_all_prof_PROCESSED.nc,ct160-338-20-N1,370,2021-04-25 05:30:00,-60.0068,88.8334,True,False
/Volumes/Data/Work/SEALTAGS/Prydz/FLUO_LIGHT/PROCESSED/NC/ct160-338-20-N1_all_prof_PROCESSED.nc,ct160-338-20-N1,371,2021-04-25 15:20:00,-59.8471,88.8497,False,False
/Volumes/Data/Work/SEALTAGS/Prydz/FLUO_LIGHT/PROCESSED/NC/ct160-338-20-N1_all_prof_PROCESSED.nc,ct160-338-20-N1,372,2021-04-25 18:20:00,-59.8148,88.9656,False,False
/Volumes/Data/Work/SEALTAGS/Prydz/FLUO_LIGHT/PROCESSED/NC/ct160-338-20-N1_all_prof_PROCESSED.nc,ct160-338-20-N1,373,2021-04-25 20:30:00,-59.839,88.9324,False,False
/Volumes/Data/Work/SEALTAGS/Prydz/FLUO_LIGHT/PROCESSED/NC/ct160-338-20-N1_all_prof_PROCESSED.nc,ct160-338-20-N1,374,2021-04-26 02:10:00,-59.7694,88.8658,True,False
/Volumes/Data/Work/SEALTAGS/Prydz/FLUO_LIGHT/PROCESSED/NC/ct160-338-20-N1_all_prof_PROCESSED.nc,ct160-338-20-N1,375,2021-04-26 02:50:00,-59.7594,88.8613,True,False
/Volumes/Data/Work/SEALTAGS/Prydz/FLUO_LIGHT/PROCESSED/NC/ct160-338-20-N1_all_prof_PROCESSED.nc,ct160-338-20-N1,376,2021-04-26 14:40:00,-59.5627,88.9952,False,False
/Volumes/Data/Work/SEALTAGS/Prydz/FLUO_LIGHT/PROCESSED/NC/ct160-338-20-N1_all_prof_PROCESSED.nc,ct160-338-20-N1,377,2021-04-27 01:30:00,-59.3795,89.3965,False,False
/Volumes/Data/Work/SEALTAGS/Prydz/FLUO_LIGHT/PROCESSED/NC/ct160-338-20-N1_all_prof_PROCESSED.nc,ct160-338-20-N1,378,2021-04-27 14:30:00,-59.1366,89.6738,False,False
/Volumes/Data/Work/SEALTAGS/Prydz/FLUO_LIGHT/PROCESSED/NC/ct160-338-20-N1_all_prof_PROCESSED.nc,ct160-338-20-N1,379,2021-04-27 18:10:00,-59.0922,89.7475,False,False
/Volumes/Data/Work/SEALTAGS/Prydz/FLUO_LIGHT/PROCESSED/NC/ct160-338-20-N1_all_prof_PROCESSED.nc,ct160-338-20-N1,380,2021-04-28 02:40:00,-58.9773,89.9318,True,False
/Volumes/Data/Work/SEALTAGS/Prydz/FLUO_LIGHT/PROCESSED/NC/ct160-338-20-N1_all_prof_PROCESSED.nc,ct160-338-20-N1,381,2021-04-28 03:20:00,-58.9785,89.8451,True,False
/Volumes/Data/Work/SEALTAGS/Prydz/FLUO_LIGHT/PROCESSED/NC/ct160-338-20-N1_all_prof_PROCESSED.nc,ct160-338-20-N1,382,2021-04-29 02:50:00,-58.6354,90.2515,True,False
/Volumes/Data/Work/SEALTAGS/Prydz/FLUO_LIGHT/PROCESSED/NC/ct160-338-20-N1_all_prof_PROCESSED.nc,ct160-338-20-N1,383,2021-04-29 15:10:00,-58.4211,90.283,False,False
/Volumes/Data/Work/SEALTAGS/Prydz/FLUO_LIGHT/PROCESSED/NC/ct160-338-20-N1_all_prof_PROCESSED.nc,ct160-338-20-N1,384,2021-04-29 18:40:00,-58.3189,90.2324,False,False
/Volumes/Data/Work/SEALTAGS/Prydz/FLUO_LIGHT/PROCESSED/NC/ct160-338-20-N1_all_prof_PROCESSED.nc,ct160-338-20-N1,385,2021-04-30 02:20:00,-58.375,90.2589,True,False
/Volumes/Data/Work/SEALTAGS/Prydz/FLUO_LIGHT/PROCESSED/NC/ct160-338-20-N1_all_prof_PROCESSED.nc,ct160-338-20-N1,386,2021-04-30 03:00:00,-58.3073,90.2238,True,False
/Volumes/Data/Work/SEALTAGS/Prydz/FLUO_LIGHT/PROCESSED/NC/ct160-338-20-N1_all_prof_PROCESSED.nc,ct160-338-20-N1,387,2021-04-30 03:40:00,-58.2812,90.2147,True,False
/Volumes/Data/Work/SEALTAGS/Prydz/FLUO_LIGHT/PROCESSED/NC/ct160-338-20-N1_all_prof_PROCESSED.nc,ct160-338-20-N1,388,2021-04-30 15:10:00,-58.1345,90.2967,False,False
/Volumes/Data/Work/SEALTAGS/Prydz/FLUO_LIGHT/PROCESSED/NC/ct160-338-20-N1_all_prof_PROCESSED.nc,ct160-338-20-N1,389,2021-04-30 17:00:00,-58.1121,90.253,False,False
/Volumes/Data/Work/SEALTAGS/Prydz/FLUO_LIGHT/PROCESSED/NC/ct160-338-20-N1_all_prof_PROCESSED.nc,ct160-338-20-N1,390,2021-05-01 05:40:00,-58.0313,90.1175,True,False
/Volumes/Data/Work/SEALTAGS/Prydz/FLUO_LIGHT/PROCESSED/NC/ct160-338-20-N1_all_prof_PROCESSED.nc,ct160-338-20-N1,391,2021-05-01 15:20:00,-57.8467,90.1644,False,False
/Volumes/Data/Work/SEALTAGS/Prydz/FLUO_LIGHT/PROCESSED/NC/ct160-338-20-N1_all_prof_PROCESSED.nc,ct160-338-20-N1,392,2021-05-01 20:20:00,-57.7793,89.9758,False,False
/Volumes/Data/Work/SEALTAGS/Prydz/FLUO_LIGHT/PROCESSED/NC/ct160-338-20-N1_all_prof_PROCESSED.nc,ct160-338-20-N1,393,2021-05-02 02:00:00,-57.7677,90.0198,True,False
/Volumes/Data/Work/SEALTAGS/Prydz/FLUO_LIGHT/PROCESSED/NC/ct160-338-20-N1_all_prof_PROCESSED.nc,ct160-338-20-N1,394,2021-05-02 02:30:00,-57.751,90.015,True,False
/Volumes/Data/Work/SEALTAGS/Prydz/FLUO_LIGHT/PROCESSED/NC/ct160-338-20-N1_all_prof_PROCESSED.nc,ct160-338-20-N1,395,2021-05-02 16:40:00,-57.7233,89.9707,False,False
/Volumes/Data/Work/SEALTAGS/Prydz/FLUO_LIGHT/PROCESSED/NC/ct160-338-20-N1_all_prof_PROCESSED.nc,ct160-338-20-N1,396,2021-05-02 20:40:00,-57.7465,90.0482,False,False
/Volumes/Data/Work/SEALTAGS/Prydz/FLUO_LIGHT/PROCESSED/NC/ct160-338-20-N1_all_prof_PROCESSED.nc,ct160-338-20-N1,397,2021-05-03 02:10:00,-57.6597,89.869,True,False
/Volumes/Data/Work/SEALTAGS/Prydz/FLUO_LIGHT/PROCESSED/NC/ct160-338-20-N1_all_prof_PROCESSED.nc,ct160-338-20-N1,398,2021-05-03 03:00:00,-57.6394,89.9169,True,False
/Volumes/Data/Work/SEALTAGS/Prydz/FLUO_LIGHT/PROCESSED/NC/ct160-338-20-N1_all_prof_PROCESSED.nc,ct160-338-20-N1,399,2021-05-03 15:20:00,-57.562,89.7408,False,False
/Volumes/Data/Work/SEALTAGS/Prydz/FLUO_LIGHT/PROCESSED/NC/ct160-338-20-N1_all_prof_PROCESSED.nc,ct160-338-20-N1,400,2021-05-04 02:00:00,-57.381,89.4921,True,False
/Volumes/Data/Work/SEALTAGS/Prydz/FLUO_LIGHT/PROCESSED/NC/ct160-338-20-N1_all_prof_PROCESSED.nc,ct160-338-20-N1,401,2021-05-04 14:40:00,-57.2266,89.5514,False,False
/Volumes/Data/Work/SEALTAGS/Prydz/FLUO_LIGHT/PROCESSED/NC/ct160-338-20-N1_all_prof_PROCESSED.nc,ct160-338-20-N1,402,2021-05-04 21:40:00,-57.1021,89.4757,False,False
/Volumes/Data/Work/SEALTAGS/Prydz/FLUO_LIGHT/PROCESSED/NC/ct160-338-20-N1_all_prof_PROCESSED.nc,ct160-338-20-N1,403,2021-05-05 05:50:00,-56.9942,89.4912,True,False
/Volumes/Data/Work/SEALTAGS/Prydz/FLUO_LIGHT/PROCESSED/NC/ct160-338-20-N1_all_prof_PROCESSED.nc,ct160-338-20-N1,404,2021-05-05 22:10:00,-56.6638,89.2705,False,False
/Volumes/Data/Work/SEALTAGS/Prydz/FLUO_LIGHT/PROCESSED/NC/ct160-338-20-N1_all_prof_PROCESSED.nc,ct160-338-20-N1,405,2021-05-06 02:20:00,-56.6647,89.166,True,False
/Volumes/Data/Work/SEALTAGS/Prydz/FLUO_LIGHT/PROCESSED/NC/ct160-338-20-N1_all_prof_PROCESSED.nc,ct160-338-20-N1,406,2021-05-06 03:10:00,-56.6616,89.1891,True,False
/Volumes/Data/Work/SEALTAGS/Prydz/FLUO_LIGHT/PROCESSED/NC/ct160-338-20-N1_all_prof_PROCESSED.nc,ct160-338-20-N1,407,2021-05-06 09:40:00,-56.5702,89.1117,True,False
/Volumes/Data/Work/SEALTAGS/Prydz/FLUO_LIGHT/PROCESSED/NC/ct160-338-20-N1_all_prof_PROCESSED.nc,ct160-338-20-N1,408,2021-05-06 15:10:00,-56.4443,89.0815,False,False
/Volumes/Data/Work/SEALTAGS/Prydz/FLUO_LIGHT/PROCESSED/NC/ct160-338-20-N1_all_prof_PROCESSED.nc,ct160-338-20-N1,409,2021-05-07 12:30:00,-56.0503,88.9268,False,False
/Volumes/Data/Work/SEALTAGS/Prydz/FLUO_LIGHT/PROCESSED/NC/ct160-338-20-N1_all_prof_PROCESSED.nc,ct160-338-20-N1,410,2021-05-08 02:10:00,-55.7339,88.6586,True,False
/Volumes/Data/Work/SEALTAGS/Prydz/FLUO_LIGHT/PROCESSED/NC/ct160-338-20-N1_all_prof_PROCESSED.nc,ct160-338-20-N1,411,2021-05-08 14:50:00,-55.5526,88.7638,False,False
/Volumes/Data/Work/SEALTAGS/Prydz/FLUO_LIGHT/PROCESSED/NC/ct160-338-20-N1_all_prof_PROCESSED.nc,ct160-338-20-N1,412,2021-05-08 20:30:00,-55.3698,88.7701,False,False
/Volumes/Data/Work/SEALTAGS/Prydz/FLUO_LIGHT/PROCESSED/NC/ct160-338-20-N1_all_prof_PROCESSED.nc,ct160-338-20-N1,413,2021-05-08 23:30:00,-55.2551,88.7946,False,False
/Volumes/Data/Work/SEALTAGS/Prydz/FLUO_LIGHT/PROCESSED/NC/ct160-338-20-N1_all_prof_PROCESSED.nc,ct160-338-20-N1,414,2021-05-09 02:50:00,-55.1644,88.8373,True,False
/Volumes/Data/Work/SEALTAGS/Prydz/FLUO_LIGHT/PROCESSED/NC/ct160-338-20-N1_all_prof_PROCESSED.nc,ct160-338-20-N1,415,2021-05-09 14:20:00,-54.8573,88.8151,False,False
/Volumes/Data/Work/SEALTAGS/Prydz/FLUO_LIGHT/PROCESSED/NC/ct160-338-20-N1_all_prof_PROCESSED.nc,ct160-338-20-N1,416,2021-05-10 03:00:00,-54.6087,88.801,True,False
/Volumes/Data/Work/SEALTAGS/Prydz/FLUO_LIGHT/PROCESSED/NC/ct160-338-20-N1_all_prof_PROCESSED.nc,ct160-338-20-N1,417,2021-05-10 16:40:00,-54.3926,88.789,False,False
/Volumes/Data/Work/SEALTAGS/Prydz/FLUO_LIGHT/PROCESSED/NC/ct160-338-20-N1_all_prof_PROCESSED.nc,ct160-338-20-N1,418,2021-05-11 03:10:00,-54.1991,88.5304,True,False
/Volumes/Data/Work/SEALTAGS/Prydz/FLUO_LIGHT/PROCESSED/NC/ct160-338-20-N1_all_prof_PROCESSED.nc,ct160-338-20-N1,419,2021-05-11 03:50:00,-54.187,88.4618,True,False
/Volumes/Data/Work/SEALTAGS/Prydz/FLUO_LIGHT/PROCESSED/NC/ct160-338-20-N1_all_prof_PROCESSED.nc,ct160-338-20-N1,420,2021-05-11 14:20:00,-54.029,88.2963,False,False
/Volumes/Data/Work/SEALTAGS/Prydz/FLUO_LIGHT/PROCESSED/NC/ct160-338-20-N1_all_prof_PROCESSED.nc,ct160-338-20-N1,421,2021-05-12 03:20:00,-53.8732,88.0104,True,False
/Volumes/Data/Work/SEALTAGS/Prydz/FLUO_LIGHT/PROCESSED/NC/ct160-338-20-N1_all_prof_PROCESSED.nc,ct160-338-20-N1,422,2021-05-12 04:40:00,-53.8462,88.0054,True,False
/Volumes/Data/Work/SEALTAGS/Prydz/FLUO_LIGHT/PROCESSED/NC/ct160-338-20-N1_all_prof_PROCESSED.nc,ct160-338-20-N1,423,2021-05-12 14:30:00,-53.5022,87.9689,False,False
/Volumes/Data/Work/SEALTAGS/Prydz/FLUO_LIGHT/PROCESSED/NC/ct160-338-20-N1_all_prof_PROCESSED.nc,ct160-338-20-N1,424,2021-05-12 15:20:00,-53.4501,87.9363,False,False
/Volumes/Data/Work/SEALTAGS/Prydz/FLUO_LIGHT/PROCESSED/NC/ct160-338-20-N1_all_prof_PROCESSED.nc,ct160-338-20-N1,425,2021-05-13 11:10:00,-53.0866,88.054,False,False
/Volumes/Data/Work/SEALTAGS/Prydz/FLUO_LIGHT/PROCESSED/NC/ct160-338-20-N1_all_prof_PROCESSED.nc,ct160-338-20-N1,426,2021-05-13 14:40:00,-53.018,88.0084,False,False
/Volumes/Data/Work/SEALTAGS/Prydz/FLUO_LIGHT/PROCESSED/NC/ct160-338-20-N1_all_prof_PROCESSED.nc,ct160-338-20-N1,427,2021-05-13 18:50:00,-53.0034,88.0121,False,False
/Volumes/Data/Work/SEALTAGS/Prydz/FLUO_LIGHT/PROCESSED/NC/ct160-338-20-N1_all_prof_PROCESSED.nc,ct160-338-20-N1,428,2021-05-13 19:20:00,-53.0015,88.0106,False,False
/Volumes/Data/Work/SEALTAGS/Prydz/FLUO_LIGHT/PROCESSED/NC/ct160-338-20-N1_all_prof_PROCESSED.nc,ct160-338-20-N1,429,2021-05-14 02:10:00,-52.9196,87.9919,True,False
/Volumes/Data/Work/SEALTAGS/Prydz/FLUO_LIGHT/PROCESSED/NC/ct160-338-20-N1_all_prof_PROCESSED.nc,ct160-338-20-N1,430,2021-05-14 15:20:00,-52.6457,87.7202,False,False
/Volumes/Data/Work/SEALTAGS/Prydz/FLUO_LIGHT/PROCESSED/NC/ct160-338-20-N1_all_prof_PROCESSED.nc,ct160-338-20-N1,431,2021-05-14 19:40:00,-52.5603,87.6402,False,False
/Volumes/Data/Work/SEALTAGS/Prydz/FLUO_LIGHT/PROCESSED/NC/ct160-338-20-N1_all_prof_PROCESSED.nc,ct160-338-20-N1,432,2021-05-15 02:20:00,-52.4219,87.4881,True,False
/Volumes/Data/Work/SEALTAGS/Prydz/FLUO_LIGHT/PROCESSED/NC/ct160-338-20-N1_all_prof_PROCESSED.nc,ct160-338-20-N1,433,2021-05-15 03:00:00,-52.4079,87.4659,True,False
/Volumes/Data/Work/SEALTAGS/Prydz/FLUO_LIGHT/PROCESSED/NC/ct160-338-20-N1_all_prof_PROCESSED.nc,ct160-338-20-N1,434,2021-05-15 14:20:00,-52.1662,87.1477,False,False
/Volumes/Data/Work/SEALTAGS/Prydz/FLUO_LIGHT/PROCESSED/NC/ct160-338-20-N1_all_prof_PROCESSED.nc,ct160-338-20-N1,435,2021-05-16 02:10:00,-51.781,86.8078,True,False
/Volumes/Data/Work/SEALTAGS/Prydz/FLUO_LIGHT/PROCESSED/NC/ct160-338-20-N1_all_prof_PROCESSED.nc,ct160-338-20-N1,436,2021-05-16 02:50:00,-51.7549,86.7839,True,False
/Volumes/Data/Work/SEALTAGS/Prydz/FLUO_LIGHT/PROCESSED/NC/ct160-338-20-N1_all_prof_PROCESSED.nc,ct160-338-20-N1,437,2021-05-16 03:30:00,-51.729,86.7621,True,False
/Volumes/Data/Work/SEALTAGS/Prydz/FLUO_LIGHT/PROCESSED/NC/ct160-338-20-N1_all_prof_PROCESSED.nc,ct160-338-20-N1,438,2021-05-16 14:10:00,-51.3629,86.4526,False,False
/Volumes/Data/Work/SEALTAGS/Prydz/FLUO_LIGHT/PROCESSED/NC/ct160-338-20-N1_all_prof_PROCESSED.nc,ct160-338-20-N1,439,2021-05-16 21:00:00,-51.1038,86.3433,False,False
/Volumes/Data/Work/SEALTAGS/Prydz/FLUO_LIGHT/PROCESSED/NC/ct160-338-20-N1_all_prof_PROCESSED.nc,ct160-338-20-N1,440,2021-05-17 02:20:00,-50.982,86.3278,True,False
/Volumes/Data/Work/SEALTAGS/Prydz/FLUO_LIGHT/PROCESSED/NC/ct160-338-20-N1_all_prof_PROCESSED.nc,ct160-338-20-N1,441,2021-05-17 03:00:00,-50.9797,86.3201,True,False
/Volumes/Data/Work/SEALTAGS/Prydz/FLUO_LIGHT/PROCESSED/NC/ct160-338-20-N1_all_prof_PROCESSED.nc,ct160-338-20-N1,442,2021-05-17 14:30:00,-50.7693,86.1683,False,False
/Volumes/Data/Work/SEALTAGS/Prydz/FLUO_LIGHT/PROCESSED/NC/ct160-338-20-N1_all_prof_PROCESSED.nc,ct160-338-20-N1,443,2021-05-18 06:50:00,-50.5294,85.8706,True,False
/Volumes/Data/Work/SEALTAGS/Prydz/FLUO_LIGHT/PROCESSED/NC/ct160-338-20-N1_all_prof_PROCESSED.nc,ct160-338-20-N1,444,2021-05-19 14:10:00,-50.1701,86.0302,False,False
/Volumes/Data/Work/SEALTAGS/Prydz/FLUO_LIGHT/PROCESSED/NC/ct160-338-20-N1_all_prof_PROCESSED.nc,ct160-338-20-N1,445,2021-05-19 19:40:00,-50.1078,85.9217,False,False
/Volumes/Data/Work/SEALTAGS/Prydz/FLUO_LIGHT/PROCESSED/NC/ct160-338-20-N1_all_prof_PROCESSED.nc,ct160-338-20-N1,446,2021-05-20 01:40:00,-50.014,85.839,False,False
/Volumes/Data/Work/SEALTAGS/Prydz/FLUO_LIGHT/PROCESSED/NC/ct160-338-20-N1_all_prof_PROCESSED.nc,ct160-338-20-N1,447,2021-05-20 14:10:00,-49.8183,85.6366,False,False
/Volumes/Data/Work/SEALTAGS/Prydz/FLUO_LIGHT/PROCESSED/NC/ct160-338-20-N1_all_prof_PROCESSED.nc,ct160-338-20-N1,448,2021-05-20 14:50:00,-49.7962,85.6519,False,False
/Volumes/Data/Work/SEALTAGS/Prydz/FLUO_LIGHT/PROCESSED/NC/ct160-338-20-N1_all_prof_PROCESSED.nc,ct160-338-20-N1,449,2021-05-21 15:10:00,-49.4341,85.6768,False,False
/Volumes/Data/Work/SEALTAGS/Prydz/FLUO_LIGHT/PROCESSED/NC/ct160-338-20-N1_all_prof_PROCESSED.nc,ct160-338-20-N1,450,2021-05-21 15:40:00,-49.4346,85.6667,False,False
/Volumes/Data/Work/SEALTAGS/Prydz/FLUO_LIGHT/PROCESSED/NC/ct160-338-20-N1_all_prof_PROCESSED.nc,ct160-338-20-N1,451,2021-05-22 05:10:00,-49.1563,85.5159,True,False
/Volumes/Data/Work/SEALTAGS/Prydz/FLUO_LIGHT/PROCESSED/NC/ct160-338-20-N1_all_prof_PROCESSED.nc,ct160-338-20-N1,452,2021-05-22 15:00:00,-48.8953,85.3451,False,False
/Volumes/Data/Work/SEALTAGS/Prydz/FLUO_LIGHT/PROCESSED/NC/ct160-338-20-N1_all_prof_PROCESSED.nc,ct160-338-20-N1,453,2021-05-24 02:00:00,-48.5883,85.0015,True,False
/Volumes/Data/Work/SEALTAGS/Prydz/FLUO_LIGHT/PROCESSED/NC/ct160-338-20-N1_all_prof_PROCESSED.nc,ct160-338-20-N1,454,2021-05-24 02:40:00,-48.5831,84.9768,True,False
/Volumes/Data/Work/SEALTAGS/Prydz/FLUO_LIGHT/PROCESSED/NC/ct160-338-20-N1_all_prof_PROCESSED.nc,ct160-338-20-N1,455,2021-05-24 14:20:00,-48.4445,84.8279,False,False
/Volumes/Data/Work/SEALTAGS/Prydz/FLUO_LIGHT/PROCESSED/NC/ct160-338-20-N1_all_prof_PROCESSED.nc,ct160-338-20-N1,456,2021-05-25 03:10:00,-48.3222,84.5932,True,False
/Volumes/Data/Work/SEALTAGS/Prydz/FLUO_LIGHT/PROCESSED/NC/ct160-338-20-N1_all_prof_PROCESSED.nc,ct160-338-20-N1,457,2021-05-25 13:50:00,-48.3106,84.5919,False,False
/Volumes/Data/Work/SEALTAGS/Prydz/FLUO_LIGHT/PROCESSED/NC/ct160-338-20-N1_all_prof_PROCESSED.nc,ct160-338-20-N1,458,2021-05-26 01:40:00,-48.3076,84.6368,False,False
/Volumes/Data/Work/SEALTAGS/Prydz/FLUO_LIGHT/PROCESSED/NC/ct160-338-20-N1_all_prof_PROCESSED.nc,ct160-338-20-N1,459,2021-05-26 14:20:00,-48.334,84.6129,False,False
/Volumes/Data/Work/SEALTAGS/Prydz/FLUO_LIGHT/PROCESSED/NC/ct160-338-20-N1_all_prof_PROCESSED.nc,ct160-338-20-N1,460,2021-05-27 02:30:00,-48.3058,84.5544,True,False
/Volumes/Data/Work/SEALTAGS/Prydz/FLUO_LIGHT/PROCESSED/NC/ct160-338-20-N1_all_prof_PROCESSED.nc,ct160-338-20-N1,461,2021-05-27 05:00:00,-48.3244,84.5598,True,False
/Volumes/Data/Work/SEALTAGS/Prydz/FLUO_LIGHT/PROCESSED/NC/ct160-338-20-N1_all_prof_PROCESSED.nc,ct160-338-20-N1,462,2021-05-27 14:30:00,-48.3114,84.3584,False,False
/Volumes/Data/Work/SEALTAGS/Prydz/FLUO_LIGHT/PROCESSED/NC/ct160-338-20-N1_all_prof_PROCESSED.nc,ct160-338-20-N1,463,2021-05-27 15:40:00,-48.3132,84.3352,False,False
/Volumes/Data/Work/SEALTAGS/Prydz/FLUO_LIGHT/PROCESSED/NC/ct160-338-20-N1_all_prof_PROCESSED.nc,ct160-338-20-N1,464,2021-05-28 02:10:00,-48.2948,84.185,True,False
/Volumes/Data/Work/SEALTAGS/Prydz/FLUO_LIGHT/PROCESSED/NC/ct160-338-20-N1_all_prof_PROCESSED.nc,ct160-338-20-N1,465,2021-05-28 14:30:00,-48.1432,84.002,False,False
/Volumes/Data/Work/SEALTAGS/Prydz/FLUO_LIGHT/PROCESSED/NC/ct160-338-20-N1_all_prof_PROCESSED.nc,ct160-338-20-N1,466,2021-05-28 23:10:00,-47.9955,84.0692,False,False
/Volumes/Data/Work/SEALTAGS/Prydz/FLUO_LIGHT/PROCESSED/NC/ct160-338-20-N1_all_prof_PROCESSED.nc,ct160-338-20-N1,467,2021-05-29 02:20:00,-47.9568,84.1224,True,False
/Volumes/Data/Work/SEALTAGS/Prydz/FLUO_LIGHT/PROCESSED/NC/ct160-338-20-N1_all_prof_PROCESSED.nc,ct160-338-20-N1,468,2021-05-29 02:50:00,-47.9737,84.1383,True,False
/Volumes/Data/Work/SEALTAGS/Prydz/FLUO_LIGHT/PROCESSED/NC/ct160-338-20-N1_all_prof_PROCESSED.nc,ct160-338-20-N1,469,2021-05-29 10:40:00,-47.9021,84.3181,False,False
/Volumes/Data/Work/SEALTAGS/Prydz/FLUO_LIGHT/PROCESSED/NC/ct160-338-20-N1_all_prof_PROCESSED.nc,ct160-338-20-N1,470,2021-05-29 14:10:00,-47.8552,84.319,False,False
/Volumes/Data/Work/SEALTAGS/Prydz/FLUO_LIGHT/PROCESSED/NC/ct160-338-20-N1_all_prof_PROCESSED.nc,ct160-338-20-N1,471,2021-05-30 02:10:00,-47.7177,84.3485,True,False
/Volumes/Data/Work/SEALTAGS/Prydz/FLUO_LIGHT/PROCESSED/NC/ct160-338-20-N1_all_prof_PROCESSED.nc,ct160-338-20-N1,472,2021-05-30 02:50:00,-47.7143,84.3459,True,False
/Volumes/Data/Work/SEALTAGS/Prydz/FLUO_LIGHT/PROCESSED/NC/ct160-338-20-N1_all_prof_PROCESSED.nc,ct160-338-20-N1,473,2021-05-30 04:40:00,-47.7084,84.3319,True,False
/Volumes/Data/Work/SEALTAGS/Prydz/FLUO_LIGHT/PROCESSED/NC/ct160-338-20-N1_all_prof_PROCESSED.nc,ct160-338-20-N1,474,2021-05-30 14:20:00,-47.6898,84.2896,False,False
/Volumes/Data/Work/SEALTAGS/Prydz/FLUO_LIGHT/PROCESSED/NC/ct160-338-20-N1_all_prof_PROCESSED.nc,ct160-338-20-N1,475,2021-05-31 02:00:00,-47.6831,84.1277,False,False
/Volumes/Data/Work/SEALTAGS/Prydz/FLUO_LIGHT/PROCESSED/NC/ct160-338-20-N1_all_prof_PROCESSED.nc,ct160-338-20-N1,476,2021-05-31 07:30:00,-47.6536,84.0703,True,False
/Volumes/Data/Work/SEALTAGS/Prydz/FLUO_LIGHT/PROCESSED/NC/ct160-338-20-N1_all_prof_PROCESSED.nc,ct160-338-20-N1,477,2021-05-31 14:00:00,-47.6761,84.1289,False,False
/Volumes/Data/Work/SEALTAGS/Prydz/FLUO_LIGHT/PROCESSED/NC/ct160-338-20-N1_all_prof_PROCESSED.nc,ct160-338-20-N1,478,2021-06-01 07:00:00,-47.6288,84.3362,True,False
/Volumes/Data/Work/SEALTAGS/Prydz/FLUO_LIGHT/PROCESSED/NC/ct160-338-20-N1_all_prof_PROCESSED.nc,ct160-338-20-N1,479,2021-06-01 14:00:00,-47.6182,84.2946,False,False
/Volumes/Data/Work/SEALTAGS/Prydz/FLUO_LIGHT/PROCESSED/NC/ct160-338-20-N1_all_prof_PROCESSED.nc,ct160-338-20-N1,480,2021-06-02 02:10:00,-47.6966,84.5003,True,False
/Volumes/Data/Work/SEALTAGS/Prydz/FLUO_LIGHT/PROCESSED/NC/ct160-338-20-N1_all_prof_PROCESSED.nc,ct160-338-20-N1,481,2021-06-02 02:50:00,-47.7014,84.4636,True,False
/Volumes/Data/Work/SEALTAGS/Prydz/FLUO_LIGHT/PROCESSED/NC/ct160-338-20-N1_all_prof_PROCESSED.nc,ct160-338-20-N1,482,2021-06-02 14:00:00,-47.6334,84.3925,False,False
/Volumes/Data/Work/SEALTAGS/Prydz/FLUO_LIGHT/PROCESSED/NC/ct160-338-20-N1_all_prof_PROCESSED.nc,ct160-338-20-N1,483,2021-06-02 14:30:00,-47.624,84.394,False,False
/Volumes/Data/Work/SEALTAGS/Prydz/FLUO_LIGHT/PROCESSED/NC/ct160-338-20-N1_all_prof_PROCESSED.nc,ct160-338-20-N1,484,2021-06-03 03:10:00,-47.4268,84.2982,True,False
/Volumes/Data/Work/SEALTAGS/Prydz/FLUO_LIGHT/PROCESSED/NC/ct160-338-20-N1_all_prof_PROCESSED.nc,ct160-338-20-N1,485,2021-06-03 04:50:00,-47.4418,84.2538,True,False
/Volumes/Data/Work/SEALTAGS/Prydz/FLUO_LIGHT/PROCESSED/NC/ct160-338-20-N1_all_prof_PROCESSED.nc,ct160-338-20-N1,486,2021-06-03 19:00:00,-47.4162,84.0567,False,False
/Volumes/Data/Work/SEALTAGS/Prydz/FLUO_LIGHT/PROCESSED/NC/ct160-338-20-N1_all_prof_PROCESSED.nc,ct160-338-20-N1,487,2021-06-04 05:10:00,-47.3378,84.1337,True,False
/Volumes/Data/Work/SEALTAGS/Prydz/FLUO_LIGHT/PROCESSED/NC/ct160-338-20-N1_all_prof_PROCESSED.nc,ct160-338-20-N1,488,2021-06-04 14:20:00,-47.2216,83.8675,False,False
/Volumes/Data/Work/SEALTAGS/Prydz/FLUO_LIGHT/PROCESSED/NC/ct160-338-20-N1_all_prof_PROCESSED.nc,ct160-338-20-N1,489,2021-06-04 15:10:00,-47.2308,83.8921,False,False
/Volumes/Data/Work/SEALTAGS/Prydz/FLUO_LIGHT/PROCESSED/NC/ct160-338-20-N1_all_prof_PROCESSED.nc,ct160-338-20-N1,490,2021-06-05 02:00:00,-47.2253,83.748,False,False
/Volumes/Data/Work/SEALTAGS/Prydz/FLUO_LIGHT/PROCESSED/NC/ct160-338-20-N1_all_prof_PROCESSED.nc,ct160-338-20-N1,491,2021-06-05 02:30:00,-47.2248,83.747,True,False
/Volumes/Data/Work/SEALTAGS/Prydz/FLUO_LIGHT/PROCESSED/NC/ct160-338-20-N1_all_prof_PROCESSED.nc,ct160-338-20-N1,492,2021-06-05 14:20:00,-47.2369,83.6465,False,False
/Volumes/Data/Work/SEALTAGS/Prydz/FLUO_LIGHT/PROCESSED/NC/ct160-338-20-N1_all_prof_PROCESSED.nc,ct160-338-20-N1,493,2021-06-06 14:20:00,-47.2051,83.3087,False,False
/Volumes/Data/Work/SEALTAGS/Prydz/FLUO_LIGHT/PROCESSED/NC/ct160-338-20-N1_all_prof_PROCESSED.nc,ct160-338-20-N1,494,2021-06-07 02:10:00,-47.232,83.2149,False,False
/Volumes/Data/Work/SEALTAGS/Prydz/FLUO_LIGHT/PROCESSED/NC/ct160-338-20-N1_all_prof_PROCESSED.nc,ct160-338-20-N1,495,2021-06-07 11:00:00,-47.297,83.2776,False,False
/Volumes/Data/Work/SEALTAGS/Prydz/FLUO_LIGHT/PROCESSED/NC/ct160-338-20-N1_all_prof_PROCESSED.nc,ct160-338-20-N1,496,2021-06-07 14:10:00,-47.3002,83.2405,False,False
/Volumes/Data/Work/SEALTAGS/Prydz/FLUO_LIGHT/PROCESSED/NC/ct160-338-20-N1_all_prof_PROCESSED.nc,ct160-338-20-N1,497,2021-06-08 03:20:00,-47.2999,83.0436,True,False
/Volumes/Data/Work/SEALTAGS/Prydz/FLUO_LIGHT/PROCESSED/NC/ct160-338-20-N1_all_prof_PROCESSED.nc,ct160-338-20-N1,498,2021-06-08 04:10:00,-47.3176,83.0454,True,False
/Volumes/Data/Work/SEALTAGS/Prydz/FLUO_LIGHT/PROCESSED/NC/ct160-338-20-N1_all_prof_PROCESSED.nc,ct160-338-20-N1,499,2021-06-08 05:00:00,-47.3368,83.0506,True,False
/Volumes/Data/Work/SEALTAGS/Prydz/FLUO_LIGHT/PROCESSED/NC/ct160-338-20-N1_all_prof_PROCESSED.nc,ct160-338-20-N1,500,2021-06-08 14:20:00,-47.3162,83.2067,False,False
/Volumes/Data/Work/SEALTAGS/Prydz/FLUO_LIGHT/PROCESSED/NC/ct160-338-20-N1_all_prof_PROCESSED.nc,ct160-338-20-N1,501,2021-06-09 02:10:00,-47.1561,83.2628,False,False
/Volumes/Data/Work/SEALTAGS/Prydz/FLUO_LIGHT/PROCESSED/NC/ct160-338-20-N1_all_prof_PROCESSED.nc,ct160-338-20-N1,502,2021-06-09 06:30:00,-47.1429,83.2026,True,False
/Volumes/Data/Work/SEALTAGS/Prydz/FLUO_LIGHT/PROCESSED/NC/ct160-338-20-N1_all_prof_PROCESSED.nc,ct160-338-20-N1,503,2021-06-09 14:10:00,-47.1228,83.1084,False,False
/Volumes/Data/Work/SEALTAGS/Prydz/FLUO_LIGHT/PROCESSED/NC/ct160-338-20-N1_all_prof_PROCESSED.nc,ct160-338-20-N1,504,2021-06-10 06:30:00,-47.0416,82.8306,True,False
/Volumes/Data/Work/SEALTAGS/Prydz/FLUO_LIGHT/PROCESSED/NC/ct160-338-20-N1_all_prof_PROCESSED.nc,ct160-338-20-N1,505,2021-06-10 14:10:00,-47.0144,82.8275,False,False
/Volumes/Data/Work/SEALTAGS/Prydz/FLUO_LIGHT/PROCESSED/NC/ct160-338-20-N1_all_prof_PROCESSED.nc,ct160-338-20-N1,506,2021-06-11 02:10:00,-46.9504,82.8228,False,False
/Volumes/Data/Work/SEALTAGS/Prydz/FLUO_LIGHT/PROCESSED/NC/ct160-338-20-N1_all_prof_PROCESSED.nc,ct160-338-20-N1,507,2021-06-11 05:40:00,-46.9567,82.7608,True,False
/Volumes/Data/Work/SEALTAGS/Prydz/FLUO_LIGHT/PROCESSED/NC/ct160-338-20-N1_all_prof_PROCESSED.nc,ct160-338-20-N1,508,2021-06-11 13:40:00,-46.9238,82.6205,False,False
/Volumes/Data/Work/SEALTAGS/Prydz/FLUO_LIGHT/PROCESSED/NC/ct160-338-20-N1_all_prof_PROCESSED.nc,ct160-338-20-N1,509,2021-06-12 02:10:00,-46.8105,82.8482,False,False
/Volumes/Data/Work/SEALTAGS/Prydz/FLUO_LIGHT/PROCESSED/NC/ct160-338-20-N1_all_prof_PROCESSED.nc,ct160-338-20-N1,510,2021-06-12 03:40:00,-46.7935,82.8428,True,False
/Volumes/Data/Work/SEALTAGS/Prydz/FLUO_LIGHT/PROCESSED/NC/ct160-338-20-N1_all_prof_PROCESSED.nc,ct160-338-20-N1,511,2021-06-12 14:20:00,-46.7678,82.813,False,False
/Volumes/Data/Work/SEALTAGS/Prydz/FLUO_LIGHT/PROCESSED/NC/ct160-338-20-N1_all_prof_PROCESSED.nc,ct160-338-20-N1,512,2021-06-12 18:30:00,-46.8085,82.8512,False,False
/Volumes/Data/Work/SEALTAGS/Prydz/FLUO_LIGHT/PROCESSED/NC/ct160-338-20-N1_all_prof_PROCESSED.nc,ct160-338-20-N1,513,2021-06-13 03:10:00,-46.714,82.9272,True,False
/Volumes/Data/Work/SEALTAGS/Prydz/FLUO_LIGHT/PROCESSED/NC/ct160-338-20-N1_all_prof_PROCESSED.nc,ct160-338-20-N1,514,2021-06-13 03:50:00,-46.7114,82.9189,True,False
/Volumes/Data/Work/SEALTAGS/Prydz/FLUO_LIGHT/PROCESSED/NC/ct160-338-20-N1_all_prof_PROCESSED.nc,ct160-338-20-N1,515,2021-06-13 13:40:00,-46.6126,82.9586,False,False
/Volumes/Data/Work/SEALTAGS/Prydz/FLUO_LIGHT/PROCESSED/NC/ct160-338-20-N1_all_prof_PROCESSED.nc,ct160-338-20-N1,516,2021-06-14 04:20:00,-46.4857,83.1331,True,False
/Volumes/Data/Work/SEALTAGS/Prydz/FLUO_LIGHT/PROCESSED/NC/ct160-338-20-N1_all_prof_PROCESSED.nc,ct160-338-20-N1,517,2021-06-14 14:30:00,-46.457,82.9543,False,False
/Volumes/Data/Work/SEALTAGS/Prydz/FLUO_LIGHT/PROCESSED/NC/ct160-338-20-N1_all_prof_PROCESSED.nc,ct160-338-20-N1,518,2021-06-14 15:30:00,-46.4518,82.9622,False,False
/Volumes/Data/Work/SEALTAGS/Prydz/FLUO_LIGHT/PROCESSED/NC/ct160-338-20-N1_all_prof_PROCESSED.nc,ct160-338-20-N1,519,2021-06-15 03:20:00,-46.5502,82.6713,True,False
/Volumes/Data/Work/SEALTAGS/Prydz/FLUO_LIGHT/PROCESSED/NC/ct160-338-20-N1_all_prof_PROCESSED.nc,ct160-338-20-N1,520,2021-06-15 04:00:00,-46.5412,82.6233,True,False
/Volumes/Data/Work/SEALTAGS/Prydz/FLUO_LIGHT/PROCESSED/NC/ct160-338-20-N1_all_prof_PROCESSED.nc,ct160-338-20-N1,521,2021-06-15 07:10:00,-46.5019,82.4451,True,False
/Volumes/Data/Work/SEALTAGS/Prydz/FLUO_LIGHT/PROCESSED/NC/ct160-338-20-N1_all_prof_PROCESSED.nc,ct160-338-20-N1,522,2021-06-15 14:20:00,-46.5803,82.2981,False,False
/Volumes/Data/Work/SEALTAGS/Prydz/FLUO_LIGHT/PROCESSED/NC/ct160-338-20-N1_all_prof_PROCESSED.nc,ct160-338-20-N1,523,2021-06-16 02:50:00,-46.8336,82.0072,True,False
/Volumes/Data/Work/SEALTAGS/Prydz/FLUO_LIGHT/PROCESSED/NC/ct160-338-20-N1_all_prof_PROCESSED.nc,ct160-338-20-N1,524,2021-06-16 03:40:00,-46.8873,81.9536,True,False
/Volumes/Data/Work/SEALTAGS/Prydz/FLUO_LIGHT/PROCESSED/NC/ct160-338-20-N1_all_prof_PROCESSED.nc,ct160-338-20-N1,525,2021-06-16 12:10:00,-47.1842,81.6454,False,False
/Volumes/Data/Work/SEALTAGS/Prydz/FLUO_LIGHT/PROCESSED/NC/ct160-338-20-N1_all_prof_PROCESSED.nc,ct160-338-20-N1,526,2021-06-17 14:40:00,-47.2609,80.5613,False,False
/Volumes/Data/Work/SEALTAGS/Prydz/FLUO_LIGHT/PROCESSED/NC/ct160-338-20-N1_all_prof_PROCESSED.nc,ct160-338-20-N1,527,2021-06-17 19:00:00,-47.2963,80.4723,False,False
/Volumes/Data/Work/SEALTAGS/Prydz/FLUO_LIGHT/PROCESSED/NC/ct160-338-20-N1_all_prof_PROCESSED.nc,ct160-338-20-N1,528,2021-06-18 03:10:00,-47.2788,80.0264,True,False
/Volumes/Data/Work/SEALTAGS/Prydz/FLUO_LIGHT/PROCESSED/NC/ct160-338-20-N1_all_prof_PROCESSED.nc,ct160-338-20-N1,529,2021-06-19 01:20:00,-47.4532,79.435,False,False
/Volumes/Data/Work/SEALTAGS/Prydz/FLUO_LIGHT/PROCESSED/NC/ct160-338-20-N1_all_prof_PROCESSED.nc,ct160-338-20-N1,530,2021-06-19 23:00:00,-47.8315,79.1594,False,False
/Volumes/Data/Work/SEALTAGS/Prydz/FLUO_LIGHT/PROCESSED/NC/ct160-338-20-N1_all_prof_PROCESSED.nc,ct160-338-20-N1,531,2021-06-20 00:20:00,-47.8518,79.1171,False,False
/Volumes/Data/Work/SEALTAGS/Prydz/FLUO_LIGHT/PROCESSED/NC/ct160-338-20-N1_all_prof_PROCESSED.nc,ct160-338-20-N1,532,2021-06-20 12:30:00,-47.9147,78.7048,False,False
/Volumes/Data/Work/SEALTAGS/Prydz/FLUO_LIGHT/PROCESSED/NC/ct160-338-20-N1_all_prof_PROCESSED.nc,ct160-338-20-N1,533,2021-06-21 00:40:00,-48.0867,78.2239,False,False
/Volumes/Data/Work/SEALTAGS/Prydz/FLUO_LIGHT/PROCESSED/NC/ct160-338-20-N1_all_prof_PROCESSED.nc,ct160-338-20-N1,534,2021-06-21 14:20:00,-48.1477,77.7403,False,False
/Volumes/Data/Work/SEALTAGS/Prydz/FLUO_LIGHT/PROCESSED/NC/ct160-338-20-N1_all_prof_PROCESSED.nc,ct160-338-20-N1,535,2021-06-21 18:10:00,-48.1821,77.6325,False,False
/Volumes/Data/Work/SEALTAGS/Prydz/FLUO_LIGHT/PROCESSED/NC/ct160-338-20-N1_all_prof_PROCESSED.nc,ct160-338-20-N1,536,2021-06-22 00:30:00,-48.2637,77.4621,False,False
/Volumes/Data/Work/SEALTAGS/Prydz/FLUO_LIGHT/PROCESSED/NC/ct160-338-20-N1_all_prof_PROCESSED.nc,ct160-338-20-N1,537,2021-06-22 14:10:00,-48.5674,77.1679,False,False
/Volumes/Data/Work/SEALTAGS/Prydz/FLUO_LIGHT/PROCESSED/NC/ct160-338-20-N1_all_prof_PROCESSED.nc,ct160-338-20-N1,538,2021-06-22 15:50:00,-48.5853,77.027,False,False
/Volumes/Data/Work/SEALTAGS/Prydz/FLUO_LIGHT/PROCESSED/NC/ct160-338-20-N1_all_prof_PROCESSED.nc,ct160-338-20-N1,539,2021-06-23 00:40:00,-48.6625,76.6543,False,False
/Volumes/Data/Work/SEALTAGS/Prydz/FLUO_LIGHT/PROCESSED/NC/ct160-338-20-N1_all_prof_PROCESSED.nc,ct160-338-20-N1,540,2021-06-23 08:40:00,-48.7558,76.4546,True,False
/Volumes/Data/Work/SEALTAGS/Prydz/FLUO_LIGHT/PROCESSED/NC/ct160-338-20-N1_all_prof_PROCESSED.nc,ct160-338-20-N1,541,2021-06-24 15:30:00,-48.9221,75.347,False,False
/Volumes/Data/Work/SEALTAGS/Prydz/FLUO_LIGHT/PROCESSED/NC/ct160-338-20-N1_all_prof_PROCESSED.nc,ct160-338-20-N1,542,2021-06-24 16:00:00,-48.9356,75.319,False,False
/Volumes/Data/Work/SEALTAGS/Prydz/FLUO_LIGHT/PROCESSED/NC/ct160-338-20-N1_all_prof_PROCESSED.nc,ct160-338-20-N1,543,2021-06-24 22:20:00,-49.0042,75.012,False,False
/Volumes/Data/Work/SEALTAGS/Prydz/FLUO_LIGHT/PROCESSED/NC/ct160-338-20-N1_all_prof_PROCESSED.nc,ct160-338-20-N1,544,2021-06-25 01:20:00,-49.096,74.8378,False,False
/Volumes/Data/Work/SEALTAGS/Prydz/FLUO_LIGHT/PROCESSED/NC/ct160-338-20-N1_all_prof_PROCESSED.nc,ct160-338-20-N1,545,2021-06-25 10:30:00,-49.211,74.1794,True,False
/Volumes/Data/Work/SEALTAGS/Prydz/FLUO_LIGHT/PROCESSED/NC/ct160-338-20-N1_all_prof_PROCESSED.nc,ct160-338-20-N1,546,2021-06-25 13:20:00,-49.231,74.0856,False,False
/Volumes/Data/Work/SEALTAGS/Prydz/FLUO_LIGHT/PROCESSED/NC/ct160-338-20-N1_all_prof_PROCESSED.nc,ct160-338-20-N1,547,2021-06-26 14:10:00,-49.2973,72.8911,False,False
/Volumes/Data/Work/SEALTAGS/Prydz/FLUO_LIGHT/PROCESSED/NC/ct160-338-20-N1_all_prof_PROCESSED.nc,ct160-338-20-N1,548,2021-06-26 16:30:00,-49.3144,72.8109,False,False
/Volumes/Data/Work/SEALTAGS/Prydz/FLUO_LIGHT/PROCESSED/NC/ct160-338-20-N1_all_prof_PROCESSED.nc,ct160-338-20-N1,549,2021-06-27 02:50:00,-49.1979,72.3745,False,False
/Volumes/Data/Work/SEALTAGS/Prydz/FLUO_LIGHT/PROCESSED/NC/ct160-338-20-N1_all_prof_PROCESSED.nc,ct160-338-20-N1,550,2021-06-27 14:30:00,-49.1787,71.7558,False,False
/Volumes/Data/Work/SEALTAGS/Prydz/FLUO_LIGHT/PROCESSED/NC/ct160-338-20-N1_all_prof_PROCESSED.nc,ct160-338-20-N1,551,2021-06-27 19:10:00,-49.1414,71.3887,False,False
/Volumes/Data/Work/SEALTAGS/Prydz/FLUO_LIGHT/PROCESSED/NC/ct160-338-20-N2_all_prof_PROCESSED.nc,ct160-338-20-N2,1,2021-08-01 19:30:00,-49.5505,70.9242,False,False
/Volumes/Data/Work/SEALTAGS/Prydz/FLUO_LIGHT/PROCESSED/NC/ct160-338-20-N2_all_prof_PROCESSED.nc,ct160-338-20-N2,2,2021-08-01 20:00:00,-49.5543,70.96,False,False
/Volumes/Data/Work/SEALTAGS/Prydz/FLUO_LIGHT/PROCESSED/NC/ct160-338-20-N2_all_prof_PROCESSED.nc,ct160-338-20-N2,3,2021-08-01 20:20:00,-49.5568,70.9839,False,False
/Volumes/Data/Work/SEALTAGS/Prydz/FLUO_LIGHT/PROCESSED/NC/ct160-338-20-N2_all_prof_PROCESSED.nc,ct160-338-20-N2,4,2021-08-01 21:30:00,-49.5655,71.0674,False,False
/Volumes/Data/Work/SEALTAGS/Prydz/FLUO_LIGHT/PROCESSED/NC/ct160-338-20-N2_all_prof_PROCESSED.nc,ct160-338-20-N2,5,2021-08-02 02:30:00,-49.5818,71.3919,False,False
/Volumes/Data/Work/SEALTAGS/Prydz/FLUO_LIGHT/PROCESSED/NC/ct160-338-20-N2_all_prof_PROCESSED.nc,ct160-338-20-N2,6,2021-08-02 14:10:00,-49.521,71.9411,False,False
/Volumes/Data/Work/SEALTAGS/Prydz/FLUO_LIGHT/PROCESSED/NC/ct160-338-20-N2_all_prof_PROCESSED.nc,ct160-338-20-N2,7,2021-08-02 18:30:00,-49.4368,72.1472,False,False
/Volumes/Data/Work/SEALTAGS/Prydz/FLUO_LIGHT/PROCESSED/NC/ct160-338-20-N2_all_prof_PROCESSED.nc,ct160-338-20-N2,8,2021-08-02 19:00:00,-49.4304,72.1667,False,False
/Volumes/Data/Work/SEALTAGS/Prydz/FLUO_LIGHT/PROCESSED/NC/ct160-338-20-N2_all_prof_PROCESSED.nc,ct160-338-20-N2,9,2021-08-03 00:30:00,-49.315,72.404,False,False
/Volumes/Data/Work/SEALTAGS/Prydz/FLUO_LIGHT/PROCESSED/NC/ct160-338-20-N2_all_prof_PROCESSED.nc,ct160-338-20-N2,10,2021-08-03 12:20:00,-49.173,72.6391,False,False
/Volumes/Data/Work/SEALTAGS/Prydz/FLUO_LIGHT/PROCESSED/NC/ct160-338-20-N2_all_prof_PROCESSED.nc,ct160-338-20-N2,11,2021-08-04 13:20:00,-49.0506,73.7112,False,False
/Volumes/Data/Work/SEALTAGS/Prydz/FLUO_LIGHT/PROCESSED/NC/ct160-338-20-N2_all_prof_PROCESSED.nc,ct160-338-20-N2,12,2021-08-05 13:10:00,-48.8898,74.5914,False,False
/Volumes/Data/Work/SEALTAGS/Prydz/FLUO_LIGHT/PROCESSED/NC/ct160-338-20-N2_all_prof_PROCESSED.nc,ct160-338-20-N2,13,2021-08-05 13:40:00,-48.8883,74.5988,False,False
/Volumes/Data/Work/SEALTAGS/Prydz/FLUO_LIGHT/PROCESSED/NC/ct160-338-20-N2_all_prof_PROCESSED.nc,ct160-338-20-N2,14,2021-08-06 01:20:00,-48.8401,75.0085,False,False
/Volumes/Data/Work/SEALTAGS/Prydz/FLUO_LIGHT/PROCESSED/NC/ct160-338-20-N2_all_prof_PROCESSED.nc,ct160-338-20-N2,15,2021-08-06 13:40:00,-48.7743,75.467,False,False
/Volumes/Data/Work/SEALTAGS/Prydz/FLUO_LIGHT/PROCESSED/NC/ct160-338-20-N2_all_prof_PROCESSED.nc,ct160-338-20-N2,16,2021-08-06 21:00:00,-48.7003,75.7437,False,False
/Volumes/Data/Work/SEALTAGS/Prydz/FLUO_LIGHT/PROCESSED/NC/ct160-338-20-N2_all_prof_PROCESSED.nc,ct160-338-20-N2,17,2021-08-07 13:40:00,-48.7767,76.4008,False,False
/Volumes/Data/Work/SEALTAGS/Prydz/FLUO_LIGHT/PROCESSED/NC/ct160-338-20-N2_all_prof_PROCESSED.nc,ct160-338-20-N2,18,2021-08-07 14:40:00,-48.7593,76.3981,False,False
/Volumes/Data/Work/SEALTAGS/Prydz/FLUO_LIGHT/PROCESSED/NC/ct160-338-20-N2_all_prof_PROCESSED.nc,ct160-338-20-N2,19,2021-08-08 01:30:00,-48.6638,76.9021,False,False
/Volumes/Data/Work/SEALTAGS/Prydz/FLUO_LIGHT/PROCESSED/NC/ct160-338-20-N2_all_prof_PROCESSED.nc,ct160-338-20-N2,20,2021-08-08 05:40:00,-48.5975,77.2003,True,False
/Volumes/Data/Work/SEALTAGS/Prydz/FLUO_LIGHT/PROCESSED/NC/ct160-338-20-N2_all_prof_PROCESSED.nc,ct160-338-20-N2,21,2021-08-08 13:20:00,-48.5498,77.3575,False,False
/Volumes/Data/Work/SEALTAGS/Prydz/FLUO_LIGHT/PROCESSED/NC/ct160-338-20-N2_all_prof_PROCESSED.nc,ct160-338-20-N2,22,2021-08-09 02:00:00,-48.4465,77.4407,False,False
/Volumes/Data/Work/SEALTAGS/Prydz/FLUO_LIGHT/PROCESSED/NC/ct160-338-20-N2_all_prof_PROCESSED.nc,ct160-338-20-N2,23,2021-08-09 13:50:00,-48.3492,77.979,False,False
/Volumes/Data/Work/SEALTAGS/Prydz/FLUO_LIGHT/PROCESSED/NC/ct160-338-20-N2_all_prof_PROCESSED.nc,ct160-338-20-N2,24,2021-08-10 01:10:00,-48.3031,78.3288,False,False
/Volumes/Data/Work/SEALTAGS/Prydz/FLUO_LIGHT/PROCESSED/NC/ct160-338-20-N2_all_prof_PROCESSED.nc,ct160-338-20-N2,25,2021-08-10 14:20:00,-48.287,79.0116,False,False
/Volumes/Data/Work/SEALTAGS/Prydz/FLUO_LIGHT/PROCESSED/NC/ct160-338-20-N2_all_prof_PROCESSED.nc,ct160-338-20-N2,26,2021-08-10 18:00:00,-48.3184,79.0739,False,False
/Volumes/Data/Work/SEALTAGS/Prydz/FLUO_LIGHT/PROCESSED/NC/ct160-338-20-N2_all_prof_PROCESSED.nc,ct160-338-20-N2,27,2021-08-11 05:10:00,-48.2753,79.4865,True,False
/Volumes/Data/Work/SEALTAGS/Prydz/FLUO_LIGHT/PROCESSED/NC/ct160-338-20-N2_all_prof_PROCESSED.nc,ct160-338-20-N2,28,2021-08-11 13:30:00,-48.1079,79.8307,False,False
/Volumes/Data/Work/SEALTAGS/Prydz/FLUO_LIGHT/PROCESSED/NC/ct160-338-20-N2_all_prof_PROCESSED.nc,ct160-338-20-N2,29,2021-08-11 17:50:00,-48.0051,80.0054,False,False
/Volumes/Data/Work/SEALTAGS/Prydz/FLUO_LIGHT/PROCESSED/NC/ct160-338-20-N2_all_prof_PROCESSED.nc,ct160-338-20-N2,30,2021-08-12 01:10:00,-47.9663,80.1608,False,False
/Volumes/Data/Work/SEALTAGS/Prydz/FLUO_LIGHT/PROCESSED/NC/ct160-338-20-N2_all_prof_PROCESSED.nc,ct160-338-20-N2,31,2021-08-12 13:20:00,-47.906,80.4947,False,False
/Volumes/Data/Work/SEALTAGS/Prydz/FLUO_LIGHT/PROCESSED/NC/ct160-338-20-N2_all_prof_PROCESSED.nc,ct160-338-20-N2,32,2021-08-12 14:10:00,-47.9104,80.4866,False,False
/Volumes/Data/Work/SEALTAGS/Prydz/FLUO_LIGHT/PROCESSED/NC/ct160-338-20-N2_all_prof_PROCESSED.nc,ct160-338-20-N2,33,2021-08-13 01:20:00,-47.7629,80.8272,False,False
/Volumes/Data/Work/SEALTAGS/Prydz/FLUO_LIGHT/PROCESSED/NC/ct160-338-20-N2_all_prof_PROCESSED.nc,ct160-338-20-N2,34,2021-08-13 13:30:00,-47.6495,81.2401,False,False
/Volumes/Data/Work/SEALTAGS/Prydz/FLUO_LIGHT/PROCESSED/NC/ct160-338-20-N2_all_prof_PROCESSED.nc,ct160-338-20-N2,35,2021-08-14 01:20:00,-47.5512,81.849,False,False
/Volumes/Data/Work/SEALTAGS/Prydz/FLUO_LIGHT/PROCESSED/NC/ct160-338-20-N2_all_prof_PROCESSED.nc,ct160-338-20-N2,36,2021-08-14 13:40:00,-47.5737,82.3802,False,False
/Volumes/Data/Work/SEALTAGS/Prydz/FLUO_LIGHT/PROCESSED/NC/ct160-338-20-N2_all_prof_PROCESSED.nc,ct160-338-20-N2,37,2021-08-15 01:20:00,-47.6022,82.9224,False,False
/Volumes/Data/Work/SEALTAGS/Prydz/FLUO_LIGHT/PROCESSED/NC/ct160-338-20-N2_all_prof_PROCESSED.nc,ct160-338-20-N2,38,2021-08-16 02:20:00,-47.5603,83.9039,True,False
/Volumes/Data/Work/SEALTAGS/Prydz/FLUO_LIGHT/PROCESSED/NC/ct160-338-20-N2_all_prof_PROCESSED.nc,ct160-338-20-N2,39,2021-08-16 10:10:00,-47.4949,84.164,True,False
/Volumes/Data/Work/SEALTAGS/Prydz/FLUO_LIGHT/PROCESSED/NC/ct160-338-20-N2_all_prof_PROCESSED.nc,ct160-338-20-N2,40,2021-08-16 14:10:00,-47.5186,84.386,False,False
/Volumes/Data/Work/SEALTAGS/Prydz/FLUO_LIGHT/PROCESSED/NC/ct160-338-20-N2_all_prof_PROCESSED.nc,ct160-338-20-N2,41,2021-08-17 02:30:00,-47.3371,84.7895,True,False
/Volumes/Data/Work/SEALTAGS/Prydz/FLUO_LIGHT/PROCESSED/NC/ct160-338-20-N2_all_prof_PROCESSED.nc,ct160-338-20-N2,42,2021-08-17 03:00:00,-47.3575,84.7683,True,False
/Volumes/Data/Work/SEALTAGS/Prydz/FLUO_LIGHT/PROCESSED/NC/ct160-338-20-N2_all_prof_PROCESSED.nc,ct160-338-20-N2,43,2021-08-17 14:10:00,-47.2466,85.0848,False,False
/Volumes/Data/Work/SEALTAGS/Prydz/FLUO_LIGHT/PROCESSED/NC/ct160-338-20-N2_all_prof_PROCESSED.nc,ct160-338-20-N2,44,2021-08-18 02:10:00,-47.0753,85.728,True,False
/Volumes/Data/Work/SEALTAGS/Prydz/FLUO_LIGHT/PROCESSED/NC/ct160-338-20-N2_all_prof_PROCESSED.nc,ct160-338-20-N2,45,2021-08-18 03:50:00,-47.0731,85.6784,True,False
/Volumes/Data/Work/SEALTAGS/Prydz/FLUO_LIGHT/PROCESSED/NC/ct160-338-20-N2_all_prof_PROCESSED.nc,ct160-338-20-N2,46,2021-08-18 13:20:00,-46.8733,85.95,False,False
/Volumes/Data/Work/SEALTAGS/Prydz/FLUO_LIGHT/PROCESSED/NC/ct160-338-20-N2_all_prof_PROCESSED.nc,ct160-338-20-N2,47,2021-08-19 02:20:00,-46.8855,86.0787,True,False
/Volumes/Data/Work/SEALTAGS/Prydz/FLUO_LIGHT/PROCESSED/NC/ct160-338-20-N2_all_prof_PROCESSED.nc,ct160-338-20-N2,48,2021-08-19 03:00:00,-46.9115,86.0961,True,False
/Volumes/Data/Work/SEALTAGS/Prydz/FLUO_LIGHT/PROCESSED/NC/ct160-338-20-N2_all_prof_PROCESSED.nc,ct160-338-20-N2,49,2021-08-19 13:30:00,-46.8573,86.2578,False,False
/Volumes/Data/Work/SEALTAGS/Prydz/FLUO_LIGHT/PROCESSED/NC/ct160-338-20-N2_all_prof_PROCESSED.nc,ct160-338-20-N2,50,2021-08-20 02:20:00,-46.9119,86.3027,True,False
/Volumes/Data/Work/SEALTAGS/Prydz/FLUO_LIGHT/PROCESSED/NC/ct160-338-20-N2_all_prof_PROCESSED.nc,ct160-338-20-N2,51,2021-08-20 13:10:00,-46.9067,86.6405,False,False
/Volumes/Data/Work/SEALTAGS/Prydz/FLUO_LIGHT/PROCESSED/NC/ct160-338-20-N2_all_prof_PROCESSED.nc,ct160-338-20-N2,52,2021-08-21 01:30:00,-46.9676,86.3075,True,False
/Volumes/Data/Work/SEALTAGS/Prydz/FLUO_LIGHT/PROCESSED/NC/ct160-338-20-N2_all_prof_PROCESSED.nc,ct160-338-20-N2,53,2021-08-21 15:00:00,-47.1184,86.5516,False,False
/Volumes/Data/Work/SEALTAGS/Prydz/FLUO_LIGHT/PROCESSED/NC/ct160-338-20-N2_all_prof_PROCESSED.nc,ct160-338-20-N2,54,2021-08-21 15:50:00,-47.1544,86.5557,False,False
/Volumes/Data/Work/SEALTAGS/Prydz/FLUO_LIGHT/PROCESSED/NC/ct160-338-20-N2_all_prof_PROCESSED.nc,ct160-338-20-N2,55,2021-08-21 16:10:00,-47.1737,86.5577,False,False
/Volumes/Data/Work/SEALTAGS/Prydz/FLUO_LIGHT/PROCESSED/NC/ct160-338-20-N2_all_prof_PROCESSED.nc,ct160-338-20-N2,56,2021-08-21 19:10:00,-47.1847,86.6006,False,False
/Volumes/Data/Work/SEALTAGS/Prydz/FLUO_LIGHT/PROCESSED/NC/ct160-338-20-N2_all_prof_PROCESSED.nc,ct160-338-20-N2,57,2021-08-22 13:20:00,-47.254,87.2554,False,False
/Volumes/Data/Work/SEALTAGS/Prydz/FLUO_LIGHT/PROCESSED/NC/ct160-338-20-N2_all_prof_PROCESSED.nc,ct160-338-20-N2,58,2021-08-23 01:40:00,-47.2793,87.5476,True,False
/Volumes/Data/Work/SEALTAGS/Prydz/FLUO_LIGHT/PROCESSED/NC/ct160-338-20-N2_all_prof_PROCESSED.nc,ct160-338-20-N2,59,2021-08-23 06:50:00,-47.1932,87.7434,True,False
/Volumes/Data/Work/SEALTAGS/Prydz/FLUO_LIGHT/PROCESSED/NC/ct160-338-20-N2_all_prof_PROCESSED.nc,ct160-338-20-N2,60,2021-08-23 10:10:00,-47.1638,87.8446,True,False
/Volumes/Data/Work/SEALTAGS/Prydz/FLUO_LIGHT/PROCESSED/NC/ct160-338-20-N2_all_prof_PROCESSED.nc,ct160-338-20-N2,61,2021-08-23 14:10:00,-47.3261,87.7662,False,False
/Volumes/Data/Work/SEALTAGS/Prydz/FLUO_LIGHT/PROCESSED/NC/ct160-338-20-N2_all_prof_PROCESSED.nc,ct160-338-20-N2,62,2021-08-24 14:10:00,-47.2164,88.4106,False,False
/Volumes/Data/Work/SEALTAGS/Prydz/FLUO_LIGHT/PROCESSED/NC/ct160-338-20-N2_all_prof_PROCESSED.nc,ct160-338-20-N2,63,2021-08-24 22:10:00,-47.1695,88.8281,False,False
/Volumes/Data/Work/SEALTAGS/Prydz/FLUO_LIGHT/PROCESSED/NC/ct160-338-20-N2_all_prof_PROCESSED.nc,ct160-338-20-N2,64,2021-08-25 01:20:00,-47.1804,88.9413,True,False
/Volumes/Data/Work/SEALTAGS/Prydz/FLUO_LIGHT/PROCESSED/NC/ct160-338-20-N2_all_prof_PROCESSED.nc,ct160-338-20-N2,65,2021-08-25 08:30:00,-47.1181,88.912,True,False
/Volumes/Data/Work/SEALTAGS/Prydz/FLUO_LIGHT/PROCESSED/NC/ct160-338-20-N2_all_prof_PROCESSED.nc,ct160-338-20-N2,66,2021-08-25 14:00:00,-47.0541,89.0856,False,False
/Volumes/Data/Work/SEALTAGS/Prydz/FLUO_LIGHT/PROCESSED/NC/ct160-338-20-N2_all_prof_PROCESSED.nc,ct160-338-20-N2,67,2021-08-26 07:40:00,-46.9059,89.3053,True,False
/Volumes/Data/Work/SEALTAGS/Prydz/FLUO_LIGHT/PROCESSED/NC/ct160-338-20-N2_all_prof_PROCESSED.nc,ct160-338-20-N2,68,2021-08-26 15:00:00,-46.8341,89.362,False,False
/Volumes/Data/Work/SEALTAGS/Prydz/FLUO_LIGHT/PROCESSED/NC/ct160-338-20-N2_all_prof_PROCESSED.nc,ct160-338-20-N2,69,2021-08-27 07:30:00,-46.7495,89.6737,True,False
/Volumes/Data/Work/SEALTAGS/Prydz/FLUO_LIGHT/PROCESSED/NC/ct160-338-20-N2_all_prof_PROCESSED.nc,ct160-338-20-N2,70,2021-08-27 12:20:00,-46.7322,89.6555,False,False
/Volumes/Data/Work/SEALTAGS/Prydz/FLUO_LIGHT/PROCESSED/NC/ct160-338-20-N2_all_prof_PROCESSED.nc,ct160-338-20-N2,71,2021-08-28 02:20:00,-46.6706,89.6269,True,False
/Volumes/Data/Work/SEALTAGS/Prydz/FLUO_LIGHT/PROCESSED/NC/ct160-338-20-N2_all_prof_PROCESSED.nc,ct160-338-20-N2,72,2021-08-28 04:00:00,-46.6613,89.6121,True,False
/Volumes/Data/Work/SEALTAGS/Prydz/FLUO_LIGHT/PROCESSED/NC/ct160-338-20-N2_all_prof_PROCESSED.nc,ct160-338-20-N2,73,2021-08-28 04:40:00,-46.6529,89.6136,True,False
/Volumes/Data/Work/SEALTAGS/Prydz/FLUO_LIGHT/PROCESSED/NC/ct160-338-20-N2_all_prof_PROCESSED.nc,ct160-338-20-N2,74,2021-08-28 12:30:00,-46.5985,89.6742,False,False
/Volumes/Data/Work/SEALTAGS/Prydz/FLUO_LIGHT/PROCESSED/NC/ct160-338-20-N2_all_prof_PROCESSED.nc,ct160-338-20-N2,75,2021-08-29 01:20:00,-46.485,89.8992,True,False
/Volumes/Data/Work/SEALTAGS/Prydz/FLUO_LIGHT/PROCESSED/NC/ct160-338-20-N2_all_prof_PROCESSED.nc,ct160-338-20-N2,76,2021-08-29 05:20:00,-46.5017,89.9453,True,False
/Volumes/Data/Work/SEALTAGS/Prydz/FLUO_LIGHT/PROCESSED/NC/ct160-338-20-N2_all_prof_PROCESSED.nc,ct160-338-20-N2,77,2021-08-29 07:50:00,-46.5184,89.9474,True,False
/Volumes/Data/Work/SEALTAGS/Prydz/FLUO_LIGHT/PROCESSED/NC/ct160-338-20-N2_all_prof_PROCESSED.nc,ct160-338-20-N2,78,2021-08-29 13:20:00,-46.5241,89.9478,False,False
/Volumes/Data/Work/SEALTAGS/Prydz/FLUO_LIGHT/PROCESSED/NC/ct160-338-20-N2_all_prof_PROCESSED.nc,ct160-338-20-N2,79,2021-08-30 02:30:00,-46.5878,89.9418,True,False
/Volumes/Data/Work/SEALTAGS/Prydz/FLUO_LIGHT/PROCESSED/NC/ct160-338-20-N2_all_prof_PROCESSED.nc,ct160-338-20-N2,80,2021-08-30 13:40:00,-46.5401,89.9748,False,False
/Volumes/Data/Work/SEALTAGS/Prydz/FLUO_LIGHT/PROCESSED/NC/ct160-338-20-N2_all_prof_PROCESSED.nc,ct160-338-20-N2,81,2021-08-31 02:00:00,-46.5924,90.1306,True,False
/Volumes/Data/Work/SEALTAGS/Prydz/FLUO_LIGHT/PROCESSED/NC/ct160-338-20-N2_all_prof_PROCESSED.nc,ct160-338-20-N2,82,2021-08-31 02:40:00,-46.5994,90.1652,True,False
/Volumes/Data/Work/SEALTAGS/Prydz/FLUO_LIGHT/PROCESSED/NC/ct160-338-20-N2_all_prof_PROCESSED.nc,ct160-338-20-N2,83,2021-08-31 03:10:00,-46.6038,90.1848,True,False
/Volumes/Data/Work/SEALTAGS/Prydz/FLUO_LIGHT/PROCESSED/NC/ct160-338-20-N2_all_prof_PROCESSED.nc,ct160-338-20-N2,84,2021-08-31 13:40:00,-46.535,89.9847,False,False
/Volumes/Data/Work/SEALTAGS/Prydz/FLUO_LIGHT/PROCESSED/NC/ct160-338-20-N2_all_prof_PROCESSED.nc,ct160-338-20-N2,85,2021-09-01 01:10:00,-46.6141,90.1579,True,False
/Volumes/Data/Work/SEALTAGS/Prydz/FLUO_LIGHT/PROCESSED/NC/ct160-338-20-N2_all_prof_PROCESSED.nc,ct160-338-20-N2,86,2021-09-01 08:40:00,-46.5236,90.0562,True,False
/Volumes/Data/Work/SEALTAGS/Prydz/FLUO_LIGHT/PROCESSED/NC/ct160-338-20-N2_all_prof_PROCESSED.nc,ct160-338-20-N2,87,2021-09-01 13:20:00,-46.471,89.8613,False,False
/Volumes/Data/Work/SEALTAGS/Prydz/FLUO_LIGHT/PROCESSED/NC/ct160-338-20-N2_all_prof_PROCESSED.nc,ct160-338-20-N2,88,2021-09-02 01:30:00,-46.4416,90.097,True,False
/Volumes/Data/Work/SEALTAGS/Prydz/FLUO_LIGHT/PROCESSED/NC/ct160-338-20-N2_all_prof_PROCESSED.nc,ct160-338-20-N2,89,2021-09-03 01:30:00,-46.4702,90.2357,True,False
/Volumes/Data/Work/SEALTAGS/Prydz/FLUO_LIGHT/PROCESSED/NC/ct160-338-20-N2_all_prof_PROCESSED.nc,ct160-338-20-N2,90,2021-09-04 02:30:00,-46.4186,90.3774,True,False
/Volumes/Data/Work/SEALTAGS/Prydz/FLUO_LIGHT/PROCESSED/NC/ct160-338-20-N2_all_prof_PROCESSED.nc,ct160-338-20-N2,91,2021-09-04 14:00:00,-46.4649,90.3171,False,False
/Volumes/Data/Work/SEALTAGS/Prydz/FLUO_LIGHT/PROCESSED/NC/ct160-338-20-N2_all_prof_PROCESSED.nc,ct160-338-20-N2,92,2021-09-05 04:00:00,-46.2299,90.4413,True,False
/Volumes/Data/Work/SEALTAGS/Prydz/FLUO_LIGHT/PROCESSED/NC/ct160-338-20-N2_all_prof_PROCESSED.nc,ct160-338-20-N2,93,2021-09-05 19:50:00,-46.2939,90.6915,False,False
/Volumes/Data/Work/SEALTAGS/Prydz/FLUO_LIGHT/PROCESSED/NC/ct160-338-20-N2_all_prof_PROCESSED.nc,ct160-338-20-N2,94,2021-09-06 00:20:00,-46.3349,90.7722,True,False
/Volumes/Data/Work/SEALTAGS/Prydz/FLUO_LIGHT/PROCESSED/NC/ct160-338-20-N2_all_prof_PROCESSED.nc,ct160-338-20-N2,95,2021-09-06 20:10:00,-46.5049,91.3176,False,False
/Volumes/Data/Work/SEALTAGS/Prydz/FLUO_LIGHT/PROCESSED/NC/ct160-338-20-N2_all_prof_PROCESSED.nc,ct160-338-20-N2,96,2021-09-08 02:40:00,-46.4402,92.2629,True,False
/Volumes/Data/Work/SEALTAGS/Prydz/FLUO_LIGHT/PROCESSED/NC/ct160-338-20-N2_all_prof_PROCESSED.nc,ct160-338-20-N2,97,2021-09-08 10:50:00,-46.409,92.5351,True,False
/Volumes/Data/Work/SEALTAGS/Prydz/FLUO_LIGHT/PROCESSED/NC/ct160-338-20-N2_all_prof_PROCESSED.nc,ct160-338-20-N2,98,2021-09-09 02:00:00,-46.2403,93.0738,True,False
/Volumes/Data/Work/SEALTAGS/Prydz/FLUO_LIGHT/PROCESSED/NC/ct160-338-20-N2_all_prof_PROCESSED.nc,ct160-338-20-N2,99,2021-09-09 05:40:00,-46.2551,93.2117,True,False
/Volumes/Data/Work/SEALTAGS/Prydz/FLUO_LIGHT/PROCESSED/NC/ct160-338-20-N2_all_prof_PROCESSED.nc,ct160-338-20-N2,100,2021-09-09 13:10:00,-46.1108,93.4146,False,False
/Volumes/Data/Work/SEALTAGS/Prydz/FLUO_LIGHT/PROCESSED/NC/ct160-338-20-N2_all_prof_PROCESSED.nc,ct160-338-20-N2,101,2021-09-10 01:20:00,-46.0564,93.8484,True,False
/Volumes/Data/Work/SEALTAGS/Prydz/FLUO_LIGHT/PROCESSED/NC/ct160-338-20-N2_all_prof_PROCESSED.nc,ct160-338-20-N2,102,2021-09-10 13:10:00,-46.0249,94.2272,False,False
/Volumes/Data/Work/SEALTAGS/Prydz/FLUO_LIGHT/PROCESSED/NC/ct160-338-20-N2_all_prof_PROCESSED.nc,ct160-338-20-N2,103,2021-09-11 02:40:00,-45.7694,94.5175,True,False
/Volumes/Data/Work/SEALTAGS/Prydz/FLUO_LIGHT/PROCESSED/NC/ct160-338-20-N2_all_prof_PROCESSED.nc,ct160-338-20-N2,104,2021-09-13 08:30:00,-45.0856,96.3181,True,False
/Volumes/Data/Work/SEALTAGS/Prydz/FLUO_LIGHT/PROCESSED/NC/ct160-338-20-N2_all_prof_PROCESSED.nc,ct160-338-20-N2,105,2021-09-14 02:30:00,-44.9474,96.8313,True,False
/Volumes/Data/Work/SEALTAGS/Prydz/FLUO_LIGHT/PROCESSED/NC/ct160-338-20-N2_all_prof_PROCESSED.nc,ct160-338-20-N2,106,2021-09-14 14:20:00,-44.8857,97.122,False,False
/Volumes/Data/Work/SEALTAGS/Prydz/FLUO_LIGHT/PROCESSED/NC/ct160-338-20-N2_all_prof_PROCESSED.nc,ct160-338-20-N2,107,2021-09-15 01:20:00,-44.812,97.546,True,False
/Volumes/Data/Work/SEALTAGS/Prydz/FLUO_LIGHT/PROCESSED/NC/ct160-338-20-N2_all_prof_PROCESSED.nc,ct160-338-20-N2,108,2021-09-15 14:10:00,-44.8128,98.1669,False,False
/Volumes/Data/Work/SEALTAGS/Prydz/FLUO_LIGHT/PROCESSED/NC/ct160-338-20-N2_all_prof_PROCESSED.nc,ct160-338-20-N2,109,2021-09-16 01:30:00,-44.8853,98.7145,True,False
/Volumes/Data/Work/SEALTAGS/Prydz/FLUO_LIGHT/PROCESSED/NC/ct160-338-20-N2_all_prof_PROCESSED.nc,ct160-338-20-N2,110,2021-09-16 13:20:00,-45.024,99.2688,False,False
/Volumes/Data/Work/SEALTAGS/Prydz/FLUO_LIGHT/PROCESSED/NC/ct160-338-20-N2_all_prof_PROCESSED.nc,ct160-338-20-N2,111,2021-09-16 19:20:00,-45.1355,99.6201,False,False
/Volumes/Data/Work/SEALTAGS/Prydz/FLUO_LIGHT/PROCESSED/NC/ct160-338-20-N2_all_prof_PROCESSED.nc,ct160-338-20-N2,112,2021-09-17 01:40:00,-45.2318,100.0529,True,False
/Volumes/Data/Work/SEALTAGS/Prydz/FLUO_LIGHT/PROCESSED/NC/ct160-338-20-N2_all_prof_PROCESSED.nc,ct160-338-20-N2,113,2021-09-17 23:30:00,-45.6485,101.0686,True,False
/Volumes/Data/Work/SEALTAGS/Prydz/FLUO_LIGHT/PROCESSED/NC/ct160-338-20-N2_all_prof_PROCESSED.nc,ct160-338-20-N2,114,2021-09-18 01:20:00,-45.6382,101.0861,True,False
/Volumes/Data/Work/SEALTAGS/Prydz/FLUO_LIGHT/PROCESSED/NC/ct160-338-20-N2_all_prof_PROCESSED.nc,ct160-338-20-N2,115,2021-09-18 04:20:00,-45.6858,101.184,True,False
/Volumes/Data/Work/SEALTAGS/Prydz/FLUO_LIGHT/PROCESSED/NC/ct160-338-20-N2_all_prof_PROCESSED.nc,ct160-338-20-N2,116,2021-09-18 14:30:00,-45.8104,101.6581,False,False
/Volumes/Data/Work/SEALTAGS/Prydz/FLUO_LIGHT/PROCESSED/NC/ct160-338-20-N2_all_prof_PROCESSED.nc,ct160-338-20-N2,117,2021-09-19 01:20:00,-45.9612,101.9747,True,False
/Volumes/Data/Work/SEALTAGS/Prydz/FLUO_LIGHT/PROCESSED/NC/ct160-338-20-N2_all_prof_PROCESSED.nc,ct160-338-20-N2,118,2021-09-19 14:20:00,-46.1015,102.3995,False,False
/Volumes/Data/Work/SEALTAGS/Prydz/FLUO_LIGHT/PROCESSED/NC/ct160-338-20-N2_all_prof_PROCESSED.nc,ct160-338-20-N2,119,2021-09-20 01:30:00,-46.2849,102.6822,True,False
/Volumes/Data/Work/SEALTAGS/Prydz/FLUO_LIGHT/PROCESSED/NC/ct160-338-20-N2_all_prof_PROCESSED.nc,ct160-338-20-N2,120,2021-09-21 02:20:00,-46.7648,103.0282,True,False
/Volumes/Data/Work/SEALTAGS/Prydz/FLUO_LIGHT/PROCESSED/NC/ct160-338-20-N2_all_prof_PROCESSED.nc,ct160-338-20-N2,121,2021-09-21 03:40:00,-46.7929,103.0728,True,False
/Volumes/Data/Work/SEALTAGS/Prydz/FLUO_LIGHT/PROCESSED/NC/ct160-338-20-N2_all_prof_PROCESSED.nc,ct160-338-20-N2,122,2021-09-22 01:30:00,-47.14,103.7059,True,False
/Volumes/Data/Work/SEALTAGS/Prydz/FLUO_LIGHT/PROCESSED/NC/ct160-338-20-N2_all_prof_PROCESSED.nc,ct160-338-20-N2,123,2021-09-22 14:10:00,-47.2107,104.2289,False,False
/Volumes/Data/Work/SEALTAGS/Prydz/FLUO_LIGHT/PROCESSED/NC/ct160-338-20-N2_all_prof_PROCESSED.nc,ct160-338-20-N2,124,2021-09-23 01:50:00,-47.4044,104.6712,True,False
/Volumes/Data/Work/SEALTAGS/Prydz/FLUO_LIGHT/PROCESSED/NC/ct160-338-20-N2_all_prof_PROCESSED.nc,ct160-338-20-N2,125,2021-09-23 14:20:00,-47.5387,104.7222,False,False
/Volumes/Data/Work/SEALTAGS/Prydz/FLUO_LIGHT/PROCESSED/NC/ct160-338-20-N2_all_prof_PROCESSED.nc,ct160-338-20-N2,126,2021-09-24 01:30:00,-47.6814,104.918,True,False
/Volumes/Data/Work/SEALTAGS/Prydz/FLUO_LIGHT/PROCESSED/NC/ct160-338-20-N2_all_prof_PROCESSED.nc,ct160-338-20-N2,127,2021-09-24 02:10:00,-47.6579,104.9805,True,False
/Volumes/Data/Work/SEALTAGS/Prydz/FLUO_LIGHT/PROCESSED/NC/ct160-338-20-N2_all_prof_PROCESSED.nc,ct160-338-20-N2,128,2021-09-24 13:40:00,-47.8616,105.201,False,False
/Volumes/Data/Work/SEALTAGS/Prydz/FLUO_LIGHT/PROCESSED/NC/ct160-338-20-N2_all_prof_PROCESSED.nc,ct160-338-20-N2,129,2021-09-25 15:00:00,-47.8536,105.4617,False,False
/Volumes/Data/Work/SEALTAGS/Prydz/FLUO_LIGHT/PROCESSED/NC/ct160-338-20-N2_all_prof_PROCESSED.nc,ct160-338-20-N2,130,2021-09-26 02:20:00,-47.7886,105.5607,True,False
/Volumes/Data/Work/SEALTAGS/Prydz/FLUO_LIGHT/PROCESSED/NC/ct160-338-20-N2_all_prof_PROCESSED.nc,ct160-338-20-N2,131,2021-09-26 14:10:00,-47.9954,105.6594,False,False
/Volumes/Data/Work/SEALTAGS/Prydz/FLUO_LIGHT/PROCESSED/NC/ct160-338-20-N2_all_prof_PROCESSED.nc,ct160-338-20-N2,132,2021-09-27 02:40:00,-48.0405,105.7525,True,False
/Volumes/Data/Work/SEALTAGS/Prydz/FLUO_LIGHT/PROCESSED/NC/ct160-338-20-N2_all_prof_PROCESSED.nc,ct160-338-20-N2,133,2021-09-27 06:50:00,-48.0586,105.7104,True,False
/Volumes/Data/Work/SEALTAGS/Prydz/FLUO_LIGHT/PROCESSED/NC/ct160-338-20-N2_all_prof_PROCESSED.nc,ct160-338-20-N2,134,2021-09-27 14:30:00,-48.1067,105.622,False,False
/Volumes/Data/Work/SEALTAGS/Prydz/FLUO_LIGHT/PROCESSED/NC/ct160-338-20-N2_all_prof_PROCESSED.nc,ct160-338-20-N2,135,2021-09-27 15:30:00,-48.1195,105.5919,False,False
/Volumes/Data/Work/SEALTAGS/Prydz/FLUO_LIGHT/PROCESSED/NC/ct160-338-20-N2_all_prof_PROCESSED.nc,ct160-338-20-N2,136,2021-09-28 02:30:00,-48.1299,105.8221,True,False
/Volumes/Data/Work/SEALTAGS/Prydz/FLUO_LIGHT/PROCESSED/NC/ct160-338-20-N2_all_prof_PROCESSED.nc,ct160-338-20-N2,137,2021-09-28 15:00:00,-48.1464,105.9134,False,False
/Volumes/Data/Work/SEALTAGS/Prydz/FLUO_LIGHT/PROCESSED/NC/ct160-338-20-N2_all_prof_PROCESSED.nc,ct160-338-20-N2,138,2021-09-28 17:10:00,-48.152,105.8801,False,False
/Volumes/Data/Work/SEALTAGS/Prydz/FLUO_LIGHT/PROCESSED/NC/ct160-338-20-N2_all_prof_PROCESSED.nc,ct160-338-20-N2,139,2021-09-29 23:00:00,-48.1481,105.5346,True,False
/Volumes/Data/Work/SEALTAGS/Prydz/FLUO_LIGHT/PROCESSED/NC/ct160-338-20-N2_all_prof_PROCESSED.nc,ct160-338-20-N2,140,2021-10-01 05:10:00,-48.0504,105.3551,True,False
/Volumes/Data/Work/SEALTAGS/Prydz/FLUO_LIGHT/PROCESSED/NC/ct160-338-20-N2_all_prof_PROCESSED.nc,ct160-338-20-N2,141,2021-10-01 15:10:00,-48.1262,105.291,False,False
/Volumes/Data/Work/SEALTAGS/Prydz/FLUO_LIGHT/PROCESSED/NC/ct160-338-20-N2_all_prof_PROCESSED.nc,ct160-338-20-N2,142,2021-10-01 16:30:00,-48.1283,105.2927,False,False
/Volumes/Data/Work/SEALTAGS/Prydz/FLUO_LIGHT/PROCESSED/NC/ct160-338-20-N2_all_prof_PROCESSED.nc,ct160-338-20-N2,143,2021-10-02 02:30:00,-48.1387,105.3628,True,False
/Volumes/Data/Work/SEALTAGS/Prydz/FLUO_LIGHT/PROCESSED/NC/ct160-338-20-N2_all_prof_PROCESSED.nc,ct160-338-20-N2,144,2021-10-02 05:00:00,-48.1728,105.383,True,False
/Volumes/Data/Work/SEALTAGS/Prydz/FLUO_LIGHT/PROCESSED/NC/ct160-338-20-N2_all_prof_PROCESSED.nc,ct160-338-20-N2,145,2021-10-02 14:10:00,-48.176,105.3357,False,False
/Volumes/Data/Work/SEALTAGS/Prydz/FLUO_LIGHT/PROCESSED/NC/ct160-338-20-N2_all_prof_PROCESSED.nc,ct160-338-20-N2,146,2021-10-02 23:00:00,-48.1953,105.366,True,False
/Volumes/Data/Work/SEALTAGS/Prydz/FLUO_LIGHT/PROCESSED/NC/ct160-338-20-N2_all_prof_PROCESSED.nc,ct160-338-20-N2,147,2021-10-03 02:10:00,-48.25,105.3216,True,False
/Volumes/Data/Work/SEALTAGS/Prydz/FLUO_LIGHT/PROCESSED/NC/ct160-338-20-N2_all_prof_PROCESSED.nc,ct160-338-20-N2,148,2021-10-03 03:30:00,-48.3072,105.2832,True,False
/Volumes/Data/Work/SEALTAGS/Prydz/FLUO_LIGHT/PROCESSED/NC/ct160-338-20-N2_all_prof_PROCESSED.nc,ct160-338-20-N2,149,2021-10-03 14:10:00,-48.3419,105.1476,False,False
/Volumes/Data/Work/SEALTAGS/Prydz/FLUO_LIGHT/PROCESSED/NC/ct160-338-20-N2_all_prof_PROCESSED.nc,ct160-338-20-N2,150,2021-10-03 14:50:00,-48.3322,105.0946,False,False
/Volumes/Data/Work/SEALTAGS/Prydz/FLUO_LIGHT/PROCESSED/NC/ct160-338-20-N2_all_prof_PROCESSED.nc,ct160-338-20-N2,151,2021-10-04 14:20:00,-48.4732,105.168,False,False
/Volumes/Data/Work/SEALTAGS/Prydz/FLUO_LIGHT/PROCESSED/NC/ct160-338-20-N2_all_prof_PROCESSED.nc,ct160-338-20-N2,152,2021-10-05 14:20:00,-48.6373,105.2883,False,False
/Volumes/Data/Work/SEALTAGS/Prydz/FLUO_LIGHT/PROCESSED/NC/ct160-338-20-N2_all_prof_PROCESSED.nc,ct160-338-20-N2,153,2021-10-05 15:20:00,-48.6703,105.3013,False,False
/Volumes/Data/Work/SEALTAGS/Prydz/FLUO_LIGHT/PROCESSED/NC/ct160-338-20-N2_all_prof_PROCESSED.nc,ct160-338-20-N2,154,2021-10-06 02:20:00,-48.6804,105.4507,True,False
/Volumes/Data/Work/SEALTAGS/Prydz/FLUO_LIGHT/PROCESSED/NC/ct160-338-20-N2_all_prof_PROCESSED.nc,ct160-338-20-N2,155,2021-10-06 07:30:00,-48.7379,105.5294,True,False
/Volumes/Data/Work/SEALTAGS/Prydz/FLUO_LIGHT/PROCESSED/NC/ct160-338-20-N2_all_prof_PROCESSED.nc,ct160-338-20-N2,156,2021-10-07 13:20:00,-48.9616,105.8169,False,False
/Volumes/Data/Work/SEALTAGS/Prydz/FLUO_LIGHT/PROCESSED/NC/ct160-338-20-N2_all_prof_PROCESSED.nc,ct160-338-20-N2,157,2021-10-08 02:20:00,-48.9525,105.8568,True,False
/Volumes/Data/Work/SEALTAGS/Prydz/FLUO_LIGHT/PROCESSED/NC/ct160-338-20-N2_all_prof_PROCESSED.nc,ct160-338-20-N2,158,2021-10-08 14:00:00,-48.9941,105.9249,False,False
/Volumes/Data/Work/SEALTAGS/Prydz/FLUO_LIGHT/PROCESSED/NC/ct160-338-20-N2_all_prof_PROCESSED.nc,ct160-338-20-N2,159,2021-10-09 02:20:00,-49.2043,105.7451,True,False
/Volumes/Data/Work/SEALTAGS/Prydz/FLUO_LIGHT/PROCESSED/NC/ct160-338-20-N2_all_prof_PROCESSED.nc,ct160-338-20-N2,160,2021-10-09 11:30:00,-49.3113,105.9103,False,False
/Volumes/Data/Work/SEALTAGS/Prydz/FLUO_LIGHT/PROCESSED/NC/ct160-338-20-N2_all_prof_PROCESSED.nc,ct160-338-20-N2,161,2021-10-09 14:10:00,-49.3634,105.8752,False,False
/Volumes/Data/Work/SEALTAGS/Prydz/FLUO_LIGHT/PROCESSED/NC/ct160-338-20-N2_all_prof_PROCESSED.nc,ct160-338-20-N2,162,2021-10-09 16:40:00,-49.3778,105.8714,False,False
/Volumes/Data/Work/SEALTAGS/Prydz/FLUO_LIGHT/PROCESSED/NC/ct160-338-20-N2_all_prof_PROCESSED.nc,ct160-338-20-N2,163,2021-10-10 14:10:00,-49.5508,105.8523,False,False
/Volumes/Data/Work/SEALTAGS/Prydz/FLUO_LIGHT/PROCESSED/NC/ct160-338-20-N2_all_prof_PROCESSED.nc,ct160-338-20-N2,164,2021-10-10 22:10:00,-49.6131,105.8137,True,False
/Volumes/Data/Work/SEALTAGS/Prydz/FLUO_LIGHT/PROCESSED/NC/ct160-338-20-N2_all_prof_PROCESSED.nc,ct160-338-20-N2,165,2021-10-11 02:10:00,-49.6182,105.8325,True,False
/Volumes/Data/Work/SEALTAGS/Prydz/FLUO_LIGHT/PROCESSED/NC/ct160-338-20-N2_all_prof_PROCESSED.nc,ct160-338-20-N2,166,2021-10-11 10:50:00,-49.6531,105.9417,True,False
/Volumes/Data/Work/SEALTAGS/Prydz/FLUO_LIGHT/PROCESSED/NC/ct160-338-20-N2_all_prof_PROCESSED.nc,ct160-338-20-N2,167,2021-10-11 14:30:00,-49.6874,106.0156,False,False
/Volumes/Data/Work/SEALTAGS/Prydz/FLUO_LIGHT/PROCESSED/NC/ct160-338-20-N2_all_prof_PROCESSED.nc,ct160-338-20-N2,168,2021-10-12 02:10:00,-49.6705,106.0495,True,False
/Volumes/Data/Work/SEALTAGS/Prydz/FLUO_LIGHT/PROCESSED/NC/ct160-338-20-N2_all_prof_PROCESSED.nc,ct160-338-20-N2,169,2021-10-12 14:10:00,-49.7404,106.0056,False,False
/Volumes/Data/Work/SEALTAGS/Prydz/FLUO_LIGHT/PROCESSED/NC/ct160-338-20-N2_all_prof_PROCESSED.nc,ct160-338-20-N2,170,2021-10-12 17:30:00,-49.7599,106.0424,False,False
/Volumes/Data/Work/SEALTAGS/Prydz/FLUO_LIGHT/PROCESSED/NC/ct160-338-20-N2_all_prof_PROCESSED.nc,ct160-338-20-N2,171,2021-10-13 02:20:00,-49.8834,106.0665,True,False
/Volumes/Data/Work/SEALTAGS/Prydz/FLUO_LIGHT/PROCESSED/NC/ct160-338-20-N2_all_prof_PROCESSED.nc,ct160-338-20-N2,172,2021-10-13 15:00:00,-49.9714,106.0337,False,False
/Volumes/Data/Work/SEALTAGS/Prydz/FLUO_LIGHT/PROCESSED/NC/ct160-338-20-N2_all_prof_PROCESSED.nc,ct160-338-20-N2,173,2021-10-13 15:20:00,-49.9851,106.0383,False,False
/Volumes/Data/Work/SEALTAGS/Prydz/FLUO_LIGHT/PROCESSED/NC/ct160-338-20-N2_all_prof_PROCESSED.nc,ct160-338-20-N2,174,2021-10-13 22:00:00,-50.0791,105.9977,True,False
/Volumes/Data/Work/SEALTAGS/Prydz/FLUO_LIGHT/PROCESSED/NC/ct160-338-20-N2_all_prof_PROCESSED.nc,ct160-338-20-N2,175,2021-10-14 15:20:00,-50.163,106.2701,False,False
/Volumes/Data/Work/SEALTAGS/Prydz/FLUO_LIGHT/PROCESSED/NC/ct160-338-20-N2_all_prof_PROCESSED.nc,ct160-338-20-N2,176,2021-10-14 22:10:00,-50.1708,106.3356,True,False
/Volumes/Data/Work/SEALTAGS/Prydz/FLUO_LIGHT/PROCESSED/NC/ct160-338-20-N2_all_prof_PROCESSED.nc,ct160-338-20-N2,177,2021-10-15 02:20:00,-50.1818,106.4,True,False
/Volumes/Data/Work/SEALTAGS/Prydz/FLUO_LIGHT/PROCESSED/NC/ct160-338-20-N2_all_prof_PROCESSED.nc,ct160-338-20-N2,178,2021-10-15 03:20:00,-50.1982,106.4217,True,False
/Volumes/Data/Work/SEALTAGS/Prydz/FLUO_LIGHT/PROCESSED/NC/ct160-338-20-N2_all_prof_PROCESSED.nc,ct160-338-20-N2,179,2021-10-15 10:30:00,-50.3021,106.5729,True,False
/Volumes/Data/Work/SEALTAGS/Prydz/FLUO_LIGHT/PROCESSED/NC/ct160-338-20-N2_all_prof_PROCESSED.nc,ct160-338-20-N2,180,2021-10-15 18:50:00,-50.3297,106.7857,False,False
/Volumes/Data/Work/SEALTAGS/Prydz/FLUO_LIGHT/PROCESSED/NC/ct160-338-20-N2_all_prof_PROCESSED.nc,ct160-338-20-N2,181,2021-10-15 19:10:00,-50.3296,106.7901,False,False
/Volumes/Data/Work/SEALTAGS/Prydz/FLUO_LIGHT/PROCESSED/NC/ct160-338-20-N2_all_prof_PROCESSED.nc,ct160-338-20-N2,182,2021-10-15 22:10:00,-50.3401,106.8568,True,False
/Volumes/Data/Work/SEALTAGS/Prydz/FLUO_LIGHT/PROCESSED/NC/ct160-338-20-N2_all_prof_PROCESSED.nc,ct160-338-20-N2,183,2021-10-16 08:20:00,-50.4178,107.05,True,False
/Volumes/Data/Work/SEALTAGS/Prydz/FLUO_LIGHT/PROCESSED/NC/ct160-338-20-N2_all_prof_PROCESSED.nc,ct160-338-20-N2,184,2021-10-16 09:20:00,-50.4315,107.0718,True,False
/Volumes/Data/Work/SEALTAGS/Prydz/FLUO_LIGHT/PROCESSED/NC/ct160-338-20-N2_all_prof_PROCESSED.nc,ct160-338-20-N2,185,2021-10-16 14:20:00,-50.4539,107.0363,False,False
/Volumes/Data/Work/SEALTAGS/Prydz/FLUO_LIGHT/PROCESSED/NC/ct160-338-20-N2_all_prof_PROCESSED.nc,ct160-338-20-N2,186,2021-10-16 20:30:00,-50.4782,107.0599,False,False
/Volumes/Data/Work/SEALTAGS/Prydz/FLUO_LIGHT/PROCESSED/NC/ct160-338-20-N2_all_prof_PROCESSED.nc,ct160-338-20-N2,187,2021-10-17 01:40:00,-50.4803,107.2193,True,False
/Volumes/Data/Work/SEALTAGS/Prydz/FLUO_LIGHT/PROCESSED/NC/ct160-338-20-N2_all_prof_PROCESSED.nc,ct160-338-20-N2,188,2021-10-17 13:50:00,-50.6278,107.1991,False,False
/Volumes/Data/Work/SEALTAGS/Prydz/FLUO_LIGHT/PROCESSED/NC/ct160-338-20-N2_all_prof_PROCESSED.nc,ct160-338-20-N2,189,2021-10-18 13:20:00,-50.7233,107.3184,False,False
/Volumes/Data/Work/SEALTAGS/Prydz/FLUO_LIGHT/PROCESSED/NC/ct160-338-20-N2_all_prof_PROCESSED.nc,ct160-338-20-N2,190,2021-10-19 01:20:00,-50.7612,107.2099,True,False
/Volumes/Data/Work/SEALTAGS/Prydz/FLUO_LIGHT/PROCESSED/NC/ct160-338-20-N2_all_prof_PROCESSED.nc,ct160-338-20-N2,191,2021-10-19 13:30:00,-50.8385,107.0141,False,False
/Volumes/Data/Work/SEALTAGS/Prydz/FLUO_LIGHT/PROCESSED/NC/ct160-338-20-N2_all_prof_PROCESSED.nc,ct160-338-20-N2,192,2021-10-20 01:20:00,-50.9531,107.3363,True,False
/Volumes/Data/Work/SEALTAGS/Prydz/FLUO_LIGHT/PROCESSED/NC/ct160-338-20-N2_all_prof_PROCESSED.nc,ct160-338-20-N2,193,2021-10-20 14:10:00,-51.065,107.5347,False,False
/Volumes/Data/Work/SEALTAGS/Prydz/FLUO_LIGHT/PROCESSED/NC/ct160-338-20-N2_all_prof_PROCESSED.nc,ct160-338-20-N2,194,2021-10-20 14:50:00,-51.0703,107.5315,False,False
/Volumes/Data/Work/SEALTAGS/Prydz/FLUO_LIGHT/PROCESSED/NC/ct160-338-20-N2_all_prof_PROCESSED.nc,ct160-338-20-N2,195,2021-10-21 01:40:00,-51.1099,107.4782,True,False
/Volumes/Data/Work/SEALTAGS/Prydz/FLUO_LIGHT/PROCESSED/NC/ct160-338-20-N2_all_prof_PROCESSED.nc,ct160-338-20-N2,196,2021-10-21 13:40:00,-51.1697,107.503,False,False
/Volumes/Data/Work/SEALTAGS/Prydz/FLUO_LIGHT/PROCESSED/NC/ct160-338-20-N2_all_prof_PROCESSED.nc,ct160-338-20-N2,197,2021-10-22 01:10:00,-51.257,107.4552,True,False
/Volumes/Data/Work/SEALTAGS/Prydz/FLUO_LIGHT/PROCESSED/NC/ct160-338-20-N2_all_prof_PROCESSED.nc,ct160-338-20-N2,198,2021-10-22 13:10:00,-51.2797,107.4057,False,False
/Volumes/Data/Work/SEALTAGS/Prydz/FLUO_LIGHT/PROCESSED/NC/ct160-338-20-N2_all_prof_PROCESSED.nc,ct160-338-20-N2,199,2021-10-23 02:50:00,-51.2792,107.1204,True,False
/Volumes/Data/Work/SEALTAGS/Prydz/FLUO_LIGHT/PROCESSED/NC/ct160-338-20-N2_all_prof_PROCESSED.nc,ct160-338-20-N2,200,2021-10-23 14:10:00,-51.3586,107.1488,False,False
/Volumes/Data/Work/SEALTAGS/Prydz/FLUO_LIGHT/PROCESSED/NC/ct160-338-20-N2_all_prof_PROCESSED.nc,ct160-338-20-N2,201,2021-10-24 02:00:00,-51.6421,106.8472,True,False
/Volumes/Data/Work/SEALTAGS/Prydz/FLUO_LIGHT/PROCESSED/NC/ct160-338-20-N2_all_prof_PROCESSED.nc,ct160-338-20-N2,202,2021-10-24 15:10:00,-51.8406,106.6077,False,False
/Volumes/Data/Work/SEALTAGS/Prydz/FLUO_LIGHT/PROCESSED/NC/ct160-338-20-N2_all_prof_PROCESSED.nc,ct160-338-20-N2,203,2021-10-24 21:30:00,-51.9988,106.2555,False,False
/Volumes/Data/Work/SEALTAGS/Prydz/FLUO_LIGHT/PROCESSED/NC/ct160-338-20-N2_all_prof_PROCESSED.nc,ct160-338-20-N2,204,2021-10-25 04:50:00,-52.0272,106.2979,True,False
/Volumes/Data/Work/SEALTAGS/Prydz/FLUO_LIGHT/PROCESSED/NC/ct160-338-20-N2_all_prof_PROCESSED.nc,ct160-338-20-N2,205,2021-10-25 16:10:00,-52.1996,106.2195,False,False
/Volumes/Data/Work/SEALTAGS/Prydz/FLUO_LIGHT/PROCESSED/NC/ct160-338-20-N2_all_prof_PROCESSED.nc,ct160-338-20-N2,206,2021-10-25 17:50:00,-52.2242,106.2118,False,False
/Volumes/Data/Work/SEALTAGS/Prydz/FLUO_LIGHT/PROCESSED/NC/ct160-338-20-N2_all_prof_PROCESSED.nc,ct160-338-20-N2,207,2021-10-25 21:30:00,-52.2783,106.1949,True,False
/Volumes/Data/Work/SEALTAGS/Prydz/FLUO_LIGHT/PROCESSED/NC/ct160-338-20-N2_all_prof_PROCESSED.nc,ct160-338-20-N2,208,2021-10-27 03:40:00,-52.6589,105.7215,True,False
/Volumes/Data/Work/SEALTAGS/Prydz/FLUO_LIGHT/PROCESSED/NC/ct160-338-20-N2_all_prof_PROCESSED.nc,ct160-338-20-N2,209,2021-10-27 17:00:00,-52.7798,105.4542,False,False
/Volumes/Data/Work/SEALTAGS/Prydz/FLUO_LIGHT/PROCESSED/NC/ct160-338-20-N2_all_prof_PROCESSED.nc,ct160-338-20-N2,210,2021-10-27 17:50:00,-52.7953,105.4044,False,False
/Volumes/Data/Work/SEALTAGS/Prydz/FLUO_LIGHT/PROCESSED/NC/ct160-338-20-N2_all_prof_PROCESSED.nc,ct160-338-20-N2,211,2021-10-28 02:10:00,-52.8682,105.0503,True,False
/Volumes/Data/Work/SEALTAGS/Prydz/FLUO_LIGHT/PROCESSED/NC/ct160-338-20-N2_all_prof_PROCESSED.nc,ct160-338-20-N2,212,2021-10-28 16:00:00,-53.0118,104.6705,False,False
/Volumes/Data/Work/SEALTAGS/Prydz/FLUO_LIGHT/PROCESSED/NC/ct160-338-20-N2_all_prof_PROCESSED.nc,ct160-338-20-N2,213,2021-10-28 16:30:00,-53.025,104.6373,False,False
/Volumes/Data/Work/SEALTAGS/Prydz/FLUO_LIGHT/PROCESSED/NC/ct160-338-20-N2_all_prof_PROCESSED.nc,ct160-338-20-N2,214,2021-10-28 22:20:00,-53.0672,104.5694,True,False
/Volumes/Data/Work/SEALTAGS/Prydz/FLUO_LIGHT/PROCESSED/NC/ct160-338-20-N2_all_prof_PROCESSED.nc,ct160-338-20-N2,215,2021-10-29 22:10:00,-53.1359,103.6828,True,False
/Volumes/Data/Work/SEALTAGS/Prydz/FLUO_LIGHT/PROCESSED/NC/ct160-338-20-N2_all_prof_PROCESSED.nc,ct160-338-20-N2,216,2021-10-30 15:10:00,-53.2465,102.9691,False,False
/Volumes/Data/Work/SEALTAGS/Prydz/FLUO_LIGHT/PROCESSED/NC/ct160-338-20-N2_all_prof_PROCESSED.nc,ct160-338-20-N2,217,2021-10-31 02:10:00,-53.2643,102.6616,True,False
/Volumes/Data/Work/SEALTAGS/Prydz/FLUO_LIGHT/PROCESSED/NC/ct160-338-20-N2_all_prof_PROCESSED.nc,ct160-338-20-N2,218,2021-10-31 05:40:00,-53.2112,102.5058,True,False
/Volumes/Data/Work/SEALTAGS/Prydz/FLUO_LIGHT/PROCESSED/NC/ct160-338-20-N2_all_prof_PROCESSED.nc,ct160-338-20-N2,219,2021-10-31 14:00:00,-53.1857,102.3986,False,False
/Volumes/Data/Work/SEALTAGS/Prydz/FLUO_LIGHT/PROCESSED/NC/ct160-338-20-N2_all_prof_PROCESSED.nc,ct160-338-20-N2,220,2021-10-31 15:00:00,-53.2073,102.3292,False,False
/Volumes/Data/Work/SEALTAGS/Prydz/FLUO_LIGHT/PROCESSED/NC/ct160-338-20-N2_all_prof_PROCESSED.nc,ct160-338-20-N2,221,2021-11-01 01:30:00,-53.1037,102.1603,True,False
/Volumes/Data/Work/SEALTAGS/Prydz/FLUO_LIGHT/PROCESSED/NC/ct160-338-20-N2_all_prof_PROCESSED.nc,ct160-338-20-N2,222,2021-11-01 14:30:00,-52.9533,102.0065,False,False
/Volumes/Data/Work/SEALTAGS/Prydz/FLUO_LIGHT/PROCESSED/NC/ct160-338-20-N2_all_prof_PROCESSED.nc,ct160-338-20-N2,223,2021-11-02 01:10:00,-52.8498,101.8347,True,False
/Volumes/Data/Work/SEALTAGS/Prydz/FLUO_LIGHT/PROCESSED/NC/ct160-338-20-N2_all_prof_PROCESSED.nc,ct160-338-20-N2,224,2021-11-02 15:20:00,-52.7215,101.5886,False,False
/Volumes/Data/Work/SEALTAGS/Prydz/FLUO_LIGHT/PROCESSED/NC/ct160-338-20-N2_all_prof_PROCESSED.nc,ct160-338-20-N2,225,2021-11-03 02:10:00,-52.5122,101.3656,True,False
/Volumes/Data/Work/SEALTAGS/Prydz/FLUO_LIGHT/PROCESSED/NC/ct160-338-20-N2_all_prof_PROCESSED.nc,ct160-338-20-N2,226,2021-11-03 05:00:00,-52.4655,101.2232,True,False
/Volumes/Data/Work/SEALTAGS/Prydz/FLUO_LIGHT/PROCESSED/NC/ct160-338-20-N2_all_prof_PROCESSED.nc,ct160-338-20-N2,227,2021-11-04 01:30:00,-52.1772,100.62,True,False
/Volumes/Data/Work/SEALTAGS/Prydz/FLUO_LIGHT/PROCESSED/NC/ct160-338-20-N2_all_prof_PROCESSED.nc,ct160-338-20-N2,228,2021-11-04 05:20:00,-52.2142,100.4525,True,False
/Volumes/Data/Work/SEALTAGS/Prydz/FLUO_LIGHT/PROCESSED/NC/ct160-338-20-N2_all_prof_PROCESSED.nc,ct160-338-20-N2,229,2021-11-04 16:20:00,-52.1309,100.0423,False,False
/Volumes/Data/Work/SEALTAGS/Prydz/FLUO_LIGHT/PROCESSED/NC/ct160-338-20-N2_all_prof_PROCESSED.nc,ct160-338-20-N2,230,2021-11-05 02:40:00,-52.0866,99.5323,True,False
/Volumes/Data/Work/SEALTAGS/Prydz/FLUO_LIGHT/PROCESSED/NC/ct160-338-20-N2_all_prof_PROCESSED.nc,ct160-338-20-N2,231,2021-11-05 06:40:00,-52.1379,99.4396,True,False
/Volumes/Data/Work/SEALTAGS/Prydz/FLUO_LIGHT/PROCESSED/NC/ct160-338-20-N2_all_prof_PROCESSED.nc,ct160-338-20-N2,232,2021-11-05 15:20:00,-52.0722,99.1785,False,False
/Volumes/Data/Work/SEALTAGS/Prydz/FLUO_LIGHT/PROCESSED/NC/ct160-338-20-N2_all_prof_PROCESSED.nc,ct160-338-20-N2,233,2021-11-06 01:20:00,-51.9796,98.9386,True,False
/Volumes/Data/Work/SEALTAGS/Prydz/FLUO_LIGHT/PROCESSED/NC/ct160-338-20-N2_all_prof_PROCESSED.nc,ct160-338-20-N2,234,2021-11-06 14:20:00,-51.7683,98.56,False,False
/Volumes/Data/Work/SEALTAGS/Prydz/FLUO_LIGHT/PROCESSED/NC/ct160-338-20-N2_all_prof_PROCESSED.nc,ct160-338-20-N2,235,2021-11-07 01:20:00,-51.7129,98.0317,True,False
/Volumes/Data/Work/SEALTAGS/Prydz/FLUO_LIGHT/PROCESSED/NC/ct160-338-20-N2_all_prof_PROCESSED.nc,ct160-338-20-N2,236,2021-11-07 15:20:00,-51.6474,97.7842,False,False
/Volumes/Data/Work/SEALTAGS/Prydz/FLUO_LIGHT/PROCESSED/NC/ct160-338-20-N2_all_prof_PROCESSED.nc,ct160-338-20-N2,237,2021-11-07 22:20:00,-51.6411,97.4245,True,False
/Volumes/Data/Work/SEALTAGS/Prydz/FLUO_LIGHT/PROCESSED/NC/ct160-338-20-N2_all_prof_PROCESSED.nc,ct160-338-20-N2,238,2021-11-08 15:00:00,-51.4009,97.1537,False,False
/Volumes/Data/Work/SEALTAGS/Prydz/FLUO_LIGHT/PROCESSED/NC/ct160-338-20-N2_all_prof_PROCESSED.nc,ct160-338-20-N2,239,2021-11-08 22:10:00,-51.3392,97.1657,True,False
/Volumes/Data/Work/SEALTAGS/Prydz/FLUO_LIGHT/PROCESSED/NC/ct160-338-20-N2_all_prof_PROCESSED.nc,ct160-338-20-N2,240,2021-11-09 02:30:00,-51.2659,97.1549,True,False
/Volumes/Data/Work/SEALTAGS/Prydz/FLUO_LIGHT/PROCESSED/NC/ct160-338-20-N2_all_prof_PROCESSED.nc,ct160-338-20-N2,241,2021-11-09 14:40:00,-51.0955,96.8403,False,False
/Volumes/Data/Work/SEALTAGS/Prydz/FLUO_LIGHT/PROCESSED/NC/ct160-338-20-N2_all_prof_PROCESSED.nc,ct160-338-20-N2,242,2021-11-10 02:00:00,-50.9814,96.4295,True,False
/Volumes/Data/Work/SEALTAGS/Prydz/FLUO_LIGHT/PROCESSED/NC/ct160-338-20-N2_all_prof_PROCESSED.nc,ct160-338-20-N2,243,2021-11-10 03:20:00,-50.9675,96.4055,True,False
/Volumes/Data/Work/SEALTAGS/Prydz/FLUO_LIGHT/PROCESSED/NC/ct160-338-20-N2_all_prof_PROCESSED.nc,ct160-338-20-N2,244,2021-11-10 15:10:00,-50.8647,96.1274,False,False
/Volumes/Data/Work/SEALTAGS/Prydz/FLUO_LIGHT/PROCESSED/NC/ct160-338-20-N2_all_prof_PROCESSED.nc,ct160-338-20-N2,245,2021-11-10 16:00:00,-50.8685,96.1401,False,False
/Volumes/Data/Work/SEALTAGS/Prydz/FLUO_LIGHT/PROCESSED/NC/ct160-338-20-N2_all_prof_PROCESSED.nc,ct160-338-20-N2,246,2021-11-11 14:10:00,-50.5226,95.5505,False,False
/Volumes/Data/Work/SEALTAGS/Prydz/FLUO_LIGHT/PROCESSED/NC/ct160-338-20-N2_all_prof_PROCESSED.nc,ct160-338-20-N2,247,2021-11-12 02:00:00,-50.4006,95.1802,True,False
/Volumes/Data/Work/SEALTAGS/Prydz/FLUO_LIGHT/PROCESSED/NC/ct160-338-20-N2_all_prof_PROCESSED.nc,ct160-338-20-N2,248,2021-11-12 05:20:00,-50.3974,95.2024,True,False
/Volumes/Data/Work/SEALTAGS/Prydz/FLUO_LIGHT/PROCESSED/NC/ct160-338-20-N2_all_prof_PROCESSED.nc,ct160-338-20-N2,249,2021-11-12 15:30:00,-50.3189,95.129,False,False
/Volumes/Data/Work/SEALTAGS/Prydz/FLUO_LIGHT/PROCESSED/NC/ct160-338-20-N2_all_prof_PROCESSED.nc,ct160-338-20-N2,250,2021-11-12 16:00:00,-50.3151,95.1217,False,False
/Volumes/Data/Work/SEALTAGS/Prydz/FLUO_LIGHT/PROCESSED/NC/ct160-338-20-N2_all_prof_PROCESSED.nc,ct160-338-20-N2,251,2021-11-13 20:10:00,-50.1908,94.4609,False,False
/Volumes/Data/Work/SEALTAGS/Prydz/FLUO_LIGHT/PROCESSED/NC/ct160-338-20-N2_all_prof_PROCESSED.nc,ct160-338-20-N2,252,2021-11-13 21:30:00,-50.1916,94.45,False,False
/Volumes/Data/Work/SEALTAGS/Prydz/FLUO_LIGHT/PROCESSED/NC/ct160-338-20-N2_all_prof_PROCESSED.nc,ct160-338-20-N2,253,2021-11-13 23:30:00,-50.191,94.481,True,False
/Volumes/Data/Work/SEALTAGS/Prydz/FLUO_LIGHT/PROCESSED/NC/ct160-338-20-N2_all_prof_PROCESSED.nc,ct160-338-20-N2,254,2021-11-14 02:20:00,-50.1741,94.4576,True,False
/Volumes/Data/Work/SEALTAGS/Prydz/FLUO_LIGHT/PROCESSED/NC/ct160-338-20-N2_all_prof_PROCESSED.nc,ct160-338-20-N2,255,2021-11-14 03:00:00,-50.1748,94.4539,True,False
/Volumes/Data/Work/SEALTAGS/Prydz/FLUO_LIGHT/PROCESSED/NC/ct160-338-20-N2_all_prof_PROCESSED.nc,ct160-338-20-N2,256,2021-11-14 15:40:00,-50.1545,94.2326,False,False
/Volumes/Data/Work/SEALTAGS/Prydz/FLUO_LIGHT/PROCESSED/NC/ct160-338-20-N2_all_prof_PROCESSED.nc,ct160-338-20-N2,257,2021-11-14 21:00:00,-50.167,94.1885,False,False
/Volumes/Data/Work/SEALTAGS/Prydz/FLUO_LIGHT/PROCESSED/NC/ct160-338-20-N2_all_prof_PROCESSED.nc,ct160-338-20-N2,258,2021-11-15 02:20:00,-50.1742,94.1081,True,False
/Volumes/Data/Work/SEALTAGS/Prydz/FLUO_LIGHT/PROCESSED/NC/ct160-338-20-N2_all_prof_PROCESSED.nc,ct160-338-20-N2,259,2021-11-15 05:20:00,-50.1772,94.0545,True,False
/Volumes/Data/Work/SEALTAGS/Prydz/FLUO_LIGHT/PROCESSED/NC/ct160-338-20-N2_all_prof_PROCESSED.nc,ct160-338-20-N2,260,2021-11-15 13:20:00,-50.2187,93.9241,False,False
/Volumes/Data/Work/SEALTAGS/Prydz/FLUO_LIGHT/PROCESSED/NC/ct160-338-20-N2_all_prof_PROCESSED.nc,ct160-338-20-N2,261,2021-11-16 04:50:00,-50.2908,93.6314,True,False
/Volumes/Data/Work/SEALTAGS/Prydz/FLUO_LIGHT/PROCESSED/NC/ct160-338-20-N2_all_prof_PROCESSED.nc,ct160-338-20-N2,262,2021-11-16 16:30:00,-50.3088,93.2932,False,False
/Volumes/Data/Work/SEALTAGS/Prydz/FLUO_LIGHT/PROCESSED/NC/ct160-338-20-N2_all_prof_PROCESSED.nc,ct160-338-20-N2,263,2021-11-16 23:00:00,-50.326,93.1513,True,False
/Volumes/Data/Work/SEALTAGS/Prydz/FLUO_LIGHT/PROCESSED/NC/ct160-338-20-N2_all_prof_PROCESSED.nc,ct160-338-20-N2,264,2021-11-17 08:10:00,-50.3249,92.9216,True,False
/Volumes/Data/Work/SEALTAGS/Prydz/FLUO_LIGHT/PROCESSED/NC/ct160-338-20-N2_all_prof_PROCESSED.nc,ct160-338-20-N2,265,2021-11-17 22:10:00,-50.2451,92.3821,True,False
/Volumes/Data/Work/SEALTAGS/Prydz/FLUO_LIGHT/PROCESSED/NC/ct160-338-20-N2_all_prof_PROCESSED.nc,ct160-338-20-N2,266,2021-11-17 22:40:00,-50.2521,92.3594,True,False
/Volumes/Data/Work/SEALTAGS/Prydz/FLUO_LIGHT/PROCESSED/NC/ct160-338-20-N2_all_prof_PROCESSED.nc,ct160-338-20-N2,267,2021-11-18 02:30:00,-50.158,91.9866,True,False
/Volumes/Data/Work/SEALTAGS/Prydz/FLUO_LIGHT/PROCESSED/NC/ct160-338-20-N2_all_prof_PROCESSED.nc,ct160-338-20-N2,268,2021-11-18 03:30:00,-50.1691,91.9074,True,False
/Volumes/Data/Work/SEALTAGS/Prydz/FLUO_LIGHT/PROCESSED/NC/ct160-338-20-N2_all_prof_PROCESSED.nc,ct160-338-20-N2,269,2021-11-18 15:10:00,-50.2164,91.3077,False,False
/Volumes/Data/Work/SEALTAGS/Prydz/FLUO_LIGHT/PROCESSED/NC/ct160-338-20-N2_all_prof_PROCESSED.nc,ct160-338-20-N2,270,2021-11-18 21:30:00,-50.2261,91.0947,False,False
/Volumes/Data/Work/SEALTAGS/Prydz/FLUO_LIGHT/PROCESSED/NC/ct160-338-20-N2_all_prof_PROCESSED.nc,ct160-338-20-N2,271,2021-11-19 02:30:00,-50.1963,90.8431,True,False
/Volumes/Data/Work/SEALTAGS/Prydz/FLUO_LIGHT/PROCESSED/NC/ct160-338-20-N2_all_prof_PROCESSED.nc,ct160-338-20-N2,272,2021-11-19 13:30:00,-50.3202,90.5258,False,False
/Volumes/Data/Work/SEALTAGS/Prydz/FLUO_LIGHT/PROCESSED/NC/ct160-338-20-N2_all_prof_PROCESSED.nc,ct160-338-20-N2,273,2021-11-20 01:50:00,-50.3954,89.9515,True,False
/Volumes/Data/Work/SEALTAGS/Prydz/FLUO_LIGHT/PROCESSED/NC/ct160-338-20-N2_all_prof_PROCESSED.nc,ct160-338-20-N2,274,2021-11-20 13:10:00,-50.5285,89.7695,True,False
/Volumes/Data/Work/SEALTAGS/Prydz/FLUO_LIGHT/PROCESSED/NC/ct160-338-20-N2_all_prof_PROCESSED.nc,ct160-338-20-N2,275,2021-11-21 01:30:00,-50.5787,89.4818,True,False
/Volumes/Data/Work/SEALTAGS/Prydz/FLUO_LIGHT/PROCESSED/NC/ct160-338-20-N2_all_prof_PROCESSED.nc,ct160-338-20-N2,276,2021-11-21 14:20:00,-50.6007,89.2435,False,False
/Volumes/Data/Work/SEALTAGS/Prydz/FLUO_LIGHT/PROCESSED/NC/ct160-338-20-N2_all_prof_PROCESSED.nc,ct160-338-20-N2,277,2021-11-22 01:40:00,-50.5536,88.632,True,False
/Volumes/Data/Work/SEALTAGS/Prydz/FLUO_LIGHT/PROCESSED/NC/ct160-338-20-N2_all_prof_PROCESSED.nc,ct160-338-20-N2,278,2021-11-22 05:10:00,-50.5317,88.6594,True,False
/Volumes/Data/Work/SEALTAGS/Prydz/FLUO_LIGHT/PROCESSED/NC/ct160-338-20-N2_all_prof_PROCESSED.nc,ct160-338-20-N2,279,2021-11-22 13:10:00,-50.5312,88.3814,True,False
/Volumes/Data/Work/SEALTAGS/Prydz/FLUO_LIGHT/PROCESSED/NC/ct160-338-20-N2_all_prof_PROCESSED.nc,ct160-338-20-N2,280,2021-11-23 01:10:00,-50.4471,88.043,True,False
/Volumes/Data/Work/SEALTAGS/Prydz/FLUO_LIGHT/PROCESSED/NC/ct160-338-20-N2_all_prof_PROCESSED.nc,ct160-338-20-N2,281,2021-11-24 01:20:00,-50.387,87.1048,True,False
/Volumes/Data/Work/SEALTAGS/Prydz/FLUO_LIGHT/PROCESSED/NC/ct160-338-20-N2_all_prof_PROCESSED.nc,ct160-338-20-N2,282,2021-11-24 13:40:00,-50.2462,86.6964,True,False
/Volumes/Data/Work/SEALTAGS/Prydz/FLUO_LIGHT/PROCESSED/NC/ct160-338-20-N2_all_prof_PROCESSED.nc,ct160-338-20-N2,283,2021-11-25 01:20:00,-50.2451,86.3534,True,False
/Volumes/Data/Work/SEALTAGS/Prydz/FLUO_LIGHT/PROCESSED/NC/ct160-338-20-N2_all_prof_PROCESSED.nc,ct160-338-20-N2,284,2021-11-25 17:00:00,-50.0414,85.9783,False,False
/Volumes/Data/Work/SEALTAGS/Prydz/FLUO_LIGHT/PROCESSED/NC/ct160-338-20-N2_all_prof_PROCESSED.nc,ct160-338-20-N2,285,2021-11-26 02:20:00,-49.9352,85.4058,True,False
/Volumes/Data/Work/SEALTAGS/Prydz/FLUO_LIGHT/PROCESSED/NC/ct160-338-20-N2_all_prof_PROCESSED.nc,ct160-338-20-N2,286,2021-11-26 06:20:00,-49.8796,85.2868,True,False
/Volumes/Data/Work/SEALTAGS/Prydz/FLUO_LIGHT/PROCESSED/NC/ct160-338-20-N2_all_prof_PROCESSED.nc,ct160-338-20-N2,287,2021-11-26 15:10:00,-49.8327,84.8107,False,False
/Volumes/Data/Work/SEALTAGS/Prydz/FLUO_LIGHT/PROCESSED/NC/ct160-338-20-N2_all_prof_PROCESSED.nc,ct160-338-20-N2,288,2021-11-26 16:00:00,-49.8277,84.7679,False,False
/Volumes/Data/Work/SEALTAGS/Prydz/FLUO_LIGHT/PROCESSED/NC/ct160-338-20-N2_all_prof_PROCESSED.nc,ct160-338-20-N2,289,2021-11-26 22:00:00,-49.7347,84.4565,False,False
/Volumes/Data/Work/SEALTAGS/Prydz/FLUO_LIGHT/PROCESSED/NC/ct160-338-20-N2_all_prof_PROCESSED.nc,ct160-338-20-N2,290,2021-11-27 03:10:00,-49.654,84.1561,True,False
/Volumes/Data/Work/SEALTAGS/Prydz/FLUO_LIGHT/PROCESSED/NC/ct160-338-20-N2_all_prof_PROCESSED.nc,ct160-338-20-N2,291,2021-11-27 03:50:00,-49.6604,84.1296,True,False
/Volumes/Data/Work/SEALTAGS/Prydz/FLUO_LIGHT/PROCESSED/NC/ct160-338-20-N2_all_prof_PROCESSED.nc,ct160-338-20-N2,292,2021-11-28 05:00:00,-49.7717,83.2499,True,False
/Volumes/Data/Work/SEALTAGS/Prydz/FLUO_LIGHT/PROCESSED/NC/ct160-338-20-N2_all_prof_PROCESSED.nc,ct160-338-20-N2,293,2021-11-28 17:10:00,-49.9659,83.2893,False,False
/Volumes/Data/Work/SEALTAGS/Prydz/FLUO_LIGHT/PROCESSED/NC/ct160-338-20-N2_all_prof_PROCESSED.nc,ct160-338-20-N2,294,2021-11-29 03:10:00,-50.1325,83.0574,True,False
/Volumes/Data/Work/SEALTAGS/Prydz/FLUO_LIGHT/PROCESSED/NC/ct160-338-20-N2_all_prof_PROCESSED.nc,ct160-338-20-N2,295,2021-11-29 15:10:00,-50.2108,82.7232,False,False
/Volumes/Data/Work/SEALTAGS/Prydz/FLUO_LIGHT/PROCESSED/NC/ct160-338-20-N2_all_prof_PROCESSED.nc,ct160-338-20-N2,296,2021-11-30 02:10:00,-50.231,82.1421,True,False
/Volumes/Data/Work/SEALTAGS/Prydz/FLUO_LIGHT/PROCESSED/NC/ct160-338-20-N2_all_prof_PROCESSED.nc,ct160-338-20-N2,297,2021-11-30 14:50:00,-50.1913,81.6088,False,False
/Volumes/Data/Work/SEALTAGS/Prydz/FLUO_LIGHT/PROCESSED/NC/ct160-338-20-N2_all_prof_PROCESSED.nc,ct160-338-20-N2,298,2021-11-30 17:30:00,-50.138,81.4705,False,False
/Volumes/Data/Work/SEALTAGS/Prydz/FLUO_LIGHT/PROCESSED/NC/ct160-338-20-N2_all_prof_PROCESSED.nc,ct160-338-20-N2,299,2021-12-01 03:20:00,-49.905,80.7022,True,False
/Volumes/Data/Work/SEALTAGS/Prydz/FLUO_LIGHT/PROCESSED/NC/ct160-338-20-N2_all_prof_PROCESSED.nc,ct160-338-20-N2,300,2021-12-01 05:50:00,-49.8888,80.6212,True,False
/Volumes/Data/Work/SEALTAGS/Prydz/FLUO_LIGHT/PROCESSED/NC/ct160-338-20-N2_all_prof_PROCESSED.nc,ct160-338-20-N2,301,2021-12-01 15:00:00,-49.93,80.2156,False,False
/Volumes/Data/Work/SEALTAGS/Prydz/FLUO_LIGHT/PROCESSED/NC/ct160-338-20-N2_all_prof_PROCESSED.nc,ct160-338-20-N2,302,2021-12-02 03:20:00,-50.0148,79.4337,True,False
/Volumes/Data/Work/SEALTAGS/Prydz/FLUO_LIGHT/PROCESSED/NC/ct160-338-20-N2_all_prof_PROCESSED.nc,ct160-338-20-N2,303,2021-12-02 03:40:00,-50.0205,79.4184,True,False
/Volumes/Data/Work/SEALTAGS/Prydz/FLUO_LIGHT/PROCESSED/NC/ct160-338-20-N2_all_prof_PROCESSED.nc,ct160-338-20-N2,304,2021-12-02 05:10:00,-50.0458,79.3322,True,False
/Volumes/Data/Work/SEALTAGS/Prydz/FLUO_LIGHT/PROCESSED/NC/ct160-338-20-N2_all_prof_PROCESSED.nc,ct160-338-20-N2,305,2021-12-02 15:30:00,-50.1779,78.5869,False,False
/Volumes/Data/Work/SEALTAGS/Prydz/FLUO_LIGHT/PROCESSED/NC/ct160-338-20-N2_all_prof_PROCESSED.nc,ct160-338-20-N2,306,2021-12-02 21:10:00,-50.1583,78.3781,False,False
/Volumes/Data/Work/SEALTAGS/Prydz/FLUO_LIGHT/PROCESSED/NC/ct160-338-20-N2_all_prof_PROCESSED.nc,ct160-338-20-N2,307,2021-12-03 15:20:00,-49.8961,77.3814,False,False
/Volumes/Data/Work/SEALTAGS/Prydz/FLUO_LIGHT/PROCESSED/NC/ct160-338-20-N2_all_prof_PROCESSED.nc,ct160-338-20-N2,308,2021-12-03 18:50:00,-49.8315,77.3602,False,False
/Volumes/Data/Work/SEALTAGS/Prydz/FLUO_LIGHT/PROCESSED/NC/ct160-338-20-N2_all_prof_PROCESSED.nc,ct160-338-20-N2,309,2021-12-04 03:10:00,-49.8243,77.1975,True,False
/Volumes/Data/Work/SEALTAGS/Prydz/FLUO_LIGHT/PROCESSED/NC/ct160-338-20-N2_all_prof_PROCESSED.nc,ct160-338-20-N2,310,2021-12-04 03:40:00,-49.8088,77.1635,True,False
/Volumes/Data/Work/SEALTAGS/Prydz/FLUO_LIGHT/PROCESSED/NC/ct160-338-20-N2_all_prof_PROCESSED.nc,ct160-338-20-N2,311,2021-12-04 15:20:00,-49.8822,76.337,False,False
/Volumes/Data/Work/SEALTAGS/Prydz/FLUO_LIGHT/PROCESSED/NC/ct160-338-20-N2_all_prof_PROCESSED.nc,ct160-338-20-N2,312,2021-12-04 21:20:00,-49.9507,76.0775,False,False
/Volumes/Data/Work/SEALTAGS/Prydz/FLUO_LIGHT/PROCESSED/NC/ct160-338-20-N2_all_prof_PROCESSED.nc,ct160-338-20-N2,313,2021-12-05 02:30:00,-49.9523,75.83,True,False
/Volumes/Data/Work/SEALTAGS/Prydz/FLUO_LIGHT/PROCESSED/NC/ct160-338-20-N2_all_prof_PROCESSED.nc,ct160-338-20-N2,314,2021-12-05 14:20:00,-49.9646,75.1332,True,False
/Volumes/Data/Work/SEALTAGS/Prydz/FLUO_LIGHT/PROCESSED/NC/ct160-338-20-N2_all_prof_PROCESSED.nc,ct160-338-20-N2,315,2021-12-06 03:10:00,-49.9335,74.25,True,False
/Volumes/Data/Work/SEALTAGS/Prydz/FLUO_LIGHT/PROCESSED/NC/ct160-338-20-N2_all_prof_PROCESSED.nc,ct160-338-20-N2,316,2021-12-06 04:00:00,-49.9185,74.2097,True,False
/Volumes/Data/Work/SEALTAGS/Prydz/FLUO_LIGHT/PROCESSED/NC/ct160-338-20-N2_all_prof_PROCESSED.nc,ct160-338-20-N2,317,2021-12-06 13:00:00,-49.8214,73.5074,True,False
/Volumes/Data/Work/SEALTAGS/Prydz/FLUO_LIGHT/PROCESSED/NC/ct160-338-20-N2_all_prof_PROCESSED.nc,ct160-338-20-N2,318,2021-12-07 04:10:00,-49.6172,72.3291,True,False
/Volumes/Data/Work/SEALTAGS/Prydz/FLUO_LIGHT/PROCESSED/NC/ct160-338-20-N2_all_prof_PROCESSED.nc,ct160-338-20-N2,319,2021-12-07 05:50:00,-49.5879,72.1714,True,False
/Volumes/Data/Work/SEALTAGS/Prydz/FLUO_LIGHT/PROCESSED/NC/ct160-338-20-N2_all_prof_PROCESSED.nc,ct160-338-20-N2,320,2021-12-07 07:20:00,-49.562,72.0272,True,False
/Volumes/Data/Work/SEALTAGS/Prydz/FLUO_LIGHT/PROCESSED/NC/ct160-338-20-N2_all_prof_PROCESSED.nc,ct160-338-20-N2,321,2021-12-07 15:10:00,-49.4161,71.5936,False,False
/Volumes/Data/Work/SEALTAGS/Prydz/FLUO_LIGHT/PROCESSED/NC/ct160-339-20_all_prof_PROCESSED.nc,ct160-339-20,1,2021-01-03 10:00:00,-49.5229,70.5227,True,False
/Volumes/Data/Work/SEALTAGS/Prydz/FLUO_LIGHT/PROCESSED/NC/ct160-339-20_all_prof_PROCESSED.nc,ct160-339-20,2,2021-01-03 11:20:00,-49.5941,70.565,True,False
/Volumes/Data/Work/SEALTAGS/Prydz/FLUO_LIGHT/PROCESSED/NC/ct160-339-20_all_prof_PROCESSED.nc,ct160-339-20,3,2021-01-03 16:00:00,-49.7804,70.7549,False,False
/Volumes/Data/Work/SEALTAGS/Prydz/FLUO_LIGHT/PROCESSED/NC/ct160-339-20_all_prof_PROCESSED.nc,ct160-339-20,4,2021-01-03 16:10:00,-49.7829,70.7736,False,False
/Volumes/Data/Work/SEALTAGS/Prydz/FLUO_LIGHT/PROCESSED/NC/ct160-339-20_all_prof_PROCESSED.nc,ct160-339-20,5,2021-01-03 20:20:00,-49.8818,71.0743,False,False
/Volumes/Data/Work/SEALTAGS/Prydz/FLUO_LIGHT/PROCESSED/NC/ct160-339-20_all_prof_PROCESSED.nc,ct160-339-20,6,2021-01-04 04:10:00,-50.094,71.3553,True,False
/Volumes/Data/Work/SEALTAGS/Prydz/FLUO_LIGHT/PROCESSED/NC/ct160-339-20_all_prof_PROCESSED.nc,ct160-339-20,7,2021-01-04 06:00:00,-50.1605,71.4144,True,False
/Volumes/Data/Work/SEALTAGS/Prydz/FLUO_LIGHT/PROCESSED/NC/ct160-339-20_all_prof_PROCESSED.nc,ct160-339-20,8,2021-01-04 19:20:00,-50.5993,71.7702,False,False
/Volumes/Data/Work/SEALTAGS/Prydz/FLUO_LIGHT/PROCESSED/NC/ct160-339-20_all_prof_PROCESSED.nc,ct160-339-20,9,2021-01-05 03:20:00,-50.74,72.2858,True,False
/Volumes/Data/Work/SEALTAGS/Prydz/FLUO_LIGHT/PROCESSED/NC/ct160-339-20_all_prof_PROCESSED.nc,ct160-339-20,10,2021-01-05 03:50:00,-50.7359,72.3469,True,False
/Volumes/Data/Work/SEALTAGS/Prydz/FLUO_LIGHT/PROCESSED/NC/ct160-339-20_all_prof_PROCESSED.nc,ct160-339-20,11,2021-01-05 15:00:00,-50.9355,72.8085,True,False
/Volumes/Data/Work/SEALTAGS/Prydz/FLUO_LIGHT/PROCESSED/NC/ct160-339-20_all_prof_PROCESSED.nc,ct160-339-20,12,2021-01-06 03:10:00,-51.0667,73.6477,True,False
/Volumes/Data/Work/SEALTAGS/Prydz/FLUO_LIGHT/PROCESSED/NC/ct160-339-20_all_prof_PROCESSED.nc,ct160-339-20,13,2021-01-07 03:00:00,-51.1141,75.2707,True,False
/Volumes/Data/Work/SEALTAGS/Prydz/FLUO_LIGHT/PROCESSED/NC/ct160-339-20_all_prof_PROCESSED.nc,ct160-339-20,14,2021-01-07 03:20:00,-51.1179,75.2867,True,False
/Volumes/Data/Work/SEALTAGS/Prydz/FLUO_LIGHT/PROCESSED/NC/ct160-339-20_all_prof_PROCESSED.nc,ct160-339-20,15,2021-01-07 15:10:00,-51.2702,75.6428,False,False
/Volumes/Data/Work/SEALTAGS/Prydz/FLUO_LIGHT/PROCESSED/NC/ct160-339-20_all_prof_PROCESSED.nc,ct160-339-20,16,2021-01-07 21:50:00,-51.3007,75.9463,False,False
/Volumes/Data/Work/SEALTAGS/Prydz/FLUO_LIGHT/PROCESSED/NC/ct160-339-20_all_prof_PROCESSED.nc,ct160-339-20,17,2021-01-08 03:10:00,-51.2901,76.2791,True,False
/Volumes/Data/Work/SEALTAGS/Prydz/FLUO_LIGHT/PROCESSED/NC/ct160-339-20_all_prof_PROCESSED.nc,ct160-339-20,18,2021-01-08 07:10:00,-51.2216,76.4699,True,False
/Volumes/Data/Work/SEALTAGS/Prydz/FLUO_LIGHT/PROCESSED/NC/ct160-339-20_all_prof_PROCESSED.nc,ct160-339-20,19,2021-01-08 08:40:00,-51.2184,76.5384,True,False
/Volumes/Data/Work/SEALTAGS/Prydz/FLUO_LIGHT/PROCESSED/NC/ct160-339-20_all_prof_PROCESSED.nc,ct160-339-20,20,2021-01-08 15:00:00,-51.1927,76.7766,True,False
/Volumes/Data/Work/SEALTAGS/Prydz/FLUO_LIGHT/PROCESSED/NC/ct160-339-20_all_prof_PROCESSED.nc,ct160-339-20,21,2021-01-08 19:10:00,-51.1948,76.9642,False,False
/Volumes/Data/Work/SEALTAGS/Prydz/FLUO_LIGHT/PROCESSED/NC/ct160-339-20_all_prof_PROCESSED.nc,ct160-339-20,22,2021-01-09 02:20:00,-51.1895,77.3432,True,False
/Volumes/Data/Work/SEALTAGS/Prydz/FLUO_LIGHT/PROCESSED/NC/ct160-339-20_all_prof_PROCESSED.nc,ct160-339-20,23,2021-01-09 10:00:00,-51.2358,77.8005,True,False
/Volumes/Data/Work/SEALTAGS/Prydz/FLUO_LIGHT/PROCESSED/NC/ct160-339-20_all_prof_PROCESSED.nc,ct160-339-20,24,2021-01-09 15:10:00,-51.2066,77.9913,False,False
/Volumes/Data/Work/SEALTAGS/Prydz/FLUO_LIGHT/PROCESSED/NC/ct160-339-20_all_prof_PROCESSED.nc,ct160-339-20,25,2021-01-10 15:10:00,-50.9726,79.5582,False,False
/Volumes/Data/Work/SEALTAGS/Prydz/FLUO_LIGHT/PROCESSED/NC/ct160-339-20_all_prof_PROCESSED.nc,ct160-339-20,26,2021-01-10 23:10:00,-50.929,80.019,True,False
/Volumes/Data/Work/SEALTAGS/Prydz/FLUO_LIGHT/PROCESSED/NC/ct160-339-20_all_prof_PROCESSED.nc,ct160-339-20,27,2021-01-11 02:50:00,-50.9227,80.3346,True,False
/Volumes/Data/Work/SEALTAGS/Prydz/FLUO_LIGHT/PROCESSED/NC/ct160-339-20_all_prof_PROCESSED.nc,ct160-339-20,28,2021-01-11 05:30:00,-50.9173,80.3577,True,False
/Volumes/Data/Work/SEALTAGS/Prydz/FLUO_LIGHT/PROCESSED/NC/ct160-339-20_all_prof_PROCESSED.nc,ct160-339-20,29,2021-01-11 15:40:00,-50.9464,80.6879,False,False
/Volumes/Data/Work/SEALTAGS/Prydz/FLUO_LIGHT/PROCESSED/NC/ct160-339-20_all_prof_PROCESSED.nc,ct160-339-20,30,2021-01-12 03:00:00,-50.9292,81.276,True,False
/Volumes/Data/Work/SEALTAGS/Prydz/FLUO_LIGHT/PROCESSED/NC/ct160-339-20_all_prof_PROCESSED.nc,ct160-339-20,31,2021-01-12 06:50:00,-50.876,81.4077,True,False
/Volumes/Data/Work/SEALTAGS/Prydz/FLUO_LIGHT/PROCESSED/NC/ct160-339-20_all_prof_PROCESSED.nc,ct160-339-20,32,2021-01-12 15:40:00,-50.7874,81.6772,False,False
/Volumes/Data/Work/SEALTAGS/Prydz/FLUO_LIGHT/PROCESSED/NC/ct160-339-20_all_prof_PROCESSED.nc,ct160-339-20,33,2021-01-12 19:30:00,-50.7921,81.7028,False,False
/Volumes/Data/Work/SEALTAGS/Prydz/FLUO_LIGHT/PROCESSED/NC/ct160-339-20_all_prof_PROCESSED.nc,ct160-339-20,34,2021-01-12 21:00:00,-50.7839,81.7417,False,False
/Volumes/Data/Work/SEALTAGS/Prydz/FLUO_LIGHT/PROCESSED/NC/ct160-339-20_all_prof_PROCESSED.nc,ct160-339-20,35,2021-01-13 03:00:00,-50.729,81.9609,True,False
/Volumes/Data/Work/SEALTAGS/Prydz/FLUO_LIGHT/PROCESSED/NC/ct160-339-20_all_prof_PROCESSED.nc,ct160-339-20,36,2021-01-13 17:10:00,-50.7043,82.2899,False,False
/Volumes/Data/Work/SEALTAGS/Prydz/FLUO_LIGHT/PROCESSED/NC/ct160-339-20_all_prof_PROCESSED.nc,ct160-339-20,37,2021-01-13 20:10:00,-50.6758,82.494,False,False
/Volumes/Data/Work/SEALTAGS/Prydz/FLUO_LIGHT/PROCESSED/NC/ct160-339-20_all_prof_PROCESSED.nc,ct160-339-20,38,2021-01-14 23:20:00,-50.7373,83.6508,True,False
/Volumes/Data/Work/SEALTAGS/Prydz/FLUO_LIGHT/PROCESSED/NC/ct160-339-20_all_prof_PROCESSED.nc,ct160-339-20,39,2021-01-15 01:30:00,-50.7406,83.7796,True,False
/Volumes/Data/Work/SEALTAGS/Prydz/FLUO_LIGHT/PROCESSED/NC/ct160-339-20_all_prof_PROCESSED.nc,ct160-339-20,40,2021-01-15 18:50:00,-50.7806,84.3113,False,False
/Volumes/Data/Work/SEALTAGS/Prydz/FLUO_LIGHT/PROCESSED/NC/ct160-339-20_all_prof_PROCESSED.nc,ct160-339-20,41,2021-01-16 04:10:00,-50.9079,84.5306,True,False
/Volumes/Data/Work/SEALTAGS/Prydz/FLUO_LIGHT/PROCESSED/NC/ct160-339-20_all_prof_PROCESSED.nc,ct160-339-20,42,2021-01-16 19:10:00,-51.1681,85.1175,False,False
/Volumes/Data/Work/SEALTAGS/Prydz/FLUO_LIGHT/PROCESSED/NC/ct160-339-20_all_prof_PROCESSED.nc,ct160-339-20,43,2021-01-17 03:10:00,-51.3252,85.43,True,False
/Volumes/Data/Work/SEALTAGS/Prydz/FLUO_LIGHT/PROCESSED/NC/ct160-339-20_all_prof_PROCESSED.nc,ct160-339-20,44,2021-01-17 06:30:00,-51.4263,85.5773,True,False
/Volumes/Data/Work/SEALTAGS/Prydz/FLUO_LIGHT/PROCESSED/NC/ct160-339-20_all_prof_PROCESSED.nc,ct160-339-20,45,2021-01-17 19:40:00,-51.5355,86.04,False,False
/Volumes/Data/Work/SEALTAGS/Prydz/FLUO_LIGHT/PROCESSED/NC/ct160-339-20_all_prof_PROCESSED.nc,ct160-339-20,46,2021-01-18 17:20:00,-51.5358,86.8263,False,False
/Volumes/Data/Work/SEALTAGS/Prydz/FLUO_LIGHT/PROCESSED/NC/ct160-339-20_all_prof_PROCESSED.nc,ct160-339-20,47,2021-01-18 17:30:00,-51.5344,86.8332,False,False
/Volumes/Data/Work/SEALTAGS/Prydz/FLUO_LIGHT/PROCESSED/NC/ct160-339-20_all_prof_PROCESSED.nc,ct160-339-20,48,2021-01-18 18:10:00,-51.5289,86.8607,False,False
/Volumes/Data/Work/SEALTAGS/Prydz/FLUO_LIGHT/PROCESSED/NC/ct160-339-20_all_prof_PROCESSED.nc,ct160-339-20,49,2021-01-18 19:30:00,-51.5181,86.9157,False,False
/Volumes/Data/Work/SEALTAGS/Prydz/FLUO_LIGHT/PROCESSED/NC/ct160-339-20_all_prof_PROCESSED.nc,ct160-339-20,50,2021-01-19 03:30:00,-51.5306,87.3318,True,False
/Volumes/Data/Work/SEALTAGS/Prydz/FLUO_LIGHT/PROCESSED/NC/ct160-339-20_all_prof_PROCESSED.nc,ct160-339-20,51,2021-01-19 05:20:00,-51.5589,87.4378,True,False
/Volumes/Data/Work/SEALTAGS/Prydz/FLUO_LIGHT/PROCESSED/NC/ct160-339-20_all_prof_PROCESSED.nc,ct160-339-20,52,2021-01-19 07:40:00,-51.5993,87.5723,True,False
/Volumes/Data/Work/SEALTAGS/Prydz/FLUO_LIGHT/PROCESSED/NC/ct160-339-20_all_prof_PROCESSED.nc,ct160-339-20,53,2021-01-19 14:40:00,-51.7093,88.1029,False,False
/Volumes/Data/Work/SEALTAGS/Prydz/FLUO_LIGHT/PROCESSED/NC/ct160-339-20_all_prof_PROCESSED.nc,ct160-339-20,54,2021-01-20 03:00:00,-51.8572,88.4123,True,False
/Volumes/Data/Work/SEALTAGS/Prydz/FLUO_LIGHT/PROCESSED/NC/ct160-339-20_all_prof_PROCESSED.nc,ct160-339-20,55,2021-01-20 18:30:00,-52.0155,88.5674,False,False
/Volumes/Data/Work/SEALTAGS/Prydz/FLUO_LIGHT/PROCESSED/NC/ct160-339-20_all_prof_PROCESSED.nc,ct160-339-20,56,2021-01-20 18:50:00,-52.015,88.5729,False,False
/Volumes/Data/Work/SEALTAGS/Prydz/FLUO_LIGHT/PROCESSED/NC/ct160-339-20_all_prof_PROCESSED.nc,ct160-339-20,57,2021-01-20 23:50:00,-52.0637,88.639,True,False
/Volumes/Data/Work/SEALTAGS/Prydz/FLUO_LIGHT/PROCESSED/NC/ct160-339-20_all_prof_PROCESSED.nc,ct160-339-20,58,2021-01-21 02:20:00,-52.1218,88.6593,True,False
/Volumes/Data/Work/SEALTAGS/Prydz/FLUO_LIGHT/PROCESSED/NC/ct160-339-20_all_prof_PROCESSED.nc,ct160-339-20,59,2021-01-21 15:30:00,-52.192,89.0563,False,False
/Volumes/Data/Work/SEALTAGS/Prydz/FLUO_LIGHT/PROCESSED/NC/ct160-339-20_all_prof_PROCESSED.nc,ct160-339-20,60,2021-01-22 03:30:00,-52.1944,89.3281,True,False
/Volumes/Data/Work/SEALTAGS/Prydz/FLUO_LIGHT/PROCESSED/NC/ct160-339-20_all_prof_PROCESSED.nc,ct160-339-20,61,2021-01-22 15:50:00,-52.2992,89.7512,False,False
/Volumes/Data/Work/SEALTAGS/Prydz/FLUO_LIGHT/PROCESSED/NC/ct160-339-20_all_prof_PROCESSED.nc,ct160-339-20,62,2021-01-22 16:30:00,-52.3082,89.8182,False,False
/Volumes/Data/Work/SEALTAGS/Prydz/FLUO_LIGHT/PROCESSED/NC/ct160-339-20_all_prof_PROCESSED.nc,ct160-339-20,63,2021-01-23 03:20:00,-52.3923,90.0497,True,False
/Volumes/Data/Work/SEALTAGS/Prydz/FLUO_LIGHT/PROCESSED/NC/ct160-339-20_all_prof_PROCESSED.nc,ct160-339-20,64,2021-01-23 15:20:00,-52.6699,90.4179,False,False
/Volumes/Data/Work/SEALTAGS/Prydz/FLUO_LIGHT/PROCESSED/NC/ct160-339-20_all_prof_PROCESSED.nc,ct160-339-20,65,2021-01-24 08:40:00,-52.9489,91.0906,True,False
/Volumes/Data/Work/SEALTAGS/Prydz/FLUO_LIGHT/PROCESSED/NC/ct160-339-20_all_prof_PROCESSED.nc,ct160-339-20,66,2021-01-24 15:10:00,-52.9402,91.1013,False,False
/Volumes/Data/Work/SEALTAGS/Prydz/FLUO_LIGHT/PROCESSED/NC/ct160-339-20_all_prof_PROCESSED.nc,ct160-339-20,67,2021-01-25 03:00:00,-53.06,91.4682,True,False
/Volumes/Data/Work/SEALTAGS/Prydz/FLUO_LIGHT/PROCESSED/NC/ct160-339-20_all_prof_PROCESSED.nc,ct160-339-20,68,2021-01-25 03:50:00,-53.051,91.4792,True,False
/Volumes/Data/Work/SEALTAGS/Prydz/FLUO_LIGHT/PROCESSED/NC/ct160-339-20_all_prof_PROCESSED.nc,ct160-339-20,69,2021-01-25 07:50:00,-53.0403,91.565,True,False
/Volumes/Data/Work/SEALTAGS/Prydz/FLUO_LIGHT/PROCESSED/NC/ct160-339-20_all_prof_PROCESSED.nc,ct160-339-20,70,2021-01-25 15:00:00,-53.2274,91.5318,False,False
/Volumes/Data/Work/SEALTAGS/Prydz/FLUO_LIGHT/PROCESSED/NC/ct160-339-20_all_prof_PROCESSED.nc,ct160-339-20,71,2021-01-25 15:20:00,-53.224,91.5306,False,False
/Volumes/Data/Work/SEALTAGS/Prydz/FLUO_LIGHT/PROCESSED/NC/ct160-339-20_all_prof_PROCESSED.nc,ct160-339-20,72,2021-01-26 03:00:00,-53.4198,91.4728,True,False
/Volumes/Data/Work/SEALTAGS/Prydz/FLUO_LIGHT/PROCESSED/NC/ct160-339-20_all_prof_PROCESSED.nc,ct160-339-20,73,2021-01-26 04:10:00,-53.4183,91.4704,True,False
/Volumes/Data/Work/SEALTAGS/Prydz/FLUO_LIGHT/PROCESSED/NC/ct160-339-20_all_prof_PROCESSED.nc,ct160-339-20,74,2021-01-26 14:30:00,-53.5685,91.46,False,False
/Volumes/Data/Work/SEALTAGS/Prydz/FLUO_LIGHT/PROCESSED/NC/ct160-339-20_all_prof_PROCESSED.nc,ct160-339-20,75,2021-01-27 03:10:00,-53.7189,92.0384,True,False
/Volumes/Data/Work/SEALTAGS/Prydz/FLUO_LIGHT/PROCESSED/NC/ct160-339-20_all_prof_PROCESSED.nc,ct160-339-20,76,2021-01-27 04:10:00,-53.7321,92.0858,True,False
/Volumes/Data/Work/SEALTAGS/Prydz/FLUO_LIGHT/PROCESSED/NC/ct160-339-20_all_prof_PROCESSED.nc,ct160-339-20,77,2021-01-27 15:50:00,-53.7433,92.7375,False,False
/Volumes/Data/Work/SEALTAGS/Prydz/FLUO_LIGHT/PROCESSED/NC/ct160-339-20_all_prof_PROCESSED.nc,ct160-339-20,78,2021-01-28 03:20:00,-53.7093,93.3296,True,False
/Volumes/Data/Work/SEALTAGS/Prydz/FLUO_LIGHT/PROCESSED/NC/ct160-339-20_all_prof_PROCESSED.nc,ct160-339-20,79,2021-01-28 15:50:00,-53.6426,93.675,False,False
/Volumes/Data/Work/SEALTAGS/Prydz/FLUO_LIGHT/PROCESSED/NC/ct160-339-20_all_prof_PROCESSED.nc,ct160-339-20,80,2021-01-28 19:20:00,-53.647,93.629,False,False
/Volumes/Data/Work/SEALTAGS/Prydz/FLUO_LIGHT/PROCESSED/NC/ct160-339-20_all_prof_PROCESSED.nc,ct160-339-20,81,2021-01-29 15:10:00,-53.8463,94.3382,False,False
/Volumes/Data/Work/SEALTAGS/Prydz/FLUO_LIGHT/PROCESSED/NC/ct160-339-20_all_prof_PROCESSED.nc,ct160-339-20,82,2021-01-30 03:30:00,-53.7794,94.7082,True,False
/Volumes/Data/Work/SEALTAGS/Prydz/FLUO_LIGHT/PROCESSED/NC/ct160-339-20_all_prof_PROCESSED.nc,ct160-339-20,83,2021-01-30 17:10:00,-53.7925,95.1888,False,False
/Volumes/Data/Work/SEALTAGS/Prydz/FLUO_LIGHT/PROCESSED/NC/ct160-339-20_all_prof_PROCESSED.nc,ct160-339-20,84,2021-01-30 17:20:00,-53.794,95.1894,False,False
/Volumes/Data/Work/SEALTAGS/Prydz/FLUO_LIGHT/PROCESSED/NC/ct160-339-20_all_prof_PROCESSED.nc,ct160-339-20,85,2021-01-31 03:10:00,-53.8309,95.3192,True,False
/Volumes/Data/Work/SEALTAGS/Prydz/FLUO_LIGHT/PROCESSED/NC/ct160-339-20_all_prof_PROCESSED.nc,ct160-339-20,86,2021-01-31 04:20:00,-53.8475,95.3333,True,False
/Volumes/Data/Work/SEALTAGS/Prydz/FLUO_LIGHT/PROCESSED/NC/ct160-339-20_all_prof_PROCESSED.nc,ct160-339-20,87,2021-01-31 15:10:00,-53.8664,95.8705,False,False
/Volumes/Data/Work/SEALTAGS/Prydz/FLUO_LIGHT/PROCESSED/NC/ct160-339-20_all_prof_PROCESSED.nc,ct160-339-20,88,2021-01-31 22:30:00,-53.8853,95.9581,True,False
/Volumes/Data/Work/SEALTAGS/Prydz/FLUO_LIGHT/PROCESSED/NC/ct160-339-20_all_prof_PROCESSED.nc,ct160-339-20,89,2021-02-01 03:10:00,-53.9248,96.1725,True,False
/Volumes/Data/Work/SEALTAGS/Prydz/FLUO_LIGHT/PROCESSED/NC/ct160-339-20_all_prof_PROCESSED.nc,ct160-339-20,90,2021-02-01 09:20:00,-54.0339,96.3818,True,False
/Volumes/Data/Work/SEALTAGS/Prydz/FLUO_LIGHT/PROCESSED/NC/ct160-339-20_all_prof_PROCESSED.nc,ct160-339-20,91,2021-02-01 15:20:00,-54.041,96.515,False,False
/Volumes/Data/Work/SEALTAGS/Prydz/FLUO_LIGHT/PROCESSED/NC/ct160-339-20_all_prof_PROCESSED.nc,ct160-339-20,92,2021-02-01 18:10:00,-54.0626,96.5559,False,False
/Volumes/Data/Work/SEALTAGS/Prydz/FLUO_LIGHT/PROCESSED/NC/ct160-339-20_all_prof_PROCESSED.nc,ct160-339-20,93,2021-02-01 23:50:00,-54.1484,96.7183,True,False
/Volumes/Data/Work/SEALTAGS/Prydz/FLUO_LIGHT/PROCESSED/NC/ct160-339-20_all_prof_PROCESSED.nc,ct160-339-20,94,2021-02-02 03:10:00,-54.2049,96.7064,True,False
/Volumes/Data/Work/SEALTAGS/Prydz/FLUO_LIGHT/PROCESSED/NC/ct160-339-20_all_prof_PROCESSED.nc,ct160-339-20,95,2021-02-02 15:00:00,-54.463,97.0185,False,False
/Volumes/Data/Work/SEALTAGS/Prydz/FLUO_LIGHT/PROCESSED/NC/ct160-339-20_all_prof_PROCESSED.nc,ct160-339-20,96,2021-02-02 15:20:00,-54.4701,97.0362,False,False
/Volumes/Data/Work/SEALTAGS/Prydz/FLUO_LIGHT/PROCESSED/NC/ct160-339-20_all_prof_PROCESSED.nc,ct160-339-20,97,2021-02-02 17:50:00,-54.4983,97.0723,False,False
/Volumes/Data/Work/SEALTAGS/Prydz/FLUO_LIGHT/PROCESSED/NC/ct160-339-20_all_prof_PROCESSED.nc,ct160-339-20,98,2021-02-03 03:20:00,-54.611,97.3253,True,False
/Volumes/Data/Work/SEALTAGS/Prydz/FLUO_LIGHT/PROCESSED/NC/ct160-339-20_all_prof_PROCESSED.nc,ct160-339-20,99,2021-02-03 20:30:00,-54.5208,98.0561,False,False
/Volumes/Data/Work/SEALTAGS/Prydz/FLUO_LIGHT/PROCESSED/NC/ct160-339-20_all_prof_PROCESSED.nc,ct160-339-20,100,2021-02-03 21:50:00,-54.5158,98.0982,False,False
/Volumes/Data/Work/SEALTAGS/Prydz/FLUO_LIGHT/PROCESSED/NC/ct160-339-20_all_prof_PROCESSED.nc,ct160-339-20,101,2021-02-04 03:10:00,-54.4898,98.1055,True,False
/Volumes/Data/Work/SEALTAGS/Prydz/FLUO_LIGHT/PROCESSED/NC/ct160-339-20_all_prof_PROCESSED.nc,ct160-339-20,102,2021-02-04 15:00:00,-54.4164,98.3716,False,False
/Volumes/Data/Work/SEALTAGS/Prydz/FLUO_LIGHT/PROCESSED/NC/ct160-339-20_all_prof_PROCESSED.nc,ct160-339-20,103,2021-02-04 19:10:00,-54.4649,98.5109,False,False
/Volumes/Data/Work/SEALTAGS/Prydz/FLUO_LIGHT/PROCESSED/NC/ct160-339-20_all_prof_PROCESSED.nc,ct160-339-20,104,2021-02-04 19:50:00,-54.4481,98.5313,False,False
/Volumes/Data/Work/SEALTAGS/Prydz/FLUO_LIGHT/PROCESSED/NC/ct160-339-20_all_prof_PROCESSED.nc,ct160-339-20,105,2021-02-05 03:00:00,-54.4035,98.6858,True,False
/Volumes/Data/Work/SEALTAGS/Prydz/FLUO_LIGHT/PROCESSED/NC/ct160-339-20_all_prof_PROCESSED.nc,ct160-339-20,106,2021-02-05 16:00:00,-54.3692,99.0514,False,False
/Volumes/Data/Work/SEALTAGS/Prydz/FLUO_LIGHT/PROCESSED/NC/ct160-339-20_all_prof_PROCESSED.nc,ct160-339-20,107,2021-02-05 21:40:00,-54.3954,99.0083,False,False
/Volumes/Data/Work/SEALTAGS/Prydz/FLUO_LIGHT/PROCESSED/NC/ct160-339-20_all_prof_PROCESSED.nc,ct160-339-20,108,2021-02-05 22:30:00,-54.3934,99.0565,True,False
/Volumes/Data/Work/SEALTAGS/Prydz/FLUO_LIGHT/PROCESSED/NC/ct160-339-20_all_prof_PROCESSED.nc,ct160-339-20,109,2021-02-06 05:50:00,-54.2564,98.9739,True,False
/Volumes/Data/Work/SEALTAGS/Prydz/FLUO_LIGHT/PROCESSED/NC/ct160-339-20_all_prof_PROCESSED.nc,ct160-339-20,110,2021-02-06 21:20:00,-54.1756,99.4766,False,False
/Volumes/Data/Work/SEALTAGS/Prydz/FLUO_LIGHT/PROCESSED/NC/ct160-339-20_all_prof_PROCESSED.nc,ct160-339-20,111,2021-02-07 03:10:00,-54.1359,99.386,True,False
/Volumes/Data/Work/SEALTAGS/Prydz/FLUO_LIGHT/PROCESSED/NC/ct160-339-20_all_prof_PROCESSED.nc,ct160-339-20,112,2021-02-07 15:00:00,-54.0744,99.6398,False,False
/Volumes/Data/Work/SEALTAGS/Prydz/FLUO_LIGHT/PROCESSED/NC/ct160-339-20_all_prof_PROCESSED.nc,ct160-339-20,113,2021-02-07 17:40:00,-54.0345,99.729,False,False
/Volumes/Data/Work/SEALTAGS/Prydz/FLUO_LIGHT/PROCESSED/NC/ct160-339-20_all_prof_PROCESSED.nc,ct160-339-20,114,2021-02-07 19:10:00,-54.0386,99.7719,False,False
/Volumes/Data/Work/SEALTAGS/Prydz/FLUO_LIGHT/PROCESSED/NC/ct160-339-20_all_prof_PROCESSED.nc,ct160-339-20,115,2021-02-08 03:40:00,-54.0912,100.0236,True,False
/Volumes/Data/Work/SEALTAGS/Prydz/FLUO_LIGHT/PROCESSED/NC/ct160-339-20_all_prof_PROCESSED.nc,ct160-339-20,116,2021-02-08 04:30:00,-54.0821,100.0449,True,False
/Volumes/Data/Work/SEALTAGS/Prydz/FLUO_LIGHT/PROCESSED/NC/ct160-339-20_all_prof_PROCESSED.nc,ct160-339-20,117,2021-02-08 15:00:00,-54.0682,100.3595,False,False
/Volumes/Data/Work/SEALTAGS/Prydz/FLUO_LIGHT/PROCESSED/NC/ct160-339-20_all_prof_PROCESSED.nc,ct160-339-20,118,2021-02-08 15:20:00,-54.0658,100.3743,False,False
/Volumes/Data/Work/SEALTAGS/Prydz/FLUO_LIGHT/PROCESSED/NC/ct160-339-20_all_prof_PROCESSED.nc,ct160-339-20,119,2021-02-08 17:30:00,-54.0624,100.4631,False,False
/Volumes/Data/Work/SEALTAGS/Prydz/FLUO_LIGHT/PROCESSED/NC/ct160-339-20_all_prof_PROCESSED.nc,ct160-339-20,120,2021-02-09 03:00:00,-54.0625,100.6077,True,False
/Volumes/Data/Work/SEALTAGS/Prydz/FLUO_LIGHT/PROCESSED/NC/ct160-339-20_all_prof_PROCESSED.nc,ct160-339-20,121,2021-02-09 14:30:00,-54.0908,100.9633,False,False
/Volumes/Data/Work/SEALTAGS/Prydz/FLUO_LIGHT/PROCESSED/NC/ct160-339-20_all_prof_PROCESSED.nc,ct160-339-20,122,2021-02-09 22:00:00,-54.1078,101.1649,False,False
/Volumes/Data/Work/SEALTAGS/Prydz/FLUO_LIGHT/PROCESSED/NC/ct160-339-20_all_prof_PROCESSED.nc,ct160-339-20,123,2021-02-09 22:40:00,-54.1123,101.149,True,False
/Volumes/Data/Work/SEALTAGS/Prydz/FLUO_LIGHT/PROCESSED/NC/ct160-339-20_all_prof_PROCESSED.nc,ct160-339-20,124,2021-02-10 07:10:00,-54.1016,101.2959,True,False
/Volumes/Data/Work/SEALTAGS/Prydz/FLUO_LIGHT/PROCESSED/NC/ct160-339-20_all_prof_PROCESSED.nc,ct160-339-20,125,2021-02-10 14:10:00,-54.0688,101.5291,False,False
/Volumes/Data/Work/SEALTAGS/Prydz/FLUO_LIGHT/PROCESSED/NC/ct160-339-20_all_prof_PROCESSED.nc,ct160-339-20,126,2021-02-10 22:30:00,-54.1048,101.4916,True,False
/Volumes/Data/Work/SEALTAGS/Prydz/FLUO_LIGHT/PROCESSED/NC/ct160-339-20_all_prof_PROCESSED.nc,ct160-339-20,127,2021-02-11 03:00:00,-54.0945,101.5706,True,False
/Volumes/Data/Work/SEALTAGS/Prydz/FLUO_LIGHT/PROCESSED/NC/ct160-339-20_all_prof_PROCESSED.nc,ct160-339-20,128,2021-02-11 04:20:00,-54.0802,101.5526,True,False
/Volumes/Data/Work/SEALTAGS/Prydz/FLUO_LIGHT/PROCESSED/NC/ct160-339-20_all_prof_PROCESSED.nc,ct160-339-20,129,2021-02-11 19:40:00,-54.0007,101.4735,False,False
/Volumes/Data/Work/SEALTAGS/Prydz/FLUO_LIGHT/PROCESSED/NC/ct160-339-20_all_prof_PROCESSED.nc,ct160-339-20,130,2021-02-11 20:30:00,-53.9867,101.4457,False,False
/Volumes/Data/Work/SEALTAGS/Prydz/FLUO_LIGHT/PROCESSED/NC/ct160-339-20_all_prof_PROCESSED.nc,ct160-339-20,131,2021-02-11 22:50:00,-53.988,101.4415,True,False
/Volumes/Data/Work/SEALTAGS/Prydz/FLUO_LIGHT/PROCESSED/NC/ct160-339-20_all_prof_PROCESSED.nc,ct160-339-20,132,2021-02-12 15:10:00,-53.8362,101.3755,False,False
/Volumes/Data/Work/SEALTAGS/Prydz/FLUO_LIGHT/PROCESSED/NC/ct160-339-20_all_prof_PROCESSED.nc,ct160-339-20,133,2021-02-12 17:10:00,-53.8163,101.4228,False,False
/Volumes/Data/Work/SEALTAGS/Prydz/FLUO_LIGHT/PROCESSED/NC/ct160-339-20_all_prof_PROCESSED.nc,ct160-339-20,134,2021-02-13 03:00:00,-53.7655,101.4998,True,False
/Volumes/Data/Work/SEALTAGS/Prydz/FLUO_LIGHT/PROCESSED/NC/ct160-339-20_all_prof_PROCESSED.nc,ct160-339-20,135,2021-02-13 15:10:00,-53.6307,101.4358,False,False
/Volumes/Data/Work/SEALTAGS/Prydz/FLUO_LIGHT/PROCESSED/NC/ct160-339-20_all_prof_PROCESSED.nc,ct160-339-20,136,2021-02-13 20:20:00,-53.6151,101.4689,False,False
/Volumes/Data/Work/SEALTAGS/Prydz/FLUO_LIGHT/PROCESSED/NC/ct160-339-20_all_prof_PROCESSED.nc,ct160-339-20,137,2021-02-13 23:10:00,-53.6038,101.6033,True,False
/Volumes/Data/Work/SEALTAGS/Prydz/FLUO_LIGHT/PROCESSED/NC/ct160-339-20_all_prof_PROCESSED.nc,ct160-339-20,138,2021-02-14 15:20:00,-53.4721,101.7201,False,False
/Volumes/Data/Work/SEALTAGS/Prydz/FLUO_LIGHT/PROCESSED/NC/ct160-339-20_all_prof_PROCESSED.nc,ct160-339-20,139,2021-02-15 02:20:00,-53.4589,101.8885,True,False
/Volumes/Data/Work/SEALTAGS/Prydz/FLUO_LIGHT/PROCESSED/NC/ct160-339-20_all_prof_PROCESSED.nc,ct160-339-20,140,2021-02-15 15:00:00,-53.5064,102.0968,False,False
/Volumes/Data/Work/SEALTAGS/Prydz/FLUO_LIGHT/PROCESSED/NC/ct160-339-20_all_prof_PROCESSED.nc,ct160-339-20,141,2021-02-15 15:50:00,-53.4775,102.1097,False,False
/Volumes/Data/Work/SEALTAGS/Prydz/FLUO_LIGHT/PROCESSED/NC/ct160-339-20_all_prof_PROCESSED.nc,ct160-339-20,142,2021-02-16 03:10:00,-53.5009,102.1871,True,False
/Volumes/Data/Work/SEALTAGS/Prydz/FLUO_LIGHT/PROCESSED/NC/ct160-339-20_all_prof_PROCESSED.nc,ct160-339-20,143,2021-02-16 03:40:00,-53.5021,102.1874,True,False
/Volumes/Data/Work/SEALTAGS/Prydz/FLUO_LIGHT/PROCESSED/NC/ct160-339-20_all_prof_PROCESSED.nc,ct160-339-20,144,2021-02-16 15:10:00,-53.5136,102.2172,False,False
/Volumes/Data/Work/SEALTAGS/Prydz/FLUO_LIGHT/PROCESSED/NC/ct160-339-20_all_prof_PROCESSED.nc,ct160-339-20,145,2021-02-16 17:10:00,-53.5087,102.2695,False,False
/Volumes/Data/Work/SEALTAGS/Prydz/FLUO_LIGHT/PROCESSED/NC/ct160-339-20_all_prof_PROCESSED.nc,ct160-339-20,146,2021-02-16 22:20:00,-53.5454,102.3103,True,False
/Volumes/Data/Work/SEALTAGS/Prydz/FLUO_LIGHT/PROCESSED/NC/ct160-339-20_all_prof_PROCESSED.nc,ct160-339-20,147,2021-02-17 01:30:00,-53.5331,102.3966,True,False
/Volumes/Data/Work/SEALTAGS/Prydz/FLUO_LIGHT/PROCESSED/NC/ct160-339-20_all_prof_PROCESSED.nc,ct160-339-20,148,2021-02-17 15:10:00,-53.5879,102.5697,False,False
/Volumes/Data/Work/SEALTAGS/Prydz/FLUO_LIGHT/PROCESSED/NC/ct160-339-20_all_prof_PROCESSED.nc,ct160-339-20,149,2021-02-18 03:50:00,-53.5644,102.5791,True,False
/Volumes/Data/Work/SEALTAGS/Prydz/FLUO_LIGHT/PROCESSED/NC/ct160-339-20_all_prof_PROCESSED.nc,ct160-339-20,150,2021-02-18 15:00:00,-53.5089,102.3772,False,False
/Volumes/Data/Work/SEALTAGS/Prydz/FLUO_LIGHT/PROCESSED/NC/ct160-339-20_all_prof_PROCESSED.nc,ct160-339-20,151,2021-02-18 22:50:00,-53.4717,102.4436,True,False
/Volumes/Data/Work/SEALTAGS/Prydz/FLUO_LIGHT/PROCESSED/NC/ct160-339-20_all_prof_PROCESSED.nc,ct160-339-20,152,2021-02-19 19:20:00,-53.4305,102.8329,False,False
/Volumes/Data/Work/SEALTAGS/Prydz/FLUO_LIGHT/PROCESSED/NC/ct160-339-20_all_prof_PROCESSED.nc,ct160-339-20,153,2021-02-19 20:40:00,-53.4246,102.8695,False,False
/Volumes/Data/Work/SEALTAGS/Prydz/FLUO_LIGHT/PROCESSED/NC/ct160-339-20_all_prof_PROCESSED.nc,ct160-339-20,154,2021-02-19 21:40:00,-53.4201,102.897,False,False
/Volumes/Data/Work/SEALTAGS/Prydz/FLUO_LIGHT/PROCESSED/NC/ct160-339-20_all_prof_PROCESSED.nc,ct160-339-20,155,2021-02-19 22:00:00,-53.4186,102.9062,False,False
/Volumes/Data/Work/SEALTAGS/Prydz/FLUO_LIGHT/PROCESSED/NC/ct160-339-20_all_prof_PROCESSED.nc,ct160-339-20,156,2021-02-19 23:50:00,-53.4342,102.8672,True,False
/Volumes/Data/Work/SEALTAGS/Prydz/FLUO_LIGHT/PROCESSED/NC/ct160-339-20_all_prof_PROCESSED.nc,ct160-339-20,157,2021-02-20 04:00:00,-53.5282,102.9593,True,False
/Volumes/Data/Work/SEALTAGS/Prydz/FLUO_LIGHT/PROCESSED/NC/ct160-339-20_all_prof_PROCESSED.nc,ct160-339-20,158,2021-02-20 15:10:00,-53.4587,103.0154,False,False
/Volumes/Data/Work/SEALTAGS/Prydz/FLUO_LIGHT/PROCESSED/NC/ct160-339-20_all_prof_PROCESSED.nc,ct160-339-20,159,2021-02-21 22:30:00,-53.4863,103.1488,True,False
/Volumes/Data/Work/SEALTAGS/Prydz/FLUO_LIGHT/PROCESSED/NC/ct160-339-20_all_prof_PROCESSED.nc,ct160-339-20,160,2021-02-22 02:50:00,-53.5079,103.115,True,False
/Volumes/Data/Work/SEALTAGS/Prydz/FLUO_LIGHT/PROCESSED/NC/ct160-339-20_all_prof_PROCESSED.nc,ct160-339-20,161,2021-02-23 01:30:00,-53.7557,103.2295,True,False
/Volumes/Data/Work/SEALTAGS/Prydz/FLUO_LIGHT/PROCESSED/NC/ct160-339-20_all_prof_PROCESSED.nc,ct160-339-20,162,2021-02-23 22:00:00,-53.8744,103.2469,False,False
/Volumes/Data/Work/SEALTAGS/Prydz/FLUO_LIGHT/PROCESSED/NC/ct160-339-20_all_prof_PROCESSED.nc,ct160-339-20,163,2021-02-24 21:40:00,-53.9346,103.4398,False,False
/Volumes/Data/Work/SEALTAGS/Prydz/FLUO_LIGHT/PROCESSED/NC/ct160-339-20_all_prof_PROCESSED.nc,ct160-339-20,164,2021-02-25 03:10:00,-53.9161,103.4845,True,False
/Volumes/Data/Work/SEALTAGS/Prydz/FLUO_LIGHT/PROCESSED/NC/ct160-339-20_all_prof_PROCESSED.nc,ct160-339-20,165,2021-02-25 16:40:00,-53.9479,103.4912,False,False
/Volumes/Data/Work/SEALTAGS/Prydz/FLUO_LIGHT/PROCESSED/NC/ct160-341-20_all_prof_PROCESSED.nc,ct160-341-20,1,2020-12-26 21:10:00,-49.3167,70.5977,False,False
/Volumes/Data/Work/SEALTAGS/Prydz/FLUO_LIGHT/PROCESSED/NC/ct160-341-20_all_prof_PROCESSED.nc,ct160-341-20,2,2020-12-26 22:40:00,-49.3258,70.5988,False,False
/Volumes/Data/Work/SEALTAGS/Prydz/FLUO_LIGHT/PROCESSED/NC/ct160-341-20_all_prof_PROCESSED.nc,ct160-341-20,3,2020-12-26 23:00:00,-49.3278,70.599,False,False
/Volumes/Data/Work/SEALTAGS/Prydz/FLUO_LIGHT/PROCESSED/NC/ct160-341-20_all_prof_PROCESSED.nc,ct160-341-20,4,2020-12-26 23:20:00,-49.3298,70.5993,True,False
/Volumes/Data/Work/SEALTAGS/Prydz/FLUO_LIGHT/PROCESSED/NC/ct160-341-20_all_prof_PROCESSED.nc,ct160-341-20,5,2020-12-27 03:50:00,-49.3571,70.6025,True,False
/Volumes/Data/Work/SEALTAGS/Prydz/FLUO_LIGHT/PROCESSED/NC/ct160-341-20_all_prof_PROCESSED.nc,ct160-341-20,6,2020-12-27 16:10:00,-49.4806,71.3878,False,False
/Volumes/Data/Work/SEALTAGS/Prydz/FLUO_LIGHT/PROCESSED/NC/ct160-341-20_all_prof_PROCESSED.nc,ct160-341-20,7,2020-12-27 19:30:00,-49.5732,71.3851,False,False
/Volumes/Data/Work/SEALTAGS/Prydz/FLUO_LIGHT/PROCESSED/NC/ct160-341-20_all_prof_PROCESSED.nc,ct160-341-20,8,2020-12-27 19:50:00,-49.5807,71.3877,False,False
/Volumes/Data/Work/SEALTAGS/Prydz/FLUO_LIGHT/PROCESSED/NC/ct160-341-20_all_prof_PROCESSED.nc,ct160-341-20,9,2020-12-28 04:10:00,-49.8704,71.5606,True,False
/Volumes/Data/Work/SEALTAGS/Prydz/FLUO_LIGHT/PROCESSED/NC/ct160-341-20_all_prof_PROCESSED.nc,ct160-341-20,10,2020-12-28 04:30:00,-49.8924,71.58,True,False
/Volumes/Data/Work/SEALTAGS/Prydz/FLUO_LIGHT/PROCESSED/NC/ct160-341-20_all_prof_PROCESSED.nc,ct160-341-20,11,2020-12-28 18:30:00,-50.1741,72.0755,False,False
/Volumes/Data/Work/SEALTAGS/Prydz/FLUO_LIGHT/PROCESSED/NC/ct160-341-20_all_prof_PROCESSED.nc,ct160-341-20,12,2020-12-29 03:40:00,-50.4536,72.3704,True,False
/Volumes/Data/Work/SEALTAGS/Prydz/FLUO_LIGHT/PROCESSED/NC/ct160-341-20_all_prof_PROCESSED.nc,ct160-341-20,13,2020-12-29 14:10:00,-50.7252,72.5731,True,False
/Volumes/Data/Work/SEALTAGS/Prydz/FLUO_LIGHT/PROCESSED/NC/ct160-341-20_all_prof_PROCESSED.nc,ct160-341-20,14,2020-12-30 02:10:00,-51.0585,73.0356,True,False
/Volumes/Data/Work/SEALTAGS/Prydz/FLUO_LIGHT/PROCESSED/NC/ct160-341-20_all_prof_PROCESSED.nc,ct160-341-20,15,2020-12-30 16:30:00,-51.3048,73.7112,False,False
/Volumes/Data/Work/SEALTAGS/Prydz/FLUO_LIGHT/PROCESSED/NC/ct160-341-20_all_prof_PROCESSED.nc,ct160-341-20,16,2020-12-30 17:00:00,-51.3117,73.7593,False,False
/Volumes/Data/Work/SEALTAGS/Prydz/FLUO_LIGHT/PROCESSED/NC/ct160-341-20_all_prof_PROCESSED.nc,ct160-341-20,17,2020-12-31 03:00:00,-51.5159,73.9711,True,False
/Volumes/Data/Work/SEALTAGS/Prydz/FLUO_LIGHT/PROCESSED/NC/ct160-341-20_all_prof_PROCESSED.nc,ct160-341-20,18,2020-12-31 03:20:00,-51.5143,73.9792,True,False
/Volumes/Data/Work/SEALTAGS/Prydz/FLUO_LIGHT/PROCESSED/NC/ct160-341-20_all_prof_PROCESSED.nc,ct160-341-20,19,2020-12-31 15:00:00,-51.7846,74.5495,True,False
/Volumes/Data/Work/SEALTAGS/Prydz/FLUO_LIGHT/PROCESSED/NC/ct160-341-20_all_prof_PROCESSED.nc,ct160-341-20,20,2021-01-01 03:10:00,-52.0729,74.9774,True,False
/Volumes/Data/Work/SEALTAGS/Prydz/FLUO_LIGHT/PROCESSED/NC/ct160-341-20_all_prof_PROCESSED.nc,ct160-341-20,21,2021-01-01 17:30:00,-52.3398,75.778,False,False
/Volumes/Data/Work/SEALTAGS/Prydz/FLUO_LIGHT/PROCESSED/NC/ct160-341-20_all_prof_PROCESSED.nc,ct160-341-20,22,2021-01-02 04:10:00,-52.6067,76.1641,True,False
/Volumes/Data/Work/SEALTAGS/Prydz/FLUO_LIGHT/PROCESSED/NC/ct160-341-20_all_prof_PROCESSED.nc,ct160-341-20,23,2021-01-02 11:00:00,-52.9337,76.4725,True,False
/Volumes/Data/Work/SEALTAGS/Prydz/FLUO_LIGHT/PROCESSED/NC/ct160-341-20_all_prof_PROCESSED.nc,ct160-341-20,24,2021-01-02 14:40:00,-53.0754,76.5822,True,False
/Volumes/Data/Work/SEALTAGS/Prydz/FLUO_LIGHT/PROCESSED/NC/ct160-341-20_all_prof_PROCESSED.nc,ct160-341-20,25,2021-01-03 02:20:00,-53.3846,77.0527,True,False
/Volumes/Data/Work/SEALTAGS/Prydz/FLUO_LIGHT/PROCESSED/NC/ct160-341-20_all_prof_PROCESSED.nc,ct160-341-20,26,2021-01-03 15:00:00,-53.8052,77.3722,True,False
/Volumes/Data/Work/SEALTAGS/Prydz/FLUO_LIGHT/PROCESSED/NC/ct160-341-20_all_prof_PROCESSED.nc,ct160-341-20,27,2021-01-04 00:00:00,-54.0707,77.6875,True,False
/Volumes/Data/Work/SEALTAGS/Prydz/FLUO_LIGHT/PROCESSED/NC/ct160-341-20_all_prof_PROCESSED.nc,ct160-341-20,28,2021-01-04 03:00:00,-54.1658,77.8807,True,False
/Volumes/Data/Work/SEALTAGS/Prydz/FLUO_LIGHT/PROCESSED/NC/ct160-341-20_all_prof_PROCESSED.nc,ct160-341-20,29,2021-01-05 03:00:00,-54.7,78.8526,True,False
/Volumes/Data/Work/SEALTAGS/Prydz/FLUO_LIGHT/PROCESSED/NC/ct160-341-20_all_prof_PROCESSED.nc,ct160-341-20,30,2021-01-05 06:00:00,-54.7416,78.9142,True,False
/Volumes/Data/Work/SEALTAGS/Prydz/FLUO_LIGHT/PROCESSED/NC/ct160-341-20_all_prof_PROCESSED.nc,ct160-341-20,31,2021-01-05 16:50:00,-54.8623,79.1957,False,False
/Volumes/Data/Work/SEALTAGS/Prydz/FLUO_LIGHT/PROCESSED/NC/ct160-341-20_all_prof_PROCESSED.nc,ct160-341-20,32,2021-01-06 03:10:00,-54.9933,79.3281,True,False
/Volumes/Data/Work/SEALTAGS/Prydz/FLUO_LIGHT/PROCESSED/NC/ct160-341-20_all_prof_PROCESSED.nc,ct160-341-20,33,2021-01-06 21:10:00,-55.4685,79.9928,False,False
/Volumes/Data/Work/SEALTAGS/Prydz/FLUO_LIGHT/PROCESSED/NC/ct160-341-20_all_prof_PROCESSED.nc,ct160-341-20,34,2021-01-06 22:10:00,-55.5001,80.0183,False,False
/Volumes/Data/Work/SEALTAGS/Prydz/FLUO_LIGHT/PROCESSED/NC/ct160-341-20_all_prof_PROCESSED.nc,ct160-341-20,35,2021-01-06 22:40:00,-55.5159,80.0311,True,False
/Volumes/Data/Work/SEALTAGS/Prydz/FLUO_LIGHT/PROCESSED/NC/ct160-341-20_all_prof_PROCESSED.nc,ct160-341-20,36,2021-01-06 23:30:00,-55.4811,80.0358,True,False
/Volumes/Data/Work/SEALTAGS/Prydz/FLUO_LIGHT/PROCESSED/NC/ct160-341-20_all_prof_PROCESSED.nc,ct160-341-20,37,2021-01-07 03:00:00,-55.6634,80.1172,True,False
/Volumes/Data/Work/SEALTAGS/Prydz/FLUO_LIGHT/PROCESSED/NC/ct160-341-20_all_prof_PROCESSED.nc,ct160-341-20,38,2021-01-07 20:20:00,-56.0407,80.735,False,False
/Volumes/Data/Work/SEALTAGS/Prydz/FLUO_LIGHT/PROCESSED/NC/ct160-341-20_all_prof_PROCESSED.nc,ct160-341-20,39,2021-01-08 03:30:00,-56.1451,80.802,True,False
/Volumes/Data/Work/SEALTAGS/Prydz/FLUO_LIGHT/PROCESSED/NC/ct160-341-20_all_prof_PROCESSED.nc,ct160-341-20,40,2021-01-08 06:20:00,-56.2794,80.7897,True,False
/Volumes/Data/Work/SEALTAGS/Prydz/FLUO_LIGHT/PROCESSED/NC/ct160-341-20_all_prof_PROCESSED.nc,ct160-341-20,41,2021-01-08 22:50:00,-56.7031,81.1155,True,False
/Volumes/Data/Work/SEALTAGS/Prydz/FLUO_LIGHT/PROCESSED/NC/ct160-341-20_all_prof_PROCESSED.nc,ct160-341-20,42,2021-01-09 03:10:00,-56.862,81.238,True,False
/Volumes/Data/Work/SEALTAGS/Prydz/FLUO_LIGHT/PROCESSED/NC/ct160-341-20_all_prof_PROCESSED.nc,ct160-341-20,43,2021-01-09 08:30:00,-56.9557,81.0723,True,False
/Volumes/Data/Work/SEALTAGS/Prydz/FLUO_LIGHT/PROCESSED/NC/ct160-341-20_all_prof_PROCESSED.nc,ct160-341-20,44,2021-01-09 18:00:00,-57.3076,81.3586,False,False
/Volumes/Data/Work/SEALTAGS/Prydz/FLUO_LIGHT/PROCESSED/NC/ct160-341-20_all_prof_PROCESSED.nc,ct160-341-20,45,2021-01-09 20:40:00,-57.4187,81.5044,False,False
/Volumes/Data/Work/SEALTAGS/Prydz/FLUO_LIGHT/PROCESSED/NC/ct160-341-20_all_prof_PROCESSED.nc,ct160-341-20,46,2021-01-09 21:10:00,-57.4214,81.4981,False,False
/Volumes/Data/Work/SEALTAGS/Prydz/FLUO_LIGHT/PROCESSED/NC/ct160-341-20_all_prof_PROCESSED.nc,ct160-341-20,47,2021-01-10 10:10:00,-57.7847,81.9449,True,False
/Volumes/Data/Work/SEALTAGS/Prydz/FLUO_LIGHT/PROCESSED/NC/ct160-341-20_all_prof_PROCESSED.nc,ct160-341-20,48,2021-01-10 15:10:00,-58.083,81.7466,True,False
/Volumes/Data/Work/SEALTAGS/Prydz/FLUO_LIGHT/PROCESSED/NC/ct160-341-20_all_prof_PROCESSED.nc,ct160-341-20,49,2021-01-10 22:40:00,-58.2208,81.8185,True,False
/Volumes/Data/Work/SEALTAGS/Prydz/FLUO_LIGHT/PROCESSED/NC/ct160-341-20_all_prof_PROCESSED.nc,ct160-341-20,50,2021-01-11 03:00:00,-58.4145,81.9366,True,False
/Volumes/Data/Work/SEALTAGS/Prydz/FLUO_LIGHT/PROCESSED/NC/ct160-341-20_all_prof_PROCESSED.nc,ct160-341-20,51,2021-01-11 04:10:00,-58.4502,82.0312,True,False
/Volumes/Data/Work/SEALTAGS/Prydz/FLUO_LIGHT/PROCESSED/NC/ct160-341-20_all_prof_PROCESSED.nc,ct160-341-20,52,2021-01-11 15:00:00,-58.8597,82.1928,True,False
/Volumes/Data/Work/SEALTAGS/Prydz/FLUO_LIGHT/PROCESSED/NC/ct160-341-20_all_prof_PROCESSED.nc,ct160-341-20,53,2021-01-11 22:00:00,-59.1193,82.3973,True,False
/Volumes/Data/Work/SEALTAGS/Prydz/FLUO_LIGHT/PROCESSED/NC/ct160-341-20_all_prof_PROCESSED.nc,ct160-341-20,54,2021-01-11 22:20:00,-59.1403,82.432,True,False
/Volumes/Data/Work/SEALTAGS/Prydz/FLUO_LIGHT/PROCESSED/NC/ct160-341-20_all_prof_PROCESSED.nc,ct160-341-20,55,2021-01-12 07:10:00,-59.4643,82.8461,True,False
/Volumes/Data/Work/SEALTAGS/Prydz/FLUO_LIGHT/PROCESSED/NC/ct160-341-20_all_prof_PROCESSED.nc,ct160-341-20,56,2021-01-12 15:10:00,-59.7913,83.2927,True,False
/Volumes/Data/Work/SEALTAGS/Prydz/FLUO_LIGHT/PROCESSED/NC/ct160-341-20_all_prof_PROCESSED.nc,ct160-341-20,57,2021-01-12 23:30:00,-59.9199,83.4543,True,False
/Volumes/Data/Work/SEALTAGS/Prydz/FLUO_LIGHT/PROCESSED/NC/ct160-341-20_all_prof_PROCESSED.nc,ct160-341-20,58,2021-01-13 02:20:00,-59.9863,83.5583,True,False
/Volumes/Data/Work/SEALTAGS/Prydz/FLUO_LIGHT/PROCESSED/NC/ct160-341-20_all_prof_PROCESSED.nc,ct160-341-20,59,2021-01-13 03:30:00,-60.0491,83.5463,True,False
/Volumes/Data/Work/SEALTAGS/Prydz/FLUO_LIGHT/PROCESSED/NC/ct160-341-20_all_prof_PROCESSED.nc,ct160-341-20,60,2021-01-13 21:00:00,-60.695,83.9669,False,False
/Volumes/Data/Work/SEALTAGS/Prydz/FLUO_LIGHT/PROCESSED/NC/ct160-341-20_all_prof_PROCESSED.nc,ct160-341-20,61,2021-01-13 22:10:00,-60.7427,83.9445,True,False
/Volumes/Data/Work/SEALTAGS/Prydz/FLUO_LIGHT/PROCESSED/NC/ct160-341-20_all_prof_PROCESSED.nc,ct160-341-20,62,2021-01-13 22:20:00,-60.7495,83.9412,True,False
/Volumes/Data/Work/SEALTAGS/Prydz/FLUO_LIGHT/PROCESSED/NC/ct160-341-20_all_prof_PROCESSED.nc,ct160-341-20,63,2021-01-14 05:40:00,-60.9958,84.2996,True,False
/Volumes/Data/Work/SEALTAGS/Prydz/FLUO_LIGHT/PROCESSED/NC/ct160-341-20_all_prof_PROCESSED.nc,ct160-341-20,64,2021-01-14 07:30:00,-61.0296,84.3283,True,False
/Volumes/Data/Work/SEALTAGS/Prydz/FLUO_LIGHT/PROCESSED/NC/ct160-341-20_all_prof_PROCESSED.nc,ct160-341-20,65,2021-01-14 21:10:00,-61.3449,84.6243,False,False
/Volumes/Data/Work/SEALTAGS/Prydz/FLUO_LIGHT/PROCESSED/NC/ct160-341-20_all_prof_PROCESSED.nc,ct160-341-20,66,2021-01-14 21:50:00,-61.3587,84.6352,True,False
/Volumes/Data/Work/SEALTAGS/Prydz/FLUO_LIGHT/PROCESSED/NC/ct160-341-20_all_prof_PROCESSED.nc,ct160-341-20,67,2021-01-15 03:00:00,-61.5154,84.6718,True,False
/Volumes/Data/Work/SEALTAGS/Prydz/FLUO_LIGHT/PROCESSED/NC/ct160-341-20_all_prof_PROCESSED.nc,ct160-341-20,68,2021-01-15 07:10:00,-61.6795,84.8175,True,False
/Volumes/Data/Work/SEALTAGS/Prydz/FLUO_LIGHT/PROCESSED/NC/ct160-341-20_all_prof_PROCESSED.nc,ct160-341-20,69,2021-01-15 15:00:00,-61.8772,85.3676,True,False
/Volumes/Data/Work/SEALTAGS/Prydz/FLUO_LIGHT/PROCESSED/NC/ct160-341-20_all_prof_PROCESSED.nc,ct160-341-20,70,2021-01-15 21:20:00,-62.0552,85.6296,True,False
/Volumes/Data/Work/SEALTAGS/Prydz/FLUO_LIGHT/PROCESSED/NC/ct160-341-20_all_prof_PROCESSED.nc,ct160-341-20,71,2021-01-15 22:10:00,-62.0801,85.5357,True,False
/Volumes/Data/Work/SEALTAGS/Prydz/FLUO_LIGHT/PROCESSED/NC/ct160-341-20_all_prof_PROCESSED.nc,ct160-341-20,72,2021-01-16 03:00:00,-62.1718,85.7399,True,False
/Volumes/Data/Work/SEALTAGS/Prydz/FLUO_LIGHT/PROCESSED/NC/ct160-341-20_all_prof_PROCESSED.nc,ct160-341-20,73,2021-01-16 03:20:00,-62.1837,85.7339,True,False
/Volumes/Data/Work/SEALTAGS/Prydz/FLUO_LIGHT/PROCESSED/NC/ct160-341-20_all_prof_PROCESSED.nc,ct160-341-20,74,2021-01-16 16:10:00,-62.4644,86.5628,False,False
/Volumes/Data/Work/SEALTAGS/Prydz/FLUO_LIGHT/PROCESSED/NC/ct160-341-20_all_prof_PROCESSED.nc,ct160-341-20,75,2021-01-16 23:00:00,-62.5573,87.0827,True,False
/Volumes/Data/Work/SEALTAGS/Prydz/FLUO_LIGHT/PROCESSED/NC/ct160-341-20_all_prof_PROCESSED.nc,ct160-341-20,76,2021-01-17 02:20:00,-62.5626,86.8148,True,False
/Volumes/Data/Work/SEALTAGS/Prydz/FLUO_LIGHT/PROCESSED/NC/ct160-341-20_all_prof_PROCESSED.nc,ct160-341-20,77,2021-01-17 07:10:00,-62.6206,86.7864,True,False
/Volumes/Data/Work/SEALTAGS/Prydz/FLUO_LIGHT/PROCESSED/NC/ct160-341-20_all_prof_PROCESSED.nc,ct160-341-20,78,2021-01-17 14:20:00,-62.8624,87.3842,True,False
/Volumes/Data/Work/SEALTAGS/Prydz/FLUO_LIGHT/PROCESSED/NC/ct160-341-20_all_prof_PROCESSED.nc,ct160-341-20,79,2021-01-18 02:10:00,-63.2254,87.6839,True,False
/Volumes/Data/Work/SEALTAGS/Prydz/FLUO_LIGHT/PROCESSED/NC/ct160-341-20_all_prof_PROCESSED.nc,ct160-341-20,80,2021-01-18 14:20:00,-63.8059,88.031,True,False
/Volumes/Data/Work/SEALTAGS/Prydz/FLUO_LIGHT/PROCESSED/NC/ct160-341-20_all_prof_PROCESSED.nc,ct160-341-20,81,2021-01-19 02:00:00,-64.1345,89.0628,True,False
/Volumes/Data/Work/SEALTAGS/Prydz/FLUO_LIGHT/PROCESSED/NC/ct160-341-20_all_prof_PROCESSED.nc,ct160-341-20,82,2021-01-19 08:30:00,-64.3261,89.4141,True,False
/Volumes/Data/Work/SEALTAGS/Prydz/FLUO_LIGHT/PROCESSED/NC/ct160-341-20_all_prof_PROCESSED.nc,ct160-341-20,83,2021-01-19 14:00:00,-64.5216,89.6149,True,False
/Volumes/Data/Work/SEALTAGS/Prydz/FLUO_LIGHT/PROCESSED/NC/ct160-341-20_all_prof_PROCESSED.nc,ct160-341-20,84,2021-01-20 03:10:00,-64.8842,90.781,True,False
/Volumes/Data/Work/SEALTAGS/Prydz/FLUO_LIGHT/PROCESSED/NC/ct160-341-20_all_prof_PROCESSED.nc,ct160-341-20,85,2021-01-20 03:40:00,-64.9047,90.8165,True,False
/Volumes/Data/Work/SEALTAGS/Prydz/FLUO_LIGHT/PROCESSED/NC/ct160-341-20_all_prof_PROCESSED.nc,ct160-341-20,86,2021-01-20 09:10:00,-65.0421,91.225,True,False
/Volumes/Data/Work/SEALTAGS/Prydz/FLUO_LIGHT/PROCESSED/NC/ct160-341-20_all_prof_PROCESSED.nc,ct160-341-20,87,2021-01-20 11:00:00,-65.0942,91.3748,True,False
/Volumes/Data/Work/SEALTAGS/Prydz/FLUO_LIGHT/PROCESSED/NC/ct160-341-20_all_prof_PROCESSED.nc,ct160-341-20,88,2021-01-20 15:40:00,-65.2883,91.417,True,False
/Volumes/Data/Work/SEALTAGS/Prydz/FLUO_LIGHT/PROCESSED/NC/ct160-341-20_all_prof_PROCESSED.nc,ct160-341-20,89,2021-01-20 16:00:00,-65.2946,91.4563,False,False
/Volumes/Data/Work/SEALTAGS/Prydz/FLUO_LIGHT/PROCESSED/NC/ct160-341-20_all_prof_PROCESSED.nc,ct160-341-20,90,2021-01-20 16:50:00,-65.3483,91.4747,False,False
/Volumes/Data/Work/SEALTAGS/Prydz/FLUO_LIGHT/PROCESSED/NC/ct160-341-20_all_prof_PROCESSED.nc,ct160-341-20,91,2021-01-21 09:00:00,-65.4103,92.0343,True,False
/Volumes/Data/Work/SEALTAGS/Prydz/FLUO_LIGHT/PROCESSED/NC/ct160-341-20_all_prof_PROCESSED.nc,ct160-341-20,92,2021-01-21 21:10:00,-65.347,92.5887,True,False
/Volumes/Data/Work/SEALTAGS/Prydz/FLUO_LIGHT/PROCESSED/NC/ct160-341-20_all_prof_PROCESSED.nc,ct160-341-20,93,2021-01-22 03:00:00,-65.3391,92.6804,True,False
/Volumes/Data/Work/SEALTAGS/Prydz/FLUO_LIGHT/PROCESSED/NC/ct160-341-20_all_prof_PROCESSED.nc,ct160-341-20,94,2021-01-22 21:00:00,-65.3263,92.6232,True,False
/Volumes/Data/Work/SEALTAGS/Prydz/FLUO_LIGHT/PROCESSED/NC/ct160-341-20_all_prof_PROCESSED.nc,ct160-341-20,95,2021-01-22 22:20:00,-65.3676,92.4919,True,False
/Volumes/Data/Work/SEALTAGS/Prydz/FLUO_LIGHT/PROCESSED/NC/ct160-341-20_all_prof_PROCESSED.nc,ct160-341-20,96,2021-01-23 03:10:00,-65.4912,92.3805,True,False
/Volumes/Data/Work/SEALTAGS/Prydz/FLUO_LIGHT/PROCESSED/NC/ct160-341-20_all_prof_PROCESSED.nc,ct160-341-20,97,2021-01-23 06:50:00,-65.4856,92.4542,True,False
/Volumes/Data/Work/SEALTAGS/Prydz/FLUO_LIGHT/PROCESSED/NC/ct160-341-20_all_prof_PROCESSED.nc,ct160-341-20,98,2021-01-23 07:10:00,-65.4835,92.4372,True,False
/Volumes/Data/Work/SEALTAGS/Prydz/FLUO_LIGHT/PROCESSED/NC/ct160-341-20_all_prof_PROCESSED.nc,ct160-341-20,99,2021-01-23 20:10:00,-65.4888,92.3055,False,False
/Volumes/Data/Work/SEALTAGS/Prydz/FLUO_LIGHT/PROCESSED/NC/ct160-341-20_all_prof_PROCESSED.nc,ct160-341-20,100,2021-01-23 22:20:00,-65.4925,92.3956,True,False
/Volumes/Data/Work/SEALTAGS/Prydz/FLUO_LIGHT/PROCESSED/NC/ct160-341-20_all_prof_PROCESSED.nc,ct160-341-20,101,2021-01-24 03:10:00,-65.4822,92.3007,True,False
/Volumes/Data/Work/SEALTAGS/Prydz/FLUO_LIGHT/PROCESSED/NC/ct160-341-20_all_prof_PROCESSED.nc,ct160-341-20,102,2021-01-24 04:10:00,-65.505,92.2815,True,False
/Volumes/Data/Work/SEALTAGS/Prydz/FLUO_LIGHT/PROCESSED/NC/ct160-341-20_all_prof_PROCESSED.nc,ct160-341-20,103,2021-01-24 20:10:00,-65.5682,92.245,False,False
/Volumes/Data/Work/SEALTAGS/Prydz/FLUO_LIGHT/PROCESSED/NC/ct160-341-20_all_prof_PROCESSED.nc,ct160-341-20,104,2021-01-25 09:00:00,-65.4101,92.0557,True,False
/Volumes/Data/Work/SEALTAGS/Prydz/FLUO_LIGHT/PROCESSED/NC/ct160-341-20_all_prof_PROCESSED.nc,ct160-341-20,105,2021-01-25 21:10:00,-65.5159,91.9689,True,False
/Volumes/Data/Work/SEALTAGS/Prydz/FLUO_LIGHT/PROCESSED/NC/ct160-341-20_all_prof_PROCESSED.nc,ct160-341-20,106,2021-01-26 09:00:00,-65.4699,91.919,True,False
/Volumes/Data/Work/SEALTAGS/Prydz/FLUO_LIGHT/PROCESSED/NC/ct160-341-20_all_prof_PROCESSED.nc,ct160-341-20,107,2021-01-26 21:10:00,-65.4466,91.9716,True,False
/Volumes/Data/Work/SEALTAGS/Prydz/FLUO_LIGHT/PROCESSED/NC/ct160-341-20_all_prof_PROCESSED.nc,ct160-341-20,108,2021-01-26 22:50:00,-65.4805,92.1052,True,False
/Volumes/Data/Work/SEALTAGS/Prydz/FLUO_LIGHT/PROCESSED/NC/ct160-341-20_all_prof_PROCESSED.nc,ct160-341-20,109,2021-01-27 09:10:00,-65.3133,91.9617,True,False
/Volumes/Data/Work/SEALTAGS/Prydz/FLUO_LIGHT/PROCESSED/NC/ct160-341-20_all_prof_PROCESSED.nc,ct160-341-20,110,2021-01-27 19:20:00,-65.6341,92.0925,False,False
/Volumes/Data/Work/SEALTAGS/Prydz/FLUO_LIGHT/PROCESSED/NC/ct160-341-20_all_prof_PROCESSED.nc,ct160-341-20,111,2021-01-28 09:10:00,-65.5019,92.1041,True,False
/Volumes/Data/Work/SEALTAGS/Prydz/FLUO_LIGHT/PROCESSED/NC/ct160-341-20_all_prof_PROCESSED.nc,ct160-341-20,112,2021-01-28 20:50:00,-65.7023,91.9405,False,False
/Volumes/Data/Work/SEALTAGS/Prydz/FLUO_LIGHT/PROCESSED/NC/ct160-341-20_all_prof_PROCESSED.nc,ct160-341-20,113,2021-01-29 04:20:00,-65.5429,92.2933,True,False
/Volumes/Data/Work/SEALTAGS/Prydz/FLUO_LIGHT/PROCESSED/NC/ct160-341-20_all_prof_PROCESSED.nc,ct160-341-20,114,2021-01-29 21:00:00,-65.5382,92.1196,True,False
/Volumes/Data/Work/SEALTAGS/Prydz/FLUO_LIGHT/PROCESSED/NC/ct160-341-20_all_prof_PROCESSED.nc,ct160-341-20,115,2021-01-30 09:10:00,-65.5422,92.2539,True,False
/Volumes/Data/Work/SEALTAGS/Prydz/FLUO_LIGHT/PROCESSED/NC/ct160-341-20_all_prof_PROCESSED.nc,ct160-341-20,116,2021-01-30 11:20:00,-65.6013,91.9485,True,False
/Volumes/Data/Work/SEALTAGS/Prydz/FLUO_LIGHT/PROCESSED/NC/ct160-341-20_all_prof_PROCESSED.nc,ct160-341-20,117,2021-01-30 20:10:00,-65.5772,92.0425,False,False
/Volumes/Data/Work/SEALTAGS/Prydz/FLUO_LIGHT/PROCESSED/NC/ct160-341-20_all_prof_PROCESSED.nc,ct160-341-20,118,2021-01-31 08:10:00,-65.5457,92.2125,True,False
/Volumes/Data/Work/SEALTAGS/Prydz/FLUO_LIGHT/PROCESSED/NC/ct160-341-20_all_prof_PROCESSED.nc,ct160-341-20,119,2021-01-31 20:10:00,-65.6142,92.0159,False,False
/Volumes/Data/Work/SEALTAGS/Prydz/FLUO_LIGHT/PROCESSED/NC/ct160-341-20_all_prof_PROCESSED.nc,ct160-341-20,120,2021-02-01 05:10:00,-65.5938,92.0643,True,False
/Volumes/Data/Work/SEALTAGS/Prydz/FLUO_LIGHT/PROCESSED/NC/ct160-341-20_all_prof_PROCESSED.nc,ct160-341-20,121,2021-02-01 07:20:00,-65.6205,92.0896,True,False
/Volumes/Data/Work/SEALTAGS/Prydz/FLUO_LIGHT/PROCESSED/NC/ct160-341-20_all_prof_PROCESSED.nc,ct160-341-20,122,2021-02-01 18:50:00,-65.6004,91.9875,False,False
/Volumes/Data/Work/SEALTAGS/Prydz/FLUO_LIGHT/PROCESSED/NC/ct160-341-20_all_prof_PROCESSED.nc,ct160-341-20,123,2021-02-01 19:10:00,-65.6014,91.992,False,False
/Volumes/Data/Work/SEALTAGS/Prydz/FLUO_LIGHT/PROCESSED/NC/ct160-341-20_all_prof_PROCESSED.nc,ct160-341-20,124,2021-02-01 20:20:00,-65.5811,91.9059,False,False
/Volumes/Data/Work/SEALTAGS/Prydz/FLUO_LIGHT/PROCESSED/NC/ct160-341-20_all_prof_PROCESSED.nc,ct160-341-20,125,2021-02-02 09:10:00,-65.5063,92.2544,True,False
/Volumes/Data/Work/SEALTAGS/Prydz/FLUO_LIGHT/PROCESSED/NC/ct160-341-20_all_prof_PROCESSED.nc,ct160-341-20,126,2021-02-02 20:00:00,-65.6514,92.1325,False,False
/Volumes/Data/Work/SEALTAGS/Prydz/FLUO_LIGHT/PROCESSED/NC/ct160-341-20_all_prof_PROCESSED.nc,ct160-341-20,127,2021-02-02 21:50:00,-65.6172,92.014,True,False
/Volumes/Data/Work/SEALTAGS/Prydz/FLUO_LIGHT/PROCESSED/NC/ct160-341-20_all_prof_PROCESSED.nc,ct160-341-20,128,2021-02-02 22:40:00,-65.6144,91.9986,True,False
/Volumes/Data/Work/SEALTAGS/Prydz/FLUO_LIGHT/PROCESSED/NC/ct160-341-20_all_prof_PROCESSED.nc,ct160-341-20,129,2021-02-03 19:10:00,-65.5284,92.0845,False,False
/Volumes/Data/Work/SEALTAGS/Prydz/FLUO_LIGHT/PROCESSED/NC/ct160-341-20_all_prof_PROCESSED.nc,ct160-341-20,130,2021-02-03 20:50:00,-65.5623,92.0688,False,False
/Volumes/Data/Work/SEALTAGS/Prydz/FLUO_LIGHT/PROCESSED/NC/ct160-341-20_all_prof_PROCESSED.nc,ct160-341-20,131,2021-02-04 09:10:00,-65.5552,92.1349,True,False
/Volumes/Data/Work/SEALTAGS/Prydz/FLUO_LIGHT/PROCESSED/NC/ct160-341-20_all_prof_PROCESSED.nc,ct160-341-20,132,2021-02-04 19:00:00,-65.5706,92.1012,False,False
/Volumes/Data/Work/SEALTAGS/Prydz/FLUO_LIGHT/PROCESSED/NC/ct160-341-20_all_prof_PROCESSED.nc,ct160-341-20,133,2021-02-04 19:40:00,-65.5921,92.0622,False,False
/Volumes/Data/Work/SEALTAGS/Prydz/FLUO_LIGHT/PROCESSED/NC/ct160-341-20_all_prof_PROCESSED.nc,ct160-341-20,134,2021-02-05 09:10:00,-65.4905,92.2675,True,False
/Volumes/Data/Work/SEALTAGS/Prydz/FLUO_LIGHT/PROCESSED/NC/ct160-341-20_all_prof_PROCESSED.nc,ct160-341-20,135,2021-02-05 21:00:00,-65.5879,92.3195,False,False
/Volumes/Data/Work/SEALTAGS/Prydz/FLUO_LIGHT/PROCESSED/NC/ct160-341-20_all_prof_PROCESSED.nc,ct160-341-20,136,2021-02-05 23:30:00,-65.5029,92.1155,True,False
/Volumes/Data/Work/SEALTAGS/Prydz/FLUO_LIGHT/PROCESSED/NC/ct160-341-20_all_prof_PROCESSED.nc,ct160-341-20,137,2021-02-06 05:50:00,-65.4736,92.4593,True,False
/Volumes/Data/Work/SEALTAGS/Prydz/FLUO_LIGHT/PROCESSED/NC/ct160-341-20_all_prof_PROCESSED.nc,ct160-341-20,138,2021-02-06 11:30:00,-65.4797,92.5132,True,False
/Volumes/Data/Work/SEALTAGS/Prydz/FLUO_LIGHT/PROCESSED/NC/ct160-341-20_all_prof_PROCESSED.nc,ct160-341-20,139,2021-02-06 11:50:00,-65.4801,92.5163,True,False
/Volumes/Data/Work/SEALTAGS/Prydz/FLUO_LIGHT/PROCESSED/NC/ct160-341-20_all_prof_PROCESSED.nc,ct160-341-20,140,2021-02-06 16:40:00,-65.4754,92.2883,False,False
/Volumes/Data/Work/SEALTAGS/Prydz/FLUO_LIGHT/PROCESSED/NC/ct160-341-20_all_prof_PROCESSED.nc,ct160-341-20,141,2021-02-06 17:10:00,-65.4723,92.2887,False,False
/Volumes/Data/Work/SEALTAGS/Prydz/FLUO_LIGHT/PROCESSED/NC/ct160-341-20_all_prof_PROCESSED.nc,ct160-341-20,142,2021-02-07 05:30:00,-65.4699,92.3313,True,False
/Volumes/Data/Work/SEALTAGS/Prydz/FLUO_LIGHT/PROCESSED/NC/ct160-341-20_all_prof_PROCESSED.nc,ct160-341-20,143,2021-02-07 06:40:00,-65.4676,92.347,True,False
/Volumes/Data/Work/SEALTAGS/Prydz/FLUO_LIGHT/PROCESSED/NC/ct160-341-20_all_prof_PROCESSED.nc,ct160-341-20,144,2021-02-07 07:10:00,-65.4667,92.3538,True,False
/Volumes/Data/Work/SEALTAGS/Prydz/FLUO_LIGHT/PROCESSED/NC/ct160-341-20_all_prof_PROCESSED.nc,ct160-341-20,145,2021-02-07 21:00:00,-65.4923,92.2723,False,False
/Volumes/Data/Work/SEALTAGS/Prydz/FLUO_LIGHT/PROCESSED/NC/ct160-341-20_all_prof_PROCESSED.nc,ct160-341-20,146,2021-02-07 21:20:00,-65.4845,92.2852,False,False
/Volumes/Data/Work/SEALTAGS/Prydz/FLUO_LIGHT/PROCESSED/NC/ct160-341-20_all_prof_PROCESSED.nc,ct160-341-20,147,2021-02-08 09:00:00,-65.4711,92.4396,True,False
/Volumes/Data/Work/SEALTAGS/Prydz/FLUO_LIGHT/PROCESSED/NC/ct160-341-20_all_prof_PROCESSED.nc,ct160-341-20,148,2021-02-08 16:40:00,-65.4748,92.0936,False,False
/Volumes/Data/Work/SEALTAGS/Prydz/FLUO_LIGHT/PROCESSED/NC/ct160-341-20_all_prof_PROCESSED.nc,ct160-341-20,149,2021-02-08 18:00:00,-65.4429,92.2967,False,False
/Volumes/Data/Work/SEALTAGS/Prydz/FLUO_LIGHT/PROCESSED/NC/ct160-341-20_all_prof_PROCESSED.nc,ct160-341-20,150,2021-02-09 09:10:00,-65.2963,92.2742,True,False
/Volumes/Data/Work/SEALTAGS/Prydz/FLUO_LIGHT/PROCESSED/NC/ct160-341-20_all_prof_PROCESSED.nc,ct160-341-20,151,2021-02-09 17:50:00,-65.4775,92.3639,False,False
/Volumes/Data/Work/SEALTAGS/Prydz/FLUO_LIGHT/PROCESSED/NC/ct160-341-20_all_prof_PROCESSED.nc,ct160-341-20,152,2021-02-09 18:30:00,-65.4749,92.3627,False,False
/Volumes/Data/Work/SEALTAGS/Prydz/FLUO_LIGHT/PROCESSED/NC/ct160-341-20_all_prof_PROCESSED.nc,ct160-341-20,153,2021-02-10 03:10:00,-65.4878,92.4124,True,False
/Volumes/Data/Work/SEALTAGS/Prydz/FLUO_LIGHT/PROCESSED/NC/ct160-341-20_all_prof_PROCESSED.nc,ct160-341-20,154,2021-02-10 20:20:00,-65.4138,92.3643,False,False
/Volumes/Data/Work/SEALTAGS/Prydz/FLUO_LIGHT/PROCESSED/NC/ct160-341-20_all_prof_PROCESSED.nc,ct160-341-20,155,2021-02-10 21:00:00,-65.4162,92.3652,False,False
/Volumes/Data/Work/SEALTAGS/Prydz/FLUO_LIGHT/PROCESSED/NC/ct160-341-20_all_prof_PROCESSED.nc,ct160-341-20,156,2021-02-10 21:20:00,-65.4094,92.3569,False,False
/Volumes/Data/Work/SEALTAGS/Prydz/FLUO_LIGHT/PROCESSED/NC/ct160-341-20_all_prof_PROCESSED.nc,ct160-341-20,157,2021-02-10 21:40:00,-65.4019,92.3479,False,False
/Volumes/Data/Work/SEALTAGS/Prydz/FLUO_LIGHT/PROCESSED/NC/ct160-341-20_all_prof_PROCESSED.nc,ct160-341-20,158,2021-02-11 06:50:00,-65.3843,92.6332,True,False
/Volumes/Data/Work/SEALTAGS/Prydz/FLUO_LIGHT/PROCESSED/NC/ct160-341-20_all_prof_PROCESSED.nc,ct160-341-20,159,2021-02-11 14:30:00,-65.3616,92.6709,False,False
/Volumes/Data/Work/SEALTAGS/Prydz/FLUO_LIGHT/PROCESSED/NC/ct160-341-20_all_prof_PROCESSED.nc,ct160-341-20,160,2021-02-12 05:00:00,-65.3281,92.701,True,False
/Volumes/Data/Work/SEALTAGS/Prydz/FLUO_LIGHT/PROCESSED/NC/ct160-341-20_all_prof_PROCESSED.nc,ct160-341-20,161,2021-02-12 05:30:00,-65.3258,92.6917,True,False
/Volumes/Data/Work/SEALTAGS/Prydz/FLUO_LIGHT/PROCESSED/NC/ct160-341-20_all_prof_PROCESSED.nc,ct160-341-20,162,2021-02-12 20:20:00,-65.3186,92.5284,False,False
/Volumes/Data/Work/SEALTAGS/Prydz/FLUO_LIGHT/PROCESSED/NC/ct160-341-20_all_prof_PROCESSED.nc,ct160-341-20,163,2021-02-13 08:00:00,-65.3148,92.5233,True,False
/Volumes/Data/Work/SEALTAGS/Prydz/FLUO_LIGHT/PROCESSED/NC/ct160-341-20_all_prof_PROCESSED.nc,ct160-341-20,164,2021-02-13 15:00:00,-65.3211,92.6468,False,False
/Volumes/Data/Work/SEALTAGS/Prydz/FLUO_LIGHT/PROCESSED/NC/ct160-341-20_all_prof_PROCESSED.nc,ct160-341-20,165,2021-02-14 08:00:00,-65.2615,92.5471,True,False
/Volumes/Data/Work/SEALTAGS/Prydz/FLUO_LIGHT/PROCESSED/NC/ct160-341-20_all_prof_PROCESSED.nc,ct160-341-20,166,2021-02-14 09:40:00,-65.2377,92.641,True,False
/Volumes/Data/Work/SEALTAGS/Prydz/FLUO_LIGHT/PROCESSED/NC/ct160-341-20_all_prof_PROCESSED.nc,ct160-341-20,167,2021-02-14 20:10:00,-65.2899,92.555,False,False
/Volumes/Data/Work/SEALTAGS/Prydz/FLUO_LIGHT/PROCESSED/NC/ct160-341-20_all_prof_PROCESSED.nc,ct160-341-20,168,2021-02-15 08:00:00,-65.2427,92.497,True,False
/Volumes/Data/Work/SEALTAGS/Prydz/FLUO_LIGHT/PROCESSED/NC/ct160-341-20_all_prof_PROCESSED.nc,ct160-341-20,169,2021-02-15 16:50:00,-65.2404,92.5286,False,False
/Volumes/Data/Work/SEALTAGS/Prydz/FLUO_LIGHT/PROCESSED/NC/ct160-341-20_all_prof_PROCESSED.nc,ct160-341-20,170,2021-02-15 22:00:00,-65.2303,92.709,True,False
/Volumes/Data/Work/SEALTAGS/Prydz/FLUO_LIGHT/PROCESSED/NC/ct160-341-20_all_prof_PROCESSED.nc,ct160-341-20,171,2021-02-16 03:00:00,-65.3238,92.5907,True,False
/Volumes/Data/Work/SEALTAGS/Prydz/FLUO_LIGHT/PROCESSED/NC/ct160-341-20_all_prof_PROCESSED.nc,ct160-341-20,172,2021-02-16 05:00:00,-65.3204,92.5639,True,False
/Volumes/Data/Work/SEALTAGS/Prydz/FLUO_LIGHT/PROCESSED/NC/ct160-341-20_all_prof_PROCESSED.nc,ct160-341-20,173,2021-02-16 07:30:00,-65.3219,92.6278,True,False
/Volumes/Data/Work/SEALTAGS/Prydz/FLUO_LIGHT/PROCESSED/NC/ct160-341-20_all_prof_PROCESSED.nc,ct160-341-20,174,2021-02-16 15:10:00,-65.2137,92.6195,False,False
/Volumes/Data/Work/SEALTAGS/Prydz/FLUO_LIGHT/PROCESSED/NC/ct160-341-20_all_prof_PROCESSED.nc,ct160-341-20,175,2021-02-16 21:50:00,-65.2362,92.7676,False,False
/Volumes/Data/Work/SEALTAGS/Prydz/FLUO_LIGHT/PROCESSED/NC/ct160-341-20_all_prof_PROCESSED.nc,ct160-341-20,176,2021-02-17 03:20:00,-65.2181,92.7034,True,False
/Volumes/Data/Work/SEALTAGS/Prydz/FLUO_LIGHT/PROCESSED/NC/ct160-341-20_all_prof_PROCESSED.nc,ct160-341-20,177,2021-02-17 15:10:00,-65.1813,92.7281,False,False
/Volumes/Data/Work/SEALTAGS/Prydz/FLUO_LIGHT/PROCESSED/NC/ct160-341-20_all_prof_PROCESSED.nc,ct160-341-20,178,2021-02-18 08:10:00,-65.3106,92.4409,True,False
/Volumes/Data/Work/SEALTAGS/Prydz/FLUO_LIGHT/PROCESSED/NC/ct160-341-20_all_prof_PROCESSED.nc,ct160-341-20,179,2021-02-18 09:30:00,-65.2911,92.444,True,False
/Volumes/Data/Work/SEALTAGS/Prydz/FLUO_LIGHT/PROCESSED/NC/ct160-341-20_all_prof_PROCESSED.nc,ct160-341-20,180,2021-02-18 18:40:00,-65.3354,92.5866,False,False
/Volumes/Data/Work/SEALTAGS/Prydz/FLUO_LIGHT/PROCESSED/NC/ct160-341-20_all_prof_PROCESSED.nc,ct160-341-20,181,2021-02-18 19:10:00,-65.3314,92.595,False,False
/Volumes/Data/Work/SEALTAGS/Prydz/FLUO_LIGHT/PROCESSED/NC/ct160-341-20_all_prof_PROCESSED.nc,ct160-341-20,182,2021-02-18 19:40:00,-65.3275,92.6034,False,False
/Volumes/Data/Work/SEALTAGS/Prydz/FLUO_LIGHT/PROCESSED/NC/ct160-341-20_all_prof_PROCESSED.nc,ct160-341-20,183,2021-02-19 02:00:00,-65.3211,92.7506,True,False
/Volumes/Data/Work/SEALTAGS/Prydz/FLUO_LIGHT/PROCESSED/NC/ct160-341-20_all_prof_PROCESSED.nc,ct160-341-20,184,2021-02-19 16:20:00,-65.3708,92.5921,False,False
/Volumes/Data/Work/SEALTAGS/Prydz/FLUO_LIGHT/PROCESSED/NC/ct160-341-20_all_prof_PROCESSED.nc,ct160-341-20,185,2021-02-19 23:20:00,-65.3718,92.5873,True,False
/Volumes/Data/Work/SEALTAGS/Prydz/FLUO_LIGHT/PROCESSED/NC/ct160-341-20_all_prof_PROCESSED.nc,ct160-341-20,186,2021-02-20 03:10:00,-65.3557,92.5599,True,False
/Volumes/Data/Work/SEALTAGS/Prydz/FLUO_LIGHT/PROCESSED/NC/ct160-341-20_all_prof_PROCESSED.nc,ct160-341-20,187,2021-02-20 15:00:00,-65.4188,92.7342,False,False
/Volumes/Data/Work/SEALTAGS/Prydz/FLUO_LIGHT/PROCESSED/NC/ct160-341-20_all_prof_PROCESSED.nc,ct160-341-20,188,2021-02-20 16:40:00,-65.4231,92.8969,False,False
/Volumes/Data/Work/SEALTAGS/Prydz/FLUO_LIGHT/PROCESSED/NC/ct160-341-20_all_prof_PROCESSED.nc,ct160-341-20,189,2021-02-21 03:10:00,-65.6778,93.0919,True,False
/Volumes/Data/Work/SEALTAGS/Prydz/FLUO_LIGHT/PROCESSED/NC/ct160-341-20_all_prof_PROCESSED.nc,ct160-341-20,190,2021-02-21 15:10:00,-65.603,93.3861,False,False
/Volumes/Data/Work/SEALTAGS/Prydz/FLUO_LIGHT/PROCESSED/NC/ct160-341-20_all_prof_PROCESSED.nc,ct160-341-20,191,2021-02-21 17:10:00,-65.5693,93.3954,False,False
/Volumes/Data/Work/SEALTAGS/Prydz/FLUO_LIGHT/PROCESSED/NC/ct160-341-20_all_prof_PROCESSED.nc,ct160-341-20,192,2021-02-22 02:20:00,-65.6895,93.3747,True,False
/Volumes/Data/Work/SEALTAGS/Prydz/FLUO_LIGHT/PROCESSED/NC/ct160-341-20_all_prof_PROCESSED.nc,ct160-341-20,193,2021-02-22 20:30:00,-65.6968,93.2489,False,False
/Volumes/Data/Work/SEALTAGS/Prydz/FLUO_LIGHT/PROCESSED/NC/ct160-341-20_all_prof_PROCESSED.nc,ct160-341-20,194,2021-02-22 21:00:00,-65.702,93.228,False,False
/Volumes/Data/Work/SEALTAGS/Prydz/FLUO_LIGHT/PROCESSED/NC/ct160-341-20_all_prof_PROCESSED.nc,ct160-341-20,195,2021-02-23 11:20:00,-65.7449,93.1533,True,False
/Volumes/Data/Work/SEALTAGS/Prydz/FLUO_LIGHT/PROCESSED/NC/ct160-341-20_all_prof_PROCESSED.nc,ct160-341-20,196,2021-02-23 11:40:00,-65.7515,93.1594,True,False
/Volumes/Data/Work/SEALTAGS/Prydz/FLUO_LIGHT/PROCESSED/NC/ct160-341-20_all_prof_PROCESSED.nc,ct160-341-20,197,2021-02-23 12:00:00,-65.758,93.1655,True,False
/Volumes/Data/Work/SEALTAGS/Prydz/FLUO_LIGHT/PROCESSED/NC/ct160-341-20_all_prof_PROCESSED.nc,ct160-341-20,198,2021-02-23 12:10:00,-65.7613,93.1685,True,False
/Volumes/Data/Work/SEALTAGS/Prydz/FLUO_LIGHT/PROCESSED/NC/ct160-341-20_all_prof_PROCESSED.nc,ct160-341-20,199,2021-02-23 13:10:00,-65.7809,93.1868,True,False
/Volumes/Data/Work/SEALTAGS/Prydz/FLUO_LIGHT/PROCESSED/NC/ct160-341-20_all_prof_PROCESSED.nc,ct160-341-20,200,2021-02-23 14:40:00,-65.8104,93.2143,False,False
/Volumes/Data/Work/SEALTAGS/Prydz/FLUO_LIGHT/PROCESSED/NC/ct160-341-20_all_prof_PROCESSED.nc,ct160-341-20,201,2021-02-24 15:10:00,-65.7571,93.2351,False,False
/Volumes/Data/Work/SEALTAGS/Prydz/FLUO_LIGHT/PROCESSED/NC/ct160-341-20_all_prof_PROCESSED.nc,ct160-341-20,202,2021-02-24 15:30:00,-65.7644,93.2355,False,False
/Volumes/Data/Work/SEALTAGS/Prydz/FLUO_LIGHT/PROCESSED/NC/ct160-341-20_all_prof_PROCESSED.nc,ct160-341-20,203,2021-02-24 15:50:00,-65.7748,93.2359,False,False
/Volumes/Data/Work/SEALTAGS/Prydz/FLUO_LIGHT/PROCESSED/NC/ct160-341-20_all_prof_PROCESSED.nc,ct160-341-20,204,2021-02-25 03:10:00,-65.7438,93.2472,True,False
/Volumes/Data/Work/SEALTAGS/Prydz/FLUO_LIGHT/PROCESSED/NC/ct160-341-20_all_prof_PROCESSED.nc,ct160-341-20,205,2021-02-25 15:20:00,-65.6696,93.3193,False,False
/Volumes/Data/Work/SEALTAGS/Prydz/FLUO_LIGHT/PROCESSED/NC/ct160-341-20_all_prof_PROCESSED.nc,ct160-341-20,206,2021-02-26 03:10:00,-65.5991,93.3364,True,False
/Volumes/Data/Work/SEALTAGS/Prydz/FLUO_LIGHT/PROCESSED/NC/ct160-341-20_all_prof_PROCESSED.nc,ct160-341-20,207,2021-02-26 15:20:00,-65.5949,93.3641,False,False
/Volumes/Data/Work/SEALTAGS/Prydz/FLUO_LIGHT/PROCESSED/NC/ct160-341-20_all_prof_PROCESSED.nc,ct160-341-20,208,2021-02-27 03:10:00,-65.538,93.1722,True,False
/Volumes/Data/Work/SEALTAGS/Prydz/FLUO_LIGHT/PROCESSED/NC/ct160-341-20_all_prof_PROCESSED.nc,ct160-341-20,209,2021-02-27 04:30:00,-65.5585,93.2673,True,False
/Volumes/Data/Work/SEALTAGS/Prydz/FLUO_LIGHT/PROCESSED/NC/ct160-341-20_all_prof_PROCESSED.nc,ct160-341-20,210,2021-02-27 15:00:00,-65.6365,93.3624,False,False
/Volumes/Data/Work/SEALTAGS/Prydz/FLUO_LIGHT/PROCESSED/NC/ct160-341-20_all_prof_PROCESSED.nc,ct160-341-20,211,2021-02-27 22:00:00,-65.5753,93.2306,False,False
/Volumes/Data/Work/SEALTAGS/Prydz/FLUO_LIGHT/PROCESSED/NC/ct160-341-20_all_prof_PROCESSED.nc,ct160-341-20,212,2021-02-28 03:30:00,-65.651,93.3397,True,False
/Volumes/Data/Work/SEALTAGS/Prydz/FLUO_LIGHT/PROCESSED/NC/ct160-341-20_all_prof_PROCESSED.nc,ct160-341-20,213,2021-02-28 14:20:00,-65.5345,93.5196,False,False
/Volumes/Data/Work/SEALTAGS/Prydz/FLUO_LIGHT/PROCESSED/NC/ct160-341-20_all_prof_PROCESSED.nc,ct160-341-20,214,2021-03-01 02:20:00,-65.6058,93.6101,True,False
/Volumes/Data/Work/SEALTAGS/Prydz/FLUO_LIGHT/PROCESSED/NC/ct160-341-20_all_prof_PROCESSED.nc,ct160-341-20,215,2021-03-01 04:50:00,-65.5884,93.6191,True,False
/Volumes/Data/Work/SEALTAGS/Prydz/FLUO_LIGHT/PROCESSED/NC/ct160-341-20_all_prof_PROCESSED.nc,ct160-341-20,216,2021-03-01 15:20:00,-65.6066,93.4036,False,False
/Volumes/Data/Work/SEALTAGS/Prydz/FLUO_LIGHT/PROCESSED/NC/ct160-341-20_all_prof_PROCESSED.nc,ct160-341-20,217,2021-03-02 03:10:00,-65.6216,93.1399,True,False
/Volumes/Data/Work/SEALTAGS/Prydz/FLUO_LIGHT/PROCESSED/NC/ct160-341-20_all_prof_PROCESSED.nc,ct160-341-20,218,2021-03-02 06:00:00,-65.6932,93.1894,True,False
/Volumes/Data/Work/SEALTAGS/Prydz/FLUO_LIGHT/PROCESSED/NC/ct160-341-20_all_prof_PROCESSED.nc,ct160-341-20,219,2021-03-02 15:00:00,-65.6538,93.296,False,False
/Volumes/Data/Work/SEALTAGS/Prydz/FLUO_LIGHT/PROCESSED/NC/ct160-341-20_all_prof_PROCESSED.nc,ct160-341-20,220,2021-03-03 03:00:00,-65.5661,93.2093,True,False
/Volumes/Data/Work/SEALTAGS/Prydz/FLUO_LIGHT/PROCESSED/NC/ct160-341-20_all_prof_PROCESSED.nc,ct160-341-20,221,2021-03-03 15:00:00,-65.6886,93.0952,False,False
/Volumes/Data/Work/SEALTAGS/Prydz/FLUO_LIGHT/PROCESSED/NC/ct160-341-20_all_prof_PROCESSED.nc,ct160-341-20,222,2021-03-03 15:50:00,-65.6984,93.086,False,False
/Volumes/Data/Work/SEALTAGS/Prydz/FLUO_LIGHT/PROCESSED/NC/ct160-341-20_all_prof_PROCESSED.nc,ct160-341-20,223,2021-03-03 18:20:00,-65.7006,93.1359,False,False
/Volumes/Data/Work/SEALTAGS/Prydz/FLUO_LIGHT/PROCESSED/NC/ct160-341-20_all_prof_PROCESSED.nc,ct160-341-20,224,2021-03-04 03:10:00,-65.6263,93.1121,True,False
/Volumes/Data/Work/SEALTAGS/Prydz/FLUO_LIGHT/PROCESSED/NC/ct160-341-20_all_prof_PROCESSED.nc,ct160-341-20,225,2021-03-04 15:30:00,-65.6989,93.0114,False,False
/Volumes/Data/Work/SEALTAGS/Prydz/FLUO_LIGHT/PROCESSED/NC/ct160-341-20_all_prof_PROCESSED.nc,ct160-341-20,226,2021-03-04 16:30:00,-65.7,93.0222,False,False
/Volumes/Data/Work/SEALTAGS/Prydz/FLUO_LIGHT/PROCESSED/NC/ct160-341-20_all_prof_PROCESSED.nc,ct160-341-20,227,2021-03-04 19:50:00,-65.6653,93.3053,False,False
/Volumes/Data/Work/SEALTAGS/Prydz/FLUO_LIGHT/PROCESSED/NC/ct160-341-20_all_prof_PROCESSED.nc,ct160-341-20,228,2021-03-05 03:00:00,-65.595,93.2918,True,False
/Volumes/Data/Work/SEALTAGS/Prydz/FLUO_LIGHT/PROCESSED/NC/ct160-341-20_all_prof_PROCESSED.nc,ct160-341-20,229,2021-03-05 05:50:00,-65.5712,93.2676,True,False
/Volumes/Data/Work/SEALTAGS/Prydz/FLUO_LIGHT/PROCESSED/NC/ct160-341-20_all_prof_PROCESSED.nc,ct160-341-20,230,2021-03-05 11:00:00,-65.5385,93.207,True,False
/Volumes/Data/Work/SEALTAGS/Prydz/FLUO_LIGHT/PROCESSED/NC/ct160-341-20_all_prof_PROCESSED.nc,ct160-341-20,231,2021-03-05 15:50:00,-65.6289,93.2751,False,False
/Volumes/Data/Work/SEALTAGS/Prydz/FLUO_LIGHT/PROCESSED/NC/ct160-341-20_all_prof_PROCESSED.nc,ct160-341-20,232,2021-03-06 03:10:00,-65.6378,93.24,True,False
/Volumes/Data/Work/SEALTAGS/Prydz/FLUO_LIGHT/PROCESSED/NC/ct160-341-20_all_prof_PROCESSED.nc,ct160-341-20,233,2021-03-06 16:10:00,-65.638,93.071,False,False
/Volumes/Data/Work/SEALTAGS/Prydz/FLUO_LIGHT/PROCESSED/NC/ct160-341-20_all_prof_PROCESSED.nc,ct160-341-20,234,2021-03-07 03:00:00,-65.5506,93.2156,True,False
/Volumes/Data/Work/SEALTAGS/Prydz/FLUO_LIGHT/PROCESSED/NC/ct160-341-20_all_prof_PROCESSED.nc,ct160-341-20,235,2021-03-07 15:10:00,-65.5936,93.2003,False,False
/Volumes/Data/Work/SEALTAGS/Prydz/FLUO_LIGHT/PROCESSED/NC/ct160-341-20_all_prof_PROCESSED.nc,ct160-341-20,236,2021-03-07 17:10:00,-65.6142,93.1352,False,False
/Volumes/Data/Work/SEALTAGS/Prydz/FLUO_LIGHT/PROCESSED/NC/ct160-341-20_all_prof_PROCESSED.nc,ct160-341-20,237,2021-03-07 23:40:00,-65.6101,93.2061,True,False
/Volumes/Data/Work/SEALTAGS/Prydz/FLUO_LIGHT/PROCESSED/NC/ct160-341-20_all_prof_PROCESSED.nc,ct160-341-20,238,2021-03-08 03:00:00,-65.6192,93.3429,True,False
/Volumes/Data/Work/SEALTAGS/Prydz/FLUO_LIGHT/PROCESSED/NC/ct160-341-20_all_prof_PROCESSED.nc,ct160-341-20,239,2021-03-08 15:10:00,-65.6114,93.2777,False,False
/Volumes/Data/Work/SEALTAGS/Prydz/FLUO_LIGHT/PROCESSED/NC/ct160-341-20_all_prof_PROCESSED.nc,ct160-341-20,240,2021-03-09 03:20:00,-65.5698,93.0344,True,False
/Volumes/Data/Work/SEALTAGS/Prydz/FLUO_LIGHT/PROCESSED/NC/ct160-341-20_all_prof_PROCESSED.nc,ct160-341-20,241,2021-03-09 04:50:00,-65.5704,93.1669,True,False
/Volumes/Data/Work/SEALTAGS/Prydz/FLUO_LIGHT/PROCESSED/NC/ct160-341-20_all_prof_PROCESSED.nc,ct160-341-20,242,2021-03-09 06:00:00,-65.5546,93.219,True,False
/Volumes/Data/Work/SEALTAGS/Prydz/FLUO_LIGHT/PROCESSED/NC/ct160-341-20_all_prof_PROCESSED.nc,ct160-341-20,243,2021-03-09 15:10:00,-65.665,93.1855,False,False
/Volumes/Data/Work/SEALTAGS/Prydz/FLUO_LIGHT/PROCESSED/NC/ct160-341-20_all_prof_PROCESSED.nc,ct160-341-20,244,2021-03-10 10:10:00,-65.716,92.9551,True,False
/Volumes/Data/Work/SEALTAGS/Prydz/FLUO_LIGHT/PROCESSED/NC/ct160-341-20_all_prof_PROCESSED.nc,ct160-341-20,245,2021-03-10 15:40:00,-65.704,93.1196,False,False
/Volumes/Data/Work/SEALTAGS/Prydz/FLUO_LIGHT/PROCESSED/NC/ct160-341-20_all_prof_PROCESSED.nc,ct160-341-20,246,2021-03-10 17:20:00,-65.6779,93.1049,False,False
/Volumes/Data/Work/SEALTAGS/Prydz/FLUO_LIGHT/PROCESSED/NC/ct160-341-20_all_prof_PROCESSED.nc,ct160-341-20,247,2021-03-11 03:00:00,-65.5887,93.2027,True,False
/Volumes/Data/Work/SEALTAGS/Prydz/FLUO_LIGHT/PROCESSED/NC/ct160-341-20_all_prof_PROCESSED.nc,ct160-341-20,248,2021-03-11 22:10:00,-65.7947,92.8821,False,False
/Volumes/Data/Work/SEALTAGS/Prydz/FLUO_LIGHT/PROCESSED/NC/ct160-341-20_all_prof_PROCESSED.nc,ct160-341-20,249,2021-03-12 07:50:00,-65.8354,92.5729,True,False
/Volumes/Data/Work/SEALTAGS/Prydz/FLUO_LIGHT/PROCESSED/NC/ct160-341-20_all_prof_PROCESSED.nc,ct160-341-20,250,2021-03-12 08:20:00,-65.842,92.5783,True,False
/Volumes/Data/Work/SEALTAGS/Prydz/FLUO_LIGHT/PROCESSED/NC/ct160-341-20_all_prof_PROCESSED.nc,ct160-341-20,251,2021-03-12 16:10:00,-65.8302,92.805,False,False
/Volumes/Data/Work/SEALTAGS/Prydz/FLUO_LIGHT/PROCESSED/NC/ct160-341-20_all_prof_PROCESSED.nc,ct160-341-20,252,2021-03-13 06:20:00,-65.8224,92.5122,True,False
/Volumes/Data/Work/SEALTAGS/Prydz/FLUO_LIGHT/PROCESSED/NC/ct160-341-20_all_prof_PROCESSED.nc,ct160-341-20,253,2021-03-13 21:10:00,-65.7836,92.6204,False,False
/Volumes/Data/Work/SEALTAGS/Prydz/FLUO_LIGHT/PROCESSED/NC/ct160-341-20_all_prof_PROCESSED.nc,ct160-341-20,254,2021-03-13 21:30:00,-65.7798,92.6174,False,False
/Volumes/Data/Work/SEALTAGS/Prydz/FLUO_LIGHT/PROCESSED/NC/ct160-341-20_all_prof_PROCESSED.nc,ct160-341-20,255,2021-03-13 22:00:00,-65.7869,92.6398,False,False
/Volumes/Data/Work/SEALTAGS/Prydz/FLUO_LIGHT/PROCESSED/NC/ct160-341-20_all_prof_PROCESSED.nc,ct160-341-20,256,2021-03-14 09:10:00,-65.8482,92.6987,True,False
/Volumes/Data/Work/SEALTAGS/Prydz/FLUO_LIGHT/PROCESSED/NC/ct160-341-20_all_prof_PROCESSED.nc,ct160-341-20,257,2021-03-14 11:40:00,-65.8597,92.7014,True,False
/Volumes/Data/Work/SEALTAGS/Prydz/FLUO_LIGHT/PROCESSED/NC/ct160-341-20_all_prof_PROCESSED.nc,ct160-341-20,258,2021-03-14 21:40:00,-65.7854,92.8868,False,False
/Volumes/Data/Work/SEALTAGS/Prydz/FLUO_LIGHT/PROCESSED/NC/ct160-341-20_all_prof_PROCESSED.nc,ct160-341-20,259,2021-03-14 22:20:00,-65.7534,92.8921,False,False
/Volumes/Data/Work/SEALTAGS/Prydz/FLUO_LIGHT/PROCESSED/NC/ct160-341-20_all_prof_PROCESSED.nc,ct160-341-20,260,2021-03-14 22:40:00,-65.7374,92.8947,False,False
/Volumes/Data/Work/SEALTAGS/Prydz/FLUO_LIGHT/PROCESSED/NC/ct160-341-20_all_prof_PROCESSED.nc,ct160-341-20,261,2021-03-15 02:30:00,-65.6292,92.722,True,False
/Volumes/Data/Work/SEALTAGS/Prydz/FLUO_LIGHT/PROCESSED/NC/ct160-341-20_all_prof_PROCESSED.nc,ct160-341-20,262,2021-03-15 21:00:00,-65.3306,92.1914,False,False
/Volumes/Data/Work/SEALTAGS/Prydz/FLUO_LIGHT/PROCESSED/NC/ct160-341-20_all_prof_PROCESSED.nc,ct160-341-20,263,2021-03-15 22:50:00,-65.3168,92.0639,False,False
/Volumes/Data/Work/SEALTAGS/Prydz/FLUO_LIGHT/PROCESSED/NC/ct160-341-20_all_prof_PROCESSED.nc,ct160-341-20,264,2021-03-16 03:30:00,-65.3085,91.9792,True,False
/Volumes/Data/Work/SEALTAGS/Prydz/FLUO_LIGHT/PROCESSED/NC/ct160-341-20_all_prof_PROCESSED.nc,ct160-341-20,265,2021-03-16 04:20:00,-65.297,91.9416,True,False
/Volumes/Data/Work/SEALTAGS/Prydz/FLUO_LIGHT/PROCESSED/NC/ct160-341-20_all_prof_PROCESSED.nc,ct160-341-20,266,2021-03-16 05:10:00,-65.2843,91.9053,True,False
/Volumes/Data/Work/SEALTAGS/Prydz/FLUO_LIGHT/PROCESSED/NC/ct160-341-20_all_prof_PROCESSED.nc,ct160-341-20,267,2021-03-16 06:50:00,-65.2589,91.8326,True,False
/Volumes/Data/Work/SEALTAGS/Prydz/FLUO_LIGHT/PROCESSED/NC/ct160-341-20_all_prof_PROCESSED.nc,ct160-341-20,268,2021-03-16 08:20:00,-65.2213,91.7822,True,False
/Volumes/Data/Work/SEALTAGS/Prydz/FLUO_LIGHT/PROCESSED/NC/ct160-341-20_all_prof_PROCESSED.nc,ct160-341-20,269,2021-03-16 10:10:00,-65.2243,91.7068,True,False
/Volumes/Data/Work/SEALTAGS/Prydz/FLUO_LIGHT/PROCESSED/NC/ct160-341-20_all_prof_PROCESSED.nc,ct160-341-20,270,2021-03-16 17:20:00,-65.1161,91.6202,False,False
/Volumes/Data/Work/SEALTAGS/Prydz/FLUO_LIGHT/PROCESSED/NC/ct160-341-20_all_prof_PROCESSED.nc,ct160-341-20,271,2021-03-16 21:00:00,-65.157,91.7123,False,False
/Volumes/Data/Work/SEALTAGS/Prydz/FLUO_LIGHT/PROCESSED/NC/ct160-341-20_all_prof_PROCESSED.nc,ct160-341-20,272,2021-03-17 01:20:00,-64.9946,91.6965,True,False
/Volumes/Data/Work/SEALTAGS/Prydz/FLUO_LIGHT/PROCESSED/NC/ct160-341-20_all_prof_PROCESSED.nc,ct160-341-20,273,2021-03-17 15:10:00,-64.7562,90.681,False,False
/Volumes/Data/Work/SEALTAGS/Prydz/FLUO_LIGHT/PROCESSED/NC/ct160-341-20_all_prof_PROCESSED.nc,ct160-341-20,274,2021-03-17 16:00:00,-64.7356,90.6298,False,False
/Volumes/Data/Work/SEALTAGS/Prydz/FLUO_LIGHT/PROCESSED/NC/ct160-341-20_all_prof_PROCESSED.nc,ct160-341-20,275,2021-03-18 03:00:00,-64.5677,89.9912,True,False
/Volumes/Data/Work/SEALTAGS/Prydz/FLUO_LIGHT/PROCESSED/NC/ct160-341-20_all_prof_PROCESSED.nc,ct160-341-20,276,2021-03-18 15:30:00,-64.4172,89.659,False,False
/Volumes/Data/Work/SEALTAGS/Prydz/FLUO_LIGHT/PROCESSED/NC/ct160-341-20_all_prof_PROCESSED.nc,ct160-341-20,277,2021-03-18 16:10:00,-64.369,89.6073,False,False
/Volumes/Data/Work/SEALTAGS/Prydz/FLUO_LIGHT/PROCESSED/NC/ct160-341-20_all_prof_PROCESSED.nc,ct160-341-20,278,2021-03-19 03:30:00,-64.1623,89.0565,True,False
/Volumes/Data/Work/SEALTAGS/Prydz/FLUO_LIGHT/PROCESSED/NC/ct160-341-20_all_prof_PROCESSED.nc,ct160-341-20,279,2021-03-19 04:10:00,-64.1541,89.0237,True,False
/Volumes/Data/Work/SEALTAGS/Prydz/FLUO_LIGHT/PROCESSED/NC/ct160-341-20_all_prof_PROCESSED.nc,ct160-341-20,280,2021-03-19 17:30:00,-63.8639,88.5398,False,False
/Volumes/Data/Work/SEALTAGS/Prydz/FLUO_LIGHT/PROCESSED/NC/ct160-341-20_all_prof_PROCESSED.nc,ct160-341-20,281,2021-03-20 03:50:00,-63.6348,88.132,True,False
/Volumes/Data/Work/SEALTAGS/Prydz/FLUO_LIGHT/PROCESSED/NC/ct160-341-20_all_prof_PROCESSED.nc,ct160-341-20,282,2021-03-20 15:40:00,-63.4464,87.8279,False,False
/Volumes/Data/Work/SEALTAGS/Prydz/FLUO_LIGHT/PROCESSED/NC/ct160-341-20_all_prof_PROCESSED.nc,ct160-341-20,283,2021-03-20 16:40:00,-63.4871,87.7444,False,False
/Volumes/Data/Work/SEALTAGS/Prydz/FLUO_LIGHT/PROCESSED/NC/ct160-341-20_all_prof_PROCESSED.nc,ct160-341-20,284,2021-03-21 02:10:00,-63.297,87.4585,True,False
/Volumes/Data/Work/SEALTAGS/Prydz/FLUO_LIGHT/PROCESSED/NC/ct160-341-20_all_prof_PROCESSED.nc,ct160-341-20,285,2021-03-21 04:10:00,-63.2929,87.3545,True,False
/Volumes/Data/Work/SEALTAGS/Prydz/FLUO_LIGHT/PROCESSED/NC/ct160-341-20_all_prof_PROCESSED.nc,ct160-341-20,286,2021-03-21 16:30:00,-63.0228,87.049,False,False
/Volumes/Data/Work/SEALTAGS/Prydz/FLUO_LIGHT/PROCESSED/NC/ct160-341-20_all_prof_PROCESSED.nc,ct160-341-20,287,2021-03-21 19:40:00,-63.0077,86.9994,False,False
/Volumes/Data/Work/SEALTAGS/Prydz/FLUO_LIGHT/PROCESSED/NC/ct160-341-20_all_prof_PROCESSED.nc,ct160-341-20,288,2021-03-22 03:10:00,-62.7882,86.6478,True,False
/Volumes/Data/Work/SEALTAGS/Prydz/FLUO_LIGHT/PROCESSED/NC/ct160-341-20_all_prof_PROCESSED.nc,ct160-341-20,289,2021-03-22 18:10:00,-62.6198,86.5396,False,False
/Volumes/Data/Work/SEALTAGS/Prydz/FLUO_LIGHT/PROCESSED/NC/ct160-341-20_all_prof_PROCESSED.nc,ct160-341-20,290,2021-03-22 20:20:00,-62.5836,86.5209,False,False
/Volumes/Data/Work/SEALTAGS/Prydz/FLUO_LIGHT/PROCESSED/NC/ct160-341-20_all_prof_PROCESSED.nc,ct160-341-20,291,2021-03-23 02:10:00,-62.5631,86.5657,True,False
/Volumes/Data/Work/SEALTAGS/Prydz/FLUO_LIGHT/PROCESSED/NC/ct160-341-20_all_prof_PROCESSED.nc,ct160-341-20,292,2021-03-23 05:10:00,-62.5611,86.4628,True,False
/Volumes/Data/Work/SEALTAGS/Prydz/FLUO_LIGHT/PROCESSED/NC/ct160-341-20_all_prof_PROCESSED.nc,ct160-341-20,293,2021-03-23 15:20:00,-62.5674,86.6678,False,False
/Volumes/Data/Work/SEALTAGS/Prydz/FLUO_LIGHT/PROCESSED/NC/ct160-341-20_all_prof_PROCESSED.nc,ct160-341-20,294,2021-03-23 16:10:00,-62.561,86.6764,False,False
/Volumes/Data/Work/SEALTAGS/Prydz/FLUO_LIGHT/PROCESSED/NC/ct160-341-20_all_prof_PROCESSED.nc,ct160-341-20,295,2021-03-24 02:50:00,-62.481,86.6348,True,False
/Volumes/Data/Work/SEALTAGS/Prydz/FLUO_LIGHT/PROCESSED/NC/ct160-341-20_all_prof_PROCESSED.nc,ct160-341-20,296,2021-03-24 15:10:00,-62.5167,86.6259,False,False
/Volumes/Data/Work/SEALTAGS/Prydz/FLUO_LIGHT/PROCESSED/NC/ct160-341-20_all_prof_PROCESSED.nc,ct160-341-20,297,2021-03-24 16:50:00,-62.4733,86.6192,False,False
/Volumes/Data/Work/SEALTAGS/Prydz/FLUO_LIGHT/PROCESSED/NC/ct160-341-20_all_prof_PROCESSED.nc,ct160-341-20,298,2021-03-25 02:50:00,-62.061,86.2848,True,False
/Volumes/Data/Work/SEALTAGS/Prydz/FLUO_LIGHT/PROCESSED/NC/ct160-341-20_all_prof_PROCESSED.nc,ct160-341-20,299,2021-03-25 15:50:00,-61.8851,85.7039,False,False
/Volumes/Data/Work/SEALTAGS/Prydz/FLUO_LIGHT/PROCESSED/NC/ct160-341-20_all_prof_PROCESSED.nc,ct160-341-20,300,2021-03-25 17:20:00,-61.8498,85.6323,False,False
/Volumes/Data/Work/SEALTAGS/Prydz/FLUO_LIGHT/PROCESSED/NC/ct160-341-20_all_prof_PROCESSED.nc,ct160-341-20,301,2021-03-25 18:40:00,-61.8015,85.5537,False,False
/Volumes/Data/Work/SEALTAGS/Prydz/FLUO_LIGHT/PROCESSED/NC/ct160-341-20_all_prof_PROCESSED.nc,ct160-341-20,302,2021-03-25 19:10:00,-61.8217,85.5115,False,False
/Volumes/Data/Work/SEALTAGS/Prydz/FLUO_LIGHT/PROCESSED/NC/ct160-341-20_all_prof_PROCESSED.nc,ct160-341-20,303,2021-03-26 03:30:00,-61.6042,85.1759,True,False
/Volumes/Data/Work/SEALTAGS/Prydz/FLUO_LIGHT/PROCESSED/NC/ct160-341-20_all_prof_PROCESSED.nc,ct160-341-20,304,2021-03-26 06:40:00,-61.6107,85.0532,True,False
/Volumes/Data/Work/SEALTAGS/Prydz/FLUO_LIGHT/PROCESSED/NC/ct160-341-20_all_prof_PROCESSED.nc,ct160-341-20,305,2021-03-26 15:20:00,-61.6423,85.2632,False,False
/Volumes/Data/Work/SEALTAGS/Prydz/FLUO_LIGHT/PROCESSED/NC/ct160-341-20_all_prof_PROCESSED.nc,ct160-341-20,306,2021-03-26 15:50:00,-61.6295,85.2029,False,False
/Volumes/Data/Work/SEALTAGS/Prydz/FLUO_LIGHT/PROCESSED/NC/ct160-341-20_all_prof_PROCESSED.nc,ct160-341-20,307,2021-03-26 17:00:00,-61.6187,85.2259,False,False
/Volumes/Data/Work/SEALTAGS/Prydz/FLUO_LIGHT/PROCESSED/NC/ct160-341-20_all_prof_PROCESSED.nc,ct160-341-20,308,2021-03-26 22:20:00,-61.6377,85.6206,False,False
/Volumes/Data/Work/SEALTAGS/Prydz/FLUO_LIGHT/PROCESSED/NC/ct160-341-20_all_prof_PROCESSED.nc,ct160-341-20,309,2021-03-27 03:10:00,-61.5531,85.5592,True,False
/Volumes/Data/Work/SEALTAGS/Prydz/FLUO_LIGHT/PROCESSED/NC/ct160-341-20_all_prof_PROCESSED.nc,ct160-341-20,310,2021-03-27 15:50:00,-61.4837,85.2294,False,False
/Volumes/Data/Work/SEALTAGS/Prydz/FLUO_LIGHT/PROCESSED/NC/ct160-341-20_all_prof_PROCESSED.nc,ct160-341-20,311,2021-03-27 19:30:00,-61.4355,85.1705,False,False
/Volumes/Data/Work/SEALTAGS/Prydz/FLUO_LIGHT/PROCESSED/NC/ct160-341-20_all_prof_PROCESSED.nc,ct160-341-20,312,2021-03-28 01:20:00,-61.1991,85.0879,True,False
/Volumes/Data/Work/SEALTAGS/Prydz/FLUO_LIGHT/PROCESSED/NC/ct160-341-20_all_prof_PROCESSED.nc,ct160-341-20,313,2021-03-28 14:30:00,-60.8033,84.7181,False,False
/Volumes/Data/Work/SEALTAGS/Prydz/FLUO_LIGHT/PROCESSED/NC/ct160-341-20_all_prof_PROCESSED.nc,ct160-341-20,314,2021-03-28 17:00:00,-60.6618,84.4481,False,False
/Volumes/Data/Work/SEALTAGS/Prydz/FLUO_LIGHT/PROCESSED/NC/ct160-341-20_all_prof_PROCESSED.nc,ct160-341-20,315,2021-03-29 01:40:00,-60.4674,84.2416,True,False
/Volumes/Data/Work/SEALTAGS/Prydz/FLUO_LIGHT/PROCESSED/NC/ct160-341-20_all_prof_PROCESSED.nc,ct160-341-20,316,2021-03-29 15:20:00,-60.0205,83.6798,False,False
/Volumes/Data/Work/SEALTAGS/Prydz/FLUO_LIGHT/PROCESSED/NC/ct160-341-20_all_prof_PROCESSED.nc,ct160-341-20,317,2021-03-29 18:20:00,-59.9576,83.6841,False,False
/Volumes/Data/Work/SEALTAGS/Prydz/FLUO_LIGHT/PROCESSED/NC/ct160-341-20_all_prof_PROCESSED.nc,ct160-341-20,318,2021-03-30 02:20:00,-59.8115,83.243,True,False
/Volumes/Data/Work/SEALTAGS/Prydz/FLUO_LIGHT/PROCESSED/NC/ct160-341-20_all_prof_PROCESSED.nc,ct160-341-20,319,2021-03-30 07:00:00,-59.6718,83.121,True,False
/Volumes/Data/Work/SEALTAGS/Prydz/FLUO_LIGHT/PROCESSED/NC/ct160-341-20_all_prof_PROCESSED.nc,ct160-341-20,320,2021-03-30 14:20:00,-59.4991,82.8749,False,False
/Volumes/Data/Work/SEALTAGS/Prydz/FLUO_LIGHT/PROCESSED/NC/ct160-341-20_all_prof_PROCESSED.nc,ct160-341-20,321,2021-03-30 16:50:00,-59.3548,82.9288,False,False
/Volumes/Data/Work/SEALTAGS/Prydz/FLUO_LIGHT/PROCESSED/NC/ct160-341-20_all_prof_PROCESSED.nc,ct160-341-20,322,2021-03-31 02:50:00,-59.0661,82.7494,True,False
/Volumes/Data/Work/SEALTAGS/Prydz/FLUO_LIGHT/PROCESSED/NC/ct160-341-20_all_prof_PROCESSED.nc,ct160-341-20,323,2021-03-31 15:50:00,-58.8627,82.4385,False,False
/Volumes/Data/Work/SEALTAGS/Prydz/FLUO_LIGHT/PROCESSED/NC/ct160-341-20_all_prof_PROCESSED.nc,ct160-341-20,324,2021-03-31 20:20:00,-58.7028,82.4068,False,False
/Volumes/Data/Work/SEALTAGS/Prydz/FLUO_LIGHT/PROCESSED/NC/ct160-341-20_all_prof_PROCESSED.nc,ct160-341-20,325,2021-04-01 02:40:00,-58.6028,82.1686,True,False
/Volumes/Data/Work/SEALTAGS/Prydz/FLUO_LIGHT/PROCESSED/NC/ct160-341-20_all_prof_PROCESSED.nc,ct160-341-20,326,2021-04-01 09:10:00,-58.4315,81.8503,True,False
/Volumes/Data/Work/SEALTAGS/Prydz/FLUO_LIGHT/PROCESSED/NC/ct160-341-20_all_prof_PROCESSED.nc,ct160-341-20,327,2021-04-01 16:20:00,-58.375,81.7071,False,False
/Volumes/Data/Work/SEALTAGS/Prydz/FLUO_LIGHT/PROCESSED/NC/ct160-341-20_all_prof_PROCESSED.nc,ct160-341-20,328,2021-04-01 20:40:00,-58.3495,81.7528,False,False
/Volumes/Data/Work/SEALTAGS/Prydz/FLUO_LIGHT/PROCESSED/NC/ct160-341-20_all_prof_PROCESSED.nc,ct160-341-20,329,2021-04-02 02:50:00,-58.2361,81.5009,True,False
/Volumes/Data/Work/SEALTAGS/Prydz/FLUO_LIGHT/PROCESSED/NC/ct160-341-20_all_prof_PROCESSED.nc,ct160-341-20,330,2021-04-02 17:00:00,-57.902,81.0835,False,False
/Volumes/Data/Work/SEALTAGS/Prydz/FLUO_LIGHT/PROCESSED/NC/ct160-341-20_all_prof_PROCESSED.nc,ct160-341-20,331,2021-04-02 17:50:00,-57.8854,81.097,False,False
/Volumes/Data/Work/SEALTAGS/Prydz/FLUO_LIGHT/PROCESSED/NC/ct160-341-20_all_prof_PROCESSED.nc,ct160-341-20,332,2021-04-02 20:00:00,-57.8795,81.1089,False,False
/Volumes/Data/Work/SEALTAGS/Prydz/FLUO_LIGHT/PROCESSED/NC/ct160-341-20_all_prof_PROCESSED.nc,ct160-341-20,333,2021-04-03 02:10:00,-57.6914,81.0678,True,False
/Volumes/Data/Work/SEALTAGS/Prydz/FLUO_LIGHT/PROCESSED/NC/ct160-341-20_all_prof_PROCESSED.nc,ct160-341-20,334,2021-04-03 16:10:00,-57.2785,80.3035,False,False
/Volumes/Data/Work/SEALTAGS/Prydz/FLUO_LIGHT/PROCESSED/NC/ct160-341-20_all_prof_PROCESSED.nc,ct160-341-20,335,2021-04-04 02:30:00,-57.0942,79.9186,True,False
/Volumes/Data/Work/SEALTAGS/Prydz/FLUO_LIGHT/PROCESSED/NC/ct160-341-20_all_prof_PROCESSED.nc,ct160-341-20,336,2021-04-04 15:30:00,-56.6863,79.406,False,False
/Volumes/Data/Work/SEALTAGS/Prydz/FLUO_LIGHT/PROCESSED/NC/ct160-341-20_all_prof_PROCESSED.nc,ct160-341-20,337,2021-04-05 03:00:00,-56.3398,78.9169,True,False
/Volumes/Data/Work/SEALTAGS/Prydz/FLUO_LIGHT/PROCESSED/NC/ct160-341-20_all_prof_PROCESSED.nc,ct160-341-20,338,2021-04-05 06:10:00,-56.2568,78.8464,True,False
/Volumes/Data/Work/SEALTAGS/Prydz/FLUO_LIGHT/PROCESSED/NC/ct160-341-20_all_prof_PROCESSED.nc,ct160-341-20,339,2021-04-05 15:10:00,-55.9904,78.4597,False,False
/Volumes/Data/Work/SEALTAGS/Prydz/FLUO_LIGHT/PROCESSED/NC/ct160-341-20_all_prof_PROCESSED.nc,ct160-341-20,340,2021-04-06 14:40:00,-55.3484,77.6385,False,False
/Volumes/Data/Work/SEALTAGS/Prydz/FLUO_LIGHT/PROCESSED/NC/ct160-341-20_all_prof_PROCESSED.nc,ct160-341-20,341,2021-04-06 15:50:00,-55.3055,77.5173,False,False
/Volumes/Data/Work/SEALTAGS/Prydz/FLUO_LIGHT/PROCESSED/NC/ct160-341-20_all_prof_PROCESSED.nc,ct160-341-20,342,2021-04-06 21:10:00,-55.2026,77.2877,False,False
/Volumes/Data/Work/SEALTAGS/Prydz/FLUO_LIGHT/PROCESSED/NC/ct160-341-20_all_prof_PROCESSED.nc,ct160-341-20,343,2021-04-07 02:20:00,-55.0666,77.2411,True,False
/Volumes/Data/Work/SEALTAGS/Prydz/FLUO_LIGHT/PROCESSED/NC/ct160-341-20_all_prof_PROCESSED.nc,ct160-341-20,344,2021-04-07 14:30:00,-54.4982,76.8594,False,False
/Volumes/Data/Work/SEALTAGS/Prydz/FLUO_LIGHT/PROCESSED/NC/ct160-341-20_all_prof_PROCESSED.nc,ct160-341-20,345,2021-04-08 01:30:00,-54.2318,76.9347,False,False
/Volumes/Data/Work/SEALTAGS/Prydz/FLUO_LIGHT/PROCESSED/NC/ct160-341-20_all_prof_PROCESSED.nc,ct160-341-20,346,2021-04-08 14:20:00,-53.8296,76.5757,False,False
/Volumes/Data/Work/SEALTAGS/Prydz/FLUO_LIGHT/PROCESSED/NC/ct160-341-20_all_prof_PROCESSED.nc,ct160-341-20,347,2021-04-09 09:30:00,-53.3104,75.9428,True,False
/Volumes/Data/Work/SEALTAGS/Prydz/FLUO_LIGHT/PROCESSED/NC/ct160-341-20_all_prof_PROCESSED.nc,ct160-341-20,348,2021-04-09 16:00:00,-53.2484,76.0071,False,False
/Volumes/Data/Work/SEALTAGS/Prydz/FLUO_LIGHT/PROCESSED/NC/ct160-341-20_all_prof_PROCESSED.nc,ct160-341-20,349,2021-04-10 02:30:00,-52.8907,75.4246,True,False
/Volumes/Data/Work/SEALTAGS/Prydz/FLUO_LIGHT/PROCESSED/NC/ct160-341-20_all_prof_PROCESSED.nc,ct160-341-20,350,2021-04-10 15:10:00,-52.6299,75.0336,False,False
/Volumes/Data/Work/SEALTAGS/Prydz/FLUO_LIGHT/PROCESSED/NC/ct160-341-20_all_prof_PROCESSED.nc,ct160-341-20,351,2021-04-11 08:10:00,-52.3587,74.4667,True,False
/Volumes/Data/Work/SEALTAGS/Prydz/FLUO_LIGHT/PROCESSED/NC/ct160-341-20_all_prof_PROCESSED.nc,ct160-341-20,352,2021-04-11 15:30:00,-52.2931,74.2757,False,False
/Volumes/Data/Work/SEALTAGS/Prydz/FLUO_LIGHT/PROCESSED/NC/ct160-341-20_all_prof_PROCESSED.nc,ct160-341-20,353,2021-04-12 08:10:00,-51.8991,73.6365,True,False
/Volumes/Data/Work/SEALTAGS/Prydz/FLUO_LIGHT/PROCESSED/NC/ct160-341-20_all_prof_PROCESSED.nc,ct160-341-20,354,2021-04-12 15:20:00,-51.7526,73.573,False,False
/Volumes/Data/Work/SEALTAGS/Prydz/FLUO_LIGHT/PROCESSED/NC/ct160-341-20_all_prof_PROCESSED.nc,ct160-341-20,355,2021-04-13 02:50:00,-51.6103,73.2902,True,False
/Volumes/Data/Work/SEALTAGS/Prydz/FLUO_LIGHT/PROCESSED/NC/ct160-341-20_all_prof_PROCESSED.nc,ct160-341-20,356,2021-04-13 15:10:00,-51.3571,73.0634,False,False
/Volumes/Data/Work/SEALTAGS/Prydz/FLUO_LIGHT/PROCESSED/NC/ct160-341-20_all_prof_PROCESSED.nc,ct160-341-20,357,2021-04-13 18:30:00,-51.3119,73.1078,False,False
/Volumes/Data/Work/SEALTAGS/Prydz/FLUO_LIGHT/PROCESSED/NC/ct160-341-20_all_prof_PROCESSED.nc,ct160-341-20,358,2021-04-14 03:40:00,-51.0976,73.0253,True,False
/Volumes/Data/Work/SEALTAGS/Prydz/FLUO_LIGHT/PROCESSED/NC/ct160-341-20_all_prof_PROCESSED.nc,ct160-341-20,359,2021-04-14 14:30:00,-50.8162,72.9505,False,False
/Volumes/Data/Work/SEALTAGS/Prydz/FLUO_LIGHT/PROCESSED/NC/ct160-341-20_all_prof_PROCESSED.nc,ct160-341-20,360,2021-04-15 02:40:00,-50.5228,72.4742,True,False
/Volumes/Data/Work/SEALTAGS/Prydz/FLUO_LIGHT/PROCESSED/NC/ct160-341-20_all_prof_PROCESSED.nc,ct160-341-20,361,2021-04-15 14:20:00,-50.3519,72.2554,False,False
/Volumes/Data/Work/SEALTAGS/Prydz/FLUO_LIGHT/PROCESSED/NC/ct160-341-20_all_prof_PROCESSED.nc,ct160-341-20,362,2021-04-16 02:40:00,-50.077,72.0406,True,False
/Volumes/Data/Work/SEALTAGS/Prydz/FLUO_LIGHT/PROCESSED/NC/ct160-341-20_all_prof_PROCESSED.nc,ct160-341-20,363,2021-04-16 14:40:00,-49.7782,71.6202,False,False
/Volumes/Data/Work/SEALTAGS/Prydz/FLUO_LIGHT/PROCESSED/NC/ct160-341-20_all_prof_PROCESSED.nc,ct160-341-20,364,2021-04-17 02:10:00,-49.5659,71.1804,True,False
/Volumes/Data/Work/SEALTAGS/Prydz/FLUO_LIGHT/PROCESSED/NC/ct160-342-20_all_prof_PROCESSED.nc,ct160-342-20,1,2021-01-12 22:00:00,-49.0335,70.5751,False,False
/Volumes/Data/Work/SEALTAGS/Prydz/FLUO_LIGHT/PROCESSED/NC/ct160-342-20_all_prof_PROCESSED.nc,ct160-342-20,2,2021-01-12 23:00:00,-49.012,70.5891,False,False
/Volumes/Data/Work/SEALTAGS/Prydz/FLUO_LIGHT/PROCESSED/NC/ct160-342-20_all_prof_PROCESSED.nc,ct160-342-20,3,2021-01-13 09:10:00,-48.5981,70.7124,True,False
/Volumes/Data/Work/SEALTAGS/Prydz/FLUO_LIGHT/PROCESSED/NC/ct160-342-20_all_prof_PROCESSED.nc,ct160-342-20,4,2021-01-13 21:10:00,-48.0723,70.276,False,False
/Volumes/Data/Work/SEALTAGS/Prydz/FLUO_LIGHT/PROCESSED/NC/ct160-342-20_all_prof_PROCESSED.nc,ct160-342-20,5,2021-01-14 09:10:00,-47.8563,69.6178,True,False
/Volumes/Data/Work/SEALTAGS/Prydz/FLUO_LIGHT/PROCESSED/NC/ct160-342-20_all_prof_PROCESSED.nc,ct160-342-20,6,2021-01-14 20:10:00,-47.6656,69.0134,False,False
/Volumes/Data/Work/SEALTAGS/Prydz/FLUO_LIGHT/PROCESSED/NC/ct160-342-20_all_prof_PROCESSED.nc,ct160-342-20,7,2021-01-15 08:10:00,-47.4612,68.4422,True,False
/Volumes/Data/Work/SEALTAGS/Prydz/FLUO_LIGHT/PROCESSED/NC/ct160-342-20_all_prof_PROCESSED.nc,ct160-342-20,8,2021-01-15 15:20:00,-47.2787,68.1132,False,False
/Volumes/Data/Work/SEALTAGS/Prydz/FLUO_LIGHT/PROCESSED/NC/ct160-342-20_all_prof_PROCESSED.nc,ct160-342-20,9,2021-01-16 08:00:00,-47.1222,67.7508,True,False
/Volumes/Data/Work/SEALTAGS/Prydz/FLUO_LIGHT/PROCESSED/NC/ct160-342-20_all_prof_PROCESSED.nc,ct160-342-20,10,2021-01-16 15:30:00,-46.9209,67.3756,False,False
/Volumes/Data/Work/SEALTAGS/Prydz/FLUO_LIGHT/PROCESSED/NC/ct160-342-20_all_prof_PROCESSED.nc,ct160-342-20,11,2021-01-16 16:20:00,-46.9719,67.4316,False,False
/Volumes/Data/Work/SEALTAGS/Prydz/FLUO_LIGHT/PROCESSED/NC/ct160-342-20_all_prof_PROCESSED.nc,ct160-342-20,12,2021-01-17 03:20:00,-46.956,67.4981,True,False
/Volumes/Data/Work/SEALTAGS/Prydz/FLUO_LIGHT/PROCESSED/NC/ct160-342-20_all_prof_PROCESSED.nc,ct160-342-20,13,2021-01-17 03:40:00,-46.944,67.4966,True,False
/Volumes/Data/Work/SEALTAGS/Prydz/FLUO_LIGHT/PROCESSED/NC/ct160-342-20_all_prof_PROCESSED.nc,ct160-342-20,14,2021-01-17 04:00:00,-46.932,67.4951,True,False
/Volumes/Data/Work/SEALTAGS/Prydz/FLUO_LIGHT/PROCESSED/NC/ct160-342-20_all_prof_PROCESSED.nc,ct160-342-20,15,2021-01-17 15:10:00,-46.7686,67.2615,True,False
/Volumes/Data/Work/SEALTAGS/Prydz/FLUO_LIGHT/PROCESSED/NC/ct160-342-20_all_prof_PROCESSED.nc,ct160-342-20,16,2021-01-18 02:00:00,-46.7365,67.0292,True,False
/Volumes/Data/Work/SEALTAGS/Prydz/FLUO_LIGHT/PROCESSED/NC/ct160-342-20_all_prof_PROCESSED.nc,ct160-342-20,17,2021-01-18 14:10:00,-46.5772,66.8133,True,False
/Volumes/Data/Work/SEALTAGS/Prydz/FLUO_LIGHT/PROCESSED/NC/ct160-342-20_all_prof_PROCESSED.nc,ct160-342-20,18,2021-01-19 02:10:00,-46.5366,66.5997,True,False
/Volumes/Data/Work/SEALTAGS/Prydz/FLUO_LIGHT/PROCESSED/NC/ct160-342-20_all_prof_PROCESSED.nc,ct160-342-20,19,2021-01-19 10:40:00,-46.5108,66.431,True,False
/Volumes/Data/Work/SEALTAGS/Prydz/FLUO_LIGHT/PROCESSED/NC/ct160-342-20_all_prof_PROCESSED.nc,ct160-342-20,20,2021-01-19 15:10:00,-46.377,66.2053,True,False
/Volumes/Data/Work/SEALTAGS/Prydz/FLUO_LIGHT/PROCESSED/NC/ct160-342-20_all_prof_PROCESSED.nc,ct160-342-20,21,2021-01-19 16:30:00,-46.4068,66.2181,False,False
/Volumes/Data/Work/SEALTAGS/Prydz/FLUO_LIGHT/PROCESSED/NC/ct160-342-20_all_prof_PROCESSED.nc,ct160-342-20,22,2021-01-20 02:20:00,-46.3273,65.8842,True,False
/Volumes/Data/Work/SEALTAGS/Prydz/FLUO_LIGHT/PROCESSED/NC/ct160-342-20_all_prof_PROCESSED.nc,ct160-342-20,23,2021-01-20 15:00:00,-46.2471,65.6113,True,False
/Volumes/Data/Work/SEALTAGS/Prydz/FLUO_LIGHT/PROCESSED/NC/ct160-342-20_all_prof_PROCESSED.nc,ct160-342-20,24,2021-01-20 16:20:00,-46.2524,65.4681,False,False
/Volumes/Data/Work/SEALTAGS/Prydz/FLUO_LIGHT/PROCESSED/NC/ct160-342-20_all_prof_PROCESSED.nc,ct160-342-20,25,2021-01-21 09:30:00,-46.5957,65.0007,True,False
/Volumes/Data/Work/SEALTAGS/Prydz/FLUO_LIGHT/PROCESSED/NC/ct160-342-20_all_prof_PROCESSED.nc,ct160-342-20,26,2021-01-21 14:50:00,-46.7237,64.8828,True,False
/Volumes/Data/Work/SEALTAGS/Prydz/FLUO_LIGHT/PROCESSED/NC/ct160-342-20_all_prof_PROCESSED.nc,ct160-342-20,27,2021-01-22 15:10:00,-47.0794,64.7233,True,False
/Volumes/Data/Work/SEALTAGS/Prydz/FLUO_LIGHT/PROCESSED/NC/ct160-342-20_all_prof_PROCESSED.nc,ct160-342-20,28,2021-01-23 02:30:00,-47.2477,64.5302,True,False
/Volumes/Data/Work/SEALTAGS/Prydz/FLUO_LIGHT/PROCESSED/NC/ct160-342-20_all_prof_PROCESSED.nc,ct160-342-20,29,2021-01-23 14:30:00,-47.2823,64.382,True,False
/Volumes/Data/Work/SEALTAGS/Prydz/FLUO_LIGHT/PROCESSED/NC/ct160-342-20_all_prof_PROCESSED.nc,ct160-342-20,30,2021-01-24 02:20:00,-47.3655,64.0957,True,False
/Volumes/Data/Work/SEALTAGS/Prydz/FLUO_LIGHT/PROCESSED/NC/ct160-342-20_all_prof_PROCESSED.nc,ct160-342-20,31,2021-01-24 15:20:00,-47.6093,63.8995,True,False
/Volumes/Data/Work/SEALTAGS/Prydz/FLUO_LIGHT/PROCESSED/NC/ct160-342-20_all_prof_PROCESSED.nc,ct160-342-20,32,2021-01-25 02:10:00,-47.8336,63.7615,True,False
/Volumes/Data/Work/SEALTAGS/Prydz/FLUO_LIGHT/PROCESSED/NC/ct160-342-20_all_prof_PROCESSED.nc,ct160-342-20,33,2021-01-25 15:10:00,-47.8998,63.5957,True,False
/Volumes/Data/Work/SEALTAGS/Prydz/FLUO_LIGHT/PROCESSED/NC/ct160-342-20_all_prof_PROCESSED.nc,ct160-342-20,34,2021-01-26 03:20:00,-47.9988,63.4831,True,False
/Volumes/Data/Work/SEALTAGS/Prydz/FLUO_LIGHT/PROCESSED/NC/ct160-342-20_all_prof_PROCESSED.nc,ct160-342-20,35,2021-01-26 09:40:00,-48.0389,63.4148,True,False
/Volumes/Data/Work/SEALTAGS/Prydz/FLUO_LIGHT/PROCESSED/NC/ct160-342-20_all_prof_PROCESSED.nc,ct160-342-20,36,2021-01-26 15:30:00,-48.103,63.369,False,False
/Volumes/Data/Work/SEALTAGS/Prydz/FLUO_LIGHT/PROCESSED/NC/ct160-342-20_all_prof_PROCESSED.nc,ct160-342-20,37,2021-01-27 03:00:00,-48.2704,63.1697,True,False
/Volumes/Data/Work/SEALTAGS/Prydz/FLUO_LIGHT/PROCESSED/NC/ct160-342-20_all_prof_PROCESSED.nc,ct160-342-20,38,2021-01-27 04:20:00,-48.2788,63.1981,True,False
/Volumes/Data/Work/SEALTAGS/Prydz/FLUO_LIGHT/PROCESSED/NC/ct160-342-20_all_prof_PROCESSED.nc,ct160-342-20,39,2021-01-27 15:10:00,-48.4572,63.1378,True,False
/Volumes/Data/Work/SEALTAGS/Prydz/FLUO_LIGHT/PROCESSED/NC/ct160-342-20_all_prof_PROCESSED.nc,ct160-342-20,40,2021-01-27 22:10:00,-48.5126,63.1829,False,False
/Volumes/Data/Work/SEALTAGS/Prydz/FLUO_LIGHT/PROCESSED/NC/ct160-342-20_all_prof_PROCESSED.nc,ct160-342-20,41,2021-01-28 02:10:00,-48.5416,63.1945,True,False
/Volumes/Data/Work/SEALTAGS/Prydz/FLUO_LIGHT/PROCESSED/NC/ct160-342-20_all_prof_PROCESSED.nc,ct160-342-20,42,2021-01-28 16:20:00,-48.5548,63.2671,False,False
/Volumes/Data/Work/SEALTAGS/Prydz/FLUO_LIGHT/PROCESSED/NC/ct160-342-20_all_prof_PROCESSED.nc,ct160-342-20,43,2021-01-29 02:40:00,-48.5376,63.4261,True,False
/Volumes/Data/Work/SEALTAGS/Prydz/FLUO_LIGHT/PROCESSED/NC/ct160-342-20_all_prof_PROCESSED.nc,ct160-342-20,44,2021-01-29 15:10:00,-48.5399,63.4896,True,False
/Volumes/Data/Work/SEALTAGS/Prydz/FLUO_LIGHT/PROCESSED/NC/ct160-342-20_all_prof_PROCESSED.nc,ct160-342-20,45,2021-01-30 03:00:00,-48.6882,63.3999,True,False
/Volumes/Data/Work/SEALTAGS/Prydz/FLUO_LIGHT/PROCESSED/NC/ct160-342-20_all_prof_PROCESSED.nc,ct160-342-20,46,2021-01-30 04:40:00,-48.6962,63.3977,True,False
/Volumes/Data/Work/SEALTAGS/Prydz/FLUO_LIGHT/PROCESSED/NC/ct160-342-20_all_prof_PROCESSED.nc,ct160-342-20,47,2021-01-30 15:10:00,-48.8283,63.2276,True,False
/Volumes/Data/Work/SEALTAGS/Prydz/FLUO_LIGHT/PROCESSED/NC/ct160-342-20_all_prof_PROCESSED.nc,ct160-342-20,48,2021-01-30 21:50:00,-48.935,63.1554,False,False
/Volumes/Data/Work/SEALTAGS/Prydz/FLUO_LIGHT/PROCESSED/NC/ct160-342-20_all_prof_PROCESSED.nc,ct160-342-20,49,2021-01-31 04:20:00,-48.9571,62.9964,True,False
/Volumes/Data/Work/SEALTAGS/Prydz/FLUO_LIGHT/PROCESSED/NC/ct160-342-20_all_prof_PROCESSED.nc,ct160-342-20,50,2021-01-31 05:20:00,-48.949,62.9763,True,False
/Volumes/Data/Work/SEALTAGS/Prydz/FLUO_LIGHT/PROCESSED/NC/ct160-342-20_all_prof_PROCESSED.nc,ct160-342-20,51,2021-01-31 15:00:00,-48.945,62.8429,True,False
/Volumes/Data/Work/SEALTAGS/Prydz/FLUO_LIGHT/PROCESSED/NC/ct160-342-20_all_prof_PROCESSED.nc,ct160-342-20,52,2021-01-31 15:50:00,-48.9445,62.8169,False,False
/Volumes/Data/Work/SEALTAGS/Prydz/FLUO_LIGHT/PROCESSED/NC/ct160-342-20_all_prof_PROCESSED.nc,ct160-342-20,53,2021-02-01 15:00:00,-48.8696,62.7198,True,False
/Volumes/Data/Work/SEALTAGS/Prydz/FLUO_LIGHT/PROCESSED/NC/ct160-342-20_all_prof_PROCESSED.nc,ct160-342-20,54,2021-02-02 02:40:00,-48.8178,62.6553,True,False
/Volumes/Data/Work/SEALTAGS/Prydz/FLUO_LIGHT/PROCESSED/NC/ct160-342-20_all_prof_PROCESSED.nc,ct160-342-20,55,2021-02-02 21:40:00,-48.7185,62.6461,False,False
/Volumes/Data/Work/SEALTAGS/Prydz/FLUO_LIGHT/PROCESSED/NC/ct160-342-20_all_prof_PROCESSED.nc,ct160-342-20,56,2021-02-02 23:10:00,-48.7228,62.6638,False,False
/Volumes/Data/Work/SEALTAGS/Prydz/FLUO_LIGHT/PROCESSED/NC/ct160-342-20_all_prof_PROCESSED.nc,ct160-342-20,57,2021-02-03 03:10:00,-48.6907,62.6574,True,False
/Volumes/Data/Work/SEALTAGS/Prydz/FLUO_LIGHT/PROCESSED/NC/ct160-342-20_all_prof_PROCESSED.nc,ct160-342-20,58,2021-02-03 05:30:00,-48.6835,62.6679,True,False
/Volumes/Data/Work/SEALTAGS/Prydz/FLUO_LIGHT/PROCESSED/NC/ct160-342-20_all_prof_PROCESSED.nc,ct160-342-20,59,2021-02-03 12:00:00,-48.6398,62.6826,True,False
/Volumes/Data/Work/SEALTAGS/Prydz/FLUO_LIGHT/PROCESSED/NC/ct160-342-20_all_prof_PROCESSED.nc,ct160-342-20,60,2021-02-04 02:00:00,-48.5558,62.7184,True,False
/Volumes/Data/Work/SEALTAGS/Prydz/FLUO_LIGHT/PROCESSED/NC/ct160-342-20_all_prof_PROCESSED.nc,ct160-342-20,61,2021-02-04 21:30:00,-48.3636,62.8538,False,False
/Volumes/Data/Work/SEALTAGS/Prydz/FLUO_LIGHT/PROCESSED/NC/ct160-342-20_all_prof_PROCESSED.nc,ct160-342-20,62,2021-02-05 18:40:00,-48.2373,62.8612,False,False
/Volumes/Data/Work/SEALTAGS/Prydz/FLUO_LIGHT/PROCESSED/NC/ct160-342-20_all_prof_PROCESSED.nc,ct160-342-20,63,2021-02-06 03:00:00,-48.2045,62.8858,True,False
/Volumes/Data/Work/SEALTAGS/Prydz/FLUO_LIGHT/PROCESSED/NC/ct160-342-20_all_prof_PROCESSED.nc,ct160-342-20,64,2021-02-06 04:50:00,-48.1767,62.9214,True,False
/Volumes/Data/Work/SEALTAGS/Prydz/FLUO_LIGHT/PROCESSED/NC/ct160-342-20_all_prof_PROCESSED.nc,ct160-342-20,65,2021-02-06 18:30:00,-48.1002,62.8217,False,False
/Volumes/Data/Work/SEALTAGS/Prydz/FLUO_LIGHT/PROCESSED/NC/ct160-342-20_all_prof_PROCESSED.nc,ct160-342-20,66,2021-02-06 18:50:00,-48.0953,62.8498,False,False
/Volumes/Data/Work/SEALTAGS/Prydz/FLUO_LIGHT/PROCESSED/NC/ct160-342-20_all_prof_PROCESSED.nc,ct160-342-20,67,2021-02-07 03:10:00,-48.1271,62.8595,True,False
/Volumes/Data/Work/SEALTAGS/Prydz/FLUO_LIGHT/PROCESSED/NC/ct160-342-20_all_prof_PROCESSED.nc,ct160-342-20,68,2021-02-07 15:10:00,-48.096,62.9662,True,False
/Volumes/Data/Work/SEALTAGS/Prydz/FLUO_LIGHT/PROCESSED/NC/ct160-342-20_all_prof_PROCESSED.nc,ct160-342-20,69,2021-02-07 15:40:00,-48.0937,62.9664,False,False
/Volumes/Data/Work/SEALTAGS/Prydz/FLUO_LIGHT/PROCESSED/NC/ct160-342-20_all_prof_PROCESSED.nc,ct160-342-20,70,2021-02-07 20:50:00,-48.1169,63.0416,False,False
/Volumes/Data/Work/SEALTAGS/Prydz/FLUO_LIGHT/PROCESSED/NC/ct160-342-20_all_prof_PROCESSED.nc,ct160-342-20,71,2021-02-08 02:00:00,-48.0967,63.1059,True,False
/Volumes/Data/Work/SEALTAGS/Prydz/FLUO_LIGHT/PROCESSED/NC/ct160-342-20_all_prof_PROCESSED.nc,ct160-342-20,72,2021-02-08 15:10:00,-48.0267,63.155,True,False
/Volumes/Data/Work/SEALTAGS/Prydz/FLUO_LIGHT/PROCESSED/NC/ct160-342-20_all_prof_PROCESSED.nc,ct160-342-20,73,2021-02-08 16:10:00,-48.0138,63.1605,False,False
/Volumes/Data/Work/SEALTAGS/Prydz/FLUO_LIGHT/PROCESSED/NC/ct160-342-20_all_prof_PROCESSED.nc,ct160-342-20,74,2021-02-08 20:10:00,-48.0279,63.082,False,False
/Volumes/Data/Work/SEALTAGS/Prydz/FLUO_LIGHT/PROCESSED/NC/ct160-342-20_all_prof_PROCESSED.nc,ct160-342-20,75,2021-02-09 02:10:00,-48.0594,63.1304,True,False
/Volumes/Data/Work/SEALTAGS/Prydz/FLUO_LIGHT/PROCESSED/NC/ct160-342-20_all_prof_PROCESSED.nc,ct160-342-20,76,2021-02-09 15:10:00,-48.0802,63.0928,True,False
/Volumes/Data/Work/SEALTAGS/Prydz/FLUO_LIGHT/PROCESSED/NC/ct160-342-20_all_prof_PROCESSED.nc,ct160-342-20,77,2021-02-09 15:40:00,-48.0819,63.0972,False,False
/Volumes/Data/Work/SEALTAGS/Prydz/FLUO_LIGHT/PROCESSED/NC/ct160-342-20_all_prof_PROCESSED.nc,ct160-342-20,78,2021-02-10 14:10:00,-48.2274,63.3242,True,False
/Volumes/Data/Work/SEALTAGS/Prydz/FLUO_LIGHT/PROCESSED/NC/ct160-342-20_all_prof_PROCESSED.nc,ct160-342-20,79,2021-02-10 19:20:00,-48.2279,63.3546,False,False
/Volumes/Data/Work/SEALTAGS/Prydz/FLUO_LIGHT/PROCESSED/NC/ct160-342-20_all_prof_PROCESSED.nc,ct160-342-20,80,2021-02-10 19:50:00,-48.2322,63.3305,False,False
/Volumes/Data/Work/SEALTAGS/Prydz/FLUO_LIGHT/PROCESSED/NC/ct160-342-20_all_prof_PROCESSED.nc,ct160-342-20,81,2021-02-11 03:00:00,-48.1731,63.2835,True,False
/Volumes/Data/Work/SEALTAGS/Prydz/FLUO_LIGHT/PROCESSED/NC/ct160-342-20_all_prof_PROCESSED.nc,ct160-342-20,82,2021-02-12 04:20:00,-48.106,63.4121,True,False
/Volumes/Data/Work/SEALTAGS/Prydz/FLUO_LIGHT/PROCESSED/NC/ct160-342-20_all_prof_PROCESSED.nc,ct160-342-20,83,2021-02-12 15:10:00,-48.216,63.5253,False,False
/Volumes/Data/Work/SEALTAGS/Prydz/FLUO_LIGHT/PROCESSED/NC/ct160-342-20_all_prof_PROCESSED.nc,ct160-342-20,84,2021-02-12 15:30:00,-48.218,63.5339,False,False
/Volumes/Data/Work/SEALTAGS/Prydz/FLUO_LIGHT/PROCESSED/NC/ct160-342-20_all_prof_PROCESSED.nc,ct160-342-20,85,2021-02-12 19:00:00,-48.2292,63.549,False,False
/Volumes/Data/Work/SEALTAGS/Prydz/FLUO_LIGHT/PROCESSED/NC/ct160-342-20_all_prof_PROCESSED.nc,ct160-342-20,86,2021-02-13 03:10:00,-48.2732,63.5717,True,False
/Volumes/Data/Work/SEALTAGS/Prydz/FLUO_LIGHT/PROCESSED/NC/ct160-342-20_all_prof_PROCESSED.nc,ct160-342-20,87,2021-02-13 03:40:00,-48.2714,63.5849,True,False
/Volumes/Data/Work/SEALTAGS/Prydz/FLUO_LIGHT/PROCESSED/NC/ct160-342-20_all_prof_PROCESSED.nc,ct160-342-20,88,2021-02-13 15:20:00,-48.2737,63.5945,False,False
/Volumes/Data/Work/SEALTAGS/Prydz/FLUO_LIGHT/PROCESSED/NC/ct160-342-20_all_prof_PROCESSED.nc,ct160-342-20,89,2021-02-14 15:00:00,-48.33,63.7066,True,False
/Volumes/Data/Work/SEALTAGS/Prydz/FLUO_LIGHT/PROCESSED/NC/ct160-342-20_all_prof_PROCESSED.nc,ct160-342-20,90,2021-02-14 20:30:00,-48.3269,63.5774,False,False
/Volumes/Data/Work/SEALTAGS/Prydz/FLUO_LIGHT/PROCESSED/NC/ct160-342-20_all_prof_PROCESSED.nc,ct160-342-20,91,2021-02-15 02:20:00,-48.451,63.5459,True,False
/Volumes/Data/Work/SEALTAGS/Prydz/FLUO_LIGHT/PROCESSED/NC/ct160-342-20_all_prof_PROCESSED.nc,ct160-342-20,92,2021-02-15 19:50:00,-48.7253,63.2731,False,False
/Volumes/Data/Work/SEALTAGS/Prydz/FLUO_LIGHT/PROCESSED/NC/ct160-342-20_all_prof_PROCESSED.nc,ct160-342-20,93,2021-02-16 02:30:00,-48.7872,63.0933,True,False
/Volumes/Data/Work/SEALTAGS/Prydz/FLUO_LIGHT/PROCESSED/NC/ct160-342-20_all_prof_PROCESSED.nc,ct160-342-20,94,2021-02-16 04:00:00,-48.779,63.0959,True,False
/Volumes/Data/Work/SEALTAGS/Prydz/FLUO_LIGHT/PROCESSED/NC/ct160-342-20_all_prof_PROCESSED.nc,ct160-342-20,95,2021-02-16 20:00:00,-48.9511,62.9384,False,False
/Volumes/Data/Work/SEALTAGS/Prydz/FLUO_LIGHT/PROCESSED/NC/ct160-342-20_all_prof_PROCESSED.nc,ct160-342-20,96,2021-02-17 05:20:00,-48.9767,62.8147,True,False
/Volumes/Data/Work/SEALTAGS/Prydz/FLUO_LIGHT/PROCESSED/NC/ct160-342-20_all_prof_PROCESSED.nc,ct160-342-20,97,2021-02-17 09:40:00,-48.972,62.7982,True,False
/Volumes/Data/Work/SEALTAGS/Prydz/FLUO_LIGHT/PROCESSED/NC/ct160-342-20_all_prof_PROCESSED.nc,ct160-342-20,98,2021-02-17 15:10:00,-49.0148,62.6945,False,False
/Volumes/Data/Work/SEALTAGS/Prydz/FLUO_LIGHT/PROCESSED/NC/ct160-342-20_all_prof_PROCESSED.nc,ct160-342-20,99,2021-02-17 16:30:00,-49.0115,62.6847,False,False
/Volumes/Data/Work/SEALTAGS/Prydz/FLUO_LIGHT/PROCESSED/NC/ct160-342-20_all_prof_PROCESSED.nc,ct160-342-20,100,2021-02-17 20:20:00,-49.0154,62.6024,False,False
/Volumes/Data/Work/SEALTAGS/Prydz/FLUO_LIGHT/PROCESSED/NC/ct160-342-20_all_prof_PROCESSED.nc,ct160-342-20,101,2021-02-18 03:00:00,-49.0233,62.616,True,False
/Volumes/Data/Work/SEALTAGS/Prydz/FLUO_LIGHT/PROCESSED/NC/ct160-342-20_all_prof_PROCESSED.nc,ct160-342-20,102,2021-02-18 06:00:00,-48.9784,62.5746,True,False
/Volumes/Data/Work/SEALTAGS/Prydz/FLUO_LIGHT/PROCESSED/NC/ct160-342-20_all_prof_PROCESSED.nc,ct160-342-20,103,2021-02-18 15:10:00,-48.883,62.5607,False,False
/Volumes/Data/Work/SEALTAGS/Prydz/FLUO_LIGHT/PROCESSED/NC/ct160-342-20_all_prof_PROCESSED.nc,ct160-342-20,104,2021-02-18 20:30:00,-48.8424,62.5091,False,False
/Volumes/Data/Work/SEALTAGS/Prydz/FLUO_LIGHT/PROCESSED/NC/ct160-342-20_all_prof_PROCESSED.nc,ct160-342-20,105,2021-02-19 03:10:00,-48.8865,62.424,True,False
/Volumes/Data/Work/SEALTAGS/Prydz/FLUO_LIGHT/PROCESSED/NC/ct160-342-20_all_prof_PROCESSED.nc,ct160-342-20,106,2021-02-19 07:20:00,-48.8304,62.4925,True,False
/Volumes/Data/Work/SEALTAGS/Prydz/FLUO_LIGHT/PROCESSED/NC/ct160-342-20_all_prof_PROCESSED.nc,ct160-342-20,107,2021-02-19 15:00:00,-48.775,62.555,True,False
/Volumes/Data/Work/SEALTAGS/Prydz/FLUO_LIGHT/PROCESSED/NC/ct160-342-20_all_prof_PROCESSED.nc,ct160-342-20,108,2021-02-19 15:40:00,-48.7703,62.5709,False,False
/Volumes/Data/Work/SEALTAGS/Prydz/FLUO_LIGHT/PROCESSED/NC/ct160-342-20_all_prof_PROCESSED.nc,ct160-342-20,109,2021-02-19 21:30:00,-48.8454,62.5042,False,False
/Volumes/Data/Work/SEALTAGS/Prydz/FLUO_LIGHT/PROCESSED/NC/ct160-342-20_all_prof_PROCESSED.nc,ct160-342-20,110,2021-02-20 02:20:00,-48.8297,62.4975,True,False
/Volumes/Data/Work/SEALTAGS/Prydz/FLUO_LIGHT/PROCESSED/NC/ct160-342-20_all_prof_PROCESSED.nc,ct160-342-20,111,2021-02-20 15:00:00,-48.7283,62.4407,False,False
/Volumes/Data/Work/SEALTAGS/Prydz/FLUO_LIGHT/PROCESSED/NC/ct160-342-20_all_prof_PROCESSED.nc,ct160-342-20,112,2021-02-20 15:40:00,-48.7254,62.439,False,False
/Volumes/Data/Work/SEALTAGS/Prydz/FLUO_LIGHT/PROCESSED/NC/ct160-342-20_all_prof_PROCESSED.nc,ct160-342-20,113,2021-02-20 20:40:00,-48.6885,62.466,False,False
/Volumes/Data/Work/SEALTAGS/Prydz/FLUO_LIGHT/PROCESSED/NC/ct160-342-20_all_prof_PROCESSED.nc,ct160-342-20,114,2021-02-21 03:00:00,-48.6925,62.3818,True,False
/Volumes/Data/Work/SEALTAGS/Prydz/FLUO_LIGHT/PROCESSED/NC/ct160-342-20_all_prof_PROCESSED.nc,ct160-342-20,115,2021-02-21 04:10:00,-48.6944,62.3671,True,False
/Volumes/Data/Work/SEALTAGS/Prydz/FLUO_LIGHT/PROCESSED/NC/ct160-342-20_all_prof_PROCESSED.nc,ct160-342-20,116,2021-02-21 10:30:00,-48.6745,62.407,True,False
/Volumes/Data/Work/SEALTAGS/Prydz/FLUO_LIGHT/PROCESSED/NC/ct160-342-20_all_prof_PROCESSED.nc,ct160-342-20,117,2021-02-21 15:00:00,-48.5864,62.3527,False,False
/Volumes/Data/Work/SEALTAGS/Prydz/FLUO_LIGHT/PROCESSED/NC/ct160-342-20_all_prof_PROCESSED.nc,ct160-342-20,118,2021-02-21 19:50:00,-48.5691,62.3232,False,False
/Volumes/Data/Work/SEALTAGS/Prydz/FLUO_LIGHT/PROCESSED/NC/ct160-342-20_all_prof_PROCESSED.nc,ct160-342-20,119,2021-02-22 14:50:00,-48.5539,62.3979,True,False
/Volumes/Data/Work/SEALTAGS/Prydz/FLUO_LIGHT/PROCESSED/NC/ct160-342-20_all_prof_PROCESSED.nc,ct160-342-20,120,2021-02-23 02:10:00,-48.4701,62.4106,True,False
/Volumes/Data/Work/SEALTAGS/Prydz/FLUO_LIGHT/PROCESSED/NC/ct160-342-20_all_prof_PROCESSED.nc,ct160-342-20,121,2021-02-23 02:40:00,-48.4708,62.4175,True,False
/Volumes/Data/Work/SEALTAGS/Prydz/FLUO_LIGHT/PROCESSED/NC/ct160-342-20_all_prof_PROCESSED.nc,ct160-342-20,122,2021-02-23 15:10:00,-48.358,62.3171,False,False
/Volumes/Data/Work/SEALTAGS/Prydz/FLUO_LIGHT/PROCESSED/NC/ct160-342-20_all_prof_PROCESSED.nc,ct160-342-20,123,2021-02-23 21:30:00,-48.3352,62.2522,False,False
/Volumes/Data/Work/SEALTAGS/Prydz/FLUO_LIGHT/PROCESSED/NC/ct160-342-20_all_prof_PROCESSED.nc,ct160-342-20,124,2021-02-24 03:10:00,-48.3073,62.2863,True,False
/Volumes/Data/Work/SEALTAGS/Prydz/FLUO_LIGHT/PROCESSED/NC/ct160-342-20_all_prof_PROCESSED.nc,ct160-342-20,125,2021-02-24 06:00:00,-48.3109,62.2587,True,False
/Volumes/Data/Work/SEALTAGS/Prydz/FLUO_LIGHT/PROCESSED/NC/ct160-342-20_all_prof_PROCESSED.nc,ct160-342-20,126,2021-02-24 15:00:00,-48.2074,62.4193,False,False
/Volumes/Data/Work/SEALTAGS/Prydz/FLUO_LIGHT/PROCESSED/NC/ct160-342-20_all_prof_PROCESSED.nc,ct160-342-20,127,2021-02-24 20:10:00,-48.219,62.3347,False,False
/Volumes/Data/Work/SEALTAGS/Prydz/FLUO_LIGHT/PROCESSED/NC/ct160-342-20_all_prof_PROCESSED.nc,ct160-342-20,128,2021-02-25 03:00:00,-48.1941,62.3162,True,False
/Volumes/Data/Work/SEALTAGS/Prydz/FLUO_LIGHT/PROCESSED/NC/ct160-342-20_all_prof_PROCESSED.nc,ct160-342-20,129,2021-02-26 03:20:00,-48.1052,62.4142,True,False
/Volumes/Data/Work/SEALTAGS/Prydz/FLUO_LIGHT/PROCESSED/NC/ct160-342-20_all_prof_PROCESSED.nc,ct160-342-20,130,2021-02-26 11:30:00,-48.0833,62.4518,True,False
/Volumes/Data/Work/SEALTAGS/Prydz/FLUO_LIGHT/PROCESSED/NC/ct160-342-20_all_prof_PROCESSED.nc,ct160-342-20,131,2021-02-26 15:10:00,-48.0402,62.3876,False,False
/Volumes/Data/Work/SEALTAGS/Prydz/FLUO_LIGHT/PROCESSED/NC/ct160-342-20_all_prof_PROCESSED.nc,ct160-342-20,132,2021-02-26 15:30:00,-48.0393,62.3848,False,False
/Volumes/Data/Work/SEALTAGS/Prydz/FLUO_LIGHT/PROCESSED/NC/ct160-342-20_all_prof_PROCESSED.nc,ct160-342-20,133,2021-02-27 02:20:00,-48.0359,62.4321,True,False
/Volumes/Data/Work/SEALTAGS/Prydz/FLUO_LIGHT/PROCESSED/NC/ct160-342-20_all_prof_PROCESSED.nc,ct160-342-20,134,2021-02-27 04:10:00,-48.0184,62.4501,True,False
/Volumes/Data/Work/SEALTAGS/Prydz/FLUO_LIGHT/PROCESSED/NC/ct160-342-20_all_prof_PROCESSED.nc,ct160-342-20,135,2021-02-27 14:50:00,-47.9701,62.3134,False,False
/Volumes/Data/Work/SEALTAGS/Prydz/FLUO_LIGHT/PROCESSED/NC/ct160-342-20_all_prof_PROCESSED.nc,ct160-342-20,136,2021-02-27 21:10:00,-48.06,62.2627,False,False
/Volumes/Data/Work/SEALTAGS/Prydz/FLUO_LIGHT/PROCESSED/NC/ct160-342-20_all_prof_PROCESSED.nc,ct160-342-20,137,2021-02-28 02:50:00,-48.0918,62.3065,True,False
/Volumes/Data/Work/SEALTAGS/Prydz/FLUO_LIGHT/PROCESSED/NC/ct160-342-20_all_prof_PROCESSED.nc,ct160-342-20,138,2021-02-28 04:10:00,-48.0958,62.3292,True,False
/Volumes/Data/Work/SEALTAGS/Prydz/FLUO_LIGHT/PROCESSED/NC/ct160-342-20_all_prof_PROCESSED.nc,ct160-342-20,139,2021-02-28 15:10:00,-48.0345,62.275,False,False
/Volumes/Data/Work/SEALTAGS/Prydz/FLUO_LIGHT/PROCESSED/NC/ct160-342-20_all_prof_PROCESSED.nc,ct160-342-20,140,2021-02-28 15:30:00,-48.0344,62.2764,False,False
/Volumes/Data/Work/SEALTAGS/Prydz/FLUO_LIGHT/PROCESSED/NC/ct160-342-20_all_prof_PROCESSED.nc,ct160-342-20,141,2021-02-28 19:00:00,-48.0261,62.1819,False,False
/Volumes/Data/Work/SEALTAGS/Prydz/FLUO_LIGHT/PROCESSED/NC/ct160-342-20_all_prof_PROCESSED.nc,ct160-342-20,142,2021-03-01 02:10:00,-48.0487,62.0796,True,False
/Volumes/Data/Work/SEALTAGS/Prydz/FLUO_LIGHT/PROCESSED/NC/ct160-342-20_all_prof_PROCESSED.nc,ct160-342-20,143,2021-03-01 03:10:00,-48.0366,62.0538,True,False
/Volumes/Data/Work/SEALTAGS/Prydz/FLUO_LIGHT/PROCESSED/NC/ct160-342-20_all_prof_PROCESSED.nc,ct160-342-20,144,2021-03-01 15:00:00,-48.0201,62.0117,False,False
/Volumes/Data/Work/SEALTAGS/Prydz/FLUO_LIGHT/PROCESSED/NC/ct160-342-20_all_prof_PROCESSED.nc,ct160-342-20,145,2021-03-01 19:50:00,-47.9993,62.0136,False,False
/Volumes/Data/Work/SEALTAGS/Prydz/FLUO_LIGHT/PROCESSED/NC/ct160-342-20_all_prof_PROCESSED.nc,ct160-342-20,146,2021-03-02 03:40:00,-47.9625,62.0488,True,False
/Volumes/Data/Work/SEALTAGS/Prydz/FLUO_LIGHT/PROCESSED/NC/ct160-342-20_all_prof_PROCESSED.nc,ct160-342-20,147,2021-03-02 06:00:00,-47.9213,62.049,True,False
/Volumes/Data/Work/SEALTAGS/Prydz/FLUO_LIGHT/PROCESSED/NC/ct160-342-20_all_prof_PROCESSED.nc,ct160-342-20,148,2021-03-02 15:20:00,-47.8295,62.207,False,False
/Volumes/Data/Work/SEALTAGS/Prydz/FLUO_LIGHT/PROCESSED/NC/ct160-342-20_all_prof_PROCESSED.nc,ct160-342-20,149,2021-03-03 02:20:00,-47.7343,62.1003,True,False
/Volumes/Data/Work/SEALTAGS/Prydz/FLUO_LIGHT/PROCESSED/NC/ct160-342-20_all_prof_PROCESSED.nc,ct160-342-20,150,2021-03-03 15:00:00,-47.5853,62.2108,False,False
/Volumes/Data/Work/SEALTAGS/Prydz/FLUO_LIGHT/PROCESSED/NC/ct160-342-20_all_prof_PROCESSED.nc,ct160-342-20,151,2021-03-03 15:20:00,-47.5775,62.2105,False,False
/Volumes/Data/Work/SEALTAGS/Prydz/FLUO_LIGHT/PROCESSED/NC/ct160-342-20_all_prof_PROCESSED.nc,ct160-342-20,152,2021-03-03 19:20:00,-47.5498,62.2297,False,False
/Volumes/Data/Work/SEALTAGS/Prydz/FLUO_LIGHT/PROCESSED/NC/ct160-342-20_all_prof_PROCESSED.nc,ct160-342-20,153,2021-03-04 02:30:00,-47.5588,62.3033,True,False
/Volumes/Data/Work/SEALTAGS/Prydz/FLUO_LIGHT/PROCESSED/NC/ct160-342-20_all_prof_PROCESSED.nc,ct160-342-20,154,2021-03-04 15:20:00,-47.5459,62.2983,False,False
/Volumes/Data/Work/SEALTAGS/Prydz/FLUO_LIGHT/PROCESSED/NC/ct160-342-20_all_prof_PROCESSED.nc,ct160-342-20,155,2021-03-04 16:00:00,-47.5564,62.3071,False,False
/Volumes/Data/Work/SEALTAGS/Prydz/FLUO_LIGHT/PROCESSED/NC/ct160-342-20_all_prof_PROCESSED.nc,ct160-342-20,156,2021-03-04 18:40:00,-47.5546,62.3397,False,False
/Volumes/Data/Work/SEALTAGS/Prydz/FLUO_LIGHT/PROCESSED/NC/ct160-342-20_all_prof_PROCESSED.nc,ct160-342-20,157,2021-03-05 03:20:00,-47.5174,62.3136,True,False
/Volumes/Data/Work/SEALTAGS/Prydz/FLUO_LIGHT/PROCESSED/NC/ct160-342-20_all_prof_PROCESSED.nc,ct160-342-20,158,2021-03-05 05:20:00,-47.4901,62.3511,True,False
/Volumes/Data/Work/SEALTAGS/Prydz/FLUO_LIGHT/PROCESSED/NC/ct160-342-20_all_prof_PROCESSED.nc,ct160-342-20,159,2021-03-06 03:10:00,-47.4279,62.2708,True,False
/Volumes/Data/Work/SEALTAGS/Prydz/FLUO_LIGHT/PROCESSED/NC/ct160-342-20_all_prof_PROCESSED.nc,ct160-342-20,160,2021-03-06 05:40:00,-47.4241,62.2716,True,False
/Volumes/Data/Work/SEALTAGS/Prydz/FLUO_LIGHT/PROCESSED/NC/ct160-342-20_all_prof_PROCESSED.nc,ct160-342-20,161,2021-03-06 14:40:00,-47.3378,62.3236,False,False
/Volumes/Data/Work/SEALTAGS/Prydz/FLUO_LIGHT/PROCESSED/NC/ct160-342-20_all_prof_PROCESSED.nc,ct160-342-20,162,2021-03-06 19:50:00,-47.312,62.3918,False,False
/Volumes/Data/Work/SEALTAGS/Prydz/FLUO_LIGHT/PROCESSED/NC/ct160-342-20_all_prof_PROCESSED.nc,ct160-342-20,163,2021-03-07 03:10:00,-47.3351,62.4529,True,False
/Volumes/Data/Work/SEALTAGS/Prydz/FLUO_LIGHT/PROCESSED/NC/ct160-342-20_all_prof_PROCESSED.nc,ct160-342-20,164,2021-03-07 18:40:00,-47.2277,62.5964,False,False
/Volumes/Data/Work/SEALTAGS/Prydz/FLUO_LIGHT/PROCESSED/NC/ct160-342-20_all_prof_PROCESSED.nc,ct160-342-20,165,2021-03-07 21:50:00,-47.2243,62.6375,False,False
/Volumes/Data/Work/SEALTAGS/Prydz/FLUO_LIGHT/PROCESSED/NC/ct160-342-20_all_prof_PROCESSED.nc,ct160-342-20,166,2021-03-08 02:40:00,-47.1803,62.6751,True,False
/Volumes/Data/Work/SEALTAGS/Prydz/FLUO_LIGHT/PROCESSED/NC/ct160-342-20_all_prof_PROCESSED.nc,ct160-342-20,167,2021-03-08 14:20:00,-47.2567,62.6201,True,False
/Volumes/Data/Work/SEALTAGS/Prydz/FLUO_LIGHT/PROCESSED/NC/ct160-342-20_all_prof_PROCESSED.nc,ct160-342-20,168,2021-03-08 16:20:00,-47.2519,62.6129,False,False
/Volumes/Data/Work/SEALTAGS/Prydz/FLUO_LIGHT/PROCESSED/NC/ct160-342-20_all_prof_PROCESSED.nc,ct160-342-20,169,2021-03-09 02:00:00,-47.2382,62.6706,True,False
/Volumes/Data/Work/SEALTAGS/Prydz/FLUO_LIGHT/PROCESSED/NC/ct160-342-20_all_prof_PROCESSED.nc,ct160-342-20,170,2021-03-09 14:20:00,-47.3636,62.8649,True,False
/Volumes/Data/Work/SEALTAGS/Prydz/FLUO_LIGHT/PROCESSED/NC/ct160-342-20_all_prof_PROCESSED.nc,ct160-342-20,171,2021-03-10 00:10:00,-47.524,62.8969,False,False
/Volumes/Data/Work/SEALTAGS/Prydz/FLUO_LIGHT/PROCESSED/NC/ct160-342-20_all_prof_PROCESSED.nc,ct160-342-20,172,2021-03-10 15:40:00,-47.735,62.6742,False,False
/Volumes/Data/Work/SEALTAGS/Prydz/FLUO_LIGHT/PROCESSED/NC/ct160-342-20_all_prof_PROCESSED.nc,ct160-342-20,173,2021-03-10 16:20:00,-47.7359,62.6155,False,False
/Volumes/Data/Work/SEALTAGS/Prydz/FLUO_LIGHT/PROCESSED/NC/ct160-342-20_all_prof_PROCESSED.nc,ct160-342-20,174,2021-03-10 21:00:00,-47.8439,62.5908,False,False
/Volumes/Data/Work/SEALTAGS/Prydz/FLUO_LIGHT/PROCESSED/NC/ct160-342-20_all_prof_PROCESSED.nc,ct160-342-20,175,2021-03-11 02:30:00,-47.8562,62.4664,True,False
/Volumes/Data/Work/SEALTAGS/Prydz/FLUO_LIGHT/PROCESSED/NC/ct160-342-20_all_prof_PROCESSED.nc,ct160-342-20,176,2021-03-11 02:50:00,-47.8661,62.4425,True,False
/Volumes/Data/Work/SEALTAGS/Prydz/FLUO_LIGHT/PROCESSED/NC/ct160-342-20_all_prof_PROCESSED.nc,ct160-342-20,177,2021-03-11 15:20:00,-47.934,62.5025,False,False
/Volumes/Data/Work/SEALTAGS/Prydz/FLUO_LIGHT/PROCESSED/NC/ct160-342-20_all_prof_PROCESSED.nc,ct160-342-20,178,2021-03-11 16:50:00,-47.9696,62.4201,False,False
/Volumes/Data/Work/SEALTAGS/Prydz/FLUO_LIGHT/PROCESSED/NC/ct160-342-20_all_prof_PROCESSED.nc,ct160-342-20,179,2021-03-11 17:10:00,-47.9709,62.4022,False,False
/Volumes/Data/Work/SEALTAGS/Prydz/FLUO_LIGHT/PROCESSED/NC/ct160-342-20_all_prof_PROCESSED.nc,ct160-342-20,180,2021-03-12 02:20:00,-47.9231,62.3804,True,False
/Volumes/Data/Work/SEALTAGS/Prydz/FLUO_LIGHT/PROCESSED/NC/ct160-342-20_all_prof_PROCESSED.nc,ct160-342-20,181,2021-03-12 14:20:00,-47.9681,62.3987,False,False
/Volumes/Data/Work/SEALTAGS/Prydz/FLUO_LIGHT/PROCESSED/NC/ct160-342-20_all_prof_PROCESSED.nc,ct160-342-20,182,2021-03-13 04:50:00,-48.104,62.3023,True,False
/Volumes/Data/Work/SEALTAGS/Prydz/FLUO_LIGHT/PROCESSED/NC/ct160-342-20_all_prof_PROCESSED.nc,ct160-342-20,183,2021-03-13 15:20:00,-47.998,62.267,False,False
/Volumes/Data/Work/SEALTAGS/Prydz/FLUO_LIGHT/PROCESSED/NC/ct160-342-20_all_prof_PROCESSED.nc,ct160-342-20,184,2021-03-13 16:40:00,-47.9853,62.3306,False,False
/Volumes/Data/Work/SEALTAGS/Prydz/FLUO_LIGHT/PROCESSED/NC/ct160-342-20_all_prof_PROCESSED.nc,ct160-342-20,185,2021-03-13 20:10:00,-48.0002,62.2582,False,False
/Volumes/Data/Work/SEALTAGS/Prydz/FLUO_LIGHT/PROCESSED/NC/ct160-342-20_all_prof_PROCESSED.nc,ct160-342-20,186,2021-03-14 03:20:00,-47.9378,62.2356,True,False
/Volumes/Data/Work/SEALTAGS/Prydz/FLUO_LIGHT/PROCESSED/NC/ct160-342-20_all_prof_PROCESSED.nc,ct160-342-20,187,2021-03-14 05:00:00,-47.8826,62.2397,True,False
/Volumes/Data/Work/SEALTAGS/Prydz/FLUO_LIGHT/PROCESSED/NC/ct160-342-20_all_prof_PROCESSED.nc,ct160-342-20,188,2021-03-14 15:20:00,-47.9108,62.1763,False,False
/Volumes/Data/Work/SEALTAGS/Prydz/FLUO_LIGHT/PROCESSED/NC/ct160-342-20_all_prof_PROCESSED.nc,ct160-342-20,189,2021-03-14 15:40:00,-47.9051,62.1705,False,False
/Volumes/Data/Work/SEALTAGS/Prydz/FLUO_LIGHT/PROCESSED/NC/ct160-342-20_all_prof_PROCESSED.nc,ct160-342-20,190,2021-03-15 14:40:00,-47.8639,62.3006,False,False
/Volumes/Data/Work/SEALTAGS/Prydz/FLUO_LIGHT/PROCESSED/NC/ct160-342-20_all_prof_PROCESSED.nc,ct160-342-20,191,2021-03-15 19:40:00,-47.9317,62.2957,False,False
/Volumes/Data/Work/SEALTAGS/Prydz/FLUO_LIGHT/PROCESSED/NC/ct160-342-20_all_prof_PROCESSED.nc,ct160-342-20,192,2021-03-16 03:10:00,-47.9281,62.2023,True,False
/Volumes/Data/Work/SEALTAGS/Prydz/FLUO_LIGHT/PROCESSED/NC/ct160-342-20_all_prof_PROCESSED.nc,ct160-342-20,193,2021-03-16 04:20:00,-47.9213,62.1638,True,False
/Volumes/Data/Work/SEALTAGS/Prydz/FLUO_LIGHT/PROCESSED/NC/ct160-342-20_all_prof_PROCESSED.nc,ct160-342-20,194,2021-03-16 15:10:00,-47.837,62.254,False,False
/Volumes/Data/Work/SEALTAGS/Prydz/FLUO_LIGHT/PROCESSED/NC/ct160-342-20_all_prof_PROCESSED.nc,ct160-342-20,195,2021-03-17 03:00:00,-47.7888,62.3078,True,False
/Volumes/Data/Work/SEALTAGS/Prydz/FLUO_LIGHT/PROCESSED/NC/ct160-342-20_all_prof_PROCESSED.nc,ct160-342-20,196,2021-03-17 15:10:00,-47.792,62.26,False,False
/Volumes/Data/Work/SEALTAGS/Prydz/FLUO_LIGHT/PROCESSED/NC/ct160-342-20_all_prof_PROCESSED.nc,ct160-342-20,197,2021-03-17 15:30:00,-47.7717,62.2885,False,False
/Volumes/Data/Work/SEALTAGS/Prydz/FLUO_LIGHT/PROCESSED/NC/ct160-342-20_all_prof_PROCESSED.nc,ct160-342-20,198,2021-03-17 16:40:00,-47.7626,62.2886,False,False
/Volumes/Data/Work/SEALTAGS/Prydz/FLUO_LIGHT/PROCESSED/NC/ct160-342-20_all_prof_PROCESSED.nc,ct160-342-20,199,2021-03-18 03:00:00,-47.7894,62.2993,True,False
/Volumes/Data/Work/SEALTAGS/Prydz/FLUO_LIGHT/PROCESSED/NC/ct160-342-20_all_prof_PROCESSED.nc,ct160-342-20,200,2021-03-18 15:20:00,-47.7444,62.3001,False,False
/Volumes/Data/Work/SEALTAGS/Prydz/FLUO_LIGHT/PROCESSED/NC/ct160-342-20_all_prof_PROCESSED.nc,ct160-342-20,201,2021-03-18 16:30:00,-47.7243,62.2979,False,False
/Volumes/Data/Work/SEALTAGS/Prydz/FLUO_LIGHT/PROCESSED/NC/ct160-342-20_all_prof_PROCESSED.nc,ct160-342-20,202,2021-03-19 03:00:00,-47.5908,62.2442,True,False
/Volumes/Data/Work/SEALTAGS/Prydz/FLUO_LIGHT/PROCESSED/NC/ct160-342-20_all_prof_PROCESSED.nc,ct160-342-20,203,2021-03-19 14:50:00,-47.4029,62.254,False,False
/Volumes/Data/Work/SEALTAGS/Prydz/FLUO_LIGHT/PROCESSED/NC/ct160-342-20_all_prof_PROCESSED.nc,ct160-342-20,204,2021-03-19 21:50:00,-47.4451,62.3772,False,False
/Volumes/Data/Work/SEALTAGS/Prydz/FLUO_LIGHT/PROCESSED/NC/ct160-342-20_all_prof_PROCESSED.nc,ct160-342-20,205,2021-03-20 17:10:00,-47.2907,62.3953,False,False
/Volumes/Data/Work/SEALTAGS/Prydz/FLUO_LIGHT/PROCESSED/NC/ct160-342-20_all_prof_PROCESSED.nc,ct160-342-20,206,2021-03-20 20:50:00,-47.2729,62.4133,False,False
/Volumes/Data/Work/SEALTAGS/Prydz/FLUO_LIGHT/PROCESSED/NC/ct160-342-20_all_prof_PROCESSED.nc,ct160-342-20,207,2021-03-21 03:20:00,-47.2721,62.4982,True,False
/Volumes/Data/Work/SEALTAGS/Prydz/FLUO_LIGHT/PROCESSED/NC/ct160-342-20_all_prof_PROCESSED.nc,ct160-342-20,208,2021-03-21 05:00:00,-47.2881,62.471,True,False
/Volumes/Data/Work/SEALTAGS/Prydz/FLUO_LIGHT/PROCESSED/NC/ct160-342-20_all_prof_PROCESSED.nc,ct160-342-20,209,2021-03-21 15:20:00,-47.1901,62.6208,False,False
/Volumes/Data/Work/SEALTAGS/Prydz/FLUO_LIGHT/PROCESSED/NC/ct160-342-20_all_prof_PROCESSED.nc,ct160-342-20,210,2021-03-21 18:00:00,-47.1771,62.6495,False,False
/Volumes/Data/Work/SEALTAGS/Prydz/FLUO_LIGHT/PROCESSED/NC/ct160-342-20_all_prof_PROCESSED.nc,ct160-342-20,211,2021-03-22 02:00:00,-47.1619,62.6576,True,False
/Volumes/Data/Work/SEALTAGS/Prydz/FLUO_LIGHT/PROCESSED/NC/ct160-342-20_all_prof_PROCESSED.nc,ct160-342-20,212,2021-03-22 09:00:00,-47.1061,62.625,True,False
/Volumes/Data/Work/SEALTAGS/Prydz/FLUO_LIGHT/PROCESSED/NC/ct160-342-20_all_prof_PROCESSED.nc,ct160-342-20,213,2021-03-23 15:50:00,-47.1196,62.5774,False,False
/Volumes/Data/Work/SEALTAGS/Prydz/FLUO_LIGHT/PROCESSED/NC/ct160-342-20_all_prof_PROCESSED.nc,ct160-342-20,214,2021-03-24 02:10:00,-46.8725,62.6892,True,False
/Volumes/Data/Work/SEALTAGS/Prydz/FLUO_LIGHT/PROCESSED/NC/ct160-342-20_all_prof_PROCESSED.nc,ct160-342-20,215,2021-03-24 03:20:00,-46.8721,62.6989,True,False
/Volumes/Data/Work/SEALTAGS/Prydz/FLUO_LIGHT/PROCESSED/NC/ct160-342-20_all_prof_PROCESSED.nc,ct160-342-20,216,2021-03-24 14:10:00,-46.8845,63.0782,False,False
/Volumes/Data/Work/SEALTAGS/Prydz/FLUO_LIGHT/PROCESSED/NC/ct160-342-20_all_prof_PROCESSED.nc,ct160-342-20,217,2021-03-24 16:30:00,-46.8974,63.0991,False,False
/Volumes/Data/Work/SEALTAGS/Prydz/FLUO_LIGHT/PROCESSED/NC/ct160-342-20_all_prof_PROCESSED.nc,ct160-342-20,218,2021-03-24 17:20:00,-46.8881,63.0907,False,False
/Volumes/Data/Work/SEALTAGS/Prydz/FLUO_LIGHT/PROCESSED/NC/ct160-342-20_all_prof_PROCESSED.nc,ct160-342-20,219,2021-03-25 21:40:00,-46.9516,63.7875,False,False
/Volumes/Data/Work/SEALTAGS/Prydz/FLUO_LIGHT/PROCESSED/NC/ct160-342-20_all_prof_PROCESSED.nc,ct160-342-20,220,2021-03-26 06:20:00,-46.9812,63.8562,True,False
/Volumes/Data/Work/SEALTAGS/Prydz/FLUO_LIGHT/PROCESSED/NC/ct160-342-20_all_prof_PROCESSED.nc,ct160-342-20,221,2021-03-26 14:20:00,-46.9451,63.8516,False,False
/Volumes/Data/Work/SEALTAGS/Prydz/FLUO_LIGHT/PROCESSED/NC/ct160-342-20_all_prof_PROCESSED.nc,ct160-342-20,222,2021-03-27 02:10:00,-47.0124,63.6758,True,False
/Volumes/Data/Work/SEALTAGS/Prydz/FLUO_LIGHT/PROCESSED/NC/ct160-342-20_all_prof_PROCESSED.nc,ct160-342-20,223,2021-03-27 13:50:00,-47.1451,63.6944,False,False
/Volumes/Data/Work/SEALTAGS/Prydz/FLUO_LIGHT/PROCESSED/NC/ct160-342-20_all_prof_PROCESSED.nc,ct160-342-20,224,2021-03-28 03:00:00,-46.9496,63.4157,True,False
/Volumes/Data/Work/SEALTAGS/Prydz/FLUO_LIGHT/PROCESSED/NC/ct160-342-20_all_prof_PROCESSED.nc,ct160-342-20,225,2021-03-28 12:20:00,-47.0454,63.845,True,False
/Volumes/Data/Work/SEALTAGS/Prydz/FLUO_LIGHT/PROCESSED/NC/ct160-342-20_all_prof_PROCESSED.nc,ct160-342-20,226,2021-03-29 14:20:00,-46.9691,64.3901,False,False
/Volumes/Data/Work/SEALTAGS/Prydz/FLUO_LIGHT/PROCESSED/NC/ct160-342-20_all_prof_PROCESSED.nc,ct160-342-20,227,2021-03-30 02:20:00,-46.8841,64.5639,True,False
/Volumes/Data/Work/SEALTAGS/Prydz/FLUO_LIGHT/PROCESSED/NC/ct160-342-20_all_prof_PROCESSED.nc,ct160-342-20,228,2021-03-30 14:30:00,-46.8767,64.8433,False,False
/Volumes/Data/Work/SEALTAGS/Prydz/FLUO_LIGHT/PROCESSED/NC/ct160-342-20_all_prof_PROCESSED.nc,ct160-342-20,229,2021-03-31 02:10:00,-46.7928,64.9939,True,False
/Volumes/Data/Work/SEALTAGS/Prydz/FLUO_LIGHT/PROCESSED/NC/ct160-342-20_all_prof_PROCESSED.nc,ct160-342-20,230,2021-03-31 08:20:00,-46.8362,64.9993,True,False
/Volumes/Data/Work/SEALTAGS/Prydz/FLUO_LIGHT/PROCESSED/NC/ct160-342-20_all_prof_PROCESSED.nc,ct160-342-20,231,2021-03-31 12:30:00,-46.8527,65.0198,True,False
/Volumes/Data/Work/SEALTAGS/Prydz/FLUO_LIGHT/PROCESSED/NC/ct160-342-20_all_prof_PROCESSED.nc,ct160-342-20,232,2021-04-01 01:40:00,-46.8458,65.081,False,False
/Volumes/Data/Work/SEALTAGS/Prydz/FLUO_LIGHT/PROCESSED/NC/ct160-342-20_all_prof_PROCESSED.nc,ct160-342-20,233,2021-04-01 14:30:00,-46.8672,65.2541,False,False
/Volumes/Data/Work/SEALTAGS/Prydz/FLUO_LIGHT/PROCESSED/NC/ct160-342-20_all_prof_PROCESSED.nc,ct160-342-20,234,2021-04-02 01:30:00,-46.8182,65.5199,False,False
/Volumes/Data/Work/SEALTAGS/Prydz/FLUO_LIGHT/PROCESSED/NC/ct160-342-20_all_prof_PROCESSED.nc,ct160-342-20,235,2021-04-02 04:20:00,-46.775,65.4752,True,False
/Volumes/Data/Work/SEALTAGS/Prydz/FLUO_LIGHT/PROCESSED/NC/ct160-342-20_all_prof_PROCESSED.nc,ct160-342-20,236,2021-04-02 14:10:00,-46.6151,65.6562,False,False
/Volumes/Data/Work/SEALTAGS/Prydz/FLUO_LIGHT/PROCESSED/NC/ct160-342-20_all_prof_PROCESSED.nc,ct160-342-20,237,2021-04-02 17:10:00,-46.6877,65.7639,False,False
/Volumes/Data/Work/SEALTAGS/Prydz/FLUO_LIGHT/PROCESSED/NC/ct160-342-20_all_prof_PROCESSED.nc,ct160-342-20,238,2021-04-03 04:00:00,-46.7903,65.9023,True,False
/Volumes/Data/Work/SEALTAGS/Prydz/FLUO_LIGHT/PROCESSED/NC/ct160-342-20_all_prof_PROCESSED.nc,ct160-342-20,239,2021-04-03 06:10:00,-46.7873,65.9096,True,False
/Volumes/Data/Work/SEALTAGS/Prydz/FLUO_LIGHT/PROCESSED/NC/ct160-342-20_all_prof_PROCESSED.nc,ct160-342-20,240,2021-04-03 13:30:00,-46.7772,65.9309,False,False
/Volumes/Data/Work/SEALTAGS/Prydz/FLUO_LIGHT/PROCESSED/NC/ct160-342-20_all_prof_PROCESSED.nc,ct160-342-20,241,2021-04-04 02:20:00,-46.7994,66.0361,True,False
/Volumes/Data/Work/SEALTAGS/Prydz/FLUO_LIGHT/PROCESSED/NC/ct160-342-20_all_prof_PROCESSED.nc,ct160-342-20,242,2021-04-04 13:10:00,-46.846,66.193,True,False
/Volumes/Data/Work/SEALTAGS/Prydz/FLUO_LIGHT/PROCESSED/NC/ct160-342-20_all_prof_PROCESSED.nc,ct160-342-20,243,2021-04-04 23:50:00,-46.806,66.1743,False,False
/Volumes/Data/Work/SEALTAGS/Prydz/FLUO_LIGHT/PROCESSED/NC/ct160-342-20_all_prof_PROCESSED.nc,ct160-342-20,244,2021-04-05 00:30:00,-46.8009,66.173,False,False
/Volumes/Data/Work/SEALTAGS/Prydz/FLUO_LIGHT/PROCESSED/NC/ct160-342-20_all_prof_PROCESSED.nc,ct160-342-20,245,2021-04-06 01:20:00,-46.8444,66.5681,False,False
/Volumes/Data/Work/SEALTAGS/Prydz/FLUO_LIGHT/PROCESSED/NC/ct160-342-20_all_prof_PROCESSED.nc,ct160-342-20,246,2021-04-06 14:50:00,-46.8725,66.8636,False,False
/Volumes/Data/Work/SEALTAGS/Prydz/FLUO_LIGHT/PROCESSED/NC/ct160-342-20_all_prof_PROCESSED.nc,ct160-342-20,247,2021-04-07 03:00:00,-46.875,67.3012,True,False
/Volumes/Data/Work/SEALTAGS/Prydz/FLUO_LIGHT/PROCESSED/NC/ct160-342-20_all_prof_PROCESSED.nc,ct160-342-20,248,2021-04-07 04:30:00,-46.8264,67.2487,True,False
/Volumes/Data/Work/SEALTAGS/Prydz/FLUO_LIGHT/PROCESSED/NC/ct160-342-20_all_prof_PROCESSED.nc,ct160-342-20,249,2021-04-07 13:40:00,-46.8023,67.3377,False,False
/Volumes/Data/Work/SEALTAGS/Prydz/FLUO_LIGHT/PROCESSED/NC/ct160-342-20_all_prof_PROCESSED.nc,ct160-342-20,250,2021-04-08 03:10:00,-46.7724,67.4936,True,False
/Volumes/Data/Work/SEALTAGS/Prydz/FLUO_LIGHT/PROCESSED/NC/ct160-342-20_all_prof_PROCESSED.nc,ct160-342-20,251,2021-04-08 03:40:00,-46.7886,67.5026,True,False
/Volumes/Data/Work/SEALTAGS/Prydz/FLUO_LIGHT/PROCESSED/NC/ct160-342-20_all_prof_PROCESSED.nc,ct160-342-20,252,2021-04-08 14:30:00,-46.7859,67.5402,False,False
/Volumes/Data/Work/SEALTAGS/Prydz/FLUO_LIGHT/PROCESSED/NC/ct160-342-20_all_prof_PROCESSED.nc,ct160-342-20,253,2021-04-08 14:50:00,-46.7783,67.5329,False,False
/Volumes/Data/Work/SEALTAGS/Prydz/FLUO_LIGHT/PROCESSED/NC/ct160-342-20_all_prof_PROCESSED.nc,ct160-342-20,254,2021-04-08 21:20:00,-46.7509,67.4687,False,False
/Volumes/Data/Work/SEALTAGS/Prydz/FLUO_LIGHT/PROCESSED/NC/ct160-342-20_all_prof_PROCESSED.nc,ct160-342-20,255,2021-04-09 15:00:00,-46.751,67.4654,False,False
/Volumes/Data/Work/SEALTAGS/Prydz/FLUO_LIGHT/PROCESSED/NC/ct160-342-20_all_prof_PROCESSED.nc,ct160-342-20,256,2021-04-10 02:10:00,-46.7753,67.4486,True,False
/Volumes/Data/Work/SEALTAGS/Prydz/FLUO_LIGHT/PROCESSED/NC/ct160-342-20_all_prof_PROCESSED.nc,ct160-342-20,257,2021-04-10 15:10:00,-46.7821,67.4178,False,False
/Volumes/Data/Work/SEALTAGS/Prydz/FLUO_LIGHT/PROCESSED/NC/ct160-342-20_all_prof_PROCESSED.nc,ct160-342-20,258,2021-04-10 18:50:00,-46.7041,67.4407,False,False
/Volumes/Data/Work/SEALTAGS/Prydz/FLUO_LIGHT/PROCESSED/NC/ct160-342-20_all_prof_PROCESSED.nc,ct160-342-20,259,2021-04-10 20:00:00,-46.7,67.4552,False,False
/Volumes/Data/Work/SEALTAGS/Prydz/FLUO_LIGHT/PROCESSED/NC/ct160-342-20_all_prof_PROCESSED.nc,ct160-342-20,260,2021-04-11 01:20:00,-46.7019,67.5166,False,False
/Volumes/Data/Work/SEALTAGS/Prydz/FLUO_LIGHT/PROCESSED/NC/ct160-342-20_all_prof_PROCESSED.nc,ct160-342-20,261,2021-04-11 14:00:00,-46.6713,67.5712,False,False
/Volumes/Data/Work/SEALTAGS/Prydz/FLUO_LIGHT/PROCESSED/NC/ct160-342-20_all_prof_PROCESSED.nc,ct160-342-20,262,2021-04-13 01:30:00,-46.5126,68.1267,False,False
/Volumes/Data/Work/SEALTAGS/Prydz/FLUO_LIGHT/PROCESSED/NC/ct160-342-20_all_prof_PROCESSED.nc,ct160-342-20,263,2021-04-13 14:10:00,-46.5278,68.3114,False,False
/Volumes/Data/Work/SEALTAGS/Prydz/FLUO_LIGHT/PROCESSED/NC/ct160-342-20_all_prof_PROCESSED.nc,ct160-342-20,264,2021-04-14 03:40:00,-46.6132,68.9144,True,False
/Volumes/Data/Work/SEALTAGS/Prydz/FLUO_LIGHT/PROCESSED/NC/ct160-342-20_all_prof_PROCESSED.nc,ct160-342-20,265,2021-04-14 04:10:00,-46.6175,68.937,True,False
/Volumes/Data/Work/SEALTAGS/Prydz/FLUO_LIGHT/PROCESSED/NC/ct160-342-20_all_prof_PROCESSED.nc,ct160-342-20,266,2021-04-14 05:30:00,-46.6355,68.9988,True,False
/Volumes/Data/Work/SEALTAGS/Prydz/FLUO_LIGHT/PROCESSED/NC/ct160-342-20_all_prof_PROCESSED.nc,ct160-342-20,267,2021-04-14 13:30:00,-46.6914,69.4541,False,False
/Volumes/Data/Work/SEALTAGS/Prydz/FLUO_LIGHT/PROCESSED/NC/ct160-342-20_all_prof_PROCESSED.nc,ct160-342-20,268,2021-04-14 23:50:00,-46.7607,69.7824,False,False
/Volumes/Data/Work/SEALTAGS/Prydz/FLUO_LIGHT/PROCESSED/NC/ct160-342-20_all_prof_PROCESSED.nc,ct160-342-20,269,2021-04-15 03:10:00,-46.7827,69.8818,True,False
/Volumes/Data/Work/SEALTAGS/Prydz/FLUO_LIGHT/PROCESSED/NC/ct160-342-20_all_prof_PROCESSED.nc,ct160-342-20,270,2021-04-15 05:50:00,-46.8836,70.088,True,False
/Volumes/Data/Work/SEALTAGS/Prydz/FLUO_LIGHT/PROCESSED/NC/ct160-342-20_all_prof_PROCESSED.nc,ct160-342-20,271,2021-04-17 05:40:00,-47.7396,71.363,True,False
/Volumes/Data/Work/SEALTAGS/Prydz/FLUO_LIGHT/PROCESSED/NC/ct160-342-20_all_prof_PROCESSED.nc,ct160-342-20,272,2021-04-17 10:00:00,-47.8959,71.5491,True,False
/Volumes/Data/Work/SEALTAGS/Prydz/FLUO_LIGHT/PROCESSED/NC/ct160-342-20_all_prof_PROCESSED.nc,ct160-342-20,273,2021-04-17 15:00:00,-47.9832,71.7027,False,False
/Volumes/Data/Work/SEALTAGS/Prydz/FLUO_LIGHT/PROCESSED/NC/ct160-342-20_all_prof_PROCESSED.nc,ct160-342-20,274,2021-04-17 22:00:00,-48.1337,71.7605,False,False
/Volumes/Data/Work/SEALTAGS/Prydz/FLUO_LIGHT/PROCESSED/NC/ct160-342-20_all_prof_PROCESSED.nc,ct160-342-20,275,2021-04-18 01:50:00,-48.2545,71.7143,False,False
/Volumes/Data/Work/SEALTAGS/Prydz/FLUO_LIGHT/PROCESSED/NC/ct160-342-20_all_prof_PROCESSED.nc,ct160-342-20,276,2021-04-18 09:50:00,-48.3409,71.5831,True,False
/Volumes/Data/Work/SEALTAGS/Prydz/FLUO_LIGHT/PROCESSED/NC/ct160-342-20_all_prof_PROCESSED.nc,ct160-342-20,277,2021-04-18 17:10:00,-48.5009,71.4431,False,False
/Volumes/Data/Work/SEALTAGS/Prydz/FLUO_LIGHT/PROCESSED/NC/ct160-342-20_all_prof_PROCESSED.nc,ct160-342-20,278,2021-04-19 01:30:00,-48.7317,71.301,False,False
/Volumes/Data/Work/SEALTAGS/Prydz/FLUO_LIGHT/PROCESSED/NC/ct160-342-20_all_prof_PROCESSED.nc,ct160-342-20,279,2021-04-19 04:30:00,-48.779,71.2664,True,False
/Volumes/Data/Work/SEALTAGS/Prydz/FLUO_LIGHT/PROCESSED/NC/ct160-342-20_all_prof_PROCESSED.nc,ct160-342-20,280,2021-04-19 14:20:00,-48.8256,71.122,False,False
/Volumes/Data/Work/SEALTAGS/Prydz/FLUO_LIGHT/PROCESSED/NC/ct160-918BAT-18_all_prof_PROCESSED.nc,ct160-918BAT-18,1,2021-01-04 11:10:00,-49.4059,70.6299,True,False
/Volumes/Data/Work/SEALTAGS/Prydz/FLUO_LIGHT/PROCESSED/NC/ct160-918BAT-18_all_prof_PROCESSED.nc,ct160-918BAT-18,2,2021-01-04 17:00:00,-49.5492,71.1726,False,False
/Volumes/Data/Work/SEALTAGS/Prydz/FLUO_LIGHT/PROCESSED/NC/ct160-918BAT-18_all_prof_PROCESSED.nc,ct160-918BAT-18,3,2021-01-05 02:10:00,-49.7829,71.5109,True,False
/Volumes/Data/Work/SEALTAGS/Prydz/FLUO_LIGHT/PROCESSED/NC/ct160-918BAT-18_all_prof_PROCESSED.nc,ct160-918BAT-18,4,2021-01-05 16:20:00,-50.1609,72.0117,False,False
/Volumes/Data/Work/SEALTAGS/Prydz/FLUO_LIGHT/PROCESSED/NC/ct160-918BAT-18_all_prof_PROCESSED.nc,ct160-918BAT-18,5,2021-01-06 07:00:00,-50.6624,72.2989,True,False
/Volumes/Data/Work/SEALTAGS/Prydz/FLUO_LIGHT/PROCESSED/NC/ct160-918BAT-18_all_prof_PROCESSED.nc,ct160-918BAT-18,6,2021-01-06 15:50:00,-50.8725,72.7485,False,False
/Volumes/Data/Work/SEALTAGS/Prydz/FLUO_LIGHT/PROCESSED/NC/ct160-918BAT-18_all_prof_PROCESSED.nc,ct160-918BAT-18,7,2021-01-07 03:20:00,-51.1353,73.1507,True,False
/Volumes/Data/Work/SEALTAGS/Prydz/FLUO_LIGHT/PROCESSED/NC/ct160-918BAT-18_all_prof_PROCESSED.nc,ct160-918BAT-18,8,2021-01-07 14:10:00,-51.4621,73.37,True,False
/Volumes/Data/Work/SEALTAGS/Prydz/FLUO_LIGHT/PROCESSED/NC/ct160-918BAT-18_all_prof_PROCESSED.nc,ct160-918BAT-18,9,2021-01-08 04:40:00,-51.9282,73.458,True,False
/Volumes/Data/Work/SEALTAGS/Prydz/FLUO_LIGHT/PROCESSED/NC/ct160-918BAT-18_all_prof_PROCESSED.nc,ct160-918BAT-18,10,2021-01-08 15:10:00,-52.2615,73.9134,True,False
/Volumes/Data/Work/SEALTAGS/Prydz/FLUO_LIGHT/PROCESSED/NC/ct160-918BAT-18_all_prof_PROCESSED.nc,ct160-918BAT-18,11,2021-01-09 09:00:00,-52.7864,74.4436,True,False
/Volumes/Data/Work/SEALTAGS/Prydz/FLUO_LIGHT/PROCESSED/NC/ct160-918BAT-18_all_prof_PROCESSED.nc,ct160-918BAT-18,12,2021-01-09 17:20:00,-53.0818,74.4987,False,False
/Volumes/Data/Work/SEALTAGS/Prydz/FLUO_LIGHT/PROCESSED/NC/ct160-918BAT-18_all_prof_PROCESSED.nc,ct160-918BAT-18,13,2021-01-10 03:50:00,-53.4228,74.9225,True,False
/Volumes/Data/Work/SEALTAGS/Prydz/FLUO_LIGHT/PROCESSED/NC/ct160-918BAT-18_all_prof_PROCESSED.nc,ct160-918BAT-18,14,2021-01-10 15:10:00,-53.8634,75.271,True,False
/Volumes/Data/Work/SEALTAGS/Prydz/FLUO_LIGHT/PROCESSED/NC/ct160-918BAT-18_all_prof_PROCESSED.nc,ct160-918BAT-18,15,2021-01-11 11:10:00,-54.583,75.8561,True,False
/Volumes/Data/Work/SEALTAGS/Prydz/FLUO_LIGHT/PROCESSED/NC/ct160-918BAT-18_all_prof_PROCESSED.nc,ct160-918BAT-18,16,2021-01-11 22:40:00,-55.0626,76.2235,False,False
/Volumes/Data/Work/SEALTAGS/Prydz/FLUO_LIGHT/PROCESSED/NC/ct160-918BAT-18_all_prof_PROCESSED.nc,ct160-918BAT-18,17,2021-01-12 03:10:00,-55.1032,76.4015,True,False
/Volumes/Data/Work/SEALTAGS/Prydz/FLUO_LIGHT/PROCESSED/NC/ct160-918BAT-18_all_prof_PROCESSED.nc,ct160-918BAT-18,18,2021-01-12 23:20:00,-55.8093,77.2216,True,False
/Volumes/Data/Work/SEALTAGS/Prydz/FLUO_LIGHT/PROCESSED/NC/ct160-918BAT-18_all_prof_PROCESSED.nc,ct160-918BAT-18,19,2021-01-13 08:00:00,-56.1703,77.5428,True,False
/Volumes/Data/Work/SEALTAGS/Prydz/FLUO_LIGHT/PROCESSED/NC/ct160-918BAT-18_all_prof_PROCESSED.nc,ct160-918BAT-18,20,2021-01-13 15:00:00,-56.425,77.9119,True,False
/Volumes/Data/Work/SEALTAGS/Prydz/FLUO_LIGHT/PROCESSED/NC/ct160-918BAT-18_all_prof_PROCESSED.nc,ct160-918BAT-18,21,2021-01-14 06:40:00,-56.9532,78.4509,True,False
/Volumes/Data/Work/SEALTAGS/Prydz/FLUO_LIGHT/PROCESSED/NC/ct160-918BAT-18_all_prof_PROCESSED.nc,ct160-918BAT-18,22,2021-01-14 23:30:00,-57.554,79.017,True,False
/Volumes/Data/Work/SEALTAGS/Prydz/FLUO_LIGHT/PROCESSED/NC/ct160-918BAT-18_all_prof_PROCESSED.nc,ct160-918BAT-18,23,2021-01-15 08:50:00,-57.8908,79.3655,True,False
/Volumes/Data/Work/SEALTAGS/Prydz/FLUO_LIGHT/PROCESSED/NC/ct160-918BAT-18_all_prof_PROCESSED.nc,ct160-918BAT-18,24,2021-01-15 23:30:00,-58.2878,79.9987,True,False
/Volumes/Data/Work/SEALTAGS/Prydz/FLUO_LIGHT/PROCESSED/NC/ct160-918BAT-18_all_prof_PROCESSED.nc,ct160-918BAT-18,25,2021-01-16 02:00:00,-58.4019,80.1269,True,False
/Volumes/Data/Work/SEALTAGS/Prydz/FLUO_LIGHT/PROCESSED/NC/ct160-918BAT-18_all_prof_PROCESSED.nc,ct160-918BAT-18,26,2021-01-16 15:00:00,-58.8535,80.9198,True,False
/Volumes/Data/Work/SEALTAGS/Prydz/FLUO_LIGHT/PROCESSED/NC/ct160-918BAT-18_all_prof_PROCESSED.nc,ct160-918BAT-18,27,2021-01-17 05:10:00,-59.2719,81.4447,True,False
/Volumes/Data/Work/SEALTAGS/Prydz/FLUO_LIGHT/PROCESSED/NC/ct160-918BAT-18_all_prof_PROCESSED.nc,ct160-918BAT-18,28,2021-01-17 15:00:00,-59.6818,82.077,True,False
/Volumes/Data/Work/SEALTAGS/Prydz/FLUO_LIGHT/PROCESSED/NC/ct160-918BAT-18_all_prof_PROCESSED.nc,ct160-918BAT-18,29,2021-01-18 02:20:00,-59.9735,82.4161,True,False
/Volumes/Data/Work/SEALTAGS/Prydz/FLUO_LIGHT/PROCESSED/NC/ct160-918BAT-18_all_prof_PROCESSED.nc,ct160-918BAT-18,30,2021-01-18 17:00:00,-60.4335,83.42,False,False
/Volumes/Data/Work/SEALTAGS/Prydz/FLUO_LIGHT/PROCESSED/NC/ct160-918BAT-18_all_prof_PROCESSED.nc,ct160-918BAT-18,31,2021-01-19 04:10:00,-60.7211,83.7207,True,False
/Volumes/Data/Work/SEALTAGS/Prydz/FLUO_LIGHT/PROCESSED/NC/ct160-918BAT-18_all_prof_PROCESSED.nc,ct160-918BAT-18,32,2021-01-19 17:50:00,-61.2143,84.3371,False,False
/Volumes/Data/Work/SEALTAGS/Prydz/FLUO_LIGHT/PROCESSED/NC/ct160-918BAT-18_all_prof_PROCESSED.nc,ct160-918BAT-18,33,2021-01-20 01:40:00,-61.4617,84.7128,True,False
/Volumes/Data/Work/SEALTAGS/Prydz/FLUO_LIGHT/PROCESSED/NC/ct160-918BAT-18_all_prof_PROCESSED.nc,ct160-918BAT-18,34,2021-01-20 18:40:00,-61.8788,85.9467,False,False
/Volumes/Data/Work/SEALTAGS/Prydz/FLUO_LIGHT/PROCESSED/NC/ct160-918BAT-18_all_prof_PROCESSED.nc,ct160-918BAT-18,35,2021-01-21 04:30:00,-62.1061,86.4217,True,False
/Volumes/Data/Work/SEALTAGS/Prydz/FLUO_LIGHT/PROCESSED/NC/ct160-918BAT-18_all_prof_PROCESSED.nc,ct160-918BAT-18,36,2021-01-21 23:40:00,-62.5482,87.6165,True,False
/Volumes/Data/Work/SEALTAGS/Prydz/FLUO_LIGHT/PROCESSED/NC/ct160-918BAT-18_all_prof_PROCESSED.nc,ct160-918BAT-18,37,2021-01-22 10:30:00,-62.885,88.4167,True,False
/Volumes/Data/Work/SEALTAGS/Prydz/FLUO_LIGHT/PROCESSED/NC/ct160-918BAT-18_all_prof_PROCESSED.nc,ct160-918BAT-18,38,2021-01-22 22:40:00,-62.9449,89.0524,True,False
/Volumes/Data/Work/SEALTAGS/Prydz/FLUO_LIGHT/PROCESSED/NC/ct160-918BAT-18_all_prof_PROCESSED.nc,ct160-918BAT-18,39,2021-01-23 02:10:00,-62.9563,89.0562,True,False
/Volumes/Data/Work/SEALTAGS/Prydz/FLUO_LIGHT/PROCESSED/NC/ct160-918BAT-18_all_prof_PROCESSED.nc,ct160-918BAT-18,40,2021-01-24 00:00:00,-63.3543,89.9619,True,False
/Volumes/Data/Work/SEALTAGS/Prydz/FLUO_LIGHT/PROCESSED/NC/ct160-918BAT-18_all_prof_PROCESSED.nc,ct160-918BAT-18,41,2021-01-24 14:20:00,-63.6871,90.5992,True,False
/Volumes/Data/Work/SEALTAGS/Prydz/FLUO_LIGHT/PROCESSED/NC/ct160-918BAT-18_all_prof_PROCESSED.nc,ct160-918BAT-18,42,2021-01-25 01:10:00,-63.904,90.9773,True,False
/Volumes/Data/Work/SEALTAGS/Prydz/FLUO_LIGHT/PROCESSED/NC/ct160-918BAT-18_all_prof_PROCESSED.nc,ct160-918BAT-18,43,2021-01-25 21:10:00,-64.1617,92.3313,True,False
/Volumes/Data/Work/SEALTAGS/Prydz/FLUO_LIGHT/PROCESSED/NC/ct160-918BAT-18_all_prof_PROCESSED.nc,ct160-918BAT-18,44,2021-01-26 02:40:00,-64.1649,92.8401,True,False
/Volumes/Data/Work/SEALTAGS/Prydz/FLUO_LIGHT/PROCESSED/NC/ct160-918BAT-18_all_prof_PROCESSED.nc,ct160-918BAT-18,45,2021-01-26 18:20:00,-64.4163,93.8384,False,False
/Volumes/Data/Work/SEALTAGS/Prydz/FLUO_LIGHT/PROCESSED/NC/ct160-918BAT-18_all_prof_PROCESSED.nc,ct160-918BAT-18,46,2021-01-27 01:30:00,-64.746,94.1626,True,False
/Volumes/Data/Work/SEALTAGS/Prydz/FLUO_LIGHT/PROCESSED/NC/ct160-918BAT-18_all_prof_PROCESSED.nc,ct160-918BAT-18,47,2021-01-27 15:20:00,-64.8622,94.4511,False,False
/Volumes/Data/Work/SEALTAGS/Prydz/FLUO_LIGHT/PROCESSED/NC/ct160-918BAT-18_all_prof_PROCESSED.nc,ct160-918BAT-18,48,2021-01-28 05:00:00,-64.957,94.2328,True,False
/Volumes/Data/Work/SEALTAGS/Prydz/FLUO_LIGHT/PROCESSED/NC/ct160-918BAT-18_all_prof_PROCESSED.nc,ct160-918BAT-18,49,2021-01-28 23:10:00,-64.9868,94.7883,True,False
/Volumes/Data/Work/SEALTAGS/Prydz/FLUO_LIGHT/PROCESSED/NC/ct160-918BAT-18_all_prof_PROCESSED.nc,ct160-918BAT-18,50,2021-01-29 04:20:00,-64.9275,94.8157,True,False
/Volumes/Data/Work/SEALTAGS/Prydz/FLUO_LIGHT/PROCESSED/NC/ct160-918BAT-18_all_prof_PROCESSED.nc,ct160-918BAT-18,51,2021-01-29 23:30:00,-65.0564,95.0621,True,False
/Volumes/Data/Work/SEALTAGS/Prydz/FLUO_LIGHT/PROCESSED/NC/ct160-918BAT-18_all_prof_PROCESSED.nc,ct160-918BAT-18,52,2021-01-30 03:50:00,-65.054,95.2742,True,False
/Volumes/Data/Work/SEALTAGS/Prydz/FLUO_LIGHT/PROCESSED/NC/ct160-918BAT-18_all_prof_PROCESSED.nc,ct160-918BAT-18,53,2021-01-30 17:50:00,-65.0036,95.4048,False,False
/Volumes/Data/Work/SEALTAGS/Prydz/FLUO_LIGHT/PROCESSED/NC/ct160-918BAT-18_all_prof_PROCESSED.nc,ct160-918BAT-18,54,2021-01-31 09:00:00,-65.2161,95.7173,True,False
/Volumes/Data/Work/SEALTAGS/Prydz/FLUO_LIGHT/PROCESSED/NC/ct160-918BAT-18_all_prof_PROCESSED.nc,ct160-918BAT-18,55,2021-01-31 16:20:00,-65.2243,95.4246,False,False
/Volumes/Data/Work/SEALTAGS/Prydz/FLUO_LIGHT/PROCESSED/NC/ct160-918BAT-18_all_prof_PROCESSED.nc,ct160-918BAT-18,56,2021-02-01 03:10:00,-65.4608,95.1972,True,False
/Volumes/Data/Work/SEALTAGS/Prydz/FLUO_LIGHT/PROCESSED/NC/ct160-918BAT-18_all_prof_PROCESSED.nc,ct160-918BAT-18,57,2021-02-01 18:10:00,-65.5496,95.2099,False,False
/Volumes/Data/Work/SEALTAGS/Prydz/FLUO_LIGHT/PROCESSED/NC/ct160-918BAT-18_all_prof_PROCESSED.nc,ct160-918BAT-18,58,2021-02-02 04:20:00,-65.525,95.4292,True,False
/Volumes/Data/Work/SEALTAGS/Prydz/FLUO_LIGHT/PROCESSED/NC/ct160-918BAT-18_all_prof_PROCESSED.nc,ct160-918BAT-18,59,2021-02-02 14:40:00,-65.7403,95.5845,True,False
/Volumes/Data/Work/SEALTAGS/Prydz/FLUO_LIGHT/PROCESSED/NC/ct160-918BAT-18_all_prof_PROCESSED.nc,ct160-918BAT-18,60,2021-02-03 02:10:00,-66.095,95.477,True,False
/Volumes/Data/Work/SEALTAGS/Prydz/FLUO_LIGHT/PROCESSED/NC/ct160-918BAT-18_all_prof_PROCESSED.nc,ct160-918BAT-18,61,2021-02-03 17:00:00,-66.2219,95.4219,False,False
/Volumes/Data/Work/SEALTAGS/Prydz/FLUO_LIGHT/PROCESSED/NC/ct160-918BAT-18_all_prof_PROCESSED.nc,ct160-918BAT-18,62,2021-02-04 05:20:00,-66.1155,95.4229,True,False
/Volumes/Data/Work/SEALTAGS/Prydz/FLUO_LIGHT/PROCESSED/NC/ct160-918BAT-18_all_prof_PROCESSED.nc,ct160-918BAT-18,63,2021-02-04 23:50:00,-66.2128,95.4078,True,False
/Volumes/Data/Work/SEALTAGS/Prydz/FLUO_LIGHT/PROCESSED/NC/ct160-918BAT-18_all_prof_PROCESSED.nc,ct160-918BAT-18,64,2021-02-05 03:40:00,-66.224,95.2558,True,False
/Volumes/Data/Work/SEALTAGS/Prydz/FLUO_LIGHT/PROCESSED/NC/ct160-918BAT-18_all_prof_PROCESSED.nc,ct160-918BAT-18,65,2021-02-05 15:20:00,-66.1877,95.2703,False,False
/Volumes/Data/Work/SEALTAGS/Prydz/FLUO_LIGHT/PROCESSED/NC/ct160-918BAT-18_all_prof_PROCESSED.nc,ct160-918BAT-18,66,2021-02-06 02:00:00,-65.9142,95.5277,True,False
/Volumes/Data/Work/SEALTAGS/Prydz/FLUO_LIGHT/PROCESSED/NC/ct160-918BAT-18_all_prof_PROCESSED.nc,ct160-918BAT-18,67,2021-02-06 18:50:00,-65.8523,94.4433,False,False
/Volumes/Data/Work/SEALTAGS/Prydz/FLUO_LIGHT/PROCESSED/NC/ct160-918BAT-18_all_prof_PROCESSED.nc,ct160-918BAT-18,68,2021-02-07 04:40:00,-65.5742,94.1229,True,False
/Volumes/Data/Work/SEALTAGS/Prydz/FLUO_LIGHT/PROCESSED/NC/ct160-918BAT-18_all_prof_PROCESSED.nc,ct160-918BAT-18,69,2021-02-07 15:20:00,-65.5667,93.3612,False,False
/Volumes/Data/Work/SEALTAGS/Prydz/FLUO_LIGHT/PROCESSED/NC/ct160-918BAT-18_all_prof_PROCESSED.nc,ct160-918BAT-18,70,2021-02-08 11:40:00,-65.7867,92.6918,True,False
/Volumes/Data/Work/SEALTAGS/Prydz/FLUO_LIGHT/PROCESSED/NC/ct160-918BAT-18_all_prof_PROCESSED.nc,ct160-918BAT-18,71,2021-02-08 23:00:00,-65.7546,92.7366,True,False
/Volumes/Data/Work/SEALTAGS/Prydz/FLUO_LIGHT/PROCESSED/NC/ct160-918BAT-18_all_prof_PROCESSED.nc,ct160-918BAT-18,72,2021-02-09 10:50:00,-65.738,93.1193,True,False
/Volumes/Data/Work/SEALTAGS/Prydz/FLUO_LIGHT/PROCESSED/NC/ct160-918BAT-18_all_prof_PROCESSED.nc,ct160-918BAT-18,73,2021-02-09 22:30:00,-65.6614,93.1801,True,False
/Volumes/Data/Work/SEALTAGS/Prydz/FLUO_LIGHT/PROCESSED/NC/ct160-918BAT-18_all_prof_PROCESSED.nc,ct160-918BAT-18,74,2021-02-10 07:30:00,-65.6696,93.067,True,False
/Volumes/Data/Work/SEALTAGS/Prydz/FLUO_LIGHT/PROCESSED/NC/ct160-918BAT-18_all_prof_PROCESSED.nc,ct160-918BAT-18,75,2021-02-10 23:10:00,-65.5536,93.2244,True,False
/Volumes/Data/Work/SEALTAGS/Prydz/FLUO_LIGHT/PROCESSED/NC/ct160-918BAT-18_all_prof_PROCESSED.nc,ct160-918BAT-18,76,2021-02-11 05:50:00,-65.6115,93.1915,True,False
/Volumes/Data/Work/SEALTAGS/Prydz/FLUO_LIGHT/PROCESSED/NC/ct160-918BAT-18_all_prof_PROCESSED.nc,ct160-918BAT-18,77,2021-02-11 22:20:00,-65.7345,93.2715,True,False
/Volumes/Data/Work/SEALTAGS/Prydz/FLUO_LIGHT/PROCESSED/NC/ct160-918BAT-18_all_prof_PROCESSED.nc,ct160-918BAT-18,78,2021-02-12 09:10:00,-65.6161,93.311,True,False
/Volumes/Data/Work/SEALTAGS/Prydz/FLUO_LIGHT/PROCESSED/NC/ct160-918BAT-18_all_prof_PROCESSED.nc,ct160-918BAT-18,79,2021-02-12 22:30:00,-65.4416,93.4205,True,False
/Volumes/Data/Work/SEALTAGS/Prydz/FLUO_LIGHT/PROCESSED/NC/ct160-918BAT-18_all_prof_PROCESSED.nc,ct160-918BAT-18,80,2021-02-13 02:20:00,-65.3917,93.5224,True,False
/Volumes/Data/Work/SEALTAGS/Prydz/FLUO_LIGHT/PROCESSED/NC/ct160-918BAT-18_all_prof_PROCESSED.nc,ct160-918BAT-18,81,2021-02-13 19:10:00,-65.2489,93.6008,False,False
/Volumes/Data/Work/SEALTAGS/Prydz/FLUO_LIGHT/PROCESSED/NC/ct160-918BAT-18_all_prof_PROCESSED.nc,ct160-918BAT-18,82,2021-02-14 03:40:00,-65.1845,93.8224,True,False
/Volumes/Data/Work/SEALTAGS/Prydz/FLUO_LIGHT/PROCESSED/NC/ct160-918BAT-18_all_prof_PROCESSED.nc,ct160-918BAT-18,83,2021-02-14 15:10:00,-65.1081,94.562,False,False
/Volumes/Data/Work/SEALTAGS/Prydz/FLUO_LIGHT/PROCESSED/NC/ct160-918BAT-18_all_prof_PROCESSED.nc,ct160-918BAT-18,84,2021-02-15 09:40:00,-65.0618,94.7522,True,False
/Volumes/Data/Work/SEALTAGS/Prydz/FLUO_LIGHT/PROCESSED/NC/ct160-918BAT-18_all_prof_PROCESSED.nc,ct160-918BAT-18,85,2021-02-15 15:00:00,-65.0108,94.6411,False,False
/Volumes/Data/Work/SEALTAGS/Prydz/FLUO_LIGHT/PROCESSED/NC/ct160-918BAT-18_all_prof_PROCESSED.nc,ct160-918BAT-18,86,2021-02-16 03:00:00,-65.0829,94.6134,True,False
/Volumes/Data/Work/SEALTAGS/Prydz/FLUO_LIGHT/PROCESSED/NC/ct171-338-BAT-20_all_prof_PROCESSED.nc,ct171-338-BAT-20,1,2022-12-20 22:10:00,-49.5118,70.5411,False,False
/Volumes/Data/Work/SEALTAGS/Prydz/FLUO_LIGHT/PROCESSED/NC/ct171-338-BAT-20_all_prof_PROCESSED.nc,ct171-338-BAT-20,2,2022-12-20 22:30:00,-49.5218,70.546,False,False
/Volumes/Data/Work/SEALTAGS/Prydz/FLUO_LIGHT/PROCESSED/NC/ct171-338-BAT-20_all_prof_PROCESSED.nc,ct171-338-BAT-20,3,2022-12-21 06:00:00,-49.7823,70.4827,True,False
/Volumes/Data/Work/SEALTAGS/Prydz/FLUO_LIGHT/PROCESSED/NC/ct171-338-BAT-20_all_prof_PROCESSED.nc,ct171-338-BAT-20,4,2022-12-21 07:50:00,-49.8454,70.401,True,False
/Volumes/Data/Work/SEALTAGS/Prydz/FLUO_LIGHT/PROCESSED/NC/ct171-338-BAT-20_all_prof_PROCESSED.nc,ct171-338-BAT-20,5,2022-12-21 09:20:00,-49.868,70.3922,True,False
/Volumes/Data/Work/SEALTAGS/Prydz/FLUO_LIGHT/PROCESSED/NC/ct171-338-BAT-20_all_prof_PROCESSED.nc,ct171-338-BAT-20,6,2022-12-21 15:10:00,-50.1599,70.4285,True,False
/Volumes/Data/Work/SEALTAGS/Prydz/FLUO_LIGHT/PROCESSED/NC/ct171-338-BAT-20_all_prof_PROCESSED.nc,ct171-338-BAT-20,7,2022-12-21 22:50:00,-50.6361,70.565,False,False
/Volumes/Data/Work/SEALTAGS/Prydz/FLUO_LIGHT/PROCESSED/NC/ct171-338-BAT-20_all_prof_PROCESSED.nc,ct171-338-BAT-20,8,2022-12-22 04:20:00,-50.6193,70.5727,True,False
/Volumes/Data/Work/SEALTAGS/Prydz/FLUO_LIGHT/PROCESSED/NC/ct171-338-BAT-20_all_prof_PROCESSED.nc,ct171-338-BAT-20,9,2022-12-22 05:20:00,-50.6362,70.5922,True,False
/Volumes/Data/Work/SEALTAGS/Prydz/FLUO_LIGHT/PROCESSED/NC/ct171-338-BAT-20_all_prof_PROCESSED.nc,ct171-338-BAT-20,10,2022-12-22 10:20:00,-50.819,71.0098,True,False
/Volumes/Data/Work/SEALTAGS/Prydz/FLUO_LIGHT/PROCESSED/NC/ct171-338-BAT-20_all_prof_PROCESSED.nc,ct171-338-BAT-20,11,2022-12-22 15:10:00,-50.9426,71.2243,True,False
/Volumes/Data/Work/SEALTAGS/Prydz/FLUO_LIGHT/PROCESSED/NC/ct171-338-BAT-20_all_prof_PROCESSED.nc,ct171-338-BAT-20,12,2022-12-22 16:00:00,-50.966,71.2379,False,False
/Volumes/Data/Work/SEALTAGS/Prydz/FLUO_LIGHT/PROCESSED/NC/ct171-338-BAT-20_all_prof_PROCESSED.nc,ct171-338-BAT-20,13,2022-12-22 19:40:00,-51.0898,71.2055,False,False
/Volumes/Data/Work/SEALTAGS/Prydz/FLUO_LIGHT/PROCESSED/NC/ct171-338-BAT-20_all_prof_PROCESSED.nc,ct171-338-BAT-20,14,2022-12-23 03:10:00,-51.2408,71.1561,True,False
/Volumes/Data/Work/SEALTAGS/Prydz/FLUO_LIGHT/PROCESSED/NC/ct171-338-BAT-20_all_prof_PROCESSED.nc,ct171-338-BAT-20,15,2022-12-23 08:30:00,-51.5173,71.4323,True,False
/Volumes/Data/Work/SEALTAGS/Prydz/FLUO_LIGHT/PROCESSED/NC/ct171-338-BAT-20_all_prof_PROCESSED.nc,ct171-338-BAT-20,16,2022-12-23 16:20:00,-51.8717,71.371,False,False
/Volumes/Data/Work/SEALTAGS/Prydz/FLUO_LIGHT/PROCESSED/NC/ct171-338-BAT-20_all_prof_PROCESSED.nc,ct171-338-BAT-20,17,2022-12-23 17:30:00,-51.9197,71.3,False,False
/Volumes/Data/Work/SEALTAGS/Prydz/FLUO_LIGHT/PROCESSED/NC/ct171-338-BAT-20_all_prof_PROCESSED.nc,ct171-338-BAT-20,18,2022-12-24 02:10:00,-52.2545,71.1289,True,False
/Volumes/Data/Work/SEALTAGS/Prydz/FLUO_LIGHT/PROCESSED/NC/ct171-338-BAT-20_all_prof_PROCESSED.nc,ct171-338-BAT-20,19,2022-12-25 14:50:00,-52.9722,71.8814,True,False
/Volumes/Data/Work/SEALTAGS/Prydz/FLUO_LIGHT/PROCESSED/NC/ct171-338-BAT-20_all_prof_PROCESSED.nc,ct171-338-BAT-20,20,2022-12-25 18:50:00,-53.1249,71.9539,False,False
/Volumes/Data/Work/SEALTAGS/Prydz/FLUO_LIGHT/PROCESSED/NC/ct171-338-BAT-20_all_prof_PROCESSED.nc,ct171-338-BAT-20,21,2022-12-26 03:10:00,-53.2279,72.1899,True,False
/Volumes/Data/Work/SEALTAGS/Prydz/FLUO_LIGHT/PROCESSED/NC/ct171-338-BAT-20_all_prof_PROCESSED.nc,ct171-338-BAT-20,22,2022-12-26 04:50:00,-53.2325,72.2151,True,False
/Volumes/Data/Work/SEALTAGS/Prydz/FLUO_LIGHT/PROCESSED/NC/ct171-338-BAT-20_all_prof_PROCESSED.nc,ct171-338-BAT-20,23,2022-12-26 15:00:00,-53.1855,71.8911,True,False
/Volumes/Data/Work/SEALTAGS/Prydz/FLUO_LIGHT/PROCESSED/NC/ct171-338-BAT-20_all_prof_PROCESSED.nc,ct171-338-BAT-20,24,2022-12-26 17:30:00,-53.1319,72.2221,False,False
/Volumes/Data/Work/SEALTAGS/Prydz/FLUO_LIGHT/PROCESSED/NC/ct171-338-BAT-20_all_prof_PROCESSED.nc,ct171-338-BAT-20,25,2022-12-27 02:40:00,-53.0981,72.2152,True,False
/Volumes/Data/Work/SEALTAGS/Prydz/FLUO_LIGHT/PROCESSED/NC/ct171-338-BAT-20_all_prof_PROCESSED.nc,ct171-338-BAT-20,26,2022-12-27 03:00:00,-53.1099,72.1987,True,False
/Volumes/Data/Work/SEALTAGS/Prydz/FLUO_LIGHT/PROCESSED/NC/ct171-338-BAT-20_all_prof_PROCESSED.nc,ct171-338-BAT-20,27,2022-12-27 14:10:00,-53.1282,72.1063,True,False
/Volumes/Data/Work/SEALTAGS/Prydz/FLUO_LIGHT/PROCESSED/NC/ct171-338-BAT-20_all_prof_PROCESSED.nc,ct171-338-BAT-20,28,2022-12-28 16:40:00,-53.1706,72.1305,False,False
/Volumes/Data/Work/SEALTAGS/Prydz/FLUO_LIGHT/PROCESSED/NC/ct171-338-BAT-20_all_prof_PROCESSED.nc,ct171-338-BAT-20,29,2022-12-28 20:20:00,-53.0229,71.9451,False,False
/Volumes/Data/Work/SEALTAGS/Prydz/FLUO_LIGHT/PROCESSED/NC/ct171-338-BAT-20_all_prof_PROCESSED.nc,ct171-338-BAT-20,30,2022-12-29 01:20:00,-52.9774,72.0598,True,False
/Volumes/Data/Work/SEALTAGS/Prydz/FLUO_LIGHT/PROCESSED/NC/ct171-338-BAT-20_all_prof_PROCESSED.nc,ct171-338-BAT-20,31,2022-12-29 09:40:00,-52.8945,71.9425,True,False
/Volumes/Data/Work/SEALTAGS/Prydz/FLUO_LIGHT/PROCESSED/NC/ct171-338-BAT-20_all_prof_PROCESSED.nc,ct171-338-BAT-20,32,2022-12-29 19:10:00,-53.0407,72.2102,False,False
/Volumes/Data/Work/SEALTAGS/Prydz/FLUO_LIGHT/PROCESSED/NC/ct171-338-BAT-20_all_prof_PROCESSED.nc,ct171-338-BAT-20,33,2022-12-29 19:30:00,-53.041,72.2064,False,False
/Volumes/Data/Work/SEALTAGS/Prydz/FLUO_LIGHT/PROCESSED/NC/ct171-338-BAT-20_all_prof_PROCESSED.nc,ct171-338-BAT-20,34,2022-12-30 03:20:00,-53.0517,72.18,True,False
/Volumes/Data/Work/SEALTAGS/Prydz/FLUO_LIGHT/PROCESSED/NC/ct171-338-BAT-20_all_prof_PROCESSED.nc,ct171-338-BAT-20,35,2022-12-30 04:20:00,-53.1398,72.1677,True,False
/Volumes/Data/Work/SEALTAGS/Prydz/FLUO_LIGHT/PROCESSED/NC/ct171-338-BAT-20_all_prof_PROCESSED.nc,ct171-338-BAT-20,36,2022-12-30 16:50:00,-52.898,72.4097,False,False
/Volumes/Data/Work/SEALTAGS/Prydz/FLUO_LIGHT/PROCESSED/NC/ct171-338-BAT-20_all_prof_PROCESSED.nc,ct171-338-BAT-20,37,2022-12-30 21:50:00,-52.9559,72.2068,False,False
/Volumes/Data/Work/SEALTAGS/Prydz/FLUO_LIGHT/PROCESSED/NC/ct171-338-BAT-20_all_prof_PROCESSED.nc,ct171-338-BAT-20,38,2022-12-31 20:30:00,-53.058,72.0068,False,False
/Volumes/Data/Work/SEALTAGS/Prydz/FLUO_LIGHT/PROCESSED/NC/ct171-338-BAT-20_all_prof_PROCESSED.nc,ct171-338-BAT-20,39,2022-12-31 20:50:00,-53.0612,72.0006,False,False
/Volumes/Data/Work/SEALTAGS/Prydz/FLUO_LIGHT/PROCESSED/NC/ct171-338-BAT-20_all_prof_PROCESSED.nc,ct171-338-BAT-20,40,2023-01-01 14:00:00,-52.9338,72.1204,True,False
/Volumes/Data/Work/SEALTAGS/Prydz/FLUO_LIGHT/PROCESSED/NC/ct171-338-BAT-20_all_prof_PROCESSED.nc,ct171-338-BAT-20,41,2023-01-01 22:00:00,-52.9131,72.147,False,False
/Volumes/Data/Work/SEALTAGS/Prydz/FLUO_LIGHT/PROCESSED/NC/ct171-338-BAT-20_all_prof_PROCESSED.nc,ct171-338-BAT-20,42,2023-01-02 02:40:00,-53.0648,72.3145,True,False
/Volumes/Data/Work/SEALTAGS/Prydz/FLUO_LIGHT/PROCESSED/NC/ct171-338-BAT-20_all_prof_PROCESSED.nc,ct171-338-BAT-20,43,2023-01-03 18:10:00,-52.935,72.2395,False,False
/Volumes/Data/Work/SEALTAGS/Prydz/FLUO_LIGHT/PROCESSED/NC/ct171-338-BAT-20_all_prof_PROCESSED.nc,ct171-338-BAT-20,44,2023-01-03 20:10:00,-52.9847,72.2116,False,False
/Volumes/Data/Work/SEALTAGS/Prydz/FLUO_LIGHT/PROCESSED/NC/ct171-338-BAT-20_all_prof_PROCESSED.nc,ct171-338-BAT-20,45,2023-01-03 21:00:00,-53.0053,72.2,False,False
/Volumes/Data/Work/SEALTAGS/Prydz/FLUO_LIGHT/PROCESSED/NC/ct171-338-BAT-20_all_prof_PROCESSED.nc,ct171-338-BAT-20,46,2023-01-03 21:20:00,-53.0136,72.1953,False,False
/Volumes/Data/Work/SEALTAGS/Prydz/FLUO_LIGHT/PROCESSED/NC/ct171-338-BAT-20_all_prof_PROCESSED.nc,ct171-338-BAT-20,47,2023-01-04 03:10:00,-53.0652,71.942,True,False
/Volumes/Data/Work/SEALTAGS/Prydz/FLUO_LIGHT/PROCESSED/NC/ct171-338-BAT-20_all_prof_PROCESSED.nc,ct171-338-BAT-20,48,2023-01-04 17:40:00,-52.9835,72.1477,False,False
/Volumes/Data/Work/SEALTAGS/Prydz/FLUO_LIGHT/PROCESSED/NC/ct171-338-BAT-20_all_prof_PROCESSED.nc,ct171-338-BAT-20,49,2023-01-04 19:20:00,-52.9332,72.279,False,False
/Volumes/Data/Work/SEALTAGS/Prydz/FLUO_LIGHT/PROCESSED/NC/ct171-338-BAT-20_all_prof_PROCESSED.nc,ct171-338-BAT-20,50,2023-01-04 21:00:00,-52.9552,72.2112,False,False
/Volumes/Data/Work/SEALTAGS/Prydz/FLUO_LIGHT/PROCESSED/NC/ct171-338-BAT-20_all_prof_PROCESSED.nc,ct171-338-BAT-20,51,2023-01-04 21:20:00,-52.9584,72.1911,False,False
/Volumes/Data/Work/SEALTAGS/Prydz/FLUO_LIGHT/PROCESSED/NC/ct171-338-BAT-20_all_prof_PROCESSED.nc,ct171-338-BAT-20,52,2023-01-05 17:50:00,-53.1704,72.1275,False,False
/Volumes/Data/Work/SEALTAGS/Prydz/FLUO_LIGHT/PROCESSED/NC/ct171-338-BAT-20_all_prof_PROCESSED.nc,ct171-338-BAT-20,53,2023-01-05 21:50:00,-53.069,72.1349,False,False
/Volumes/Data/Work/SEALTAGS/Prydz/FLUO_LIGHT/PROCESSED/NC/ct171-338-BAT-20_all_prof_PROCESSED.nc,ct171-338-BAT-20,54,2023-01-06 03:50:00,-53.0882,72.1471,True,False
/Volumes/Data/Work/SEALTAGS/Prydz/FLUO_LIGHT/PROCESSED/NC/ct171-338-BAT-20_all_prof_PROCESSED.nc,ct171-338-BAT-20,55,2023-01-06 17:00:00,-53.0802,71.8367,False,False
/Volumes/Data/Work/SEALTAGS/Prydz/FLUO_LIGHT/PROCESSED/NC/ct171-338-BAT-20_all_prof_PROCESSED.nc,ct171-338-BAT-20,56,2023-01-06 19:00:00,-53.0466,71.8416,False,False
/Volumes/Data/Work/SEALTAGS/Prydz/FLUO_LIGHT/PROCESSED/NC/ct171-338-BAT-20_all_prof_PROCESSED.nc,ct171-338-BAT-20,57,2023-01-07 05:00:00,-53.0106,72.4727,True,False
/Volumes/Data/Work/SEALTAGS/Prydz/FLUO_LIGHT/PROCESSED/NC/ct171-338-BAT-20_all_prof_PROCESSED.nc,ct171-338-BAT-20,58,2023-01-07 17:50:00,-53.0352,72.5775,False,False
/Volumes/Data/Work/SEALTAGS/Prydz/FLUO_LIGHT/PROCESSED/NC/ct171-338-BAT-20_all_prof_PROCESSED.nc,ct171-338-BAT-20,59,2023-01-08 02:10:00,-53.0904,72.1336,True,False
/Volumes/Data/Work/SEALTAGS/Prydz/FLUO_LIGHT/PROCESSED/NC/ct171-338-BAT-20_all_prof_PROCESSED.nc,ct171-338-BAT-20,60,2023-01-08 08:00:00,-53.2583,72.1366,True,False
/Volumes/Data/Work/SEALTAGS/Prydz/FLUO_LIGHT/PROCESSED/NC/ct171-338-BAT-20_all_prof_PROCESSED.nc,ct171-338-BAT-20,61,2023-01-09 01:40:00,-53.0856,72.1658,True,False
/Volumes/Data/Work/SEALTAGS/Prydz/FLUO_LIGHT/PROCESSED/NC/ct171-338-BAT-20_all_prof_PROCESSED.nc,ct171-338-BAT-20,62,2023-01-09 16:00:00,-53.2923,71.9602,False,False
/Volumes/Data/Work/SEALTAGS/Prydz/FLUO_LIGHT/PROCESSED/NC/ct171-338-BAT-20_all_prof_PROCESSED.nc,ct171-338-BAT-20,63,2023-01-09 20:50:00,-53.2202,72.0884,False,False
/Volumes/Data/Work/SEALTAGS/Prydz/FLUO_LIGHT/PROCESSED/NC/ct171-338-BAT-20_all_prof_PROCESSED.nc,ct171-338-BAT-20,64,2023-01-09 22:20:00,-53.1884,72.1406,False,False
/Volumes/Data/Work/SEALTAGS/Prydz/FLUO_LIGHT/PROCESSED/NC/ct171-338-BAT-20_all_prof_PROCESSED.nc,ct171-338-BAT-20,65,2023-01-10 03:10:00,-53.0862,72.3091,True,False
/Volumes/Data/Work/SEALTAGS/Prydz/FLUO_LIGHT/PROCESSED/NC/ct171-338-BAT-20_all_prof_PROCESSED.nc,ct171-338-BAT-20,66,2023-01-10 05:00:00,-53.1012,72.2272,True,False
/Volumes/Data/Work/SEALTAGS/Prydz/FLUO_LIGHT/PROCESSED/NC/ct171-338-BAT-20_all_prof_PROCESSED.nc,ct171-338-BAT-20,67,2023-01-10 15:20:00,-52.9639,72.0526,True,False
/Volumes/Data/Work/SEALTAGS/Prydz/FLUO_LIGHT/PROCESSED/NC/ct171-338-BAT-20_all_prof_PROCESSED.nc,ct171-338-BAT-20,68,2023-01-10 20:30:00,-53.1083,72.1691,False,False
/Volumes/Data/Work/SEALTAGS/Prydz/FLUO_LIGHT/PROCESSED/NC/ct171-338-BAT-20_all_prof_PROCESSED.nc,ct171-338-BAT-20,69,2023-01-11 03:20:00,-53.1112,72.1,True,False
/Volumes/Data/Work/SEALTAGS/Prydz/FLUO_LIGHT/PROCESSED/NC/ct171-338-BAT-20_all_prof_PROCESSED.nc,ct171-338-BAT-20,70,2023-01-11 05:20:00,-53.1933,72.0539,True,False
/Volumes/Data/Work/SEALTAGS/Prydz/FLUO_LIGHT/PROCESSED/NC/ct171-338-BAT-20_all_prof_PROCESSED.nc,ct171-338-BAT-20,71,2023-01-11 06:20:00,-53.2501,72.0223,True,False
/Volumes/Data/Work/SEALTAGS/Prydz/FLUO_LIGHT/PROCESSED/NC/ct171-338-BAT-20_all_prof_PROCESSED.nc,ct171-338-BAT-20,72,2023-01-11 07:20:00,-53.2388,72.0745,True,False
/Volumes/Data/Work/SEALTAGS/Prydz/FLUO_LIGHT/PROCESSED/NC/ct171-338-BAT-20_all_prof_PROCESSED.nc,ct171-338-BAT-20,73,2023-01-11 08:00:00,-53.2313,72.1093,True,False
/Volumes/Data/Work/SEALTAGS/Prydz/FLUO_LIGHT/PROCESSED/NC/ct171-338-BAT-20_all_prof_PROCESSED.nc,ct171-338-BAT-20,74,2023-01-11 15:30:00,-53.2428,71.9244,True,False
/Volumes/Data/Work/SEALTAGS/Prydz/FLUO_LIGHT/PROCESSED/NC/ct171-338-BAT-20_all_prof_PROCESSED.nc,ct171-338-BAT-20,75,2023-01-11 19:30:00,-53.0996,72.04,False,False
/Volumes/Data/Work/SEALTAGS/Prydz/FLUO_LIGHT/PROCESSED/NC/ct171-338-BAT-20_all_prof_PROCESSED.nc,ct171-338-BAT-20,76,2023-01-12 05:00:00,-53.0693,72.0323,True,False
/Volumes/Data/Work/SEALTAGS/Prydz/FLUO_LIGHT/PROCESSED/NC/ct171-338-BAT-20_all_prof_PROCESSED.nc,ct171-338-BAT-20,77,2023-01-12 06:20:00,-53.1098,71.9949,True,False
/Volumes/Data/Work/SEALTAGS/Prydz/FLUO_LIGHT/PROCESSED/NC/ct171-338-BAT-20_all_prof_PROCESSED.nc,ct171-338-BAT-20,78,2023-01-12 19:50:00,-53.1179,72.5483,False,False
/Volumes/Data/Work/SEALTAGS/Prydz/FLUO_LIGHT/PROCESSED/NC/ct171-338-BAT-20_all_prof_PROCESSED.nc,ct171-338-BAT-20,79,2023-01-13 02:30:00,-53.085,72.2325,True,False
/Volumes/Data/Work/SEALTAGS/Prydz/FLUO_LIGHT/PROCESSED/NC/ct171-338-BAT-20_all_prof_PROCESSED.nc,ct171-338-BAT-20,80,2023-01-14 03:10:00,-53.2558,72.0268,True,False
/Volumes/Data/Work/SEALTAGS/Prydz/FLUO_LIGHT/PROCESSED/NC/ct171-338-BAT-20_all_prof_PROCESSED.nc,ct171-338-BAT-20,81,2023-01-14 03:30:00,-53.2563,72.039,True,False
/Volumes/Data/Work/SEALTAGS/Prydz/FLUO_LIGHT/PROCESSED/NC/ct171-338-BAT-20_all_prof_PROCESSED.nc,ct171-338-BAT-20,82,2023-01-14 05:40:00,-53.2589,72.1182,True,False
/Volumes/Data/Work/SEALTAGS/Prydz/FLUO_LIGHT/PROCESSED/NC/ct171-338-BAT-20_all_prof_PROCESSED.nc,ct171-338-BAT-20,83,2023-01-14 14:50:00,-53.1669,72.1724,True,False
/Volumes/Data/Work/SEALTAGS/Prydz/FLUO_LIGHT/PROCESSED/NC/ct171-338-BAT-20_all_prof_PROCESSED.nc,ct171-338-BAT-20,84,2023-01-15 01:40:00,-53.1021,72.1212,True,False
/Volumes/Data/Work/SEALTAGS/Prydz/FLUO_LIGHT/PROCESSED/NC/ct171-338-BAT-20_all_prof_PROCESSED.nc,ct171-338-BAT-20,85,2023-01-15 19:10:00,-53.0027,72.0898,False,False
/Volumes/Data/Work/SEALTAGS/Prydz/FLUO_LIGHT/PROCESSED/NC/ct171-338-BAT-20_all_prof_PROCESSED.nc,ct171-338-BAT-20,86,2023-01-16 03:10:00,-53.1609,72.1158,True,False
/Volumes/Data/Work/SEALTAGS/Prydz/FLUO_LIGHT/PROCESSED/NC/ct171-338-BAT-20_all_prof_PROCESSED.nc,ct171-338-BAT-20,87,2023-01-16 11:20:00,-53.1953,72.6433,True,False
/Volumes/Data/Work/SEALTAGS/Prydz/FLUO_LIGHT/PROCESSED/NC/ct171-338-BAT-20_all_prof_PROCESSED.nc,ct171-338-BAT-20,88,2023-01-16 17:00:00,-53.1008,72.3718,False,False
/Volumes/Data/Work/SEALTAGS/Prydz/FLUO_LIGHT/PROCESSED/NC/ct171-338-BAT-20_all_prof_PROCESSED.nc,ct171-338-BAT-20,89,2023-01-16 20:20:00,-53.1012,72.2049,False,False
/Volumes/Data/Work/SEALTAGS/Prydz/FLUO_LIGHT/PROCESSED/NC/ct171-338-BAT-20_all_prof_PROCESSED.nc,ct171-338-BAT-20,90,2023-01-17 03:00:00,-53.0056,71.9776,True,False
/Volumes/Data/Work/SEALTAGS/Prydz/FLUO_LIGHT/PROCESSED/NC/ct171-338-BAT-20_all_prof_PROCESSED.nc,ct171-338-BAT-20,91,2023-01-17 08:10:00,-53.0484,72.1399,True,False
/Volumes/Data/Work/SEALTAGS/Prydz/FLUO_LIGHT/PROCESSED/NC/ct171-338-BAT-20_all_prof_PROCESSED.nc,ct171-338-BAT-20,92,2023-01-17 16:40:00,-53.1404,72.1573,False,False
/Volumes/Data/Work/SEALTAGS/Prydz/FLUO_LIGHT/PROCESSED/NC/ct171-338-BAT-20_all_prof_PROCESSED.nc,ct171-338-BAT-20,93,2023-01-18 01:20:00,-53.0763,72.125,True,False
/Volumes/Data/Work/SEALTAGS/Prydz/FLUO_LIGHT/PROCESSED/NC/ct171-338-BAT-20_all_prof_PROCESSED.nc,ct171-338-BAT-20,94,2023-01-18 16:20:00,-53.1659,72.1434,False,False
/Volumes/Data/Work/SEALTAGS/Prydz/FLUO_LIGHT/PROCESSED/NC/ct171-338-BAT-20_all_prof_PROCESSED.nc,ct171-338-BAT-20,95,2023-01-18 19:30:00,-53.1425,72.0826,False,False
/Volumes/Data/Work/SEALTAGS/Prydz/FLUO_LIGHT/PROCESSED/NC/ct171-338-BAT-20_all_prof_PROCESSED.nc,ct171-338-BAT-20,96,2023-01-19 06:00:00,-53.1247,72.1147,True,False
/Volumes/Data/Work/SEALTAGS/Prydz/FLUO_LIGHT/PROCESSED/NC/ct171-338-BAT-20_all_prof_PROCESSED.nc,ct171-338-BAT-20,97,2023-01-19 17:10:00,-53.1191,72.259,False,False
/Volumes/Data/Work/SEALTAGS/Prydz/FLUO_LIGHT/PROCESSED/NC/ct171-338-BAT-20_all_prof_PROCESSED.nc,ct171-338-BAT-20,98,2023-01-20 02:40:00,-53.0786,72.2479,True,False
/Volumes/Data/Work/SEALTAGS/Prydz/FLUO_LIGHT/PROCESSED/NC/ct171-338-BAT-20_all_prof_PROCESSED.nc,ct171-338-BAT-20,99,2023-01-20 04:20:00,-53.0818,72.2683,True,False
/Volumes/Data/Work/SEALTAGS/Prydz/FLUO_LIGHT/PROCESSED/NC/ct171-338-BAT-20_all_prof_PROCESSED.nc,ct171-338-BAT-20,100,2023-01-20 13:10:00,-53.1071,72.1711,True,False
/Volumes/Data/Work/SEALTAGS/Prydz/FLUO_LIGHT/PROCESSED/NC/ct171-338-BAT-20_all_prof_PROCESSED.nc,ct171-338-BAT-20,101,2023-01-20 21:50:00,-53.0913,72.0988,False,False
/Volumes/Data/Work/SEALTAGS/Prydz/FLUO_LIGHT/PROCESSED/NC/ct171-338-BAT-20_all_prof_PROCESSED.nc,ct171-338-BAT-20,102,2023-01-21 13:20:00,-53.1029,72.1995,True,False
/Volumes/Data/Work/SEALTAGS/Prydz/FLUO_LIGHT/PROCESSED/NC/ct171-338-BAT-20_all_prof_PROCESSED.nc,ct171-338-BAT-20,103,2023-01-21 19:10:00,-53.1472,72.218,False,False
/Volumes/Data/Work/SEALTAGS/Prydz/FLUO_LIGHT/PROCESSED/NC/ct171-338-BAT-20_all_prof_PROCESSED.nc,ct171-338-BAT-20,104,2023-01-22 01:20:00,-53.069,72.1152,True,False
/Volumes/Data/Work/SEALTAGS/Prydz/FLUO_LIGHT/PROCESSED/NC/ct171-338-BAT-20_all_prof_PROCESSED.nc,ct171-338-BAT-20,105,2023-01-22 16:50:00,-53.1279,72.1777,False,False
/Volumes/Data/Work/SEALTAGS/Prydz/FLUO_LIGHT/PROCESSED/NC/ct171-338-BAT-20_all_prof_PROCESSED.nc,ct171-338-BAT-20,106,2023-01-22 20:00:00,-53.1261,72.2324,False,False
/Volumes/Data/Work/SEALTAGS/Prydz/FLUO_LIGHT/PROCESSED/NC/ct171-338-BAT-20_all_prof_PROCESSED.nc,ct171-338-BAT-20,107,2023-01-23 01:50:00,-53.1211,72.1755,True,False
/Volumes/Data/Work/SEALTAGS/Prydz/FLUO_LIGHT/PROCESSED/NC/ct171-338-BAT-20_all_prof_PROCESSED.nc,ct171-338-BAT-20,108,2023-01-23 13:40:00,-53.0365,72.1752,True,False
/Volumes/Data/Work/SEALTAGS/Prydz/FLUO_LIGHT/PROCESSED/NC/ct171-338-BAT-20_all_prof_PROCESSED.nc,ct171-338-BAT-20,109,2023-01-23 22:30:00,-53.1686,72.0563,False,False
/Volumes/Data/Work/SEALTAGS/Prydz/FLUO_LIGHT/PROCESSED/NC/ct171-338-BAT-20_all_prof_PROCESSED.nc,ct171-338-BAT-20,110,2023-01-24 02:30:00,-53.1336,72.2141,True,False
/Volumes/Data/Work/SEALTAGS/Prydz/FLUO_LIGHT/PROCESSED/NC/ct171-338-BAT-20_all_prof_PROCESSED.nc,ct171-338-BAT-20,111,2023-01-24 14:30:00,-53.0944,72.1303,True,False
/Volumes/Data/Work/SEALTAGS/Prydz/FLUO_LIGHT/PROCESSED/NC/ct171-338-BAT-20_all_prof_PROCESSED.nc,ct171-338-BAT-20,112,2023-01-24 15:40:00,-53.1063,72.1948,False,False
/Volumes/Data/Work/SEALTAGS/Prydz/FLUO_LIGHT/PROCESSED/NC/ct171-338-BAT-20_all_prof_PROCESSED.nc,ct171-338-BAT-20,113,2023-01-25 01:40:00,-53.2179,72.2177,True,False
/Volumes/Data/Work/SEALTAGS/Prydz/FLUO_LIGHT/PROCESSED/NC/ct171-338-BAT-20_all_prof_PROCESSED.nc,ct171-338-BAT-20,114,2023-01-25 21:30:00,-53.0183,72.0512,False,False
/Volumes/Data/Work/SEALTAGS/Prydz/FLUO_LIGHT/PROCESSED/NC/ct171-338-BAT-20_all_prof_PROCESSED.nc,ct171-338-BAT-20,115,2023-01-26 01:20:00,-53.0962,72.2051,True,False
/Volumes/Data/Work/SEALTAGS/Prydz/FLUO_LIGHT/PROCESSED/NC/ct171-338-BAT-20_all_prof_PROCESSED.nc,ct171-338-BAT-20,116,2023-01-27 03:40:00,-53.0887,72.3803,True,False
/Volumes/Data/Work/SEALTAGS/Prydz/FLUO_LIGHT/PROCESSED/NC/ct171-338-BAT-20_all_prof_PROCESSED.nc,ct171-338-BAT-20,117,2023-01-27 04:00:00,-53.0973,72.3685,True,False
/Volumes/Data/Work/SEALTAGS/Prydz/FLUO_LIGHT/PROCESSED/NC/ct171-338-BAT-20_all_prof_PROCESSED.nc,ct171-338-BAT-20,118,2023-01-27 08:40:00,-53.2179,72.2035,True,False
/Volumes/Data/Work/SEALTAGS/Prydz/FLUO_LIGHT/PROCESSED/NC/ct171-338-BAT-20_all_prof_PROCESSED.nc,ct171-338-BAT-20,119,2023-01-27 13:30:00,-53.1737,72.1049,True,False
/Volumes/Data/Work/SEALTAGS/Prydz/FLUO_LIGHT/PROCESSED/NC/ct171-338-BAT-20_all_prof_PROCESSED.nc,ct171-338-BAT-20,120,2023-01-28 03:10:00,-53.2336,72.129,True,False
/Volumes/Data/Work/SEALTAGS/Prydz/FLUO_LIGHT/PROCESSED/NC/ct171-338-BAT-20_all_prof_PROCESSED.nc,ct171-338-BAT-20,121,2023-01-28 05:00:00,-53.2662,72.1691,True,False
/Volumes/Data/Work/SEALTAGS/Prydz/FLUO_LIGHT/PROCESSED/NC/ct171-338-BAT-20_all_prof_PROCESSED.nc,ct171-338-BAT-20,122,2023-01-28 09:40:00,-53.2389,72.2079,True,False
/Volumes/Data/Work/SEALTAGS/Prydz/FLUO_LIGHT/PROCESSED/NC/ct171-338-BAT-20_all_prof_PROCESSED.nc,ct171-338-BAT-20,123,2023-01-28 14:20:00,-53.2057,72.2492,True,False
/Volumes/Data/Work/SEALTAGS/Prydz/FLUO_LIGHT/PROCESSED/NC/ct171-338-BAT-20_all_prof_PROCESSED.nc,ct171-338-BAT-20,124,2023-01-28 18:40:00,-53.2409,72.176,False,False
/Volumes/Data/Work/SEALTAGS/Prydz/FLUO_LIGHT/PROCESSED/NC/ct171-338-BAT-20_all_prof_PROCESSED.nc,ct171-338-BAT-20,125,2023-01-29 01:20:00,-53.2271,72.1385,True,False
/Volumes/Data/Work/SEALTAGS/Prydz/FLUO_LIGHT/PROCESSED/NC/ct171-338-BAT-20_all_prof_PROCESSED.nc,ct171-338-BAT-20,126,2023-01-29 14:20:00,-53.1974,72.2651,True,False
/Volumes/Data/Work/SEALTAGS/Prydz/FLUO_LIGHT/PROCESSED/NC/ct171-338-BAT-20_all_prof_PROCESSED.nc,ct171-338-BAT-20,127,2023-01-30 03:00:00,-53.2433,72.4439,True,False
/Volumes/Data/Work/SEALTAGS/Prydz/FLUO_LIGHT/PROCESSED/NC/ct171-338-BAT-20_all_prof_PROCESSED.nc,ct171-338-BAT-20,128,2023-01-30 03:20:00,-53.2335,72.456,True,False
/Volumes/Data/Work/SEALTAGS/Prydz/FLUO_LIGHT/PROCESSED/NC/ct171-338-BAT-20_all_prof_PROCESSED.nc,ct171-338-BAT-20,129,2023-01-30 06:30:00,-53.2198,72.6814,True,False
/Volumes/Data/Work/SEALTAGS/Prydz/FLUO_LIGHT/PROCESSED/NC/ct171-338-BAT-20_all_prof_PROCESSED.nc,ct171-338-BAT-20,130,2023-01-30 15:20:00,-53.3351,72.5523,False,False
/Volumes/Data/Work/SEALTAGS/Prydz/FLUO_LIGHT/PROCESSED/NC/ct171-338-BAT-20_all_prof_PROCESSED.nc,ct171-338-BAT-20,131,2023-02-02 02:30:00,-53.0841,72.3254,True,False
/Volumes/Data/Work/SEALTAGS/Prydz/FLUO_LIGHT/PROCESSED/NC/ct171-338-BAT-20_all_prof_PROCESSED.nc,ct171-338-BAT-20,132,2023-02-03 13:10:00,-53.0794,72.0789,True,False
/Volumes/Data/Work/SEALTAGS/Prydz/FLUO_LIGHT/PROCESSED/NC/ct171-338-BAT-20_all_prof_PROCESSED.nc,ct171-338-BAT-20,133,2023-02-03 15:20:00,-53.2024,72.1525,False,False
/Volumes/Data/Work/SEALTAGS/Prydz/FLUO_LIGHT/PROCESSED/NC/ct171-338-BAT-20_all_prof_PROCESSED.nc,ct171-338-BAT-20,134,2023-02-04 00:30:00,-53.1455,72.1508,True,False
/Volumes/Data/Work/SEALTAGS/Prydz/FLUO_LIGHT/PROCESSED/NC/ct171-338-BAT-20_all_prof_PROCESSED.nc,ct171-338-BAT-20,135,2023-02-04 14:40:00,-53.1494,72.0781,True,False
/Volumes/Data/Work/SEALTAGS/Prydz/FLUO_LIGHT/PROCESSED/NC/ct171-338-BAT-20_all_prof_PROCESSED.nc,ct171-338-BAT-20,136,2023-02-05 13:40:00,-53.0656,72.0882,True,False
/Volumes/Data/Work/SEALTAGS/Prydz/FLUO_LIGHT/PROCESSED/NC/ct171-338-BAT-20_all_prof_PROCESSED.nc,ct171-338-BAT-20,137,2023-02-05 22:10:00,-53.0829,72.2187,False,False
/Volumes/Data/Work/SEALTAGS/Prydz/FLUO_LIGHT/PROCESSED/NC/ct171-338-BAT-20_all_prof_PROCESSED.nc,ct171-338-BAT-20,138,2023-02-06 02:30:00,-53.0874,72.244,True,False
/Volumes/Data/Work/SEALTAGS/Prydz/FLUO_LIGHT/PROCESSED/NC/ct171-338-BAT-20_all_prof_PROCESSED.nc,ct171-338-BAT-20,139,2023-02-06 13:40:00,-52.9812,72.2591,True,False
/Volumes/Data/Work/SEALTAGS/Prydz/FLUO_LIGHT/PROCESSED/NC/ct171-338-BAT-20_all_prof_PROCESSED.nc,ct171-338-BAT-20,140,2023-02-07 02:20:00,-52.9768,71.859,True,False
/Volumes/Data/Work/SEALTAGS/Prydz/FLUO_LIGHT/PROCESSED/NC/ct171-338-BAT-20_all_prof_PROCESSED.nc,ct171-338-BAT-20,141,2023-02-07 03:10:00,-52.9743,71.9013,True,False
/Volumes/Data/Work/SEALTAGS/Prydz/FLUO_LIGHT/PROCESSED/NC/ct171-338-BAT-20_all_prof_PROCESSED.nc,ct171-338-BAT-20,142,2023-02-07 13:50:00,-53.1164,72.1197,True,False
/Volumes/Data/Work/SEALTAGS/Prydz/FLUO_LIGHT/PROCESSED/NC/ct171-338-BAT-20_all_prof_PROCESSED.nc,ct171-338-BAT-20,143,2023-02-08 03:10:00,-53.1207,72.1344,True,False
/Volumes/Data/Work/SEALTAGS/Prydz/FLUO_LIGHT/PROCESSED/NC/ct171-338-BAT-20_all_prof_PROCESSED.nc,ct171-338-BAT-20,144,2023-02-08 04:00:00,-53.1128,72.1114,True,False
/Volumes/Data/Work/SEALTAGS/Prydz/FLUO_LIGHT/PROCESSED/NC/ct171-338-BAT-20_all_prof_PROCESSED.nc,ct171-338-BAT-20,145,2023-02-08 04:20:00,-53.1096,72.1021,True,False
/Volumes/Data/Work/SEALTAGS/Prydz/FLUO_LIGHT/PROCESSED/NC/ct171-338-BAT-20_all_prof_PROCESSED.nc,ct171-338-BAT-20,146,2023-02-08 13:30:00,-53.0886,72.1834,True,False
/Volumes/Data/Work/SEALTAGS/Prydz/FLUO_LIGHT/PROCESSED/NC/ct171-338-BAT-20_all_prof_PROCESSED.nc,ct171-338-BAT-20,147,2023-02-09 02:20:00,-53.203,72.1508,True,False
/Volumes/Data/Work/SEALTAGS/Prydz/FLUO_LIGHT/PROCESSED/NC/ct171-338-BAT-20_all_prof_PROCESSED.nc,ct171-338-BAT-20,148,2023-02-09 12:40:00,-53.0899,72.2171,True,False
/Volumes/Data/Work/SEALTAGS/Prydz/FLUO_LIGHT/PROCESSED/NC/ct171-338-BAT-20_all_prof_PROCESSED.nc,ct171-338-BAT-20,149,2023-02-10 00:20:00,-53.1062,71.8337,True,False
/Volumes/Data/Work/SEALTAGS/Prydz/FLUO_LIGHT/PROCESSED/NC/ct171-338-BAT-20_all_prof_PROCESSED.nc,ct171-338-BAT-20,150,2023-02-10 15:00:00,-53.1216,72.1135,False,False
/Volumes/Data/Work/SEALTAGS/Prydz/FLUO_LIGHT/PROCESSED/NC/ct171-338-BAT-20_all_prof_PROCESSED.nc,ct171-338-BAT-20,151,2023-02-10 18:00:00,-53.109,72.284,False,False
/Volumes/Data/Work/SEALTAGS/Prydz/FLUO_LIGHT/PROCESSED/NC/ct171-338-BAT-20_all_prof_PROCESSED.nc,ct171-338-BAT-20,152,2023-02-11 03:20:00,-53.0664,72.0815,True,False
/Volumes/Data/Work/SEALTAGS/Prydz/FLUO_LIGHT/PROCESSED/NC/ct171-338-BAT-20_all_prof_PROCESSED.nc,ct171-338-BAT-20,153,2023-02-11 06:50:00,-53.0578,72.0342,True,False
/Volumes/Data/Work/SEALTAGS/Prydz/FLUO_LIGHT/PROCESSED/NC/ct171-338-BAT-20_all_prof_PROCESSED.nc,ct171-338-BAT-20,154,2023-02-11 15:10:00,-53.203,72.1912,False,False
/Volumes/Data/Work/SEALTAGS/Prydz/FLUO_LIGHT/PROCESSED/NC/ct171-338-BAT-20_all_prof_PROCESSED.nc,ct171-338-BAT-20,155,2023-02-11 16:30:00,-53.2026,72.18,False,False
/Volumes/Data/Work/SEALTAGS/Prydz/FLUO_LIGHT/PROCESSED/NC/ct171-338-BAT-20_all_prof_PROCESSED.nc,ct171-338-BAT-20,156,2023-02-11 17:20:00,-53.13991818176086,72.07736363626978,False,False
/Volumes/Data/Work/SEALTAGS/Prydz/FLUO_LIGHT/PROCESSED/NC/ct171-338-BAT-20_all_prof_PROCESSED.nc,ct171-338-BAT-20,157,2023-02-11 18:20:00,-53.0647,71.9542,False,False
/Volumes/Data/Work/SEALTAGS/Prydz/FLUO_LIGHT/PROCESSED/NC/ct171-338-BAT-20_all_prof_PROCESSED.nc,ct171-338-BAT-20,158,2023-02-12 03:00:00,-53.1522,72.2297,True,False
/Volumes/Data/Work/SEALTAGS/Prydz/FLUO_LIGHT/PROCESSED/NC/ct171-338-BAT-20_all_prof_PROCESSED.nc,ct171-338-BAT-20,159,2023-02-12 15:10:00,-53.1843,72.2083,False,False
/Volumes/Data/Work/SEALTAGS/Prydz/FLUO_LIGHT/PROCESSED/NC/ct171-338-BAT-20_all_prof_PROCESSED.nc,ct171-338-BAT-20,160,2023-02-12 22:10:00,-53.253,72.2049,False,False
/Volumes/Data/Work/SEALTAGS/Prydz/FLUO_LIGHT/PROCESSED/NC/ct171-338-BAT-20_all_prof_PROCESSED.nc,ct171-338-BAT-20,161,2023-02-13 02:10:00,-53.1412,72.143,True,False
/Volumes/Data/Work/SEALTAGS/Prydz/FLUO_LIGHT/PROCESSED/NC/ct171-338-BAT-20_all_prof_PROCESSED.nc,ct171-338-BAT-20,162,2023-02-13 23:30:00,-53.1603,72.2563,False,False
/Volumes/Data/Work/SEALTAGS/Prydz/FLUO_LIGHT/PROCESSED/NC/ct171-338-BAT-20_all_prof_PROCESSED.nc,ct171-338-BAT-20,163,2023-02-14 21:30:00,-53.1087,71.8445,False,False
/Volumes/Data/Work/SEALTAGS/Prydz/FLUO_LIGHT/PROCESSED/NC/ct171-338-BAT-20_all_prof_PROCESSED.nc,ct171-338-BAT-20,164,2023-02-15 02:10:00,-53.1744,71.9809,True,False
/Volumes/Data/Work/SEALTAGS/Prydz/FLUO_LIGHT/PROCESSED/NC/ct171-338-BAT-20_all_prof_PROCESSED.nc,ct171-338-BAT-20,165,2023-02-15 03:10:00,-53.1885,72.0102,True,False
/Volumes/Data/Work/SEALTAGS/Prydz/FLUO_LIGHT/PROCESSED/NC/ct171-338-BAT-20_all_prof_PROCESSED.nc,ct171-338-BAT-20,166,2023-02-15 15:30:00,-53.2565,72.223,False,False
/Volumes/Data/Work/SEALTAGS/Prydz/FLUO_LIGHT/PROCESSED/NC/ct171-338-BAT-20_all_prof_PROCESSED.nc,ct171-338-BAT-20,167,2023-02-15 18:50:00,-53.1151,72.1566,False,False
/Volumes/Data/Work/SEALTAGS/Prydz/FLUO_LIGHT/PROCESSED/NC/ct171-338-BAT-20_all_prof_PROCESSED.nc,ct171-338-BAT-20,168,2023-02-16 00:30:00,-53.0858,72.3461,True,False
/Volumes/Data/Work/SEALTAGS/Prydz/FLUO_LIGHT/PROCESSED/NC/ct171-338-BAT-20_all_prof_PROCESSED.nc,ct171-338-BAT-20,169,2023-02-16 14:20:00,-53.1374,72.1254,True,False
/Volumes/Data/Work/SEALTAGS/Prydz/FLUO_LIGHT/PROCESSED/NC/ct171-338-BAT-20_all_prof_PROCESSED.nc,ct171-338-BAT-20,170,2023-02-16 14:50:00,-53.1495,72.1242,False,False
/Volumes/Data/Work/SEALTAGS/Prydz/FLUO_LIGHT/PROCESSED/NC/ct171-338-BAT-20_all_prof_PROCESSED.nc,ct171-338-BAT-20,171,2023-02-17 03:20:00,-53.0119,72.2237,True,False
/Volumes/Data/Work/SEALTAGS/Prydz/FLUO_LIGHT/PROCESSED/NC/ct171-338-BAT-20_all_prof_PROCESSED.nc,ct171-338-BAT-20,172,2023-02-17 03:50:00,-52.9999,72.2178,True,False
/Volumes/Data/Work/SEALTAGS/Prydz/FLUO_LIGHT/PROCESSED/NC/ft24-917-18_all_prof_PROCESSED.nc,ft24-917-18,1,2019-01-01 23:20:00,-49.8318,70.5689,False,False
/Volumes/Data/Work/SEALTAGS/Prydz/FLUO_LIGHT/PROCESSED/NC/ft24-917-18_all_prof_PROCESSED.nc,ft24-917-18,2,2019-01-02 04:00:00,-49.948,70.713,True,False
/Volumes/Data/Work/SEALTAGS/Prydz/FLUO_LIGHT/PROCESSED/NC/ft24-917-18_all_prof_PROCESSED.nc,ft24-917-18,3,2019-01-02 15:20:00,-50.4044,71.0017,True,False
/Volumes/Data/Work/SEALTAGS/Prydz/FLUO_LIGHT/PROCESSED/NC/ft24-917-18_all_prof_PROCESSED.nc,ft24-917-18,4,2019-01-03 03:30:00,-50.8604,71.3491,True,False
/Volumes/Data/Work/SEALTAGS/Prydz/FLUO_LIGHT/PROCESSED/NC/ft24-917-18_all_prof_PROCESSED.nc,ft24-917-18,5,2019-01-03 15:20:00,-51.1406,71.3801,True,False
/Volumes/Data/Work/SEALTAGS/Prydz/FLUO_LIGHT/PROCESSED/NC/ft24-917-18_all_prof_PROCESSED.nc,ft24-917-18,6,2019-01-04 07:20:00,-51.7908,71.8568,True,False
/Volumes/Data/Work/SEALTAGS/Prydz/FLUO_LIGHT/PROCESSED/NC/ft24-917-18_all_prof_PROCESSED.nc,ft24-917-18,7,2019-01-05 21:00:00,-53.1765,72.2521,False,False
/Volumes/Data/Work/SEALTAGS/Prydz/FLUO_LIGHT/PROCESSED/NC/ft24-917-18_all_prof_PROCESSED.nc,ft24-917-18,8,2019-01-06 04:40:00,-53.3233,72.3809,True,False
/Volumes/Data/Work/SEALTAGS/Prydz/FLUO_LIGHT/PROCESSED/NC/ft24-917-18_all_prof_PROCESSED.nc,ft24-917-18,9,2019-01-06 18:00:00,-53.6912,72.9751,False,False
/Volumes/Data/Work/SEALTAGS/Prydz/FLUO_LIGHT/PROCESSED/NC/ft24-917-18_all_prof_PROCESSED.nc,ft24-917-18,10,2019-01-07 03:50:00,-53.9902,73.0319,True,False
/Volumes/Data/Work/SEALTAGS/Prydz/FLUO_LIGHT/PROCESSED/NC/ft24-917-18_all_prof_PROCESSED.nc,ft24-917-18,11,2019-01-07 14:20:00,-54.3521,73.352,True,False
/Volumes/Data/Work/SEALTAGS/Prydz/FLUO_LIGHT/PROCESSED/NC/ft24-917-18_all_prof_PROCESSED.nc,ft24-917-18,12,2019-01-08 01:30:00,-54.745,73.4588,True,False
/Volumes/Data/Work/SEALTAGS/Prydz/FLUO_LIGHT/PROCESSED/NC/ft24-917-18_all_prof_PROCESSED.nc,ft24-917-18,13,2019-01-08 15:10:00,-55.2043,73.7762,True,False
/Volumes/Data/Work/SEALTAGS/Prydz/FLUO_LIGHT/PROCESSED/NC/ft24-917-18_all_prof_PROCESSED.nc,ft24-917-18,14,2019-01-09 09:10:00,-55.7687,74.4996,True,False
/Volumes/Data/Work/SEALTAGS/Prydz/FLUO_LIGHT/PROCESSED/NC/ft24-917-18_all_prof_PROCESSED.nc,ft24-917-18,15,2019-01-09 15:20:00,-56.0746,74.6301,True,False
/Volumes/Data/Work/SEALTAGS/Prydz/FLUO_LIGHT/PROCESSED/NC/ft24-917-18_all_prof_PROCESSED.nc,ft24-917-18,16,2019-01-10 10:00:00,-56.8916,75.1815,True,False
/Volumes/Data/Work/SEALTAGS/Prydz/FLUO_LIGHT/PROCESSED/NC/ft24-917-18_all_prof_PROCESSED.nc,ft24-917-18,17,2019-01-10 15:10:00,-57.0842,75.3574,True,False
/Volumes/Data/Work/SEALTAGS/Prydz/FLUO_LIGHT/PROCESSED/NC/ft24-917-18_all_prof_PROCESSED.nc,ft24-917-18,18,2019-01-11 11:50:00,-57.6694,76.4058,True,False
/Volumes/Data/Work/SEALTAGS/Prydz/FLUO_LIGHT/PROCESSED/NC/ft24-917-18_all_prof_PROCESSED.nc,ft24-917-18,19,2019-01-11 14:20:00,-57.732,76.4202,True,False
/Volumes/Data/Work/SEALTAGS/Prydz/FLUO_LIGHT/PROCESSED/NC/ft24-917-18_all_prof_PROCESSED.nc,ft24-917-18,20,2019-01-12 03:00:00,-57.9603,76.5429,True,False
/Volumes/Data/Work/SEALTAGS/Prydz/FLUO_LIGHT/PROCESSED/NC/ft24-917-18_all_prof_PROCESSED.nc,ft24-917-18,21,2019-01-12 14:00:00,-58.3303,77.0279,True,False
/Volumes/Data/Work/SEALTAGS/Prydz/FLUO_LIGHT/PROCESSED/NC/ft24-917-18_all_prof_PROCESSED.nc,ft24-917-18,22,2019-01-13 02:20:00,-58.5112,77.3696,True,False
/Volumes/Data/Work/SEALTAGS/Prydz/FLUO_LIGHT/PROCESSED/NC/ft24-917-18_all_prof_PROCESSED.nc,ft24-917-18,23,2019-01-13 18:20:00,-58.8243,77.6174,False,False
/Volumes/Data/Work/SEALTAGS/Prydz/FLUO_LIGHT/PROCESSED/NC/ft24-917-18_all_prof_PROCESSED.nc,ft24-917-18,24,2019-01-14 05:10:00,-58.9457,77.6624,True,False
/Volumes/Data/Work/SEALTAGS/Prydz/FLUO_LIGHT/PROCESSED/NC/ft24-917-18_all_prof_PROCESSED.nc,ft24-917-18,25,2019-01-14 18:40:00,-59.0224,77.8188,False,False
/Volumes/Data/Work/SEALTAGS/Prydz/FLUO_LIGHT/PROCESSED/NC/ft24-917-18_all_prof_PROCESSED.nc,ft24-917-18,26,2019-01-15 10:30:00,-59.2,78.0294,True,False
/Volumes/Data/Work/SEALTAGS/Prydz/FLUO_LIGHT/PROCESSED/NC/ft24-917-18_all_prof_PROCESSED.nc,ft24-917-18,27,2019-01-15 18:50:00,-59.4344,78.2753,False,False
/Volumes/Data/Work/SEALTAGS/Prydz/FLUO_LIGHT/PROCESSED/NC/ft24-917-18_all_prof_PROCESSED.nc,ft24-917-18,28,2019-01-16 07:10:00,-59.7498,78.5103,True,False
/Volumes/Data/Work/SEALTAGS/Prydz/FLUO_LIGHT/PROCESSED/NC/ft24-917-18_all_prof_PROCESSED.nc,ft24-917-18,29,2019-01-16 22:30:00,-60.2589,79.045,True,False
/Volumes/Data/Work/SEALTAGS/Prydz/FLUO_LIGHT/PROCESSED/NC/ft24-917-18_all_prof_PROCESSED.nc,ft24-917-18,30,2019-01-17 11:50:00,-60.5004,79.3807,True,False
/Volumes/Data/Work/SEALTAGS/Prydz/FLUO_LIGHT/PROCESSED/NC/ft24-917-18_all_prof_PROCESSED.nc,ft24-917-18,31,2019-01-17 22:10:00,-60.7779,79.6524,True,False
/Volumes/Data/Work/SEALTAGS/Prydz/FLUO_LIGHT/PROCESSED/NC/ft24-917-18_all_prof_PROCESSED.nc,ft24-917-18,32,2019-01-18 04:10:00,-60.9968,79.8343,True,False
/Volumes/Data/Work/SEALTAGS/Prydz/FLUO_LIGHT/PROCESSED/NC/ft24-917-18_all_prof_PROCESSED.nc,ft24-917-18,33,2019-01-18 17:40:00,-61.0827,80.6261,False,False
/Volumes/Data/Work/SEALTAGS/Prydz/FLUO_LIGHT/PROCESSED/NC/ft24-917-18_all_prof_PROCESSED.nc,ft24-917-18,34,2019-01-19 03:10:00,-61.2354,80.8668,True,False
/Volumes/Data/Work/SEALTAGS/Prydz/FLUO_LIGHT/PROCESSED/NC/ft24-917-18_all_prof_PROCESSED.nc,ft24-917-18,35,2019-01-19 18:00:00,-61.2547,80.768,False,False
/Volumes/Data/Work/SEALTAGS/Prydz/FLUO_LIGHT/PROCESSED/NC/ft24-917-18_all_prof_PROCESSED.nc,ft24-917-18,36,2019-01-20 05:00:00,-61.3139,80.6778,True,False
/Volumes/Data/Work/SEALTAGS/Prydz/FLUO_LIGHT/PROCESSED/NC/ft24-917-18_all_prof_PROCESSED.nc,ft24-917-18,37,2019-01-20 18:50:00,-61.3064,80.6881,False,False
/Volumes/Data/Work/SEALTAGS/Prydz/FLUO_LIGHT/PROCESSED/NC/ft24-917-18_all_prof_PROCESSED.nc,ft24-917-18,38,2019-01-21 04:10:00,-61.3588,80.6872,True,False
/Volumes/Data/Work/SEALTAGS/Prydz/FLUO_LIGHT/PROCESSED/NC/ft24-917-18_all_prof_PROCESSED.nc,ft24-917-18,39,2019-01-21 15:10:00,-61.5288,80.8533,True,False
/Volumes/Data/Work/SEALTAGS/Prydz/FLUO_LIGHT/PROCESSED/NC/ft24-917-18_all_prof_PROCESSED.nc,ft24-917-18,40,2019-01-22 02:50:00,-61.7283,81.3651,True,False
/Volumes/Data/Work/SEALTAGS/Prydz/FLUO_LIGHT/PROCESSED/NC/ft24-917-18_all_prof_PROCESSED.nc,ft24-917-18,41,2019-01-22 17:40:00,-62.2045,82.0977,False,False
/Volumes/Data/Work/SEALTAGS/Prydz/FLUO_LIGHT/PROCESSED/NC/ft24-917-18_all_prof_PROCESSED.nc,ft24-917-18,42,2019-01-23 05:40:00,-62.3341,82.2935,True,False
/Volumes/Data/Work/SEALTAGS/Prydz/FLUO_LIGHT/PROCESSED/NC/ft24-917-18_all_prof_PROCESSED.nc,ft24-917-18,43,2019-01-23 23:50:00,-62.6444,83.2008,True,False
/Volumes/Data/Work/SEALTAGS/Prydz/FLUO_LIGHT/PROCESSED/NC/ft24-917-18_all_prof_PROCESSED.nc,ft24-917-18,44,2019-01-24 04:00:00,-62.7028,83.2939,True,False
/Volumes/Data/Work/SEALTAGS/Prydz/FLUO_LIGHT/PROCESSED/NC/ft24-917-18_all_prof_PROCESSED.nc,ft24-917-18,45,2019-01-24 21:30:00,-62.9594,83.957,False,False
/Volumes/Data/Work/SEALTAGS/Prydz/FLUO_LIGHT/PROCESSED/NC/ft24-917-18_all_prof_PROCESSED.nc,ft24-917-18,46,2019-01-25 08:20:00,-63.0183,83.9657,True,False
/Volumes/Data/Work/SEALTAGS/Prydz/FLUO_LIGHT/PROCESSED/NC/ft24-917-18_all_prof_PROCESSED.nc,ft24-917-18,47,2019-01-25 15:10:00,-63.2201,84.2028,True,False
/Volumes/Data/Work/SEALTAGS/Prydz/FLUO_LIGHT/PROCESSED/NC/ft24-917-18_all_prof_PROCESSED.nc,ft24-917-18,48,2019-01-26 06:00:00,-63.1282,85.1994,True,False
/Volumes/Data/Work/SEALTAGS/Prydz/FLUO_LIGHT/PROCESSED/NC/ft24-917-18_all_prof_PROCESSED.nc,ft24-917-18,49,2019-01-26 15:00:00,-63.059,85.6705,True,False
/Volumes/Data/Work/SEALTAGS/Prydz/FLUO_LIGHT/PROCESSED/NC/ft24-917-18_all_prof_PROCESSED.nc,ft24-917-18,50,2019-01-27 11:00:00,-63.1233,85.7385,True,False
/Volumes/Data/Work/SEALTAGS/Prydz/FLUO_LIGHT/PROCESSED/NC/ft24-917-18_all_prof_PROCESSED.nc,ft24-917-18,51,2019-01-27 14:30:00,-63.1431,86.2173,True,False
/Volumes/Data/Work/SEALTAGS/Prydz/FLUO_LIGHT/PROCESSED/NC/ft24-917-18_all_prof_PROCESSED.nc,ft24-917-18,52,2019-01-28 05:40:00,-63.2241,86.535,True,False
/Volumes/Data/Work/SEALTAGS/Prydz/FLUO_LIGHT/PROCESSED/NC/ft24-917-18_all_prof_PROCESSED.nc,ft24-917-18,53,2019-01-28 14:30:00,-63.4908,87.1533,True,False
/Volumes/Data/Work/SEALTAGS/Prydz/FLUO_LIGHT/PROCESSED/NC/ft24-917-18_all_prof_PROCESSED.nc,ft24-917-18,54,2019-01-29 06:20:00,-63.6035,87.7351,True,False
/Volumes/Data/Work/SEALTAGS/Prydz/FLUO_LIGHT/PROCESSED/NC/ft24-917-18_all_prof_PROCESSED.nc,ft24-917-18,55,2019-01-29 14:10:00,-63.6837,88.1187,True,False
/Volumes/Data/Work/SEALTAGS/Prydz/FLUO_LIGHT/PROCESSED/NC/ft24-917-18_all_prof_PROCESSED.nc,ft24-917-18,56,2019-01-30 05:30:00,-63.9456,88.3443,True,False
/Volumes/Data/Work/SEALTAGS/Prydz/FLUO_LIGHT/PROCESSED/NC/ft24-917-18_all_prof_PROCESSED.nc,ft24-917-18,57,2019-01-30 14:00:00,-63.9136,88.8169,True,False
/Volumes/Data/Work/SEALTAGS/Prydz/FLUO_LIGHT/PROCESSED/NC/ft24-917-18_all_prof_PROCESSED.nc,ft24-917-18,58,2019-01-31 22:20:00,-64.0611,89.5797,True,False
/Volumes/Data/Work/SEALTAGS/Prydz/FLUO_LIGHT/PROCESSED/NC/ft24-917-18_all_prof_PROCESSED.nc,ft24-917-18,59,2019-02-01 01:50:00,-64.1802,89.8006,True,False
/Volumes/Data/Work/SEALTAGS/Prydz/FLUO_LIGHT/PROCESSED/NC/ft24-917-18_all_prof_PROCESSED.nc,ft24-917-18,60,2019-02-01 14:40:00,-64.5367,90.4854,True,False
/Volumes/Data/Work/SEALTAGS/Prydz/FLUO_LIGHT/PROCESSED/NC/ft24-917-18_all_prof_PROCESSED.nc,ft24-917-18,61,2019-02-02 04:10:00,-64.6189,91.3866,True,False
/Volumes/Data/Work/SEALTAGS/Prydz/FLUO_LIGHT/PROCESSED/NC/ft24-917-18_all_prof_PROCESSED.nc,ft24-917-18,62,2019-02-02 23:40:00,-64.5691,92.2646,True,False
/Volumes/Data/Work/SEALTAGS/Prydz/FLUO_LIGHT/PROCESSED/NC/ft24-917-18_all_prof_PROCESSED.nc,ft24-917-18,63,2019-02-03 06:30:00,-64.543,92.6148,True,False
/Volumes/Data/Work/SEALTAGS/Prydz/FLUO_LIGHT/PROCESSED/NC/ft24-917-18_all_prof_PROCESSED.nc,ft24-917-18,64,2019-02-03 14:10:00,-64.4148,93.006,True,False
/Volumes/Data/Work/SEALTAGS/Prydz/FLUO_LIGHT/PROCESSED/NC/ft24-917-18_all_prof_PROCESSED.nc,ft24-917-18,65,2019-02-04 09:20:00,-64.2549,93.2514,True,False
/Volumes/Data/Work/SEALTAGS/Prydz/FLUO_LIGHT/PROCESSED/NC/ft24-917-18_all_prof_PROCESSED.nc,ft24-917-18,66,2019-02-04 23:00:00,-64.2184,93.3396,True,False
/Volumes/Data/Work/SEALTAGS/Prydz/FLUO_LIGHT/PROCESSED/NC/ft24-917-18_all_prof_PROCESSED.nc,ft24-917-18,67,2019-02-05 06:20:00,-64.2262,93.7038,True,False
/Volumes/Data/Work/SEALTAGS/Prydz/FLUO_LIGHT/PROCESSED/NC/ft24-917-18_all_prof_PROCESSED.nc,ft24-917-18,68,2019-02-05 22:40:00,-63.9825,93.7367,True,False
/Volumes/Data/Work/SEALTAGS/Prydz/FLUO_LIGHT/PROCESSED/NC/ft24-917-18_all_prof_PROCESSED.nc,ft24-917-18,69,2019-02-06 04:00:00,-63.8993,93.8175,True,False
/Volumes/Data/Work/SEALTAGS/Prydz/FLUO_LIGHT/PROCESSED/NC/ft24-917-18_all_prof_PROCESSED.nc,ft24-917-18,70,2019-02-06 23:10:00,-63.643,94.4144,True,False
/Volumes/Data/Work/SEALTAGS/Prydz/FLUO_LIGHT/PROCESSED/NC/ft24-917-18_all_prof_PROCESSED.nc,ft24-917-18,71,2019-02-07 02:40:00,-63.5336,94.4954,True,False
/Volumes/Data/Work/SEALTAGS/Prydz/FLUO_LIGHT/PROCESSED/NC/ft24-917-18_all_prof_PROCESSED.nc,ft24-917-18,72,2019-02-07 21:10:00,-63.4372,94.7614,False,False
/Volumes/Data/Work/SEALTAGS/Prydz/FLUO_LIGHT/PROCESSED/NC/ft24-917-18_all_prof_PROCESSED.nc,ft24-917-18,73,2019-02-08 10:10:00,-63.2746,95.0277,True,False
/Volumes/Data/Work/SEALTAGS/Prydz/FLUO_LIGHT/PROCESSED/NC/ft24-917-18_all_prof_PROCESSED.nc,ft24-917-18,74,2019-02-08 19:20:00,-63.169,95.6101,False,False
/Volumes/Data/Work/SEALTAGS/Prydz/FLUO_LIGHT/PROCESSED/NC/ft24-917-18_all_prof_PROCESSED.nc,ft24-917-18,75,2019-02-09 03:10:00,-63.212,95.7989,True,False
/Volumes/Data/Work/SEALTAGS/Prydz/FLUO_LIGHT/PROCESSED/NC/ft24-917-18_all_prof_PROCESSED.nc,ft24-917-18,76,2019-02-09 21:40:00,-63.1203,96.5147,True,False
/Volumes/Data/Work/SEALTAGS/Prydz/FLUO_LIGHT/PROCESSED/NC/ft24-917-18_all_prof_PROCESSED.nc,ft24-917-18,77,2019-02-10 08:10:00,-63.1406,97.5455,True,False
/Volumes/Data/Work/SEALTAGS/Prydz/FLUO_LIGHT/PROCESSED/NC/ft24-917-18_all_prof_PROCESSED.nc,ft24-917-18,78,2019-02-10 17:10:00,-62.9561,97.6895,False,False
/Volumes/Data/Work/SEALTAGS/Prydz/FLUO_LIGHT/PROCESSED/NC/ft24-917-18_all_prof_PROCESSED.nc,ft24-917-18,79,2019-02-11 04:00:00,-62.9087,97.9756,True,False
/Volumes/Data/Work/SEALTAGS/Prydz/FLUO_LIGHT/PROCESSED/NC/ft24-917-18_all_prof_PROCESSED.nc,ft24-917-18,80,2019-02-11 23:40:00,-62.9252,98.6566,True,False
/Volumes/Data/Work/SEALTAGS/Prydz/FLUO_LIGHT/PROCESSED/NC/ft24-917-18_all_prof_PROCESSED.nc,ft24-917-18,81,2019-02-12 11:30:00,-62.9301,98.8124,True,False
/Volumes/Data/Work/SEALTAGS/Prydz/FLUO_LIGHT/PROCESSED/NC/ft24-917-18_all_prof_PROCESSED.nc,ft24-917-18,82,2019-02-12 17:20:00,-62.9818,98.9479,False,False
/Volumes/Data/Work/SEALTAGS/Prydz/FLUO_LIGHT/PROCESSED/NC/ft24-917-18_all_prof_PROCESSED.nc,ft24-917-18,83,2019-02-13 08:10:00,-62.9478,99.4173,True,False
/Volumes/Data/Work/SEALTAGS/Prydz/FLUO_LIGHT/PROCESSED/NC/ft24-917-18_all_prof_PROCESSED.nc,ft24-917-18,84,2019-02-14 07:40:00,-62.7786,99.6535,True,False
/Volumes/Data/Work/SEALTAGS/Prydz/FLUO_LIGHT/PROCESSED/NC/ft24-917-18_all_prof_PROCESSED.nc,ft24-917-18,85,2019-02-14 15:10:00,-62.8003,99.9099,False,False
/Volumes/Data/Work/SEALTAGS/Prydz/FLUO_LIGHT/PROCESSED/NC/ft24-917-18_all_prof_PROCESSED.nc,ft24-917-18,86,2019-02-15 03:00:00,-62.7676,100.223,True,False
/Volumes/Data/Work/SEALTAGS/Prydz/FLUO_LIGHT/PROCESSED/NC/ft24-917-18_all_prof_PROCESSED.nc,ft24-917-18,87,2019-02-16 00:10:00,-62.4594,100.7662,True,False
/Volumes/Data/Work/SEALTAGS/Prydz/FLUO_LIGHT/PROCESSED/NC/ft24-917-18_all_prof_PROCESSED.nc,ft24-917-18,88,2019-02-16 18:10:00,-62.2796,101.3555,False,False
/Volumes/Data/Work/SEALTAGS/Prydz/FLUO_LIGHT/PROCESSED/NC/ft24-917-18_all_prof_PROCESSED.nc,ft24-917-18,89,2019-02-17 06:50:00,-62.3021,101.8964,True,False
/Volumes/Data/Work/SEALTAGS/Prydz/FLUO_LIGHT/PROCESSED/NC/ft24-917-18_all_prof_PROCESSED.nc,ft24-917-18,90,2019-02-17 17:20:00,-62.3042,102.3539,False,False
/Volumes/Data/Work/SEALTAGS/Prydz/FLUO_LIGHT/PROCESSED/NC/ft24-917-18_all_prof_PROCESSED.nc,ft24-917-18,91,2019-02-18 02:50:00,-62.3034,102.6252,True,False
/Volumes/Data/Work/SEALTAGS/Prydz/FLUO_LIGHT/PROCESSED/NC/ft24-917-18_all_prof_PROCESSED.nc,ft24-917-18,92,2019-02-18 19:40:00,-62.3033,103.5502,False,False
/Volumes/Data/Work/SEALTAGS/Prydz/FLUO_LIGHT/PROCESSED/NC/ft24-917-18_all_prof_PROCESSED.nc,ft24-917-18,93,2019-02-19 06:10:00,-62.4996,103.8424,True,False
/Volumes/Data/Work/SEALTAGS/Prydz/FLUO_LIGHT/PROCESSED/NC/ft24-917-18_all_prof_PROCESSED.nc,ft24-917-18,94,2019-02-19 22:20:00,-62.7609,104.6826,True,False
/Volumes/Data/Work/SEALTAGS/Prydz/FLUO_LIGHT/PROCESSED/NC/ft24-917-18_all_prof_PROCESSED.nc,ft24-917-18,95,2019-02-20 02:20:00,-62.8468,104.7128,True,False
/Volumes/Data/Work/SEALTAGS/Prydz/FLUO_LIGHT/PROCESSED/NC/ft24-917-18_all_prof_PROCESSED.nc,ft24-917-18,96,2019-02-20 23:20:00,-63.1768,104.681,True,False
/Volumes/Data/Work/SEALTAGS/Prydz/FLUO_LIGHT/PROCESSED/NC/ft24-917-18_all_prof_PROCESSED.nc,ft24-917-18,97,2019-02-21 07:20:00,-63.4666,104.8352,True,False
/Volumes/Data/Work/SEALTAGS/Prydz/FLUO_LIGHT/PROCESSED/NC/ft24-917-18_all_prof_PROCESSED.nc,ft24-917-18,98,2019-02-21 23:20:00,-63.7433,105.862,True,False
/Volumes/Data/Work/SEALTAGS/Prydz/FLUO_LIGHT/PROCESSED/NC/ft24-917-18_all_prof_PROCESSED.nc,ft24-917-18,99,2019-02-22 03:10:00,-63.8024,106.0123,True,False
/Volumes/Data/Work/SEALTAGS/Prydz/FLUO_LIGHT/PROCESSED/NC/ft24-917-18_all_prof_PROCESSED.nc,ft24-917-18,100,2019-02-22 17:30:00,-64.0858,106.4744,False,False
/Volumes/Data/Work/SEALTAGS/Prydz/FLUO_LIGHT/PROCESSED/NC/ft24-917-18_all_prof_PROCESSED.nc,ft24-917-18,101,2019-02-23 03:40:00,-64.258,106.7789,True,False
/Volumes/Data/Work/SEALTAGS/Prydz/FLUO_LIGHT/PROCESSED/NC/ft24-917-18_all_prof_PROCESSED.nc,ft24-917-18,102,2019-02-23 16:40:00,-64.5187,106.6696,False,False
/Volumes/Data/Work/SEALTAGS/Prydz/FLUO_LIGHT/PROCESSED/NC/ft24-917-18_all_prof_PROCESSED.nc,ft24-917-18,103,2019-02-24 05:30:00,-64.7244,106.8725,True,False
/Volumes/Data/Work/SEALTAGS/Prydz/FLUO_LIGHT/PROCESSED/NC/ft24-917-18_all_prof_PROCESSED.nc,ft24-917-18,104,2019-02-24 22:00:00,-65.0615,106.9668,True,False
/Volumes/Data/Work/SEALTAGS/Prydz/FLUO_LIGHT/PROCESSED/NC/ft24-917-18_all_prof_PROCESSED.nc,ft24-917-18,105,2019-02-25 05:50:00,-65.0991,106.9878,True,False
/Volumes/Data/Work/SEALTAGS/Prydz/FLUO_LIGHT/PROCESSED/NC/ft24-917-18_all_prof_PROCESSED.nc,ft24-917-18,106,2019-02-25 14:10:00,-65.3321,106.9319,False,False
/Volumes/Data/Work/SEALTAGS/Prydz/FLUO_LIGHT/PROCESSED/NC/ft24-917-18_all_prof_PROCESSED.nc,ft24-917-18,107,2019-02-26 02:10:00,-65.3624,106.8533,True,False
/Volumes/Data/Work/SEALTAGS/Prydz/FLUO_LIGHT/PROCESSED/NC/ft24-917-18_all_prof_PROCESSED.nc,ft24-917-18,108,2019-02-26 18:10:00,-65.3406,106.9592,False,False
/Volumes/Data/Work/SEALTAGS/Prydz/FLUO_LIGHT/PROCESSED/NC/ft24-917-18_all_prof_PROCESSED.nc,ft24-917-18,109,2019-02-27 02:10:00,-65.3052,107.0741,True,False
/Volumes/Data/Work/SEALTAGS/Prydz/FLUO_LIGHT/PROCESSED/NC/ft24-917-18_all_prof_PROCESSED.nc,ft24-917-18,110,2019-02-27 15:30:00,-65.2455,107.2726,False,False
/Volumes/Data/Work/SEALTAGS/Prydz/FLUO_LIGHT/PROCESSED/NC/ft24-917-18_all_prof_PROCESSED.nc,ft24-917-18,111,2019-02-28 02:40:00,-65.3475,107.5931,True,False
/Volumes/Data/Work/SEALTAGS/Prydz/FLUO_LIGHT/PROCESSED/NC/ft24-917-18_all_prof_PROCESSED.nc,ft24-917-18,112,2019-02-28 23:30:00,-65.499,107.4404,True,False
/Volumes/Data/Work/SEALTAGS/Prydz/FLUO_LIGHT/PROCESSED/NC/ft24-917-18_all_prof_PROCESSED.nc,ft24-917-18,113,2019-03-01 02:30:00,-65.37,107.5022,True,False
/Volumes/Data/Work/SEALTAGS/Prydz/FLUO_LIGHT/PROCESSED/NC/ft24-917-18_all_prof_PROCESSED.nc,ft24-917-18,114,2019-03-01 19:30:00,-65.3447,107.4423,False,False
/Volumes/Data/Work/SEALTAGS/Prydz/FLUO_LIGHT/PROCESSED/NC/ft24-917-18_all_prof_PROCESSED.nc,ft24-917-18,115,2019-03-02 02:20:00,-65.3807,107.4656,True,False
/Volumes/Data/Work/SEALTAGS/Prydz/FLUO_LIGHT/PROCESSED/NC/ft24-917-18_all_prof_PROCESSED.nc,ft24-917-18,116,2019-03-02 15:00:00,-65.3455,107.8059,False,False
/Volumes/Data/Work/SEALTAGS/Prydz/FLUO_LIGHT/PROCESSED/NC/ft24-917-18_all_prof_PROCESSED.nc,ft24-917-18,117,2019-03-03 02:10:00,-65.3628,107.5355,True,False
/Volumes/Data/Work/SEALTAGS/Prydz/FLUO_LIGHT/PROCESSED/NC/ft24-917-18_all_prof_PROCESSED.nc,ft24-917-18,118,2019-03-03 16:40:00,-65.2354,107.3544,False,False
/Volumes/Data/Work/SEALTAGS/Prydz/FLUO_LIGHT/PROCESSED/NC/ft24-917-18_all_prof_PROCESSED.nc,ft24-917-18,119,2019-03-04 02:00:00,-65.278,107.0185,True,False
/Volumes/Data/Work/SEALTAGS/Prydz/FLUO_LIGHT/PROCESSED/NC/ft24-917-18_all_prof_PROCESSED.nc,ft24-917-18,120,2019-03-04 14:00:00,-65.1165,106.7668,False,False
/Volumes/Data/Work/SEALTAGS/Prydz/FLUO_LIGHT/PROCESSED/NC/ft24-917-18_all_prof_PROCESSED.nc,ft24-917-18,121,2019-03-05 02:10:00,-65.1679,107.3782,True,False
/Volumes/Data/Work/SEALTAGS/Prydz/FLUO_LIGHT/PROCESSED/NC/ft24-917-18_all_prof_PROCESSED.nc,ft24-917-18,122,2019-03-05 15:10:00,-65.2597,107.2014,False,False
/Volumes/Data/Work/SEALTAGS/Prydz/FLUO_LIGHT/PROCESSED/NC/ft24-917-18_all_prof_PROCESSED.nc,ft24-917-18,123,2019-03-06 15:20:00,-65.2092,107.1205,False,False
/Volumes/Data/Work/SEALTAGS/Prydz/FLUO_LIGHT/PROCESSED/NC/ft24-917-18_all_prof_PROCESSED.nc,ft24-917-18,124,2019-03-07 02:20:00,-65.1718,106.8425,True,False
/Volumes/Data/Work/SEALTAGS/Prydz/FLUO_LIGHT/PROCESSED/NC/ft24-917-18_all_prof_PROCESSED.nc,ft24-917-18,125,2019-03-07 14:20:00,-65.2692,106.6563,False,False
/Volumes/Data/Work/SEALTAGS/Prydz/FLUO_LIGHT/PROCESSED/NC/ft24-917-18_all_prof_PROCESSED.nc,ft24-917-18,126,2019-03-08 02:10:00,-65.1876,106.171,True,False
/Volumes/Data/Work/SEALTAGS/Prydz/FLUO_LIGHT/PROCESSED/NC/ft24-917-18_all_prof_PROCESSED.nc,ft24-917-18,127,2019-03-08 14:40:00,-65.0261,105.4114,False,False
/Volumes/Data/Work/SEALTAGS/Prydz/FLUO_LIGHT/PROCESSED/NC/ft24-917-18_all_prof_PROCESSED.nc,ft24-917-18,128,2019-03-09 05:50:00,-64.7424,105.2016,True,False
/Volumes/Data/Work/SEALTAGS/Prydz/FLUO_LIGHT/PROCESSED/NC/ft24-917-18_all_prof_PROCESSED.nc,ft24-917-18,129,2019-03-09 21:30:00,-64.8594,104.9663,False,False
/Volumes/Data/Work/SEALTAGS/Prydz/FLUO_LIGHT/PROCESSED/NC/ft24-917-18_all_prof_PROCESSED.nc,ft24-917-18,130,2019-03-10 03:20:00,-64.8184,104.4837,True,False
/Volumes/Data/Work/SEALTAGS/Prydz/FLUO_LIGHT/PROCESSED/NC/ft24-917-18_all_prof_PROCESSED.nc,ft24-917-18,131,2019-03-10 13:20:00,-64.7937,104.1669,False,False
/Volumes/Data/Work/SEALTAGS/Prydz/FLUO_LIGHT/PROCESSED/NC/ft24-917-18_all_prof_PROCESSED.nc,ft24-917-18,132,2019-03-11 01:30:00,-64.776,104.0878,True,False
/Volumes/Data/Work/SEALTAGS/Prydz/FLUO_LIGHT/PROCESSED/NC/ft24-917-18_all_prof_PROCESSED.nc,ft24-917-18,133,2019-03-11 13:30:00,-64.7784,103.9615,False,False
/Volumes/Data/Work/SEALTAGS/Prydz/FLUO_LIGHT/PROCESSED/NC/ft24-917-18_all_prof_PROCESSED.nc,ft24-917-18,134,2019-03-12 01:50:00,-64.6435,104.6258,True,False
/Volumes/Data/Work/SEALTAGS/Prydz/FLUO_LIGHT/PROCESSED/NC/ft24-917-18_all_prof_PROCESSED.nc,ft24-917-18,135,2019-03-12 15:50:00,-64.4413,104.7853,False,False
/Volumes/Data/Work/SEALTAGS/Prydz/FLUO_LIGHT/PROCESSED/NC/ft24-917-18_all_prof_PROCESSED.nc,ft24-917-18,136,2019-03-13 03:40:00,-64.5935,105.2033,True,False
/Volumes/Data/Work/SEALTAGS/Prydz/FLUO_LIGHT/PROCESSED/NC/ft24-917-18_all_prof_PROCESSED.nc,ft24-917-18,137,2019-03-13 15:10:00,-64.6523,105.6448,False,False
/Volumes/Data/Work/SEALTAGS/Prydz/FLUO_LIGHT/PROCESSED/NC/ft24-917-18_all_prof_PROCESSED.nc,ft24-917-18,138,2019-03-14 02:30:00,-64.7634,105.8401,True,False
/Volumes/Data/Work/SEALTAGS/Prydz/FLUO_LIGHT/PROCESSED/NC/ft24-917-18_all_prof_PROCESSED.nc,ft24-917-18,139,2019-03-14 20:00:00,-64.8363,106.2408,False,False
/Volumes/Data/Work/SEALTAGS/Prydz/FLUO_LIGHT/PROCESSED/NC/ft24-917-18_all_prof_PROCESSED.nc,ft24-917-18,140,2019-03-15 02:10:00,-64.8202,106.201,True,False
/Volumes/Data/Work/SEALTAGS/Prydz/FLUO_LIGHT/PROCESSED/NC/ft24-917-18_all_prof_PROCESSED.nc,ft24-917-18,141,2019-03-15 21:50:00,-64.9215,106.5896,False,False
/Volumes/Data/Work/SEALTAGS/Prydz/FLUO_LIGHT/PROCESSED/NC/ft24-917-18_all_prof_PROCESSED.nc,ft24-917-18,142,2019-03-16 02:30:00,-64.9585,106.233,True,False
/Volumes/Data/Work/SEALTAGS/Prydz/FLUO_LIGHT/PROCESSED/NC/ft24-917-18_all_prof_PROCESSED.nc,ft24-917-18,143,2019-03-16 17:20:00,-65.0912,106.1008,False,False
/Volumes/Data/Work/SEALTAGS/Prydz/FLUO_LIGHT/PROCESSED/NC/ft24-917-18_all_prof_PROCESSED.nc,ft24-917-18,144,2019-03-17 03:00:00,-65.1026,105.8929,True,False
/Volumes/Data/Work/SEALTAGS/Prydz/FLUO_LIGHT/PROCESSED/NC/ft24-917-18_all_prof_PROCESSED.nc,ft24-917-18,145,2019-03-17 20:00:00,-65.1115,105.7385,False,False
/Volumes/Data/Work/SEALTAGS/Prydz/FLUO_LIGHT/PROCESSED/NC/ft24-917-18_all_prof_PROCESSED.nc,ft24-917-18,146,2019-03-18 02:10:00,-65.0466,105.889,True,False
/Volumes/Data/Work/SEALTAGS/Prydz/FLUO_LIGHT/PROCESSED/NC/ft24-917-18_all_prof_PROCESSED.nc,ft24-917-18,147,2019-03-18 16:20:00,-65.1135,105.9752,False,False
/Volumes/Data/Work/SEALTAGS/Prydz/FLUO_LIGHT/PROCESSED/NC/ft24-917-18_all_prof_PROCESSED.nc,ft24-917-18,148,2019-03-19 02:20:00,-65.137,106.0034,True,False
/Volumes/Data/Work/SEALTAGS/Prydz/FLUO_LIGHT/PROCESSED/NC/ft24-917-18_all_prof_PROCESSED.nc,ft24-917-18,149,2019-03-19 14:10:00,-65.1787,106.0021,False,False
/Volumes/Data/Work/SEALTAGS/Prydz/FLUO_LIGHT/PROCESSED/NC/ft24-917-18_all_prof_PROCESSED.nc,ft24-917-18,150,2019-03-20 02:10:00,-65.1586,105.8645,True,False
/Volumes/Data/Work/SEALTAGS/Prydz/FLUO_LIGHT/PROCESSED/NC/ft24-917-18_all_prof_PROCESSED.nc,ft24-917-18,151,2019-03-20 14:40:00,-65.1418,105.8854,False,False
/Volumes/Data/Work/SEALTAGS/Prydz/FLUO_LIGHT/PROCESSED/NC/ft24-917-18_all_prof_PROCESSED.nc,ft24-917-18,152,2019-03-21 02:10:00,-65.1584,106.1514,True,False
/Volumes/Data/Work/SEALTAGS/Prydz/FLUO_LIGHT/PROCESSED/NC/ft24-917-18_all_prof_PROCESSED.nc,ft24-917-18,153,2019-03-21 17:10:00,-65.1341,105.8976,False,False
/Volumes/Data/Work/SEALTAGS/Prydz/FLUO_LIGHT/PROCESSED/NC/ft24-917-18_all_prof_PROCESSED.nc,ft24-917-18,154,2019-03-22 02:10:00,-65.0421,105.6729,True,False
/Volumes/Data/Work/SEALTAGS/Prydz/FLUO_LIGHT/PROCESSED/NC/ft24-917-18_all_prof_PROCESSED.nc,ft24-917-18,155,2019-03-22 14:20:00,-64.9835,105.714,False,False
/Volumes/Data/Work/SEALTAGS/Prydz/FLUO_LIGHT/PROCESSED/NC/ft24-917-18_all_prof_PROCESSED.nc,ft24-917-18,156,2019-03-23 11:00:00,-64.9658,105.8793,True,False
/Volumes/Data/Work/SEALTAGS/Prydz/FLUO_LIGHT/PROCESSED/NC/ft24-918-18_lr1_prof_PROCESSED.nc,ft24-918-18,1,2018-12-28 23:30:00,-49.4639,70.909,True,False
/Volumes/Data/Work/SEALTAGS/Prydz/FLUO_LIGHT/PROCESSED/NC/ft24-918-18_lr1_prof_PROCESSED.nc,ft24-918-18,2,2018-12-29 08:30:00,-49.5557,71.2208,True,False
/Volumes/Data/Work/SEALTAGS/Prydz/FLUO_LIGHT/PROCESSED/NC/ft24-918-18_lr1_prof_PROCESSED.nc,ft24-918-18,3,2018-12-29 14:50:00,-49.6014,71.3717,True,False
/Volumes/Data/Work/SEALTAGS/Prydz/FLUO_LIGHT/PROCESSED/NC/ft24-918-18_lr1_prof_PROCESSED.nc,ft24-918-18,4,2018-12-30 05:30:00,-49.7403,72.1465,True,False
/Volumes/Data/Work/SEALTAGS/Prydz/FLUO_LIGHT/PROCESSED/NC/ft24-918-18_lr1_prof_PROCESSED.nc,ft24-918-18,5,2018-12-30 15:10:00,-49.8341,72.5597,True,False
/Volumes/Data/Work/SEALTAGS/Prydz/FLUO_LIGHT/PROCESSED/NC/ft24-918-18_lr1_prof_PROCESSED.nc,ft24-918-18,6,2018-12-31 06:40:00,-50.1246,73.2113,True,False
/Volumes/Data/Work/SEALTAGS/Prydz/FLUO_LIGHT/PROCESSED/NC/ft24-918-18_lr1_prof_PROCESSED.nc,ft24-918-18,7,2018-12-31 18:30:00,-50.1173,73.6832,False,False
/Volumes/Data/Work/SEALTAGS/Prydz/FLUO_LIGHT/PROCESSED/NC/ft24-918-18_lr1_prof_PROCESSED.nc,ft24-918-18,8,2019-01-01 02:10:00,-50.0448,74.148,True,False
/Volumes/Data/Work/SEALTAGS/Prydz/FLUO_LIGHT/PROCESSED/NC/ft24-918-18_lr1_prof_PROCESSED.nc,ft24-918-18,9,2019-01-01 14:40:00,-49.8762,74.6814,True,False
/Volumes/Data/Work/SEALTAGS/Prydz/FLUO_LIGHT/PROCESSED/NC/ft24-918-18_lr1_prof_PROCESSED.nc,ft24-918-18,10,2019-01-02 02:00:00,-49.7368,75.1649,True,False
/Volumes/Data/Work/SEALTAGS/Prydz/FLUO_LIGHT/PROCESSED/NC/ft24-918-18_lr1_prof_PROCESSED.nc,ft24-918-18,11,2019-01-02 18:00:00,-49.4658,75.9922,False,False
/Volumes/Data/Work/SEALTAGS/Prydz/FLUO_LIGHT/PROCESSED/NC/ft24-918-18_lr1_prof_PROCESSED.nc,ft24-918-18,12,2019-01-03 09:30:00,-49.3207,76.7532,True,False
/Volumes/Data/Work/SEALTAGS/Prydz/FLUO_LIGHT/PROCESSED/NC/ft24-918-18_lr1_prof_PROCESSED.nc,ft24-918-18,13,2019-01-03 17:00:00,-49.2632,77.2185,False,False
/Volumes/Data/Work/SEALTAGS/Prydz/FLUO_LIGHT/PROCESSED/NC/ft24-918-18_lr1_prof_PROCESSED.nc,ft24-918-18,14,2019-01-04 03:10:00,-49.1689,77.6717,True,False
/Volumes/Data/Work/SEALTAGS/Prydz/FLUO_LIGHT/PROCESSED/NC/ft24-918-18_lr1_prof_PROCESSED.nc,ft24-918-18,15,2019-01-04 16:10:00,-48.9518,78.2096,False,False
/Volumes/Data/Work/SEALTAGS/Prydz/FLUO_LIGHT/PROCESSED/NC/ft24-918-18_lr1_prof_PROCESSED.nc,ft24-918-18,16,2019-01-05 05:00:00,-48.7814,78.7272,True,False
/Volumes/Data/Work/SEALTAGS/Prydz/FLUO_LIGHT/PROCESSED/NC/ft24-918-18_lr1_prof_PROCESSED.nc,ft24-918-18,17,2019-01-05 15:50:00,-48.6316,79.2373,False,False
/Volumes/Data/Work/SEALTAGS/Prydz/FLUO_LIGHT/PROCESSED/NC/ft24-918-18_lr1_prof_PROCESSED.nc,ft24-918-18,18,2019-01-06 05:20:00,-48.5832,79.7295,True,False
/Volumes/Data/Work/SEALTAGS/Prydz/FLUO_LIGHT/PROCESSED/NC/ft24-918-18_lr1_prof_PROCESSED.nc,ft24-918-18,19,2019-01-07 02:50:00,-48.2763,80.7359,True,False
/Volumes/Data/Work/SEALTAGS/Prydz/FLUO_LIGHT/PROCESSED/NC/ft24-918-18_lr1_prof_PROCESSED.nc,ft24-918-18,20,2019-01-07 19:00:00,-48.1237,81.3212,False,False
/Volumes/Data/Work/SEALTAGS/Prydz/FLUO_LIGHT/PROCESSED/NC/ft24-918-18_lr1_prof_PROCESSED.nc,ft24-918-18,21,2019-01-08 03:30:00,-48.1709,81.6971,True,False
/Volumes/Data/Work/SEALTAGS/Prydz/FLUO_LIGHT/PROCESSED/NC/ft24-918-18_lr1_prof_PROCESSED.nc,ft24-918-18,22,2019-01-08 14:30:00,-48.1142,82.0582,False,False
/Volumes/Data/Work/SEALTAGS/Prydz/FLUO_LIGHT/PROCESSED/NC/ft24-918-18_lr1_prof_PROCESSED.nc,ft24-918-18,23,2019-01-09 08:40:00,-48.3258,82.7873,True,False
/Volumes/Data/Work/SEALTAGS/Prydz/FLUO_LIGHT/PROCESSED/NC/ft24-918-18_lr1_prof_PROCESSED.nc,ft24-918-18,24,2019-01-09 14:20:00,-48.3501,83.0833,True,False
/Volumes/Data/Work/SEALTAGS/Prydz/FLUO_LIGHT/PROCESSED/NC/ft24-918-18_lr1_prof_PROCESSED.nc,ft24-918-18,25,2019-01-10 03:40:00,-48.3275,83.5131,True,False
/Volumes/Data/Work/SEALTAGS/Prydz/FLUO_LIGHT/PROCESSED/NC/ft24-918-18_lr1_prof_PROCESSED.nc,ft24-918-18,26,2019-01-10 20:00:00,-48.4987,84.0496,False,False
/Volumes/Data/Work/SEALTAGS/Prydz/FLUO_LIGHT/PROCESSED/NC/ft24-918-18_lr1_prof_PROCESSED.nc,ft24-918-18,27,2019-01-11 03:00:00,-48.8482,84.3145,True,False
/Volumes/Data/Work/SEALTAGS/Prydz/FLUO_LIGHT/PROCESSED/NC/ft24-918-18_lr1_prof_PROCESSED.nc,ft24-918-18,28,2019-01-11 17:10:00,-49.5156,84.7573,False,False
/Volumes/Data/Work/SEALTAGS/Prydz/FLUO_LIGHT/PROCESSED/NC/ft24-918-18_lr1_prof_PROCESSED.nc,ft24-918-18,29,2019-01-12 05:40:00,-49.8106,85.108,True,False
/Volumes/Data/Work/SEALTAGS/Prydz/FLUO_LIGHT/PROCESSED/NC/ft24-918-18_lr1_prof_PROCESSED.nc,ft24-918-18,30,2019-01-12 23:00:00,-50.2984,85.5976,True,False
/Volumes/Data/Work/SEALTAGS/Prydz/FLUO_LIGHT/PROCESSED/NC/ft24-918-18_lr1_prof_PROCESSED.nc,ft24-918-18,31,2019-01-13 04:10:00,-50.3302,85.6822,True,False
/Volumes/Data/Work/SEALTAGS/Prydz/FLUO_LIGHT/PROCESSED/NC/ft24-918-18_lr1_prof_PROCESSED.nc,ft24-918-18,32,2019-01-13 14:30:00,-50.5986,85.8966,False,False
/Volumes/Data/Work/SEALTAGS/Prydz/FLUO_LIGHT/PROCESSED/NC/ft24-918-18_lr1_prof_PROCESSED.nc,ft24-918-18,33,2019-01-14 05:40:00,-50.9731,86.5329,True,False
/Volumes/Data/Work/SEALTAGS/Prydz/FLUO_LIGHT/PROCESSED/NC/ft24-918-18_lr1_prof_PROCESSED.nc,ft24-918-18,34,2019-01-14 18:00:00,-51.2117,87.0658,False,False
/Volumes/Data/Work/SEALTAGS/Prydz/FLUO_LIGHT/PROCESSED/NC/ft24-918-18_lr1_prof_PROCESSED.nc,ft24-918-18,35,2019-01-15 08:00:00,-51.6286,87.7163,True,False
/Volumes/Data/Work/SEALTAGS/Prydz/FLUO_LIGHT/PROCESSED/NC/ft24-918-18_lr1_prof_PROCESSED.nc,ft24-918-18,36,2019-01-15 15:50:00,-51.8599,87.7641,False,False
/Volumes/Data/Work/SEALTAGS/Prydz/FLUO_LIGHT/PROCESSED/NC/ft24-918-18_lr1_prof_PROCESSED.nc,ft24-918-18,37,2019-01-16 07:00:00,-52.2594,88.3961,True,False
/Volumes/Data/Work/SEALTAGS/Prydz/FLUO_LIGHT/PROCESSED/NC/ft24-918-18_lr1_prof_PROCESSED.nc,ft24-918-18,38,2019-01-16 20:50:00,-52.6562,88.8061,False,False
/Volumes/Data/Work/SEALTAGS/Prydz/FLUO_LIGHT/PROCESSED/NC/ft24-918-18_lr1_prof_PROCESSED.nc,ft24-918-18,39,2019-01-17 07:40:00,-52.751,88.7438,True,False
/Volumes/Data/Work/SEALTAGS/Prydz/FLUO_LIGHT/PROCESSED/NC/ft24-918-18_lr1_prof_PROCESSED.nc,ft24-918-18,40,2019-01-17 22:40:00,-53.065,89.4787,True,False
/Volumes/Data/Work/SEALTAGS/Prydz/FLUO_LIGHT/PROCESSED/NC/ft24-918-18_lr1_prof_PROCESSED.nc,ft24-918-18,41,2019-01-18 07:20:00,-53.3229,89.7084,True,False
/Volumes/Data/Work/SEALTAGS/Prydz/FLUO_LIGHT/PROCESSED/NC/ft24-918-18_lr1_prof_PROCESSED.nc,ft24-918-18,42,2019-01-18 17:50:00,-53.5338,90.1989,False,False
/Volumes/Data/Work/SEALTAGS/Prydz/FLUO_LIGHT/PROCESSED/NC/ft24-918-18_lr1_prof_PROCESSED.nc,ft24-918-18,43,2019-01-19 03:20:00,-53.589,90.3969,True,False
/Volumes/Data/Work/SEALTAGS/Prydz/FLUO_LIGHT/PROCESSED/NC/ft24-918-18_lr1_prof_PROCESSED.nc,ft24-918-18,44,2019-01-19 15:00:00,-53.581,90.8609,False,False
/Volumes/Data/Work/SEALTAGS/Prydz/FLUO_LIGHT/PROCESSED/NC/ft24-918-18_lr1_prof_PROCESSED.nc,ft24-918-18,45,2019-01-20 06:40:00,-53.6142,91.4486,True,False
/Volumes/Data/Work/SEALTAGS/Prydz/FLUO_LIGHT/PROCESSED/NC/ft24-918-18_lr1_prof_PROCESSED.nc,ft24-918-18,46,2019-01-21 05:50:00,-53.7925,92.434,True,False
/Volumes/Data/Work/SEALTAGS/Prydz/FLUO_LIGHT/PROCESSED/NC/ft24-918-18_lr1_prof_PROCESSED.nc,ft24-918-18,47,2019-01-21 15:20:00,-53.8475,92.8133,False,False
/Volumes/Data/Work/SEALTAGS/Prydz/FLUO_LIGHT/PROCESSED/NC/ft24-918-18_lr1_prof_PROCESSED.nc,ft24-918-18,48,2019-01-22 06:20:00,-53.8659,93.1468,True,False
/Volumes/Data/Work/SEALTAGS/Prydz/FLUO_LIGHT/PROCESSED/NC/ft24-918-18_lr1_prof_PROCESSED.nc,ft24-918-18,49,2019-01-22 22:30:00,-53.643,93.7266,True,False
/Volumes/Data/Work/SEALTAGS/Prydz/FLUO_LIGHT/PROCESSED/NC/ft24-918-18_lr1_prof_PROCESSED.nc,ft24-918-18,50,2019-01-23 03:30:00,-53.6852,93.8937,True,False
/Volumes/Data/Work/SEALTAGS/Prydz/FLUO_LIGHT/PROCESSED/NC/ft24-918-18_lr1_prof_PROCESSED.nc,ft24-918-18,51,2019-01-23 22:30:00,-53.8298,94.7581,True,False
/Volumes/Data/Work/SEALTAGS/Prydz/FLUO_LIGHT/PROCESSED/NC/ft24-918-18_lr1_prof_PROCESSED.nc,ft24-918-18,52,2019-01-24 08:30:00,-53.8506,95.261,True,False
/Volumes/Data/Work/SEALTAGS/Prydz/FLUO_LIGHT/PROCESSED/NC/ft24-918-18_lr1_prof_PROCESSED.nc,ft24-918-18,53,2019-01-24 15:50:00,-53.8557,95.484,False,False
/Volumes/Data/Work/SEALTAGS/Prydz/FLUO_LIGHT/PROCESSED/NC/ft24-918-18_lr1_prof_PROCESSED.nc,ft24-918-18,54,2019-01-25 02:40:00,-53.752,95.7499,True,False
/Volumes/Data/Work/SEALTAGS/Prydz/FLUO_LIGHT/PROCESSED/NC/ft24-918-18_lr1_prof_PROCESSED.nc,ft24-918-18,55,2019-01-25 22:00:00,-53.6767,96.7008,True,False
/Volumes/Data/Work/SEALTAGS/Prydz/FLUO_LIGHT/PROCESSED/NC/ft24-918-18_lr1_prof_PROCESSED.nc,ft24-918-18,56,2019-01-26 02:10:00,-53.6774,96.4637,True,False
/Volumes/Data/Work/SEALTAGS/Prydz/FLUO_LIGHT/PROCESSED/NC/ft24-918-18_lr1_prof_PROCESSED.nc,ft24-918-18,57,2019-01-26 21:00:00,-53.6599,97.3294,False,False
/Volumes/Data/Work/SEALTAGS/Prydz/FLUO_LIGHT/PROCESSED/NC/ft24-918-18_lr1_prof_PROCESSED.nc,ft24-918-18,58,2019-01-27 05:20:00,-53.5691,97.6699,True,False
/Volumes/Data/Work/SEALTAGS/Prydz/FLUO_LIGHT/PROCESSED/NC/ft24-918-18_lr1_prof_PROCESSED.nc,ft24-918-18,59,2019-01-27 21:20:00,-53.4748,98.3669,False,False
/Volumes/Data/Work/SEALTAGS/Prydz/FLUO_LIGHT/PROCESSED/NC/ft24-918-18_lr1_prof_PROCESSED.nc,ft24-918-18,60,2019-01-28 06:20:00,-53.529,98.7968,True,False
/Volumes/Data/Work/SEALTAGS/Prydz/FLUO_LIGHT/PROCESSED/NC/ft24-918-18_lr1_prof_PROCESSED.nc,ft24-918-18,61,2019-01-28 20:10:00,-53.3503,98.9168,False,False
/Volumes/Data/Work/SEALTAGS/Prydz/FLUO_LIGHT/PROCESSED/NC/ft24-918-18_lr1_prof_PROCESSED.nc,ft24-918-18,62,2019-01-29 07:00:00,-53.4111,99.5254,True,False
/Volumes/Data/Work/SEALTAGS/Prydz/FLUO_LIGHT/PROCESSED/NC/ft24-918-18_lr1_prof_PROCESSED.nc,ft24-918-18,63,2019-01-29 15:10:00,-53.4195,99.674,False,False
/Volumes/Data/Work/SEALTAGS/Prydz/FLUO_LIGHT/PROCESSED/NC/ft24-918-18_lr1_prof_PROCESSED.nc,ft24-918-18,64,2019-01-30 10:50:00,-53.5659,100.0266,True,False
/Volumes/Data/Work/SEALTAGS/Prydz/FLUO_LIGHT/PROCESSED/NC/ft24-918-18_lr1_prof_PROCESSED.nc,ft24-918-18,65,2019-01-30 14:40:00,-53.5736,100.1189,False,False
/Volumes/Data/Work/SEALTAGS/Prydz/FLUO_LIGHT/PROCESSED/NC/ft24-918-18_lr1_prof_PROCESSED.nc,ft24-918-18,66,2019-01-31 05:10:00,-53.5814,100.7328,True,False
/Volumes/Data/Work/SEALTAGS/Prydz/FLUO_LIGHT/PROCESSED/NC/ft24-918-18_lr1_prof_PROCESSED.nc,ft24-918-18,67,2019-01-31 19:50:00,-53.2523,101.2172,False,False
/Volumes/Data/Work/SEALTAGS/Prydz/FLUO_LIGHT/PROCESSED/NC/ft24-918-18_lr1_prof_PROCESSED.nc,ft24-918-18,68,2019-02-01 06:30:00,-53.1547,101.5433,True,False
/Volumes/Data/Work/SEALTAGS/Prydz/FLUO_LIGHT/PROCESSED/NC/ft24-918-18_lr1_prof_PROCESSED.nc,ft24-918-18,69,2019-02-01 19:20:00,-53.1171,102.0625,False,False
/Volumes/Data/Work/SEALTAGS/Prydz/FLUO_LIGHT/PROCESSED/NC/ft24-918-18_lr1_prof_PROCESSED.nc,ft24-918-18,70,2019-02-02 03:50:00,-53.0637,102.2618,True,False
/Volumes/Data/Work/SEALTAGS/Prydz/FLUO_LIGHT/PROCESSED/NC/ft24-918-18_lr1_prof_PROCESSED.nc,ft24-918-18,71,2019-02-02 20:40:00,-53.0717,103.0935,False,False
/Volumes/Data/Work/SEALTAGS/Prydz/FLUO_LIGHT/PROCESSED/NC/ft24-918-18_lr1_prof_PROCESSED.nc,ft24-918-18,72,2019-02-03 02:30:00,-53.0981,103.2085,True,False
/Volumes/Data/Work/SEALTAGS/Prydz/FLUO_LIGHT/PROCESSED/NC/ft24-918-18_lr1_prof_PROCESSED.nc,ft24-918-18,73,2019-02-03 15:10:00,-52.9702,103.2531,False,False
/Volumes/Data/Work/SEALTAGS/Prydz/FLUO_LIGHT/PROCESSED/NC/ft24-918-18_lr1_prof_PROCESSED.nc,ft24-918-18,74,2019-02-04 03:20:00,-52.9555,103.6539,True,False
/Volumes/Data/Work/SEALTAGS/Prydz/FLUO_LIGHT/PROCESSED/NC/ft24-918-18_lr1_prof_PROCESSED.nc,ft24-918-18,75,2019-02-04 15:00:00,-52.8546,104.0672,False,False
/Volumes/Data/Work/SEALTAGS/Prydz/FLUO_LIGHT/PROCESSED/NC/ft24-918-18_lr1_prof_PROCESSED.nc,ft24-918-18,76,2019-02-05 02:10:00,-52.8417,104.3966,True,False
/Volumes/Data/Work/SEALTAGS/Prydz/FLUO_LIGHT/PROCESSED/NC/ft24-918-18_lr1_prof_PROCESSED.nc,ft24-918-18,77,2019-02-05 19:50:00,-52.9587,104.8577,False,False
/Volumes/Data/Work/SEALTAGS/Prydz/FLUO_LIGHT/PROCESSED/NC/ft24-918-18_lr1_prof_PROCESSED.nc,ft24-918-18,78,2019-02-06 09:50:00,-52.8355,105.1223,True,False
/Volumes/Data/Work/SEALTAGS/Prydz/FLUO_LIGHT/PROCESSED/NC/ft24-918-18_lr1_prof_PROCESSED.nc,ft24-918-18,79,2019-02-06 22:20:00,-52.7269,105.5365,True,False
/Volumes/Data/Work/SEALTAGS/Prydz/FLUO_LIGHT/PROCESSED/NC/ft24-918-18_lr1_prof_PROCESSED.nc,ft24-918-18,80,2019-02-07 09:10:00,-52.7343,105.6209,True,False
/Volumes/Data/Work/SEALTAGS/Prydz/FLUO_LIGHT/PROCESSED/NC/ft24-918-18_lr1_prof_PROCESSED.nc,ft24-918-18,81,2019-02-07 21:00:00,-52.6392,105.8218,False,False
/Volumes/Data/Work/SEALTAGS/Prydz/FLUO_LIGHT/PROCESSED/NC/ft24-918-18_lr1_prof_PROCESSED.nc,ft24-918-18,82,2019-02-08 06:50:00,-52.63,105.8922,True,False
/Volumes/Data/Work/SEALTAGS/Prydz/FLUO_LIGHT/PROCESSED/NC/ft24-918-18_lr1_prof_PROCESSED.nc,ft24-918-18,83,2019-02-08 22:20:00,-52.3882,105.9527,True,False
/Volumes/Data/Work/SEALTAGS/Prydz/FLUO_LIGHT/PROCESSED/NC/ft24-918-18_lr1_prof_PROCESSED.nc,ft24-918-18,84,2019-02-09 04:00:00,-52.1502,106.1109,True,False
/Volumes/Data/Work/SEALTAGS/Prydz/FLUO_LIGHT/PROCESSED/NC/ft24-918-18_lr1_prof_PROCESSED.nc,ft24-918-18,85,2019-02-09 23:30:00,-52.1314,105.9762,True,False
/Volumes/Data/Work/SEALTAGS/Prydz/FLUO_LIGHT/PROCESSED/NC/ft24-918-18_lr1_prof_PROCESSED.nc,ft24-918-18,86,2019-02-10 01:50:00,-52.1403,105.9519,True,False
/Volumes/Data/Work/SEALTAGS/Prydz/FLUO_LIGHT/PROCESSED/NC/ft24-918-18_lr1_prof_PROCESSED.nc,ft24-918-18,87,2019-02-10 18:00:00,-52.0065,106.1108,False,False
/Volumes/Data/Work/SEALTAGS/Prydz/FLUO_LIGHT/PROCESSED/NC/ft24-918-18_lr1_prof_PROCESSED.nc,ft24-918-18,88,2019-02-11 02:50:00,-51.9109,106.2081,True,False
/Volumes/Data/Work/SEALTAGS/Prydz/FLUO_LIGHT/PROCESSED/NC/ft24-918-18_lr1_prof_PROCESSED.nc,ft24-918-18,89,2019-02-11 16:00:00,-51.6792,106.4311,False,False
/Volumes/Data/Work/SEALTAGS/Prydz/FLUO_LIGHT/PROCESSED/NC/ft24-918-18_lr1_prof_PROCESSED.nc,ft24-918-18,90,2019-02-12 03:30:00,-51.4037,106.7434,True,False
/Volumes/Data/Work/SEALTAGS/Prydz/FLUO_LIGHT/PROCESSED/NC/ft24-918-18_lr1_prof_PROCESSED.nc,ft24-918-18,91,2019-02-13 08:10:00,-51.1184,107.3682,True,False
/Volumes/Data/Work/SEALTAGS/Prydz/FLUO_LIGHT/PROCESSED/NC/ft24-918-18_lr1_prof_PROCESSED.nc,ft24-918-18,92,2019-02-13 18:50:00,-51.0014,107.5906,False,False
/Volumes/Data/Work/SEALTAGS/Prydz/FLUO_LIGHT/PROCESSED/NC/ft24-918-18_lr1_prof_PROCESSED.nc,ft24-918-18,93,2019-02-14 02:40:00,-50.8311,107.6044,True,False
/Volumes/Data/Work/SEALTAGS/Prydz/FLUO_LIGHT/PROCESSED/NC/ft24-918-18_lr1_prof_PROCESSED.nc,ft24-918-18,94,2019-02-14 23:30:00,-50.6233,107.9078,True,False
/Volumes/Data/Work/SEALTAGS/Prydz/FLUO_LIGHT/PROCESSED/NC/ft24-918-18_lr1_prof_PROCESSED.nc,ft24-918-18,95,2019-02-15 05:50:00,-50.5185,107.9084,True,False
/Volumes/Data/Work/SEALTAGS/Prydz/FLUO_LIGHT/PROCESSED/NC/ft24-918-18_lr1_prof_PROCESSED.nc,ft24-918-18,96,2019-02-15 14:00:00,-50.4737,108.0096,False,False
/Volumes/Data/Work/SEALTAGS/Prydz/FLUO_LIGHT/PROCESSED/NC/ft24-918-18_lr1_prof_PROCESSED.nc,ft24-918-18,97,2019-02-16 02:10:00,-50.26,108.1516,True,False
/Volumes/Data/Work/SEALTAGS/Prydz/FLUO_LIGHT/PROCESSED/NC/ft24-918-18_lr1_prof_PROCESSED.nc,ft24-918-18,98,2019-02-16 16:50:00,-50.0452,108.5433,False,False
/Volumes/Data/Work/SEALTAGS/Prydz/FLUO_LIGHT/PROCESSED/NC/ft24-918-18_lr1_prof_PROCESSED.nc,ft24-918-18,99,2019-02-17 03:20:00,-49.8207,108.6195,True,False
/Volumes/Data/Work/SEALTAGS/Prydz/FLUO_LIGHT/PROCESSED/NC/ft24-918-18_lr1_prof_PROCESSED.nc,ft24-918-18,100,2019-02-17 13:50:00,-49.7052,108.7654,False,False
/Volumes/Data/Work/SEALTAGS/Prydz/FLUO_LIGHT/PROCESSED/NC/ft24-918-18_lr1_prof_PROCESSED.nc,ft24-918-18,101,2019-02-18 02:10:00,-49.4988,108.6871,True,False
/Volumes/Data/Work/SEALTAGS/Prydz/FLUO_LIGHT/PROCESSED/NC/ft24-918-18_lr1_prof_PROCESSED.nc,ft24-918-18,102,2019-02-18 18:20:00,-49.3378,109.0319,False,False
/Volumes/Data/Work/SEALTAGS/Prydz/FLUO_LIGHT/PROCESSED/NC/ft24-918-18_lr1_prof_PROCESSED.nc,ft24-918-18,103,2019-02-19 02:00:00,-49.2231,109.1209,True,False
/Volumes/Data/Work/SEALTAGS/Prydz/FLUO_LIGHT/PROCESSED/NC/ft24-918-18_lr1_prof_PROCESSED.nc,ft24-918-18,104,2019-02-19 23:00:00,-48.9992,109.2321,True,False
/Volumes/Data/Work/SEALTAGS/Prydz/FLUO_LIGHT/PROCESSED/NC/ft24-918-18_lr1_prof_PROCESSED.nc,ft24-918-18,105,2019-02-20 03:20:00,-49.0403,109.1235,True,False
/Volumes/Data/Work/SEALTAGS/Prydz/FLUO_LIGHT/PROCESSED/NC/ft24-918-18_lr1_prof_PROCESSED.nc,ft24-918-18,106,2019-02-20 16:20:00,-49.2143,108.7001,False,False
/Volumes/Data/Work/SEALTAGS/Prydz/FLUO_LIGHT/PROCESSED/NC/ft24-918-18_lr1_prof_PROCESSED.nc,ft24-918-18,107,2019-02-21 01:40:00,-49.2003,108.5824,True,False
/Volumes/Data/Work/SEALTAGS/Prydz/FLUO_LIGHT/PROCESSED/NC/ft24-918-18_lr1_prof_PROCESSED.nc,ft24-918-18,108,2019-02-21 22:20:00,-49.1591,108.3273,True,False
/Volumes/Data/Work/SEALTAGS/Prydz/FLUO_LIGHT/PROCESSED/NC/ft24-918-18_lr1_prof_PROCESSED.nc,ft24-918-18,109,2019-02-22 02:20:00,-49.1751,108.2821,True,False
/Volumes/Data/Work/SEALTAGS/Prydz/FLUO_LIGHT/PROCESSED/NC/ft24-918-18_lr1_prof_PROCESSED.nc,ft24-918-18,110,2019-02-22 21:30:00,-49.2514,108.3139,False,False
/Volumes/Data/Work/SEALTAGS/Prydz/FLUO_LIGHT/PROCESSED/NC/ft24-918-18_lr1_prof_PROCESSED.nc,ft24-918-18,111,2019-02-23 05:00:00,-49.3447,108.4692,True,False
/Volumes/Data/Work/SEALTAGS/Prydz/FLUO_LIGHT/PROCESSED/NC/ft24-918-18_lr1_prof_PROCESSED.nc,ft24-918-18,112,2019-02-23 22:50:00,-49.2904,107.8584,True,False
/Volumes/Data/Work/SEALTAGS/Prydz/FLUO_LIGHT/PROCESSED/NC/ft24-918-18_lr1_prof_PROCESSED.nc,ft24-918-18,113,2019-02-24 02:50:00,-49.3117,107.7557,True,False
/Volumes/Data/Work/SEALTAGS/Prydz/FLUO_LIGHT/PROCESSED/NC/ft24-918-18_lr1_prof_PROCESSED.nc,ft24-918-18,114,2019-02-24 17:10:00,-49.3184,107.9116,False,False
/Volumes/Data/Work/SEALTAGS/Prydz/FLUO_LIGHT/PROCESSED/NC/ft24-918-18_lr1_prof_PROCESSED.nc,ft24-918-18,115,2019-02-25 03:30:00,-49.3318,107.8169,True,False
/Volumes/Data/Work/SEALTAGS/Prydz/FLUO_LIGHT/PROCESSED/NC/ft24-918-18_lr1_prof_PROCESSED.nc,ft24-918-18,116,2019-02-25 18:30:00,-49.3131,107.5566,False,False
/Volumes/Data/Work/SEALTAGS/Prydz/FLUO_LIGHT/PROCESSED/NC/ft24-918-18_lr1_prof_PROCESSED.nc,ft24-918-18,117,2019-02-26 02:00:00,-49.3196,107.3264,True,False
/Volumes/Data/Work/SEALTAGS/Prydz/FLUO_LIGHT/PROCESSED/NC/ft24-918-18_lr1_prof_PROCESSED.nc,ft24-918-18,118,2019-02-26 16:50:00,-49.1877,106.9314,False,False
/Volumes/Data/Work/SEALTAGS/Prydz/FLUO_LIGHT/PROCESSED/NC/ft24-918-18_lr1_prof_PROCESSED.nc,ft24-918-18,119,2019-02-27 03:50:00,-49.1798,106.5225,True,False
/Volumes/Data/Work/SEALTAGS/Prydz/FLUO_LIGHT/PROCESSED/NC/ft24-918-18_lr1_prof_PROCESSED.nc,ft24-918-18,120,2019-02-27 18:20:00,-49.107,106.279,False,False
/Volumes/Data/Work/SEALTAGS/Prydz/FLUO_LIGHT/PROCESSED/NC/ft24-918-18_lr1_prof_PROCESSED.nc,ft24-918-18,121,2019-02-28 05:10:00,-49.0696,106.0204,True,False
/Volumes/Data/Work/SEALTAGS/Prydz/FLUO_LIGHT/PROCESSED/NC/ft24-918-18_lr1_prof_PROCESSED.nc,ft24-918-18,122,2019-02-28 23:50:00,-49.0532,105.7645,True,False
/Volumes/Data/Work/SEALTAGS/Prydz/FLUO_LIGHT/PROCESSED/NC/ft24-918-18_lr1_prof_PROCESSED.nc,ft24-918-18,123,2019-03-01 04:00:00,-49.0854,105.5272,True,False
/Volumes/Data/Work/SEALTAGS/Prydz/FLUO_LIGHT/PROCESSED/NC/ft24-918-18_lr1_prof_PROCESSED.nc,ft24-918-18,124,2019-03-02 00:00:00,-49.3153,104.7692,True,False
/Volumes/Data/Work/SEALTAGS/Prydz/FLUO_LIGHT/PROCESSED/NC/ft24-918-18_lr1_prof_PROCESSED.nc,ft24-918-18,125,2019-03-02 17:10:00,-49.3759,104.4633,False,False
/Volumes/Data/Work/SEALTAGS/Prydz/FLUO_LIGHT/PROCESSED/NC/ft24-918-18_lr1_prof_PROCESSED.nc,ft24-918-18,126,2019-03-03 04:20:00,-49.4415,103.873,True,False
/Volumes/Data/Work/SEALTAGS/Prydz/FLUO_LIGHT/PROCESSED/NC/ft24-918-18_lr1_prof_PROCESSED.nc,ft24-918-18,127,2019-03-03 22:30:00,-49.5507,103.7352,False,False
/Volumes/Data/Work/SEALTAGS/Prydz/FLUO_LIGHT/PROCESSED/NC/ft24-918-18_lr1_prof_PROCESSED.nc,ft24-918-18,128,2019-03-04 11:20:00,-49.6101,103.4156,True,False
/Volumes/Data/Work/SEALTAGS/Prydz/FLUO_LIGHT/PROCESSED/NC/ft24-918-18_lr1_prof_PROCESSED.nc,ft24-918-18,129,2019-03-04 14:10:00,-49.5736,103.3756,False,False
/Volumes/Data/Work/SEALTAGS/Prydz/FLUO_LIGHT/PROCESSED/NC/ft24-918-18_lr1_prof_PROCESSED.nc,ft24-918-18,130,2019-03-05 10:00:00,-49.5491,102.6746,True,False
/Volumes/Data/Work/SEALTAGS/Prydz/FLUO_LIGHT/PROCESSED/NC/ft24-918-18_lr1_prof_PROCESSED.nc,ft24-918-18,131,2019-03-05 23:10:00,-49.5877,102.2296,True,False
/Volumes/Data/Work/SEALTAGS/Prydz/FLUO_LIGHT/PROCESSED/NC/ft24-918-18_lr1_prof_PROCESSED.nc,ft24-918-18,132,2019-03-06 04:50:00,-49.5848,102.0601,True,False
/Volumes/Data/Work/SEALTAGS/Prydz/FLUO_LIGHT/PROCESSED/NC/ft24-918-18_lr1_prof_PROCESSED.nc,ft24-918-18,133,2019-03-06 13:50:00,-49.5666,101.662,False,False
/Volumes/Data/Work/SEALTAGS/Prydz/FLUO_LIGHT/PROCESSED/NC/ft24-918-18_lr1_prof_PROCESSED.nc,ft24-918-18,134,2019-03-07 02:00:00,-49.5701,101.1245,True,False
/Volumes/Data/Work/SEALTAGS/Prydz/FLUO_LIGHT/PROCESSED/NC/ft24-918-18_lr1_prof_PROCESSED.nc,ft24-918-18,135,2019-03-07 21:30:00,-49.5698,100.3256,False,False
/Volumes/Data/Work/SEALTAGS/Prydz/FLUO_LIGHT/PROCESSED/NC/ft24-918-18_lr1_prof_PROCESSED.nc,ft24-918-18,136,2019-03-08 06:00:00,-49.6176,99.8152,True,False
/Volumes/Data/Work/SEALTAGS/Prydz/FLUO_LIGHT/PROCESSED/NC/ft24-918-18_lr1_prof_PROCESSED.nc,ft24-918-18,137,2019-03-08 14:30:00,-49.6291,99.6598,False,False
/Volumes/Data/Work/SEALTAGS/Prydz/FLUO_LIGHT/PROCESSED/NC/ft24-918-18_lr1_prof_PROCESSED.nc,ft24-918-18,138,2019-03-09 03:20:00,-49.6662,99.3195,True,False
/Volumes/Data/Work/SEALTAGS/Prydz/FLUO_LIGHT/PROCESSED/NC/ft24-918-18_lr1_prof_PROCESSED.nc,ft24-918-18,139,2019-03-09 20:30:00,-49.6963,98.6321,False,False
/Volumes/Data/Work/SEALTAGS/Prydz/FLUO_LIGHT/PROCESSED/NC/ft24-918-18_lr1_prof_PROCESSED.nc,ft24-918-18,140,2019-03-10 02:20:00,-49.6154,98.5179,True,False
/Volumes/Data/Work/SEALTAGS/Prydz/FLUO_LIGHT/PROCESSED/NC/ft24-918-18_lr1_prof_PROCESSED.nc,ft24-918-18,141,2019-03-10 21:30:00,-49.4981,97.7996,False,False
/Volumes/Data/Work/SEALTAGS/Prydz/FLUO_LIGHT/PROCESSED/NC/ft24-918-18_lr1_prof_PROCESSED.nc,ft24-918-18,142,2019-03-11 03:00:00,-49.5004,97.4428,True,False
/Volumes/Data/Work/SEALTAGS/Prydz/FLUO_LIGHT/PROCESSED/NC/ft24-918-18_lr1_prof_PROCESSED.nc,ft24-918-18,143,2019-03-11 16:40:00,-49.4266,96.9475,False,False
/Volumes/Data/Work/SEALTAGS/Prydz/FLUO_LIGHT/PROCESSED/NC/ft24-918-18_lr1_prof_PROCESSED.nc,ft24-918-18,144,2019-03-12 02:30:00,-49.5702,96.569,True,False
/Volumes/Data/Work/SEALTAGS/Prydz/FLUO_LIGHT/PROCESSED/NC/ft24-918-18_lr1_prof_PROCESSED.nc,ft24-918-18,145,2019-03-12 15:50:00,-49.4975,95.9929,False,False
/Volumes/Data/Work/SEALTAGS/Prydz/FLUO_LIGHT/PROCESSED/NC/ft24-918-18_lr1_prof_PROCESSED.nc,ft24-918-18,146,2019-03-13 01:30:00,-49.4121,95.5918,True,False
/Volumes/Data/Work/SEALTAGS/Prydz/FLUO_LIGHT/PROCESSED/NC/ft24-918-18_lr1_prof_PROCESSED.nc,ft24-918-18,147,2019-03-13 14:20:00,-49.358,94.8003,False,False
/Volumes/Data/Work/SEALTAGS/Prydz/FLUO_LIGHT/PROCESSED/NC/ft24-918-18_lr1_prof_PROCESSED.nc,ft24-918-18,148,2019-03-14 07:40:00,-49.1597,93.7672,True,False
/Volumes/Data/Work/SEALTAGS/Prydz/FLUO_LIGHT/PROCESSED/NC/ft24-918-18_lr1_prof_PROCESSED.nc,ft24-918-18,149,2019-03-14 15:10:00,-49.2583,93.0787,False,False
/Volumes/Data/Work/SEALTAGS/Prydz/FLUO_LIGHT/PROCESSED/NC/ft24-918-18_lr1_prof_PROCESSED.nc,ft24-918-18,150,2019-03-15 01:30:00,-49.145,92.1756,True,False
/Volumes/Data/Work/SEALTAGS/Prydz/FLUO_LIGHT/PROCESSED/NC/ft24-918-18_lr1_prof_PROCESSED.nc,ft24-918-18,151,2019-03-15 15:50:00,-48.9878,91.3201,False,False
/Volumes/Data/Work/SEALTAGS/Prydz/FLUO_LIGHT/PROCESSED/NC/ft24-918-18_lr1_prof_PROCESSED.nc,ft24-918-18,152,2019-03-16 02:50:00,-48.8807,90.9255,True,False
/Volumes/Data/Work/SEALTAGS/Prydz/FLUO_LIGHT/PROCESSED/NC/ft24-918-18_lr1_prof_PROCESSED.nc,ft24-918-18,153,2019-03-16 14:10:00,-48.9607,90.2183,False,False
/Volumes/Data/Work/SEALTAGS/Prydz/FLUO_LIGHT/PROCESSED/NC/ft24-918-18_lr1_prof_PROCESSED.nc,ft24-918-18,154,2019-03-17 04:30:00,-48.943,89.4099,True,False
/Volumes/Data/Work/SEALTAGS/Prydz/FLUO_LIGHT/PROCESSED/NC/ft24-918-18_lr1_prof_PROCESSED.nc,ft24-918-18,155,2019-03-17 15:40:00,-48.9965,89.072,False,False
/Volumes/Data/Work/SEALTAGS/Prydz/FLUO_LIGHT/PROCESSED/NC/ft24-918-18_lr1_prof_PROCESSED.nc,ft24-918-18,156,2019-03-18 02:20:00,-48.9801,88.4411,True,False
/Volumes/Data/Work/SEALTAGS/Prydz/FLUO_LIGHT/PROCESSED/NC/ft24-918-18_lr1_prof_PROCESSED.nc,ft24-918-18,157,2019-03-19 10:10:00,-49.0434,87.0437,True,False
/Volumes/Data/Work/SEALTAGS/Prydz/FLUO_LIGHT/PROCESSED/NC/ft24-918-18_lr1_prof_PROCESSED.nc,ft24-918-18,158,2019-03-19 14:20:00,-49.0542,87.0422,False,False
/Volumes/Data/Work/SEALTAGS/Prydz/FLUO_LIGHT/PROCESSED/NC/ft24-918-18_lr1_prof_PROCESSED.nc,ft24-918-18,159,2019-03-20 01:10:00,-48.9563,86.5115,True,False
/Volumes/Data/Work/SEALTAGS/Prydz/FLUO_LIGHT/PROCESSED/NC/ft24-918-18_lr1_prof_PROCESSED.nc,ft24-918-18,160,2019-03-20 14:20:00,-49.0183,86.0442,False,False
/Volumes/Data/Work/SEALTAGS/Prydz/FLUO_LIGHT/PROCESSED/NC/ft24-918-18_lr1_prof_PROCESSED.nc,ft24-918-18,161,2019-03-21 08:40:00,-48.978,85.0451,True,False
/Volumes/Data/Work/SEALTAGS/Prydz/FLUO_LIGHT/PROCESSED/NC/ft24-918-18_lr1_prof_PROCESSED.nc,ft24-918-18,162,2019-03-21 19:40:00,-49.1513,84.7725,False,False
/Volumes/Data/Work/SEALTAGS/Prydz/FLUO_LIGHT/PROCESSED/NC/ft24-918-18_lr1_prof_PROCESSED.nc,ft24-918-18,163,2019-03-22 02:50:00,-49.2918,84.2573,True,False
/Volumes/Data/Work/SEALTAGS/Prydz/FLUO_LIGHT/PROCESSED/NC/ft24-918-18_lr1_prof_PROCESSED.nc,ft24-918-18,164,2019-03-22 15:00:00,-49.4336,83.7502,False,False
/Volumes/Data/Work/SEALTAGS/Prydz/FLUO_LIGHT/PROCESSED/NC/ft24-918-18_lr1_prof_PROCESSED.nc,ft24-918-18,165,2019-03-23 01:30:00,-49.4692,83.2953,True,False
/Volumes/Data/Work/SEALTAGS/Prydz/FLUO_LIGHT/PROCESSED/NC/ft24-918-18_lr1_prof_PROCESSED.nc,ft24-918-18,166,2019-03-23 22:20:00,-49.7639,82.946,False,False
/Volumes/Data/Work/SEALTAGS/Prydz/FLUO_LIGHT/PROCESSED/NC/ft24-918-18_lr1_prof_PROCESSED.nc,ft24-918-18,167,2019-03-24 01:50:00,-49.8132,82.7126,True,False
/Volumes/Data/Work/SEALTAGS/Prydz/FLUO_LIGHT/PROCESSED/NC/ft24-918-18_lr1_prof_PROCESSED.nc,ft24-918-18,168,2019-03-24 14:40:00,-49.8547,82.3038,False,False
/Volumes/Data/Work/SEALTAGS/Prydz/FLUO_LIGHT/PROCESSED/NC/ft24-918-18_lr1_prof_PROCESSED.nc,ft24-918-18,169,2019-03-25 22:40:00,-49.9214,80.6953,False,False
/Volumes/Data/Work/SEALTAGS/Prydz/FLUO_LIGHT/PROCESSED/NC/ft24-918-18_lr1_prof_PROCESSED.nc,ft24-918-18,170,2019-03-26 03:10:00,-49.9429,80.6818,True,False
/Volumes/Data/Work/SEALTAGS/Prydz/FLUO_LIGHT/PROCESSED/NC/ft24-918-18_lr1_prof_PROCESSED.nc,ft24-918-18,171,2019-03-27 03:10:00,-49.8269,79.7614,True,False
/Volumes/Data/Work/SEALTAGS/Prydz/FLUO_LIGHT/PROCESSED/NC/ft24-918-18_lr1_prof_PROCESSED.nc,ft24-918-18,172,2019-03-27 14:50:00,-49.8648,79.2327,False,False
/Volumes/Data/Work/SEALTAGS/Prydz/FLUO_LIGHT/PROCESSED/NC/ft24-918-18_lr1_prof_PROCESSED.nc,ft24-918-18,173,2019-03-28 02:10:00,-50.0406,78.7376,True,False
/Volumes/Data/Work/SEALTAGS/Prydz/FLUO_LIGHT/PROCESSED/NC/ft24-918-18_lr1_prof_PROCESSED.nc,ft24-918-18,174,2019-03-28 13:50:00,-50.1834,78.3869,False,False
/Volumes/Data/Work/SEALTAGS/Prydz/FLUO_LIGHT/PROCESSED/NC/ft24-918-18_lr1_prof_PROCESSED.nc,ft24-918-18,175,2019-03-29 01:00:00,-50.3133,77.6745,False,False
/Volumes/Data/Work/SEALTAGS/Prydz/FLUO_LIGHT/PROCESSED/NC/ft24-918-18_lr1_prof_PROCESSED.nc,ft24-918-18,176,2019-03-29 16:10:00,-50.1267,76.875,False,False
/Volumes/Data/Work/SEALTAGS/Prydz/FLUO_LIGHT/PROCESSED/NC/ft24-918-18_lr1_prof_PROCESSED.nc,ft24-918-18,177,2019-03-30 03:00:00,-50.2305,76.1985,True,False
/Volumes/Data/Work/SEALTAGS/Prydz/FLUO_LIGHT/PROCESSED/NC/ft24-918-18_lr1_prof_PROCESSED.nc,ft24-918-18,178,2019-03-30 18:20:00,-50.4048,75.6332,False,False
/Volumes/Data/Work/SEALTAGS/Prydz/FLUO_LIGHT/PROCESSED/NC/ft24-918-18_lr1_prof_PROCESSED.nc,ft24-918-18,179,2019-03-31 06:00:00,-50.3601,75.1601,True,False
/Volumes/Data/Work/SEALTAGS/Prydz/FLUO_LIGHT/PROCESSED/NC/ft24-918-18_lr1_prof_PROCESSED.nc,ft24-918-18,180,2019-03-31 12:40:00,-50.4084,74.6345,True,False
/Volumes/Data/Work/SEALTAGS/Prydz/FLUO_LIGHT/PROCESSED/NC/ft24-918-18_lr1_prof_PROCESSED.nc,ft24-918-18,181,2019-04-01 02:00:00,-50.2376,73.9484,True,False
/Volumes/Data/Work/SEALTAGS/Prydz/FLUO_LIGHT/PROCESSED/NC/ft24-918-18_lr1_prof_PROCESSED.nc,ft24-918-18,182,2019-04-01 14:40:00,-50.0514,73.3163,False,False
/Volumes/Data/Work/SEALTAGS/Prydz/FLUO_LIGHT/PROCESSED/NC/ft24-918-18_lr1_prof_PROCESSED.nc,ft24-918-18,183,2019-04-02 10:40:00,-49.7728,72.4034,True,False
/Volumes/Data/Work/SEALTAGS/Prydz/FLUO_LIGHT/PROCESSED/NC/ft24-918-18_lr1_prof_PROCESSED.nc,ft24-918-18,184,2019-04-02 18:00:00,-49.6196,72.0483,False,False
/Volumes/Data/Work/SEALTAGS/Prydz/FLUO_LIGHT/PROCESSED/NC/ft24-918-18_lr1_prof_PROCESSED.nc,ft24-918-18,185,2019-04-03 02:20:00,-49.509,71.56,True,False
/Volumes/Data/Work/SEALTAGS/Prydz/FLUO_LIGHT/PROCESSED/NC/ft24-918-18_lr1_prof_PROCESSED.nc,ft24-918-18,186,2019-04-03 14:00:00,-49.4982,71.1281,False,False
/Volumes/Data/Work/SEALTAGS/Prydz/FLUO_LIGHT/PROCESSED/NC/ft24-918-18_lr1_prof_PROCESSED.nc,ft24-918-18,187,2019-05-06 03:20:00,-49.0754,71.194,True,False
/Volumes/Data/Work/SEALTAGS/Prydz/FLUO_LIGHT/PROCESSED/NC/ft24-918-18_lr1_prof_PROCESSED.nc,ft24-918-18,188,2019-05-06 14:20:00,-48.9554,71.0332,False,False
/Volumes/Data/Work/SEALTAGS/Prydz/FLUO_LIGHT/PROCESSED/NC/ft24-918-18_lr1_prof_PROCESSED.nc,ft24-918-18,189,2019-05-07 04:50:00,-48.6606,71.0841,True,False
/Volumes/Data/Work/SEALTAGS/Prydz/FLUO_LIGHT/PROCESSED/NC/ft24-918-18_lr1_prof_PROCESSED.nc,ft24-918-18,190,2019-05-07 23:30:00,-48.0933,70.3166,False,False
/Volumes/Data/Work/SEALTAGS/Prydz/FLUO_LIGHT/PROCESSED/NC/ft24-918-18_lr1_prof_PROCESSED.nc,ft24-918-18,191,2019-05-08 09:10:00,-48.0138,69.6831,True,False
/Volumes/Data/Work/SEALTAGS/Prydz/FLUO_LIGHT/PROCESSED/NC/ft24-918-18_lr1_prof_PROCESSED.nc,ft24-918-18,192,2019-05-08 21:40:00,-48.0215,68.6515,False,False
/Volumes/Data/Work/SEALTAGS/Prydz/FLUO_LIGHT/PROCESSED/NC/ft24-918-18_lr1_prof_PROCESSED.nc,ft24-918-18,193,2019-05-09 09:10:00,-47.9994,67.8438,True,False
/Volumes/Data/Work/SEALTAGS/Prydz/FLUO_LIGHT/PROCESSED/NC/ft24-918-18_lr1_prof_PROCESSED.nc,ft24-918-18,194,2019-05-09 20:50:00,-47.8545,67.0056,False,False
/Volumes/Data/Work/SEALTAGS/Prydz/FLUO_LIGHT/PROCESSED/NC/ft24-918-18_lr1_prof_PROCESSED.nc,ft24-918-18,195,2019-05-10 03:20:00,-47.8288,66.7361,True,False
/Volumes/Data/Work/SEALTAGS/Prydz/FLUO_LIGHT/PROCESSED/NC/ft24-918-18_lr1_prof_PROCESSED.nc,ft24-918-18,196,2019-05-10 18:50:00,-47.8765,65.9508,False,False
/Volumes/Data/Work/SEALTAGS/Prydz/FLUO_LIGHT/PROCESSED/NC/ft24-918-18_lr1_prof_PROCESSED.nc,ft24-918-18,197,2019-05-11 07:00:00,-47.9449,65.4994,True,False
/Volumes/Data/Work/SEALTAGS/Prydz/FLUO_LIGHT/PROCESSED/NC/ft24-918-18_lr1_prof_PROCESSED.nc,ft24-918-18,198,2019-05-11 14:10:00,-47.9055,65.1368,False,False
/Volumes/Data/Work/SEALTAGS/Prydz/FLUO_LIGHT/PROCESSED/NC/ft24-918-18_lr1_prof_PROCESSED.nc,ft24-918-18,199,2019-05-12 06:20:00,-47.798,64.3474,True,False
/Volumes/Data/Work/SEALTAGS/Prydz/FLUO_LIGHT/PROCESSED/NC/ft24-918-18_lr1_prof_PROCESSED.nc,ft24-918-18,200,2019-05-12 13:10:00,-47.8092,64.146,False,False
/Volumes/Data/Work/SEALTAGS/Prydz/FLUO_LIGHT/PROCESSED/NC/ft24-918-18_lr1_prof_PROCESSED.nc,ft24-918-18,201,2019-05-13 06:20:00,-47.8491,63.4996,True,False
/Volumes/Data/Work/SEALTAGS/Prydz/FLUO_LIGHT/PROCESSED/NC/ft24-918-18_lr1_prof_PROCESSED.nc,ft24-918-18,202,2019-05-13 23:30:00,-47.7963,62.9356,False,False
/Volumes/Data/Work/SEALTAGS/Prydz/FLUO_LIGHT/PROCESSED/NC/ft24-918-18_lr1_prof_PROCESSED.nc,ft24-918-18,203,2019-05-14 06:00:00,-47.7977,62.6797,True,False
/Volumes/Data/Work/SEALTAGS/Prydz/FLUO_LIGHT/PROCESSED/NC/ft24-918-18_lr1_prof_PROCESSED.nc,ft24-918-18,204,2019-05-14 21:40:00,-47.8525,62.2662,False,False
/Volumes/Data/Work/SEALTAGS/Prydz/FLUO_LIGHT/PROCESSED/NC/ft24-918-18_lr1_prof_PROCESSED.nc,ft24-918-18,205,2019-05-15 02:50:00,-47.8787,62.1876,False,False
/Volumes/Data/Work/SEALTAGS/Prydz/FLUO_LIGHT/PROCESSED/NC/ft24-918-18_lr1_prof_PROCESSED.nc,ft24-918-18,206,2019-05-15 19:50:00,-47.7354,61.3565,False,False
/Volumes/Data/Work/SEALTAGS/Prydz/FLUO_LIGHT/PROCESSED/NC/ft24-918-18_lr1_prof_PROCESSED.nc,ft24-918-18,207,2019-05-16 02:50:00,-47.6773,61.0457,False,False
/Volumes/Data/Work/SEALTAGS/Prydz/FLUO_LIGHT/PROCESSED/NC/ft24-918-18_lr1_prof_PROCESSED.nc,ft24-918-18,208,2019-05-16 16:50:00,-47.6679,61.0037,False,False
/Volumes/Data/Work/SEALTAGS/Prydz/FLUO_LIGHT/PROCESSED/NC/ft24-918-18_lr1_prof_PROCESSED.nc,ft24-918-18,209,2019-05-17 07:50:00,-47.5964,60.5022,True,False
/Volumes/Data/Work/SEALTAGS/Prydz/FLUO_LIGHT/PROCESSED/NC/ft24-918-18_lr1_prof_PROCESSED.nc,ft24-918-18,210,2019-05-17 14:10:00,-47.557,60.3303,False,False
/Volumes/Data/Work/SEALTAGS/Prydz/FLUO_LIGHT/PROCESSED/NC/ft24-918-18_lr1_prof_PROCESSED.nc,ft24-918-18,211,2019-05-18 08:20:00,-47.3619,59.4534,True,False
/Volumes/Data/Work/SEALTAGS/Prydz/FLUO_LIGHT/PROCESSED/NC/ft24-918-18_lr1_prof_PROCESSED.nc,ft24-918-18,212,2019-05-18 18:00:00,-47.3417,58.8124,False,False
/Volumes/Data/Work/SEALTAGS/Prydz/FLUO_LIGHT/PROCESSED/NC/ft24-918-18_lr1_prof_PROCESSED.nc,ft24-918-18,213,2019-05-19 04:20:00,-47.3901,58.0787,True,False
/Volumes/Data/Work/SEALTAGS/Prydz/FLUO_LIGHT/PROCESSED/NC/ft24-918-18_lr1_prof_PROCESSED.nc,ft24-918-18,214,2019-05-19 21:10:00,-47.4116,57.4389,False,False
/Volumes/Data/Work/SEALTAGS/Prydz/FLUO_LIGHT/PROCESSED/NC/ft24-918-18_lr1_prof_PROCESSED.nc,ft24-918-18,215,2019-05-20 11:50:00,-47.6341,56.9532,True,False
/Volumes/Data/Work/SEALTAGS/Prydz/FLUO_LIGHT/PROCESSED/NC/ft24-918-18_lr1_prof_PROCESSED.nc,ft24-918-18,216,2019-05-20 21:30:00,-47.6084,56.7755,False,False
/Volumes/Data/Work/SEALTAGS/Prydz/FLUO_LIGHT/PROCESSED/NC/ft24-918-18_lr1_prof_PROCESSED.nc,ft24-918-18,217,2019-05-21 03:30:00,-47.6909,56.606,False,False
/Volumes/Data/Work/SEALTAGS/Prydz/FLUO_LIGHT/PROCESSED/NC/ft24-918-18_lr1_prof_PROCESSED.nc,ft24-918-18,218,2019-05-21 16:00:00,-47.6692,56.2202,False,False
/Volumes/Data/Work/SEALTAGS/Prydz/FLUO_LIGHT/PROCESSED/NC/ft24-918-18_lr1_prof_PROCESSED.nc,ft24-918-18,219,2019-05-22 04:40:00,-47.7193,55.8005,True,False
/Volumes/Data/Work/SEALTAGS/Prydz/FLUO_LIGHT/PROCESSED/NC/ft24-918-18_lr1_prof_PROCESSED.nc,ft24-918-18,220,2019-05-22 16:00:00,-47.8476,55.4141,False,False
/Volumes/Data/Work/SEALTAGS/Prydz/FLUO_LIGHT/PROCESSED/NC/ft24-918-18_lr1_prof_PROCESSED.nc,ft24-918-18,221,2019-05-23 03:40:00,-47.7219,55.1227,False,False
/Volumes/Data/Work/SEALTAGS/Prydz/FLUO_LIGHT/PROCESSED/NC/ft24-918-18_lr1_prof_PROCESSED.nc,ft24-918-18,222,2019-05-23 19:10:00,-47.9056,54.6097,False,False
/Volumes/Data/Work/SEALTAGS/Prydz/FLUO_LIGHT/PROCESSED/NC/ft24-918-18_lr1_prof_PROCESSED.nc,ft24-918-18,223,2019-05-24 09:00:00,-47.789,54.3655,True,False
/Volumes/Data/Work/SEALTAGS/Prydz/FLUO_LIGHT/PROCESSED/NC/ft24-918-18_lr1_prof_PROCESSED.nc,ft24-918-18,224,2019-05-24 14:40:00,-47.8164,54.2628,False,False
/Volumes/Data/Work/SEALTAGS/Prydz/FLUO_LIGHT/PROCESSED/NC/ft24-918-18_lr1_prof_PROCESSED.nc,ft24-918-18,225,2019-05-25 04:40:00,-47.7602,53.879,True,False
/Volumes/Data/Work/SEALTAGS/Prydz/FLUO_LIGHT/PROCESSED/NC/ft24-918-18_lr1_prof_PROCESSED.nc,ft24-918-18,226,2019-05-25 14:30:00,-47.8132,53.7828,False,False
/Volumes/Data/Work/SEALTAGS/Prydz/FLUO_LIGHT/PROCESSED/NC/ft24-918-18_lr1_prof_PROCESSED.nc,ft24-918-18,227,2019-05-26 05:30:00,-47.9635,53.3851,True,False
/Volumes/Data/Work/SEALTAGS/Prydz/FLUO_LIGHT/PROCESSED/NC/ft24-918-18_lr1_prof_PROCESSED.nc,ft24-918-18,228,2019-05-26 14:30:00,-47.8521,53.0783,False,False
/Volumes/Data/Work/SEALTAGS/Prydz/FLUO_LIGHT/PROCESSED/NC/ft24-918-18_lr1_prof_PROCESSED.nc,ft24-918-18,229,2019-05-27 03:00:00,-47.8421,52.7551,False,False
/Volumes/Data/Work/SEALTAGS/Prydz/FLUO_LIGHT/PROCESSED/NC/ft24-918-18_lr1_prof_PROCESSED.nc,ft24-918-18,230,2019-05-27 15:30:00,-47.8055,52.2791,False,False
/Volumes/Data/Work/SEALTAGS/Prydz/FLUO_LIGHT/PROCESSED/NC/ft24-918-18_lr1_prof_PROCESSED.nc,ft24-918-18,231,2019-05-28 04:40:00,-47.8058,51.9923,True,False
/Volumes/Data/Work/SEALTAGS/Prydz/FLUO_LIGHT/PROCESSED/NC/ft24-918-18_lr1_prof_PROCESSED.nc,ft24-918-18,232,2019-05-28 19:10:00,-47.7619,51.6792,False,False
/Volumes/Data/Work/SEALTAGS/Prydz/FLUO_LIGHT/PROCESSED/NC/ft24-918-18_lr1_prof_PROCESSED.nc,ft24-918-18,233,2019-05-29 03:10:00,-47.6545,51.4843,False,False
/Volumes/Data/Work/SEALTAGS/Prydz/FLUO_LIGHT/PROCESSED/NC/ft24-918-18_lr1_prof_PROCESSED.nc,ft24-918-18,234,2019-05-29 15:10:00,-47.7298,51.1172,False,False
/Volumes/Data/Work/SEALTAGS/Prydz/FLUO_LIGHT/PROCESSED/NC/ft24-918-18_lr1_prof_PROCESSED.nc,ft24-918-18,235,2019-05-30 09:10:00,-47.6361,50.4764,True,False
/Volumes/Data/Work/SEALTAGS/Prydz/FLUO_LIGHT/PROCESSED/NC/ft24-918-18_lr1_prof_PROCESSED.nc,ft24-918-18,236,2019-05-31 06:40:00,-47.6263,49.7744,True,False
/Volumes/Data/Work/SEALTAGS/Prydz/FLUO_LIGHT/PROCESSED/NC/ft24-918-18_lr1_prof_PROCESSED.nc,ft24-918-18,237,2019-05-31 20:20:00,-47.6172,49.5333,False,False
/Volumes/Data/Work/SEALTAGS/Prydz/FLUO_LIGHT/PROCESSED/NC/ft24-918-18_lr1_prof_PROCESSED.nc,ft24-918-18,238,2019-06-01 05:40:00,-47.7222,49.3247,True,False
/Volumes/Data/Work/SEALTAGS/Prydz/FLUO_LIGHT/PROCESSED/NC/ft24-918-18_lr1_prof_PROCESSED.nc,ft24-918-18,239,2019-06-01 15:40:00,-47.7737,49.0585,False,False
/Volumes/Data/Work/SEALTAGS/Prydz/FLUO_LIGHT/PROCESSED/NC/ft24-918-18_lr1_prof_PROCESSED.nc,ft24-918-18,240,2019-06-02 07:10:00,-47.842,48.5711,True,False
/Volumes/Data/Work/SEALTAGS/Prydz/FLUO_LIGHT/PROCESSED/NC/ft24-918-18_lr1_prof_PROCESSED.nc,ft24-918-18,241,2019-06-02 22:40:00,-47.7501,47.8504,False,False
/Volumes/Data/Work/SEALTAGS/Prydz/FLUO_LIGHT/PROCESSED/NC/ft24-918-18_lr1_prof_PROCESSED.nc,ft24-918-18,242,2019-06-03 03:50:00,-47.7572,47.7521,False,False
/Volumes/Data/Work/SEALTAGS/Prydz/FLUO_LIGHT/PROCESSED/NC/ft24-918-18_lr1_prof_PROCESSED.nc,ft24-918-18,243,2019-06-03 20:50:00,-47.9084,46.819,False,False
/Volumes/Data/Work/SEALTAGS/Prydz/FLUO_LIGHT/PROCESSED/NC/ft24-918-18_lr1_prof_PROCESSED.nc,ft24-918-18,244,2019-06-04 05:10:00,-47.9384,46.5232,True,False
/Volumes/Data/Work/SEALTAGS/Prydz/FLUO_LIGHT/PROCESSED/NC/ft24-918-18_lr1_prof_PROCESSED.nc,ft24-918-18,245,2019-06-04 20:00:00,-47.8038,45.7419,False,False
/Volumes/Data/Work/SEALTAGS/Prydz/FLUO_LIGHT/PROCESSED/NC/ft24-918-18_lr1_prof_PROCESSED.nc,ft24-918-18,246,2019-06-05 01:00:00,-47.7987,45.7734,False,False
/Volumes/Data/Work/SEALTAGS/Prydz/FLUO_LIGHT/PROCESSED/NC/ft24-918-18_lr1_prof_PROCESSED.nc,ft24-918-18,247,2019-06-05 16:50:00,-47.6742,45.1871,False,False
/Volumes/Data/Work/SEALTAGS/Prydz/FLUO_LIGHT/PROCESSED/NC/ft24-918-18_lr1_prof_PROCESSED.nc,ft24-918-18,248,2019-06-06 01:50:00,-47.8993,44.9582,False,False
/Volumes/Data/Work/SEALTAGS/Prydz/FLUO_LIGHT/PROCESSED/NC/ft24-918-18_lr1_prof_PROCESSED.nc,ft24-918-18,249,2019-06-06 18:10:00,-47.7024,44.6367,False,False
/Volumes/Data/Work/SEALTAGS/Prydz/FLUO_LIGHT/PROCESSED/NC/ft24-918-18_lr1_prof_PROCESSED.nc,ft24-918-18,250,2019-06-07 02:20:00,-47.6506,44.5459,False,False
/Volumes/Data/Work/SEALTAGS/Prydz/FLUO_LIGHT/PROCESSED/NC/ft24-918-18_lr1_prof_PROCESSED.nc,ft24-918-18,251,2019-06-07 15:30:00,-47.3619,44.2094,False,False
/Volumes/Data/Work/SEALTAGS/Prydz/FLUO_LIGHT/PROCESSED/NC/ft24-918-18_lr1_prof_PROCESSED.nc,ft24-918-18,252,2019-06-08 05:10:00,-47.0937,44.0778,True,False
/Volumes/Data/Work/SEALTAGS/Prydz/FLUO_LIGHT/PROCESSED/NC/ft24-918-18_lr1_prof_PROCESSED.nc,ft24-918-18,253,2019-06-08 14:20:00,-46.8588,43.8908,False,False
/Volumes/Data/Work/SEALTAGS/Prydz/FLUO_LIGHT/PROCESSED/NC/ft24-918-18_lr1_prof_PROCESSED.nc,ft24-918-18,254,2019-06-09 07:40:00,-46.4315,43.409,True,False
/Volumes/Data/Work/SEALTAGS/Prydz/FLUO_LIGHT/PROCESSED/NC/ft24-918-18_lr1_prof_PROCESSED.nc,ft24-918-18,255,2019-06-10 09:50:00,-45.9637,43.4894,True,False
/Volumes/Data/Work/SEALTAGS/Prydz/FLUO_LIGHT/PROCESSED/NC/ft24-918-18_lr1_prof_PROCESSED.nc,ft24-918-18,256,2019-06-10 15:30:00,-45.8703,43.4776,False,False
/Volumes/Data/Work/SEALTAGS/Prydz/FLUO_LIGHT/PROCESSED/NC/ft24-918-18_lr1_prof_PROCESSED.nc,ft24-918-18,257,2019-06-11 04:00:00,-45.7179,42.7053,False,False
/Volumes/Data/Work/SEALTAGS/Prydz/FLUO_LIGHT/PROCESSED/NC/ft24-918-18_lr1_prof_PROCESSED.nc,ft24-918-18,258,2019-06-11 14:10:00,-45.6217,42.4923,False,False
/Volumes/Data/Work/SEALTAGS/Prydz/FLUO_LIGHT/PROCESSED/NC/ft24-918-18_lr1_prof_PROCESSED.nc,ft24-918-18,259,2019-06-12 05:00:00,-45.6166,42.2272,True,False
/Volumes/Data/Work/SEALTAGS/Prydz/FLUO_LIGHT/PROCESSED/NC/ft24-918-18_lr1_prof_PROCESSED.nc,ft24-918-18,260,2019-06-13 11:10:00,-45.4846,41.1905,True,False
/Volumes/Data/Work/SEALTAGS/Prydz/FLUO_LIGHT/PROCESSED/NC/ft24-918-18_lr1_prof_PROCESSED.nc,ft24-918-18,261,2019-06-13 12:20:00,-45.4872,41.1589,True,False
/Volumes/Data/Work/SEALTAGS/Prydz/FLUO_LIGHT/PROCESSED/NC/ft24-918-18_lr1_prof_PROCESSED.nc,ft24-918-18,262,2019-06-14 10:00:00,-45.4191,40.2423,True,False
/Volumes/Data/Work/SEALTAGS/Prydz/FLUO_LIGHT/PROCESSED/NC/ft24-918-18_lr1_prof_PROCESSED.nc,ft24-918-18,263,2019-06-14 16:30:00,-45.4539,39.7667,False,False
/Volumes/Data/Work/SEALTAGS/Prydz/FLUO_LIGHT/PROCESSED/NC/ft24-918-18_lr1_prof_PROCESSED.nc,ft24-918-18,264,2019-06-15 02:10:00,-45.3369,39.9463,False,False
/Volumes/Data/Work/SEALTAGS/Prydz/FLUO_LIGHT/PROCESSED/NC/ft24-918-18_lr1_prof_PROCESSED.nc,ft24-918-18,265,2019-06-15 13:50:00,-45.3135,39.6526,False,False
/Volumes/Data/Work/SEALTAGS/Prydz/FLUO_LIGHT/PROCESSED/NC/ft24-918-18_lr1_prof_PROCESSED.nc,ft24-918-18,266,2019-06-16 06:30:00,-45.2609,39.1142,True,False
/Volumes/Data/Work/SEALTAGS/Prydz/FLUO_LIGHT/PROCESSED/NC/ft24-918-18_lr1_prof_PROCESSED.nc,ft24-918-18,267,2019-06-16 13:40:00,-45.2742,39.0277,True,False
/Volumes/Data/Work/SEALTAGS/Prydz/FLUO_LIGHT/PROCESSED/NC/ft24-918-18_lr1_prof_PROCESSED.nc,ft24-918-18,268,2019-06-17 10:30:00,-45.0676,38.2155,True,False
/Volumes/Data/Work/SEALTAGS/Prydz/FLUO_LIGHT/PROCESSED/NC/ft24-918-18_lr1_prof_PROCESSED.nc,ft24-918-18,269,2019-06-17 13:20:00,-45.0523,38.1934,True,False
/Volumes/Data/Work/SEALTAGS/Prydz/FLUO_LIGHT/PROCESSED/NC/ft24-918-18_lr1_prof_PROCESSED.nc,ft24-918-18,270,2019-06-18 06:10:00,-45.0752,37.8591,True,False
/Volumes/Data/Work/SEALTAGS/Prydz/FLUO_LIGHT/PROCESSED/NC/ft24-918-18_lr1_prof_PROCESSED.nc,ft24-918-18,271,2019-06-18 13:20:00,-45.0121,37.6598,True,False
/Volumes/Data/Work/SEALTAGS/Prydz/FLUO_LIGHT/PROCESSED/NC/ft24-918-18_lr1_prof_PROCESSED.nc,ft24-918-18,272,2019-06-19 07:10:00,-44.9522,37.2812,True,False
/Volumes/Data/Work/SEALTAGS/Prydz/FLUO_LIGHT/PROCESSED/NC/ft24-918-18_lr1_prof_PROCESSED.nc,ft24-918-18,273,2019-06-19 12:20:00,-44.8423,37.0992,True,False
/Volumes/Data/Work/SEALTAGS/Prydz/FLUO_LIGHT/PROCESSED/NC/ft24-918-18_lr1_prof_PROCESSED.nc,ft24-918-18,274,2019-06-20 08:20:00,-44.775,36.5983,True,False
/Volumes/Data/Work/SEALTAGS/Prydz/FLUO_LIGHT/PROCESSED/NC/ft24-918-18_lr1_prof_PROCESSED.nc,ft24-918-18,275,2019-06-20 13:10:00,-44.7172,36.4637,True,False
/Volumes/Data/Work/SEALTAGS/Prydz/FLUO_LIGHT/PROCESSED/NC/ft24-918-18_lr1_prof_PROCESSED.nc,ft24-918-18,276,2019-06-21 07:20:00,-44.6583,36.0576,True,False
/Volumes/Data/Work/SEALTAGS/Prydz/FLUO_LIGHT/PROCESSED/NC/ft24-918-18_lr1_prof_PROCESSED.nc,ft24-918-18,277,2019-06-21 18:40:00,-44.6091,35.595,False,False
/Volumes/Data/Work/SEALTAGS/Prydz/FLUO_LIGHT/PROCESSED/NC/ft24-918-18_lr1_prof_PROCESSED.nc,ft24-918-18,278,2019-06-22 08:20:00,-44.5808,35.0905,True,False
/Volumes/Data/Work/SEALTAGS/Prydz/FLUO_LIGHT/PROCESSED/NC/ft24-918-18_lr1_prof_PROCESSED.nc,ft24-918-18,279,2019-06-22 14:10:00,-44.5484,35.0703,False,False
/Volumes/Data/Work/SEALTAGS/Prydz/FLUO_LIGHT/PROCESSED/NC/ft24-918-18_lr1_prof_PROCESSED.nc,ft24-918-18,280,2019-06-23 06:50:00,-44.4677,34.6949,True,False
/Volumes/Data/Work/SEALTAGS/Prydz/FLUO_LIGHT/PROCESSED/NC/ft24-918-18_lr1_prof_PROCESSED.nc,ft24-918-18,281,2019-06-23 13:40:00,-44.5286,34.6592,True,False
/Volumes/Data/Work/SEALTAGS/Prydz/FLUO_LIGHT/PROCESSED/NC/ft24-918-18_lr1_prof_PROCESSED.nc,ft24-918-18,282,2019-06-24 08:10:00,-44.3929,34.074,True,False
/Volumes/Data/Work/SEALTAGS/Prydz/FLUO_LIGHT/PROCESSED/NC/ft24-918-18_lr1_prof_PROCESSED.nc,ft24-918-18,283,2019-06-24 13:20:00,-44.4618,34.0166,True,False
/Volumes/Data/Work/SEALTAGS/Prydz/FLUO_LIGHT/PROCESSED/NC/ft24-918-18_lr1_prof_PROCESSED.nc,ft24-918-18,284,2019-06-25 06:00:00,-44.332,33.6719,True,False
/Volumes/Data/Work/SEALTAGS/Prydz/FLUO_LIGHT/PROCESSED/NC/ft24-918-18_lr1_prof_PROCESSED.nc,ft24-918-18,285,2019-06-25 13:10:00,-44.3462,33.5558,True,False
/Volumes/Data/Work/SEALTAGS/Prydz/FLUO_LIGHT/PROCESSED/NC/ft24-918-18_lr1_prof_PROCESSED.nc,ft24-918-18,286,2019-06-26 11:00:00,-44.3026,32.9798,True,False
/Volumes/Data/Work/SEALTAGS/Prydz/FLUO_LIGHT/PROCESSED/NC/ft24-918-18_lr1_prof_PROCESSED.nc,ft24-918-18,287,2019-06-26 14:00:00,-44.3032,32.9504,True,False
/Volumes/Data/Work/SEALTAGS/Prydz/FLUO_LIGHT/PROCESSED/NC/ft24-918-18_lr1_prof_PROCESSED.nc,ft24-918-18,288,2019-06-27 06:00:00,-44.3521,32.4721,True,False
/Volumes/Data/Work/SEALTAGS/Prydz/FLUO_LIGHT/PROCESSED/NC/ft24-918-18_lr1_prof_PROCESSED.nc,ft24-918-18,289,2019-06-28 06:30:00,-44.4429,31.8751,True,False
/Volumes/Data/Work/SEALTAGS/Prydz/FLUO_LIGHT/PROCESSED/NC/ft24-918-18_lr1_prof_PROCESSED.nc,ft24-918-18,290,2019-06-28 14:50:00,-44.4784,31.835,False,False
/Volumes/Data/Work/SEALTAGS/Prydz/FLUO_LIGHT/PROCESSED/NC/ft24-918-18_lr1_prof_PROCESSED.nc,ft24-918-18,291,2019-06-29 07:10:00,-44.48,31.7773,True,False
/Volumes/Data/Work/SEALTAGS/Prydz/FLUO_LIGHT/PROCESSED/NC/ft24-918-18_lr1_prof_PROCESSED.nc,ft24-918-18,292,2019-06-29 20:20:00,-44.4367,31.5662,False,False
/Volumes/Data/Work/SEALTAGS/Prydz/FLUO_LIGHT/PROCESSED/NC/ft24-918-18_lr1_prof_PROCESSED.nc,ft24-918-18,293,2019-06-30 11:10:00,-44.5913,31.6186,True,False
/Volumes/Data/Work/SEALTAGS/Prydz/FLUO_LIGHT/PROCESSED/NC/ft24-918-18_lr1_prof_PROCESSED.nc,ft24-918-18,294,2019-06-30 13:40:00,-44.6047,31.6507,True,False
/Volumes/Data/Work/SEALTAGS/Prydz/FLUO_LIGHT/PROCESSED/NC/ft24-918-18_lr1_prof_PROCESSED.nc,ft24-918-18,295,2019-07-01 06:50:00,-44.5908,31.5197,True,False
/Volumes/Data/Work/SEALTAGS/Prydz/FLUO_LIGHT/PROCESSED/NC/ft24-918-18_lr1_prof_PROCESSED.nc,ft24-918-18,296,2019-07-01 13:30:00,-44.4624,31.6018,True,False
/Volumes/Data/Work/SEALTAGS/Prydz/FLUO_LIGHT/PROCESSED/NC/ft24-918-18_lr1_prof_PROCESSED.nc,ft24-918-18,297,2019-07-02 06:50:00,-44.4198,30.9099,True,False
/Volumes/Data/Work/SEALTAGS/Prydz/FLUO_LIGHT/PROCESSED/NC/ft24-918-18_lr1_prof_PROCESSED.nc,ft24-918-18,298,2019-07-02 13:10:00,-44.4198,31.1227,True,False
/Volumes/Data/Work/SEALTAGS/Prydz/FLUO_LIGHT/PROCESSED/NC/ft24-918-18_lr1_prof_PROCESSED.nc,ft24-918-18,299,2019-07-03 10:50:00,-44.1939,31.4789,True,False
/Volumes/Data/Work/SEALTAGS/Prydz/FLUO_LIGHT/PROCESSED/NC/ft24-918-18_lr1_prof_PROCESSED.nc,ft24-918-18,300,2019-07-03 13:50:00,-44.1838,31.554,True,False
/Volumes/Data/Work/SEALTAGS/Prydz/FLUO_LIGHT/PROCESSED/NC/ft24-918-18_lr1_prof_PROCESSED.nc,ft24-918-18,301,2019-07-04 07:10:00,-44.097,31.8782,True,False
/Volumes/Data/Work/SEALTAGS/Prydz/FLUO_LIGHT/PROCESSED/NC/ft24-918-18_lr1_prof_PROCESSED.nc,ft24-918-18,302,2019-07-04 13:30:00,-44.0165,31.9621,True,False
/Volumes/Data/Work/SEALTAGS/Prydz/FLUO_LIGHT/PROCESSED/NC/ft24-918-18_lr1_prof_PROCESSED.nc,ft24-918-18,303,2019-07-05 10:10:00,-43.8079,32.1896,True,False
/Volumes/Data/Work/SEALTAGS/Prydz/FLUO_LIGHT/PROCESSED/NC/ft24-918-18_lr1_prof_PROCESSED.nc,ft24-918-18,304,2019-07-05 13:40:00,-43.6882,32.2296,True,False
/Volumes/Data/Work/SEALTAGS/Prydz/FLUO_LIGHT/PROCESSED/NC/ft24-918-18_lr1_prof_PROCESSED.nc,ft24-918-18,305,2019-07-06 04:10:00,-43.531,32.2837,False,False
/Volumes/Data/Work/SEALTAGS/Prydz/FLUO_LIGHT/PROCESSED/NC/ft24-918-18_lr1_prof_PROCESSED.nc,ft24-918-18,306,2019-07-06 13:20:00,-43.5014,32.4343,True,False
/Volumes/Data/Work/SEALTAGS/Prydz/FLUO_LIGHT/PROCESSED/NC/ft24-918-18_lr1_prof_PROCESSED.nc,ft24-918-18,307,2019-07-07 01:10:00,-43.4482,32.4355,False,False
/Volumes/Data/Work/SEALTAGS/Prydz/FLUO_LIGHT/PROCESSED/NC/ft24-918-18_lr1_prof_PROCESSED.nc,ft24-918-18,308,2019-07-07 16:30:00,-43.527,32.6196,False,False
/Volumes/Data/Work/SEALTAGS/Prydz/FLUO_LIGHT/PROCESSED/NC/ft24-918-18_lr1_prof_PROCESSED.nc,ft24-918-18,309,2019-07-08 12:00:00,-43.4184,32.4099,True,False
/Volumes/Data/Work/SEALTAGS/Prydz/FLUO_LIGHT/PROCESSED/NC/ft24-918-18_lr1_prof_PROCESSED.nc,ft24-918-18,310,2019-07-09 10:20:00,-43.1127,32.6069,True,False
/Volumes/Data/Work/SEALTAGS/Prydz/FLUO_LIGHT/PROCESSED/NC/ft24-918-18_lr1_prof_PROCESSED.nc,ft24-918-18,311,2019-07-09 13:50:00,-43.0958,32.7017,True,False
/Volumes/Data/Work/SEALTAGS/Prydz/FLUO_LIGHT/PROCESSED/NC/ft24-918-18_lr1_prof_PROCESSED.nc,ft24-918-18,312,2019-07-10 08:10:00,-43.0722,32.5926,True,False
/Volumes/Data/Work/SEALTAGS/Prydz/FLUO_LIGHT/PROCESSED/NC/ft24-918-18_lr1_prof_PROCESSED.nc,ft24-918-18,313,2019-07-10 15:50:00,-43.0159,32.5993,False,False
/Volumes/Data/Work/SEALTAGS/Prydz/FLUO_LIGHT/PROCESSED/NC/ft24-918-18_lr1_prof_PROCESSED.nc,ft24-918-18,314,2019-07-11 06:00:00,-42.9507,32.9331,True,False
/Volumes/Data/Work/SEALTAGS/Prydz/FLUO_LIGHT/PROCESSED/NC/ft24-918-18_lr1_prof_PROCESSED.nc,ft24-918-18,315,2019-07-11 13:10:00,-42.9899,33.0506,True,False
/Volumes/Data/Work/SEALTAGS/Prydz/FLUO_LIGHT/PROCESSED/NC/ft24-918-18_lr1_prof_PROCESSED.nc,ft24-918-18,316,2019-07-12 06:40:00,-43.1167,33.328,True,False
/Volumes/Data/Work/SEALTAGS/Prydz/FLUO_LIGHT/PROCESSED/NC/ft24-918-18_lr1_prof_PROCESSED.nc,ft24-918-18,317,2019-07-12 18:10:00,-43.0173,33.6764,False,False
/Volumes/Data/Work/SEALTAGS/Prydz/FLUO_LIGHT/PROCESSED/NC/ft24-918-18_lr1_prof_PROCESSED.nc,ft24-918-18,318,2019-07-13 07:50:00,-43.0507,33.8519,True,False
/Volumes/Data/Work/SEALTAGS/Prydz/FLUO_LIGHT/PROCESSED/NC/ft24-918-18_lr1_prof_PROCESSED.nc,ft24-918-18,319,2019-07-13 13:50:00,-43.0193,33.9594,True,False
/Volumes/Data/Work/SEALTAGS/Prydz/FLUO_LIGHT/PROCESSED/NC/ft24-918-18_lr1_prof_PROCESSED.nc,ft24-918-18,320,2019-07-14 06:00:00,-42.8882,34.1311,True,False
/Volumes/Data/Work/SEALTAGS/Prydz/FLUO_LIGHT/PROCESSED/NC/ft24-918-18_lr1_prof_PROCESSED.nc,ft24-918-18,321,2019-07-15 10:10:00,-42.8717,34.7829,True,False
/Volumes/Data/Work/SEALTAGS/Prydz/FLUO_LIGHT/PROCESSED/NC/ft24-918-18_lr1_prof_PROCESSED.nc,ft24-918-18,322,2019-07-15 13:50:00,-42.7984,34.8884,True,False
/Volumes/Data/Work/SEALTAGS/Prydz/FLUO_LIGHT/PROCESSED/NC/ft24-918-18_lr1_prof_PROCESSED.nc,ft24-918-18,323,2019-07-16 02:50:00,-42.5489,35.0905,False,False
/Volumes/Data/Work/SEALTAGS/Prydz/FLUO_LIGHT/PROCESSED/NC/ft24-918-18_lr1_prof_PROCESSED.nc,ft24-918-18,324,2019-07-16 17:30:00,-42.4634,35.5683,False,False
/Volumes/Data/Work/SEALTAGS/Prydz/FLUO_LIGHT/PROCESSED/NC/ft24-918-18_lr1_prof_PROCESSED.nc,ft24-918-18,325,2019-07-17 12:20:00,-42.5607,36.1452,True,False
/Volumes/Data/Work/SEALTAGS/Prydz/FLUO_LIGHT/PROCESSED/NC/ft24-918-18_lr1_prof_PROCESSED.nc,ft24-918-18,326,2019-07-18 03:20:00,-42.6031,36.3856,False,False
/Volumes/Data/Work/SEALTAGS/Prydz/FLUO_LIGHT/PROCESSED/NC/ft24-918-18_lr1_prof_PROCESSED.nc,ft24-918-18,327,2019-07-18 13:20:00,-42.4773,36.833,True,False
/Volumes/Data/Work/SEALTAGS/Prydz/FLUO_LIGHT/PROCESSED/NC/ft24-918-18_lr1_prof_PROCESSED.nc,ft24-918-18,328,2019-07-19 06:10:00,-42.4114,37.3029,True,False
/Volumes/Data/Work/SEALTAGS/Prydz/FLUO_LIGHT/PROCESSED/NC/ft24-918-18_lr1_prof_PROCESSED.nc,ft24-918-18,329,2019-07-19 13:20:00,-42.3507,37.4247,True,False
/Volumes/Data/Work/SEALTAGS/Prydz/FLUO_LIGHT/PROCESSED/NC/ft24-918-18_lr1_prof_PROCESSED.nc,ft24-918-18,330,2019-07-20 06:00:00,-42.3317,37.9297,True,False
/Volumes/Data/Work/SEALTAGS/Prydz/FLUO_LIGHT/PROCESSED/NC/ft24-918-18_lr1_prof_PROCESSED.nc,ft24-918-18,331,2019-07-20 13:30:00,-42.3397,38.0185,True,False
/Volumes/Data/Work/SEALTAGS/Prydz/FLUO_LIGHT/PROCESSED/NC/ft24-918-18_lr1_prof_PROCESSED.nc,ft24-918-18,332,2019-07-21 05:40:00,-42.3468,38.4991,True,False
/Volumes/Data/Work/SEALTAGS/Prydz/FLUO_LIGHT/PROCESSED/NC/ft24-918-18_lr1_prof_PROCESSED.nc,ft24-918-18,333,2019-07-21 13:50:00,-42.3662,38.7581,True,False
/Volumes/Data/Work/SEALTAGS/Prydz/FLUO_LIGHT/PROCESSED/NC/ft24-918-18_lr1_prof_PROCESSED.nc,ft24-918-18,334,2019-07-22 10:40:00,-42.328,39.4083,True,False
/Volumes/Data/Work/SEALTAGS/Prydz/FLUO_LIGHT/PROCESSED/NC/ft24-918-18_lr1_prof_PROCESSED.nc,ft24-918-18,335,2019-07-22 21:00:00,-42.4205,39.8778,False,False
/Volumes/Data/Work/SEALTAGS/Prydz/FLUO_LIGHT/PROCESSED/NC/ft24-918-18_lr1_prof_PROCESSED.nc,ft24-918-18,336,2019-07-23 09:50:00,-42.5726,40.2316,True,False
/Volumes/Data/Work/SEALTAGS/Prydz/FLUO_LIGHT/PROCESSED/NC/ft24-918-18_lr1_prof_PROCESSED.nc,ft24-918-18,337,2019-07-23 13:20:00,-42.5712,40.387,True,False
/Volumes/Data/Work/SEALTAGS/Prydz/FLUO_LIGHT/PROCESSED/NC/ft24-918-18_lr1_prof_PROCESSED.nc,ft24-918-18,338,2019-07-24 13:10:00,-42.6951,40.7963,True,False
/Volumes/Data/Work/SEALTAGS/Prydz/FLUO_LIGHT/PROCESSED/NC/ft24-918-18_lr1_prof_PROCESSED.nc,ft24-918-18,339,2019-07-25 07:50:00,-42.7782,41.3389,True,False
/Volumes/Data/Work/SEALTAGS/Prydz/FLUO_LIGHT/PROCESSED/NC/ft24-918-18_lr1_prof_PROCESSED.nc,ft24-918-18,340,2019-07-25 14:10:00,-42.7201,41.4635,False,False
/Volumes/Data/Work/SEALTAGS/Prydz/FLUO_LIGHT/PROCESSED/NC/ft24-918-18_lr1_prof_PROCESSED.nc,ft24-918-18,341,2019-07-26 09:10:00,-42.734,42.2185,True,False
/Volumes/Data/Work/SEALTAGS/Prydz/FLUO_LIGHT/PROCESSED/NC/ft24-918-18_lr1_prof_PROCESSED.nc,ft24-918-18,342,2019-07-27 08:20:00,-42.8058,42.9041,True,False
/Volumes/Data/Work/SEALTAGS/Prydz/FLUO_LIGHT/PROCESSED/NC/ft24-918-18_lr1_prof_PROCESSED.nc,ft24-918-18,343,2019-07-27 13:50:00,-42.8123,43.2401,True,False
/Volumes/Data/Work/SEALTAGS/Prydz/FLUO_LIGHT/PROCESSED/NC/ft24-918-18_lr1_prof_PROCESSED.nc,ft24-918-18,344,2019-07-28 02:40:00,-42.8807,43.7728,False,False
/Volumes/Data/Work/SEALTAGS/Prydz/FLUO_LIGHT/PROCESSED/NC/ft24-918-18_lr1_prof_PROCESSED.nc,ft24-918-18,345,2019-07-28 13:10:00,-42.8776,44.0677,True,False
/Volumes/Data/Work/SEALTAGS/Prydz/FLUO_LIGHT/PROCESSED/NC/ft24-918-18_lr1_prof_PROCESSED.nc,ft24-918-18,346,2019-07-29 05:10:00,-42.8203,44.4756,True,False
/Volumes/Data/Work/SEALTAGS/Prydz/FLUO_LIGHT/PROCESSED/NC/ft24-918-18_lr1_prof_PROCESSED.nc,ft24-918-18,347,2019-07-30 01:30:00,-42.9079,44.6064,False,False
/Volumes/Data/Work/SEALTAGS/Prydz/FLUO_LIGHT/PROCESSED/NC/ft24-918-18_lr1_prof_PROCESSED.nc,ft24-918-18,348,2019-07-30 14:00:00,-43.0385,44.8981,False,False
/Volumes/Data/Work/SEALTAGS/Prydz/FLUO_LIGHT/PROCESSED/NC/ft24-918-18_lr1_prof_PROCESSED.nc,ft24-918-18,349,2019-07-31 05:40:00,-43.1182,45.5229,True,False
/Volumes/Data/Work/SEALTAGS/Prydz/FLUO_LIGHT/PROCESSED/NC/ft24-918-18_lr1_prof_PROCESSED.nc,ft24-918-18,350,2019-08-01 01:10:00,-43.3653,45.7821,False,False
/Volumes/Data/Work/SEALTAGS/Prydz/FLUO_LIGHT/PROCESSED/NC/ft24-918-18_lr1_prof_PROCESSED.nc,ft24-918-18,351,2019-08-01 13:20:00,-43.4476,45.7689,True,False
/Volumes/Data/Work/SEALTAGS/Prydz/FLUO_LIGHT/PROCESSED/NC/ft24-918-18_lr1_prof_PROCESSED.nc,ft24-918-18,352,2019-08-02 01:40:00,-43.5629,45.9367,False,False
/Volumes/Data/Work/SEALTAGS/Prydz/FLUO_LIGHT/PROCESSED/NC/ft24-918-18_lr1_prof_PROCESSED.nc,ft24-918-18,353,2019-08-03 13:20:00,-43.8174,45.76,True,False
/Volumes/Data/Work/SEALTAGS/Prydz/FLUO_LIGHT/PROCESSED/NC/ft24-918-18_lr1_prof_PROCESSED.nc,ft24-918-18,354,2019-08-04 04:10:00,-43.9029,46.0468,False,False
/Volumes/Data/Work/SEALTAGS/Prydz/FLUO_LIGHT/PROCESSED/NC/ft24-918-18_lr1_prof_PROCESSED.nc,ft24-918-18,355,2019-08-04 13:50:00,-43.9682,45.8549,True,False
/Volumes/Data/Work/SEALTAGS/Prydz/FLUO_LIGHT/PROCESSED/NC/ft24-918-18_lr1_prof_PROCESSED.nc,ft24-918-18,356,2019-08-05 01:20:00,-44.0529,45.9295,False,False
/Volumes/Data/Work/SEALTAGS/Prydz/FLUO_LIGHT/PROCESSED/NC/ft24-918-18_lr1_prof_PROCESSED.nc,ft24-918-18,357,2019-08-05 13:30:00,-43.8355,45.7008,True,False
/Volumes/Data/Work/SEALTAGS/Prydz/FLUO_LIGHT/PROCESSED/NC/ft24-918-18_lr1_prof_PROCESSED.nc,ft24-918-18,358,2019-08-06 06:10:00,-43.7526,45.5427,True,False
/Volumes/Data/Work/SEALTAGS/Prydz/FLUO_LIGHT/PROCESSED/NC/ft24-918-18_lr1_prof_PROCESSED.nc,ft24-918-18,359,2019-08-07 01:30:00,-43.8212,45.5606,False,False
/Volumes/Data/Work/SEALTAGS/Prydz/FLUO_LIGHT/PROCESSED/NC/ft24-918-18_lr1_prof_PROCESSED.nc,ft24-918-18,360,2019-08-08 03:10:00,-43.6942,45.3689,False,False
/Volumes/Data/Work/SEALTAGS/Prydz/FLUO_LIGHT/PROCESSED/NC/ft24-918-18_lr1_prof_PROCESSED.nc,ft24-918-18,361,2019-08-09 14:10:00,-43.5699,45.8379,False,False
/Volumes/Data/Work/SEALTAGS/Prydz/FLUO_LIGHT/PROCESSED/NC/ft24-918-18_lr1_prof_PROCESSED.nc,ft24-918-18,362,2019-08-10 06:10:00,-43.6491,45.3822,True,False
/Volumes/Data/Work/SEALTAGS/Prydz/FLUO_LIGHT/PROCESSED/NC/ft24-918-18_lr1_prof_PROCESSED.nc,ft24-918-18,363,2019-08-10 14:00:00,-43.6247,45.2119,True,False
/Volumes/Data/Work/SEALTAGS/Prydz/FLUO_LIGHT/PROCESSED/NC/ft24-918-18_lr1_prof_PROCESSED.nc,ft24-918-18,364,2019-08-11 02:10:00,-43.5594,45.5124,False,False
/Volumes/Data/Work/SEALTAGS/Prydz/FLUO_LIGHT/PROCESSED/NC/ft24-918-18_lr1_prof_PROCESSED.nc,ft24-918-18,365,2019-08-11 14:00:00,-43.5944,45.5022,True,False
/Volumes/Data/Work/SEALTAGS/Prydz/FLUO_LIGHT/PROCESSED/NC/ft24-918-18_lr1_prof_PROCESSED.nc,ft24-918-18,366,2019-08-12 02:30:00,-43.4593,45.7361,False,False
/Volumes/Data/Work/SEALTAGS/Prydz/FLUO_LIGHT/PROCESSED/NC/ft24-918-18_lr1_prof_PROCESSED.nc,ft24-918-18,367,2019-08-12 14:10:00,-43.393,45.9144,False,False
/Volumes/Data/Work/SEALTAGS/Prydz/FLUO_LIGHT/PROCESSED/NC/ft24-918-18_lr1_prof_PROCESSED.nc,ft24-918-18,368,2019-08-13 16:00:00,-43.3713,45.7915,False,False
/Volumes/Data/Work/SEALTAGS/Prydz/FLUO_LIGHT/PROCESSED/NC/ft24-918-18_lr1_prof_PROCESSED.nc,ft24-918-18,369,2019-08-14 04:20:00,-43.2335,45.7741,True,False
/Volumes/Data/Work/SEALTAGS/Prydz/FLUO_LIGHT/PROCESSED/NC/ft24-918-18_lr1_prof_PROCESSED.nc,ft24-918-18,370,2019-08-14 13:20:00,-43.2261,45.9729,True,False
/Volumes/Data/Work/SEALTAGS/Prydz/FLUO_LIGHT/PROCESSED/NC/ft24-918-18_lr1_prof_PROCESSED.nc,ft24-918-18,371,2019-08-15 02:20:00,-43.3825,46.4102,False,False
/Volumes/Data/Work/SEALTAGS/Prydz/FLUO_LIGHT/PROCESSED/NC/ft24-918-18_lr1_prof_PROCESSED.nc,ft24-918-18,372,2019-08-16 04:10:00,-43.238,46.2811,True,False
/Volumes/Data/Work/SEALTAGS/Prydz/FLUO_LIGHT/PROCESSED/NC/ft24-918-18_lr1_prof_PROCESSED.nc,ft24-918-18,373,2019-08-16 13:40:00,-43.2191,46.612,True,False
/Volumes/Data/Work/SEALTAGS/Prydz/FLUO_LIGHT/PROCESSED/NC/ft24-918-18_lr1_prof_PROCESSED.nc,ft24-918-18,374,2019-08-17 03:50:00,-43.1643,46.5786,True,False
/Volumes/Data/Work/SEALTAGS/Prydz/FLUO_LIGHT/PROCESSED/NC/ft24-918-18_lr1_prof_PROCESSED.nc,ft24-918-18,375,2019-08-18 13:30:00,-42.9506,46.6964,True,False
/Volumes/Data/Work/SEALTAGS/Prydz/FLUO_LIGHT/PROCESSED/NC/ft24-918-18_lr1_prof_PROCESSED.nc,ft24-918-18,376,2019-08-19 10:50:00,-43.0666,47.0645,True,False
/Volumes/Data/Work/SEALTAGS/Prydz/FLUO_LIGHT/PROCESSED/NC/ft24-918-18_lr1_prof_PROCESSED.nc,ft24-918-18,377,2019-08-19 13:10:00,-43.0846,47.0604,True,False
/Volumes/Data/Work/SEALTAGS/Prydz/FLUO_LIGHT/PROCESSED/NC/ft24-918-18_lr1_prof_PROCESSED.nc,ft24-918-18,378,2019-08-20 03:50:00,-43.3738,47.2002,True,False
/Volumes/Data/Work/SEALTAGS/Prydz/FLUO_LIGHT/PROCESSED/NC/ft24-918-18_lr1_prof_PROCESSED.nc,ft24-918-18,379,2019-08-21 00:10:00,-43.5541,47.3375,False,False
/Volumes/Data/Work/SEALTAGS/Prydz/FLUO_LIGHT/PROCESSED/NC/ft24-918-18_lr1_prof_PROCESSED.nc,ft24-918-18,380,2019-08-22 08:30:00,-43.6673,47.835,True,False
/Volumes/Data/Work/SEALTAGS/Prydz/FLUO_LIGHT/PROCESSED/NC/ft24-918-18_lr1_prof_PROCESSED.nc,ft24-918-18,381,2019-08-22 13:50:00,-43.7014,47.8813,True,False
/Volumes/Data/Work/SEALTAGS/Prydz/FLUO_LIGHT/PROCESSED/NC/ft24-918-18_lr1_prof_PROCESSED.nc,ft24-918-18,382,2019-08-23 12:00:00,-43.6875,48.2274,True,False
/Volumes/Data/Work/SEALTAGS/Prydz/FLUO_LIGHT/PROCESSED/NC/ft24-918-18_lr1_prof_PROCESSED.nc,ft24-918-18,383,2019-08-24 06:30:00,-43.6827,48.6578,True,False
/Volumes/Data/Work/SEALTAGS/Prydz/FLUO_LIGHT/PROCESSED/NC/ft24-918-18_lr1_prof_PROCESSED.nc,ft24-918-18,384,2019-08-24 15:50:00,-43.5754,48.7911,False,False
/Volumes/Data/Work/SEALTAGS/Prydz/FLUO_LIGHT/PROCESSED/NC/ft24-918-18_lr1_prof_PROCESSED.nc,ft24-918-18,385,2019-08-25 01:40:00,-43.5017,48.9874,False,False
/Volumes/Data/Work/SEALTAGS/Prydz/FLUO_LIGHT/PROCESSED/NC/ft24-918-18_lr1_prof_PROCESSED.nc,ft24-918-18,386,2019-08-25 13:40:00,-43.3977,49.3616,True,False
/Volumes/Data/Work/SEALTAGS/Prydz/FLUO_LIGHT/PROCESSED/NC/ft24-918-18_lr1_prof_PROCESSED.nc,ft24-918-18,387,2019-08-26 05:30:00,-43.1965,49.7727,True,False
/Volumes/Data/Work/SEALTAGS/Prydz/FLUO_LIGHT/PROCESSED/NC/ft24-918-18_lr1_prof_PROCESSED.nc,ft24-918-18,388,2019-08-26 21:40:00,-43.0781,50.0907,False,False
/Volumes/Data/Work/SEALTAGS/Prydz/FLUO_LIGHT/PROCESSED/NC/ft24-918-18_lr1_prof_PROCESSED.nc,ft24-918-18,389,2019-08-27 04:10:00,-43.0993,50.1905,True,False
/Volumes/Data/Work/SEALTAGS/Prydz/FLUO_LIGHT/PROCESSED/NC/ft24-918-18_lr1_prof_PROCESSED.nc,ft24-918-18,390,2019-08-27 16:20:00,-42.9276,50.5635,False,False
/Volumes/Data/Work/SEALTAGS/Prydz/FLUO_LIGHT/PROCESSED/NC/ft24-918-18_lr1_prof_PROCESSED.nc,ft24-918-18,391,2019-08-28 13:40:00,-42.5809,50.9319,True,False
/Volumes/Data/Work/SEALTAGS/Prydz/FLUO_LIGHT/PROCESSED/NC/ft24-918-18_lr1_prof_PROCESSED.nc,ft24-918-18,392,2019-08-29 06:10:00,-42.0044,50.8441,True,False
/Volumes/Data/Work/SEALTAGS/Prydz/FLUO_LIGHT/PROCESSED/NC/ft24-918-18_lr1_prof_PROCESSED.nc,ft24-918-18,393,2019-08-29 18:00:00,-41.7784,51.0039,False,False
/Volumes/Data/Work/SEALTAGS/Prydz/FLUO_LIGHT/PROCESSED/NC/ft24-918-18_lr1_prof_PROCESSED.nc,ft24-918-18,394,2019-08-30 05:40:00,-41.4734,51.0135,True,False
/Volumes/Data/Work/SEALTAGS/Prydz/FLUO_LIGHT/PROCESSED/NC/ft24-918-18_lr1_prof_PROCESSED.nc,ft24-918-18,395,2019-08-30 13:30:00,-41.2559,50.8741,True,False
/Volumes/Data/Work/SEALTAGS/Prydz/FLUO_LIGHT/PROCESSED/NC/ft24-918-18_lr1_prof_PROCESSED.nc,ft24-918-18,396,2019-08-31 02:30:00,-40.8992,50.7716,False,False
/Volumes/Data/Work/SEALTAGS/Prydz/FLUO_LIGHT/PROCESSED/NC/ft24-918-18_lr1_prof_PROCESSED.nc,ft24-918-18,397,2019-08-31 14:10:00,-40.5856,51.0699,False,False
/Volumes/Data/Work/SEALTAGS/Prydz/FLUO_LIGHT/PROCESSED/NC/ft24-918-18_lr1_prof_PROCESSED.nc,ft24-918-18,398,2019-09-01 05:10:00,-40.2249,51.082,True,False
/Volumes/Data/Work/SEALTAGS/Prydz/FLUO_LIGHT/PROCESSED/NC/ft24-918-18_lr1_prof_PROCESSED.nc,ft24-918-18,399,2019-09-01 14:40:00,-40.0055,51.2562,False,False
/Volumes/Data/Work/SEALTAGS/Prydz/FLUO_LIGHT/PROCESSED/NC/ft24-918-18_lr1_prof_PROCESSED.nc,ft24-918-18,400,2019-09-02 05:40:00,-39.7658,51.5627,True,False
/Volumes/Data/Work/SEALTAGS/Prydz/FLUO_LIGHT/PROCESSED/NC/ft24-918-18_lr1_prof_PROCESSED.nc,ft24-918-18,401,2019-09-03 11:40:00,-40.1928,51.6328,True,False
/Volumes/Data/Work/SEALTAGS/Prydz/FLUO_LIGHT/PROCESSED/NC/ft24-918-18_lr1_prof_PROCESSED.nc,ft24-918-18,402,2019-09-03 13:20:00,-40.2371,51.6256,True,False
/Volumes/Data/Work/SEALTAGS/Prydz/FLUO_LIGHT/PROCESSED/NC/ft24-918-18_lr1_prof_PROCESSED.nc,ft24-918-18,403,2019-09-04 08:50:00,-40.5592,51.8474,True,False
/Volumes/Data/Work/SEALTAGS/Prydz/FLUO_LIGHT/PROCESSED/NC/ft24-918-18_lr1_prof_PROCESSED.nc,ft24-918-18,404,2019-09-04 12:30:00,-40.5923,51.709,True,False
/Volumes/Data/Work/SEALTAGS/Prydz/FLUO_LIGHT/PROCESSED/NC/ft24-918-18_lr1_prof_PROCESSED.nc,ft24-918-18,405,2019-09-05 06:50:00,-41.169,51.5485,True,False
/Volumes/Data/Work/SEALTAGS/Prydz/FLUO_LIGHT/PROCESSED/NC/ft24-918-18_lr1_prof_PROCESSED.nc,ft24-918-18,406,2019-09-05 13:40:00,-41.2751,51.5337,True,False
/Volumes/Data/Work/SEALTAGS/Prydz/FLUO_LIGHT/PROCESSED/NC/ft24-918-18_lr1_prof_PROCESSED.nc,ft24-918-18,407,2019-09-06 06:10:00,-41.5237,51.2337,True,False
/Volumes/Data/Work/SEALTAGS/Prydz/FLUO_LIGHT/PROCESSED/NC/ft24-918-18_lr1_prof_PROCESSED.nc,ft24-918-18,408,2019-09-06 14:00:00,-41.6085,51.1845,True,False
/Volumes/Data/Work/SEALTAGS/Prydz/FLUO_LIGHT/PROCESSED/NC/ft24-918-18_lr1_prof_PROCESSED.nc,ft24-918-18,409,2019-09-07 03:30:00,-41.8049,50.9857,True,False
/Volumes/Data/Work/SEALTAGS/Prydz/FLUO_LIGHT/PROCESSED/NC/ft24-918-18_lr1_prof_PROCESSED.nc,ft24-918-18,410,2019-09-07 14:20:00,-42.09,50.9162,False,False
/Volumes/Data/Work/SEALTAGS/Prydz/FLUO_LIGHT/PROCESSED/NC/ft24-918-18_lr1_prof_PROCESSED.nc,ft24-918-18,411,2019-09-08 10:00:00,-42.3455,50.479,True,False
/Volumes/Data/Work/SEALTAGS/Prydz/FLUO_LIGHT/PROCESSED/NC/ft24-918-18_lr1_prof_PROCESSED.nc,ft24-918-18,412,2019-09-08 22:10:00,-42.4625,50.1993,False,False
/Volumes/Data/Work/SEALTAGS/Prydz/FLUO_LIGHT/PROCESSED/NC/ft24-918-18_lr1_prof_PROCESSED.nc,ft24-918-18,413,2019-09-09 04:30:00,-42.3631,50.2148,True,False
/Volumes/Data/Work/SEALTAGS/Prydz/FLUO_LIGHT/PROCESSED/NC/ft24-918-18_lr1_prof_PROCESSED.nc,ft24-918-18,414,2019-09-09 13:50:00,-42.5029,49.8533,True,False
/Volumes/Data/Work/SEALTAGS/Prydz/FLUO_LIGHT/PROCESSED/NC/ft24-918-18_lr1_prof_PROCESSED.nc,ft24-918-18,415,2019-09-10 03:00:00,-42.6995,49.8356,True,False
/Volumes/Data/Work/SEALTAGS/Prydz/FLUO_LIGHT/PROCESSED/NC/ft24-918-18_lr1_prof_PROCESSED.nc,ft24-918-18,416,2019-09-10 21:40:00,-42.599,49.2382,False,False
/Volumes/Data/Work/SEALTAGS/Prydz/FLUO_LIGHT/PROCESSED/NC/ft24-918-18_lr1_prof_PROCESSED.nc,ft24-918-18,417,2019-09-11 02:30:00,-42.7271,49.2873,False,False
/Volumes/Data/Work/SEALTAGS/Prydz/FLUO_LIGHT/PROCESSED/NC/ft24-918-18_lr1_prof_PROCESSED.nc,ft24-918-18,418,2019-09-11 23:00:00,-43.0336,49.873,False,False
/Volumes/Data/Work/SEALTAGS/Prydz/FLUO_LIGHT/PROCESSED/NC/ft24-918-18_lr1_prof_PROCESSED.nc,ft24-918-18,419,2019-09-12 10:10:00,-43.1958,49.7618,True,False
/Volumes/Data/Work/SEALTAGS/Prydz/FLUO_LIGHT/PROCESSED/NC/ft24-918-18_lr1_prof_PROCESSED.nc,ft24-918-18,420,2019-09-12 13:10:00,-43.2378,49.8312,True,False
/Volumes/Data/Work/SEALTAGS/Prydz/FLUO_LIGHT/PROCESSED/NC/ft24-918-18_lr1_prof_PROCESSED.nc,ft24-918-18,421,2019-09-13 02:40:00,-43.3757,50.064,False,False
/Volumes/Data/Work/SEALTAGS/Prydz/FLUO_LIGHT/PROCESSED/NC/ft24-918-18_lr1_prof_PROCESSED.nc,ft24-918-18,422,2019-09-13 14:50:00,-43.4868,50.1568,False,False
/Volumes/Data/Work/SEALTAGS/Prydz/FLUO_LIGHT/PROCESSED/NC/ft24-918-18_lr1_prof_PROCESSED.nc,ft24-918-18,423,2019-09-14 10:20:00,-43.5621,50.4163,True,False
/Volumes/Data/Work/SEALTAGS/Prydz/FLUO_LIGHT/PROCESSED/NC/ft24-918-18_lr1_prof_PROCESSED.nc,ft24-918-18,424,2019-09-14 13:50:00,-43.5782,50.4876,True,False
/Volumes/Data/Work/SEALTAGS/Prydz/FLUO_LIGHT/PROCESSED/NC/ft24-918-18_lr1_prof_PROCESSED.nc,ft24-918-18,425,2019-09-15 02:40:00,-43.6588,50.6366,False,False
/Volumes/Data/Work/SEALTAGS/Prydz/FLUO_LIGHT/PROCESSED/NC/ft24-918-18_lr1_prof_PROCESSED.nc,ft24-918-18,426,2019-09-15 16:50:00,-43.8556,50.871,False,False
/Volumes/Data/Work/SEALTAGS/Prydz/FLUO_LIGHT/PROCESSED/NC/ft24-918-18_lr1_prof_PROCESSED.nc,ft24-918-18,427,2019-09-16 02:10:00,-43.9324,51.1347,False,False
/Volumes/Data/Work/SEALTAGS/Prydz/FLUO_LIGHT/PROCESSED/NC/ft24-918-18_lr1_prof_PROCESSED.nc,ft24-918-18,428,2019-09-17 09:00:00,-44.1149,51.7475,True,False
/Volumes/Data/Work/SEALTAGS/Prydz/FLUO_LIGHT/PROCESSED/NC/ft24-918-18_lr1_prof_PROCESSED.nc,ft24-918-18,429,2019-09-17 17:20:00,-44.0877,51.7989,False,False
/Volumes/Data/Work/SEALTAGS/Prydz/FLUO_LIGHT/PROCESSED/NC/ft24-918-18_lr1_prof_PROCESSED.nc,ft24-918-18,430,2019-09-18 01:40:00,-44.0407,52.3833,False,False
/Volumes/Data/Work/SEALTAGS/Prydz/FLUO_LIGHT/PROCESSED/NC/ft24-918-18_lr1_prof_PROCESSED.nc,ft24-918-18,431,2019-09-19 06:10:00,-43.947,53.7399,True,False
/Volumes/Data/Work/SEALTAGS/Prydz/FLUO_LIGHT/PROCESSED/NC/ft24-918-18_lr1_prof_PROCESSED.nc,ft24-918-18,432,2019-09-19 14:40:00,-44.0086,53.856,False,False
/Volumes/Data/Work/SEALTAGS/Prydz/FLUO_LIGHT/PROCESSED/NC/ft24-918-18_lr1_prof_PROCESSED.nc,ft24-918-18,433,2019-09-20 02:40:00,-44.093,54.4312,True,False
/Volumes/Data/Work/SEALTAGS/Prydz/FLUO_LIGHT/PROCESSED/NC/ft24-918-18_lr1_prof_PROCESSED.nc,ft24-918-18,434,2019-09-20 13:50:00,-44.1436,54.8037,True,False
/Volumes/Data/Work/SEALTAGS/Prydz/FLUO_LIGHT/PROCESSED/NC/ft24-918-18_lr1_prof_PROCESSED.nc,ft24-918-18,435,2019-09-21 03:50:00,-44.2206,54.872,True,False
/Volumes/Data/Work/SEALTAGS/Prydz/FLUO_LIGHT/PROCESSED/NC/ft24-918-18_lr1_prof_PROCESSED.nc,ft24-918-18,436,2019-09-21 13:40:00,-44.112,55.0018,True,False
/Volumes/Data/Work/SEALTAGS/Prydz/FLUO_LIGHT/PROCESSED/NC/ft24-918-18_lr1_prof_PROCESSED.nc,ft24-918-18,437,2019-09-22 07:40:00,-44.0506,55.2028,True,False
/Volumes/Data/Work/SEALTAGS/Prydz/FLUO_LIGHT/PROCESSED/NC/ft24-918-18_lr1_prof_PROCESSED.nc,ft24-918-18,438,2019-09-22 13:50:00,-43.9385,55.4312,True,False
/Volumes/Data/Work/SEALTAGS/Prydz/FLUO_LIGHT/PROCESSED/NC/ft24-918-18_lr1_prof_PROCESSED.nc,ft24-918-18,439,2019-09-24 14:30:00,-43.9227,55.0087,False,False
/Volumes/Data/Work/SEALTAGS/Prydz/FLUO_LIGHT/PROCESSED/NC/ft24-918-18_lr1_prof_PROCESSED.nc,ft24-918-18,440,2019-09-25 04:10:00,-43.7289,54.758,True,False
/Volumes/Data/Work/SEALTAGS/Prydz/FLUO_LIGHT/PROCESSED/NC/ft24-918-18_lr1_prof_PROCESSED.nc,ft24-918-18,441,2019-09-25 21:50:00,-43.7446,54.5499,False,False
/Volumes/Data/Work/SEALTAGS/Prydz/FLUO_LIGHT/PROCESSED/NC/ft24-918-18_lr1_prof_PROCESSED.nc,ft24-918-18,442,2019-09-26 16:50:00,-43.6541,54.5502,False,False
/Volumes/Data/Work/SEALTAGS/Prydz/FLUO_LIGHT/PROCESSED/NC/ft24-918-18_lr1_prof_PROCESSED.nc,ft24-918-18,443,2019-09-27 09:00:00,-43.5623,55.026,True,False
/Volumes/Data/Work/SEALTAGS/Prydz/FLUO_LIGHT/PROCESSED/NC/ft24-918-18_lr1_prof_PROCESSED.nc,ft24-918-18,444,2019-09-27 19:10:00,-43.5264,55.0623,False,False
/Volumes/Data/Work/SEALTAGS/Prydz/FLUO_LIGHT/PROCESSED/NC/ft24-918-18_lr1_prof_PROCESSED.nc,ft24-918-18,445,2019-09-28 02:40:00,-43.5862,55.161,True,False
/Volumes/Data/Work/SEALTAGS/Prydz/FLUO_LIGHT/PROCESSED/NC/ft24-918-18_lr1_prof_PROCESSED.nc,ft24-918-18,446,2019-09-28 14:10:00,-43.57,54.9724,True,False
/Volumes/Data/Work/SEALTAGS/Prydz/FLUO_LIGHT/PROCESSED/NC/ft24-918-18_lr1_prof_PROCESSED.nc,ft24-918-18,447,2019-09-29 03:00:00,-43.5683,54.8207,True,False
/Volumes/Data/Work/SEALTAGS/Prydz/FLUO_LIGHT/PROCESSED/NC/ft24-918-18_lr1_prof_PROCESSED.nc,ft24-918-18,448,2019-09-29 19:50:00,-43.4306,54.8014,False,False
/Volumes/Data/Work/SEALTAGS/Prydz/FLUO_LIGHT/PROCESSED/NC/ft24-918-18_lr1_prof_PROCESSED.nc,ft24-918-18,449,2019-09-30 06:30:00,-43.3854,54.9478,True,False
/Volumes/Data/Work/SEALTAGS/Prydz/FLUO_LIGHT/PROCESSED/NC/ft24-918-18_lr1_prof_PROCESSED.nc,ft24-918-18,450,2019-09-30 23:30:00,-43.3857,55.0971,False,False
/Volumes/Data/Work/SEALTAGS/Prydz/FLUO_LIGHT/PROCESSED/NC/ft24-918-18_lr1_prof_PROCESSED.nc,ft24-918-18,451,2019-10-01 02:30:00,-43.4048,55.0759,True,False
/Volumes/Data/Work/SEALTAGS/Prydz/FLUO_LIGHT/PROCESSED/NC/ft24-918-18_lr1_prof_PROCESSED.nc,ft24-918-18,452,2019-10-02 02:30:00,-43.5647,55.0937,True,False
/Volumes/Data/Work/SEALTAGS/Prydz/FLUO_LIGHT/PROCESSED/NC/ft24-918-18_lr1_prof_PROCESSED.nc,ft24-918-18,453,2019-10-02 15:20:00,-43.7002,55.154,False,False
/Volumes/Data/Work/SEALTAGS/Prydz/FLUO_LIGHT/PROCESSED/NC/ft24-918-18_lr1_prof_PROCESSED.nc,ft24-918-18,454,2019-10-03 02:10:00,-43.7838,54.9582,True,False
/Volumes/Data/Work/SEALTAGS/Prydz/FLUO_LIGHT/PROCESSED/NC/ft24-918-18_lr1_prof_PROCESSED.nc,ft24-918-18,455,2019-10-03 14:40:00,-43.7615,54.928,False,False
/Volumes/Data/Work/SEALTAGS/Prydz/FLUO_LIGHT/PROCESSED/NC/ft24-918-18_lr1_prof_PROCESSED.nc,ft24-918-18,456,2019-10-04 02:20:00,-43.513,54.7075,True,False
/Volumes/Data/Work/SEALTAGS/Prydz/FLUO_LIGHT/PROCESSED/NC/ft24-918-18_lr1_prof_PROCESSED.nc,ft24-918-18,457,2019-10-04 14:50:00,-43.9453,54.7082,False,False
/Volumes/Data/Work/SEALTAGS/Prydz/FLUO_LIGHT/PROCESSED/NC/ft24-918-18_lr1_prof_PROCESSED.nc,ft24-918-18,458,2019-10-05 02:50:00,-44.0577,54.388,True,False
/Volumes/Data/Work/SEALTAGS/Prydz/FLUO_LIGHT/PROCESSED/NC/ft24-918-18_lr1_prof_PROCESSED.nc,ft24-918-18,459,2019-10-05 14:20:00,-44.1419,54.4664,True,False
/Volumes/Data/Work/SEALTAGS/Prydz/FLUO_LIGHT/PROCESSED/NC/ft24-918-18_lr1_prof_PROCESSED.nc,ft24-918-18,460,2019-10-06 04:50:00,-44.3513,54.366,True,False
/Volumes/Data/Work/SEALTAGS/Prydz/FLUO_LIGHT/PROCESSED/NC/ft24-918-18_lr1_prof_PROCESSED.nc,ft24-918-18,461,2019-10-06 14:10:00,-44.4581,54.4405,True,False
/Volumes/Data/Work/SEALTAGS/Prydz/FLUO_LIGHT/PROCESSED/NC/ft24-918-18_lr1_prof_PROCESSED.nc,ft24-918-18,462,2019-10-07 09:30:00,-44.4971,54.4815,True,False
/Volumes/Data/Work/SEALTAGS/Prydz/FLUO_LIGHT/PROCESSED/NC/ft24-918-18_lr1_prof_PROCESSED.nc,ft24-918-18,463,2019-10-07 14:20:00,-44.5503,54.6238,True,False
/Volumes/Data/Work/SEALTAGS/Prydz/FLUO_LIGHT/PROCESSED/NC/ft24-918-18_lr1_prof_PROCESSED.nc,ft24-918-18,464,2019-10-08 06:00:00,-44.7537,54.6694,True,False
/Volumes/Data/Work/SEALTAGS/Prydz/FLUO_LIGHT/PROCESSED/NC/ft24-918-18_lr1_prof_PROCESSED.nc,ft24-918-18,465,2019-10-08 14:10:00,-44.8215,54.6931,True,False
/Volumes/Data/Work/SEALTAGS/Prydz/FLUO_LIGHT/PROCESSED/NC/ft24-918-18_lr1_prof_PROCESSED.nc,ft24-918-18,466,2019-10-09 02:40:00,-45.0654,54.9208,True,False
/Volumes/Data/Work/SEALTAGS/Prydz/FLUO_LIGHT/PROCESSED/NC/ft24-918-18_lr1_prof_PROCESSED.nc,ft24-918-18,467,2019-10-09 15:10:00,-45.2216,55.3082,False,False
/Volumes/Data/Work/SEALTAGS/Prydz/FLUO_LIGHT/PROCESSED/NC/ft24-918-18_lr1_prof_PROCESSED.nc,ft24-918-18,468,2019-10-11 04:50:00,-45.782,56.3804,True,False
/Volumes/Data/Work/SEALTAGS/Prydz/FLUO_LIGHT/PROCESSED/NC/ft24-918-18_lr1_prof_PROCESSED.nc,ft24-918-18,469,2019-10-11 16:40:00,-45.718,56.6393,False,False
/Volumes/Data/Work/SEALTAGS/Prydz/FLUO_LIGHT/PROCESSED/NC/ft24-918-18_lr1_prof_PROCESSED.nc,ft24-918-18,470,2019-10-12 09:00:00,-45.7679,56.9195,True,False
/Volumes/Data/Work/SEALTAGS/Prydz/FLUO_LIGHT/PROCESSED/NC/ft24-918-18_lr1_prof_PROCESSED.nc,ft24-918-18,471,2019-10-12 23:10:00,-45.7223,57.5777,False,False
/Volumes/Data/Work/SEALTAGS/Prydz/FLUO_LIGHT/PROCESSED/NC/ft24-918-18_lr1_prof_PROCESSED.nc,ft24-918-18,472,2019-10-13 03:50:00,-45.7038,57.7167,True,False
/Volumes/Data/Work/SEALTAGS/Prydz/FLUO_LIGHT/PROCESSED/NC/ft24-918-18_lr1_prof_PROCESSED.nc,ft24-918-18,473,2019-10-13 14:40:00,-45.7445,57.7551,False,False
/Volumes/Data/Work/SEALTAGS/Prydz/FLUO_LIGHT/PROCESSED/NC/ft24-918-18_lr1_prof_PROCESSED.nc,ft24-918-18,474,2019-10-14 02:00:00,-45.6161,58.6676,True,False
/Volumes/Data/Work/SEALTAGS/Prydz/FLUO_LIGHT/PROCESSED/NC/ft24-918-18_lr1_prof_PROCESSED.nc,ft24-918-18,475,2019-10-14 19:10:00,-45.4277,59.5674,False,False
/Volumes/Data/Work/SEALTAGS/Prydz/FLUO_LIGHT/PROCESSED/NC/ft24-918-18_lr1_prof_PROCESSED.nc,ft24-918-18,476,2019-10-15 08:00:00,-45.43,59.8112,True,False
/Volumes/Data/Work/SEALTAGS/Prydz/FLUO_LIGHT/PROCESSED/NC/ft24-918-18_lr1_prof_PROCESSED.nc,ft24-918-18,477,2019-10-15 15:00:00,-45.3492,59.878,False,False
/Volumes/Data/Work/SEALTAGS/Prydz/FLUO_LIGHT/PROCESSED/NC/ft24-918-18_lr1_prof_PROCESSED.nc,ft24-918-18,478,2019-10-16 05:30:00,-45.4054,60.5372,True,False
/Volumes/Data/Work/SEALTAGS/Prydz/FLUO_LIGHT/PROCESSED/NC/ft24-918-18_lr1_prof_PROCESSED.nc,ft24-918-18,479,2019-10-16 15:50:00,-45.4791,60.8979,False,False
/Volumes/Data/Work/SEALTAGS/Prydz/FLUO_LIGHT/PROCESSED/NC/ft24-918-18_lr1_prof_PROCESSED.nc,ft24-918-18,480,2019-10-17 08:50:00,-45.4292,61.8295,True,False
/Volumes/Data/Work/SEALTAGS/Prydz/FLUO_LIGHT/PROCESSED/NC/ft24-918-18_lr1_prof_PROCESSED.nc,ft24-918-18,481,2019-10-17 14:30:00,-45.3518,62.09,False,False
/Volumes/Data/Work/SEALTAGS/Prydz/FLUO_LIGHT/PROCESSED/NC/ft24-918-18_lr1_prof_PROCESSED.nc,ft24-918-18,482,2019-10-18 22:30:00,-45.0206,63.5507,False,False
/Volumes/Data/Work/SEALTAGS/Prydz/FLUO_LIGHT/PROCESSED/NC/ft24-918-18_lr1_prof_PROCESSED.nc,ft24-918-18,483,2019-10-19 07:40:00,-44.9456,63.664,True,False
/Volumes/Data/Work/SEALTAGS/Prydz/FLUO_LIGHT/PROCESSED/NC/ft24-918-18_lr1_prof_PROCESSED.nc,ft24-918-18,484,2019-10-19 12:30:00,-44.9705,63.8897,True,False
/Volumes/Data/Work/SEALTAGS/Prydz/FLUO_LIGHT/PROCESSED/NC/ft24-918-18_lr1_prof_PROCESSED.nc,ft24-918-18,485,2019-10-20 02:40:00,-44.8633,64.2724,True,False
/Volumes/Data/Work/SEALTAGS/Prydz/FLUO_LIGHT/PROCESSED/NC/ft24-918-18_lr1_prof_PROCESSED.nc,ft24-918-18,486,2019-10-20 14:30:00,-44.9107,64.8373,False,False
/Volumes/Data/Work/SEALTAGS/Prydz/FLUO_LIGHT/PROCESSED/NC/ft24-918-18_lr1_prof_PROCESSED.nc,ft24-918-18,487,2019-10-21 21:50:00,-44.9695,65.4745,False,False
/Volumes/Data/Work/SEALTAGS/Prydz/FLUO_LIGHT/PROCESSED/NC/ft24-918-18_lr1_prof_PROCESSED.nc,ft24-918-18,488,2019-10-22 10:30:00,-44.9566,66.2088,True,False
/Volumes/Data/Work/SEALTAGS/Prydz/FLUO_LIGHT/PROCESSED/NC/ft24-918-18_lr1_prof_PROCESSED.nc,ft24-918-18,489,2019-10-22 23:10:00,-45.0492,66.3158,False,False
/Volumes/Data/Work/SEALTAGS/Prydz/FLUO_LIGHT/PROCESSED/NC/ft24-918-18_lr1_prof_PROCESSED.nc,ft24-918-18,490,2019-10-23 07:30:00,-45.1036,66.7831,True,False
/Volumes/Data/Work/SEALTAGS/Prydz/FLUO_LIGHT/PROCESSED/NC/ft24-918-18_lr1_prof_PROCESSED.nc,ft24-918-18,491,2019-10-24 09:10:00,-45.1423,67.2486,True,False
/Volumes/Data/Work/SEALTAGS/Prydz/FLUO_LIGHT/PROCESSED/NC/ft24-918-18_lr1_prof_PROCESSED.nc,ft24-918-18,492,2019-10-24 13:50:00,-45.277,67.4092,True,False
/Volumes/Data/Work/SEALTAGS/Prydz/FLUO_LIGHT/PROCESSED/NC/ft24-918-18_lr1_prof_PROCESSED.nc,ft24-918-18,493,2019-10-25 14:10:00,-45.5993,68.3916,False,False
/Volumes/Data/Work/SEALTAGS/Prydz/FLUO_LIGHT/PROCESSED/NC/ft24-918-18_lr1_prof_PROCESSED.nc,ft24-918-18,494,2019-10-26 01:50:00,-45.7482,68.8678,True,False
/Volumes/Data/Work/SEALTAGS/Prydz/FLUO_LIGHT/PROCESSED/NC/ft24-918-18_lr1_prof_PROCESSED.nc,ft24-918-18,495,2019-10-26 17:20:00,-46.1013,69.584,False,False
/Volumes/Data/Work/SEALTAGS/Prydz/FLUO_LIGHT/PROCESSED/NC/ft24-918-18_lr1_prof_PROCESSED.nc,ft24-918-18,496,2019-10-27 02:30:00,-46.2373,70.0113,True,False
/Volumes/Data/Work/SEALTAGS/Prydz/FLUO_LIGHT/PROCESSED/NC/ft24-918-18_lr1_prof_PROCESSED.nc,ft24-918-18,497,2019-10-27 16:10:00,-46.3215,70.8691,False,False
/Volumes/Data/Work/SEALTAGS/Prydz/FLUO_LIGHT/PROCESSED/NC/ft24-918-18_lr1_prof_PROCESSED.nc,ft24-918-18,498,2019-10-28 01:10:00,-46.3458,70.8866,True,False
/Volumes/Data/Work/SEALTAGS/Prydz/FLUO_LIGHT/PROCESSED/NC/ft24-918-18_lr1_prof_PROCESSED.nc,ft24-918-18,499,2019-10-28 23:10:00,-46.6367,72.0835,False,False
/Volumes/Data/Work/SEALTAGS/Prydz/FLUO_LIGHT/PROCESSED/NC/ft24-918-18_lr1_prof_PROCESSED.nc,ft24-918-18,500,2019-10-29 02:30:00,-46.7194,72.1923,True,False
/Volumes/Data/Work/SEALTAGS/Prydz/FLUO_LIGHT/PROCESSED/NC/ft24-918-18_lr1_prof_PROCESSED.nc,ft24-918-18,501,2019-10-29 15:00:00,-47.0266,72.615,False,False
/Volumes/Data/Work/SEALTAGS/Prydz/FLUO_LIGHT/PROCESSED/NC/ft24-918-18_lr1_prof_PROCESSED.nc,ft24-918-18,502,2019-10-30 09:10:00,-47.5179,73.2522,True,False
/Volumes/Data/Work/SEALTAGS/Prydz/FLUO_LIGHT/PROCESSED/NC/ft24-918-18_lr1_prof_PROCESSED.nc,ft24-918-18,503,2019-11-01 22:00:00,-49.1133,73.0664,False,False
/Volumes/Data/Work/SEALTAGS/Prydz/FLUO_LIGHT/PROCESSED/NC/ft24-918-18_lr1_prof_PROCESSED.nc,ft24-918-18,504,2019-11-02 03:40:00,-49.1935,72.8893,True,False
/Volumes/Data/Work/SEALTAGS/Prydz/FLUO_LIGHT/PROCESSED/NC/ft24-918-18_lr1_prof_PROCESSED.nc,ft24-918-18,505,2019-11-02 19:00:00,-49.3976,72.1047,False,False
/Volumes/Data/Work/SEALTAGS/Prydz/FLUO_LIGHT/PROCESSED/NC/ft24-918-18_lr1_prof_PROCESSED.nc,ft24-918-18,506,2019-11-03 14:30:00,-49.3921,71.2541,False,False
/Volumes/Data/Work/SEALTAGS/Prydz/FLUO_LIGHT/PROCESSED/NC/ft24-919-18_all_prof_PROCESSED.nc,ft24-919-18,1,2019-01-02 23:00:00,-49.4821,70.6728,False,False
/Volumes/Data/Work/SEALTAGS/Prydz/FLUO_LIGHT/PROCESSED/NC/ft24-919-18_all_prof_PROCESSED.nc,ft24-919-18,2,2019-01-03 03:20:00,-49.5365,70.9817,True,False
/Volumes/Data/Work/SEALTAGS/Prydz/FLUO_LIGHT/PROCESSED/NC/ft24-919-18_all_prof_PROCESSED.nc,ft24-919-18,3,2019-01-03 19:00:00,-49.5115,71.8679,False,False
/Volumes/Data/Work/SEALTAGS/Prydz/FLUO_LIGHT/PROCESSED/NC/ft24-919-18_all_prof_PROCESSED.nc,ft24-919-18,4,2019-01-04 20:10:00,-49.8014,72.851,False,False
/Volumes/Data/Work/SEALTAGS/Prydz/FLUO_LIGHT/PROCESSED/NC/ft24-919-18_all_prof_PROCESSED.nc,ft24-919-18,5,2019-01-05 03:10:00,-49.8027,72.9299,True,False
/Volumes/Data/Work/SEALTAGS/Prydz/FLUO_LIGHT/PROCESSED/NC/ft24-919-18_all_prof_PROCESSED.nc,ft24-919-18,6,2019-01-05 14:40:00,-49.7819,73.4335,True,False
/Volumes/Data/Work/SEALTAGS/Prydz/FLUO_LIGHT/PROCESSED/NC/ft24-919-18_all_prof_PROCESSED.nc,ft24-919-18,7,2019-01-06 03:30:00,-49.8536,73.9241,True,False
/Volumes/Data/Work/SEALTAGS/Prydz/FLUO_LIGHT/PROCESSED/NC/ft24-919-18_all_prof_PROCESSED.nc,ft24-919-18,8,2019-01-06 20:00:00,-50.0414,74.4519,False,False
/Volumes/Data/Work/SEALTAGS/Prydz/FLUO_LIGHT/PROCESSED/NC/ft24-919-18_all_prof_PROCESSED.nc,ft24-919-18,9,2019-01-07 03:10:00,-50.0785,74.8373,True,False
/Volumes/Data/Work/SEALTAGS/Prydz/FLUO_LIGHT/PROCESSED/NC/ft24-919-18_all_prof_PROCESSED.nc,ft24-919-18,10,2019-01-07 23:50:00,-50.2008,76.1055,True,False
/Volumes/Data/Work/SEALTAGS/Prydz/FLUO_LIGHT/PROCESSED/NC/ft24-919-18_all_prof_PROCESSED.nc,ft24-919-18,11,2019-01-08 04:50:00,-50.2372,76.1676,True,False
/Volumes/Data/Work/SEALTAGS/Prydz/FLUO_LIGHT/PROCESSED/NC/ft24-919-18_all_prof_PROCESSED.nc,ft24-919-18,12,2019-01-08 18:30:00,-50.4298,76.6961,False,False
/Volumes/Data/Work/SEALTAGS/Prydz/FLUO_LIGHT/PROCESSED/NC/ft24-919-18_all_prof_PROCESSED.nc,ft24-919-18,13,2019-01-09 03:00:00,-50.5791,77.2528,True,False
/Volumes/Data/Work/SEALTAGS/Prydz/FLUO_LIGHT/PROCESSED/NC/ft24-919-18_all_prof_PROCESSED.nc,ft24-919-18,14,2019-01-09 21:10:00,-50.6829,77.5509,False,False
/Volumes/Data/Work/SEALTAGS/Prydz/FLUO_LIGHT/PROCESSED/NC/ft24-919-18_all_prof_PROCESSED.nc,ft24-919-18,15,2019-01-10 03:40:00,-50.7109,77.5967,True,False
/Volumes/Data/Work/SEALTAGS/Prydz/FLUO_LIGHT/PROCESSED/NC/ft24-919-18_all_prof_PROCESSED.nc,ft24-919-18,16,2019-01-10 23:30:00,-50.708,77.6681,True,False
/Volumes/Data/Work/SEALTAGS/Prydz/FLUO_LIGHT/PROCESSED/NC/ft24-919-18_all_prof_PROCESSED.nc,ft24-919-18,17,2019-01-11 10:40:00,-50.6517,77.7649,True,False
/Volumes/Data/Work/SEALTAGS/Prydz/FLUO_LIGHT/PROCESSED/NC/ft24-919-18_all_prof_PROCESSED.nc,ft24-919-18,18,2019-01-11 23:50:00,-50.6153,78.13,True,False
/Volumes/Data/Work/SEALTAGS/Prydz/FLUO_LIGHT/PROCESSED/NC/ft24-919-18_all_prof_PROCESSED.nc,ft24-919-18,19,2019-01-12 04:00:00,-50.6847,78.2654,True,False
/Volumes/Data/Work/SEALTAGS/Prydz/FLUO_LIGHT/PROCESSED/NC/ft24-919-18_all_prof_PROCESSED.nc,ft24-919-18,20,2019-01-12 19:50:00,-50.8149,79.0244,False,False
/Volumes/Data/Work/SEALTAGS/Prydz/FLUO_LIGHT/PROCESSED/NC/ft24-919-18_all_prof_PROCESSED.nc,ft24-919-18,21,2019-01-13 02:10:00,-50.8695,79.1458,True,False
/Volumes/Data/Work/SEALTAGS/Prydz/FLUO_LIGHT/PROCESSED/NC/ft24-919-18_all_prof_PROCESSED.nc,ft24-919-18,22,2019-01-13 23:30:00,-51.1026,79.04,True,False
/Volumes/Data/Work/SEALTAGS/Prydz/FLUO_LIGHT/PROCESSED/NC/ft24-919-18_all_prof_PROCESSED.nc,ft24-919-18,23,2019-01-14 05:50:00,-51.1886,78.8679,True,False
/Volumes/Data/Work/SEALTAGS/Prydz/FLUO_LIGHT/PROCESSED/NC/ft24-919-18_all_prof_PROCESSED.nc,ft24-919-18,24,2019-01-14 23:30:00,-51.3897,78.8863,True,False
/Volumes/Data/Work/SEALTAGS/Prydz/FLUO_LIGHT/PROCESSED/NC/ft24-919-18_all_prof_PROCESSED.nc,ft24-919-18,25,2019-01-15 05:20:00,-51.4338,78.9568,True,False
/Volumes/Data/Work/SEALTAGS/Prydz/FLUO_LIGHT/PROCESSED/NC/ft24-919-18_all_prof_PROCESSED.nc,ft24-919-18,26,2019-01-15 15:00:00,-51.5493,79.007,False,False
/Volumes/Data/Work/SEALTAGS/Prydz/FLUO_LIGHT/PROCESSED/NC/ft24-919-18_all_prof_PROCESSED.nc,ft24-919-18,27,2019-01-16 04:20:00,-51.6785,79.623,True,False
/Volumes/Data/Work/SEALTAGS/Prydz/FLUO_LIGHT/PROCESSED/NC/ft24-919-18_all_prof_PROCESSED.nc,ft24-919-18,28,2019-01-16 17:20:00,-51.7459,80.0159,False,False
/Volumes/Data/Work/SEALTAGS/Prydz/FLUO_LIGHT/PROCESSED/NC/ft24-919-18_all_prof_PROCESSED.nc,ft24-919-18,29,2019-01-17 03:20:00,-51.8522,80.4134,True,False
/Volumes/Data/Work/SEALTAGS/Prydz/FLUO_LIGHT/PROCESSED/NC/ft24-919-18_all_prof_PROCESSED.nc,ft24-919-18,30,2019-01-17 23:10:00,-52.0527,81.2255,True,False
/Volumes/Data/Work/SEALTAGS/Prydz/FLUO_LIGHT/PROCESSED/NC/ft24-919-18_all_prof_PROCESSED.nc,ft24-919-18,31,2019-01-18 04:10:00,-52.0512,81.2577,True,False
/Volumes/Data/Work/SEALTAGS/Prydz/FLUO_LIGHT/PROCESSED/NC/ft24-919-18_all_prof_PROCESSED.nc,ft24-919-18,32,2019-01-18 23:50:00,-52.0009,81.9227,True,False
/Volumes/Data/Work/SEALTAGS/Prydz/FLUO_LIGHT/PROCESSED/NC/ft24-919-18_all_prof_PROCESSED.nc,ft24-919-18,33,2019-01-19 11:30:00,-51.9514,82.1085,True,False
/Volumes/Data/Work/SEALTAGS/Prydz/FLUO_LIGHT/PROCESSED/NC/ft24-919-18_all_prof_PROCESSED.nc,ft24-919-18,34,2019-01-20 00:10:00,-51.9134,82.2773,True,False
/Volumes/Data/Work/SEALTAGS/Prydz/FLUO_LIGHT/PROCESSED/NC/ft24-919-18_all_prof_PROCESSED.nc,ft24-919-18,35,2019-01-20 23:10:00,-52.0885,82.624,True,False
/Volumes/Data/Work/SEALTAGS/Prydz/FLUO_LIGHT/PROCESSED/NC/ft24-919-18_all_prof_PROCESSED.nc,ft24-919-18,36,2019-01-21 11:10:00,-52.3266,83.3812,True,False
/Volumes/Data/Work/SEALTAGS/Prydz/FLUO_LIGHT/PROCESSED/NC/ft24-919-18_all_prof_PROCESSED.nc,ft24-919-18,37,2019-01-22 03:10:00,-52.6473,84.4998,True,False
/Volumes/Data/Work/SEALTAGS/Prydz/FLUO_LIGHT/PROCESSED/NC/ft24-919-18_all_prof_PROCESSED.nc,ft24-919-18,38,2019-01-22 19:40:00,-53.0634,85.0928,False,False
/Volumes/Data/Work/SEALTAGS/Prydz/FLUO_LIGHT/PROCESSED/NC/ft24-919-18_all_prof_PROCESSED.nc,ft24-919-18,39,2019-01-23 02:10:00,-53.2191,85.1729,True,False
/Volumes/Data/Work/SEALTAGS/Prydz/FLUO_LIGHT/PROCESSED/NC/ft24-919-18_all_prof_PROCESSED.nc,ft24-919-18,40,2019-01-23 20:10:00,-53.4291,86.319,False,False
/Volumes/Data/Work/SEALTAGS/Prydz/FLUO_LIGHT/PROCESSED/NC/ft24-919-18_all_prof_PROCESSED.nc,ft24-919-18,41,2019-01-24 06:20:00,-53.6361,86.8986,True,False
/Volumes/Data/Work/SEALTAGS/Prydz/FLUO_LIGHT/PROCESSED/NC/ft24-919-18_all_prof_PROCESSED.nc,ft24-919-18,42,2019-01-24 19:30:00,-54.0966,86.7873,False,False
/Volumes/Data/Work/SEALTAGS/Prydz/FLUO_LIGHT/PROCESSED/NC/ft24-919-18_all_prof_PROCESSED.nc,ft24-919-18,43,2019-01-25 03:10:00,-54.2635,86.5509,True,False
/Volumes/Data/Work/SEALTAGS/Prydz/FLUO_LIGHT/PROCESSED/NC/ft24-919-18_all_prof_PROCESSED.nc,ft24-919-18,44,2019-01-25 20:20:00,-54.4242,86.1081,False,False
/Volumes/Data/Work/SEALTAGS/Prydz/FLUO_LIGHT/PROCESSED/NC/ft24-919-18_all_prof_PROCESSED.nc,ft24-919-18,45,2019-01-26 03:30:00,-54.4985,86.0429,True,False
/Volumes/Data/Work/SEALTAGS/Prydz/FLUO_LIGHT/PROCESSED/NC/ft24-919-18_all_prof_PROCESSED.nc,ft24-919-18,46,2019-01-26 19:50:00,-54.7225,85.7639,False,False
/Volumes/Data/Work/SEALTAGS/Prydz/FLUO_LIGHT/PROCESSED/NC/ft24-919-18_all_prof_PROCESSED.nc,ft24-919-18,47,2019-01-27 03:10:00,-54.7271,85.865,True,False
/Volumes/Data/Work/SEALTAGS/Prydz/FLUO_LIGHT/PROCESSED/NC/ft24-919-18_all_prof_PROCESSED.nc,ft24-919-18,48,2019-01-27 16:10:00,-54.9174,85.7001,False,False
/Volumes/Data/Work/SEALTAGS/Prydz/FLUO_LIGHT/PROCESSED/NC/ft24-919-18_all_prof_PROCESSED.nc,ft24-919-18,49,2019-01-28 03:10:00,-54.9518,85.7619,True,False
/Volumes/Data/Work/SEALTAGS/Prydz/FLUO_LIGHT/PROCESSED/NC/ft24-919-18_all_prof_PROCESSED.nc,ft24-919-18,50,2019-01-28 18:40:00,-55.425,85.5886,False,False
/Volumes/Data/Work/SEALTAGS/Prydz/FLUO_LIGHT/PROCESSED/NC/ft24-919-18_all_prof_PROCESSED.nc,ft24-919-18,51,2019-01-29 06:20:00,-55.5086,85.9351,True,False
/Volumes/Data/Work/SEALTAGS/Prydz/FLUO_LIGHT/PROCESSED/NC/ft24-919-18_all_prof_PROCESSED.nc,ft24-919-18,52,2019-01-29 18:50:00,-55.5807,86.367,False,False
/Volumes/Data/Work/SEALTAGS/Prydz/FLUO_LIGHT/PROCESSED/NC/ft24-919-18_all_prof_PROCESSED.nc,ft24-919-18,53,2019-01-30 03:10:00,-55.4409,86.4673,True,False
/Volumes/Data/Work/SEALTAGS/Prydz/FLUO_LIGHT/PROCESSED/NC/ft24-919-18_all_prof_PROCESSED.nc,ft24-919-18,54,2019-01-30 13:50:00,-55.3346,86.8502,True,False
/Volumes/Data/Work/SEALTAGS/Prydz/FLUO_LIGHT/PROCESSED/NC/ft24-919-18_all_prof_PROCESSED.nc,ft24-919-18,55,2019-01-31 03:30:00,-55.1964,87.2211,True,False
/Volumes/Data/Work/SEALTAGS/Prydz/FLUO_LIGHT/PROCESSED/NC/ft24-919-18_all_prof_PROCESSED.nc,ft24-919-18,56,2019-01-31 20:00:00,-54.9949,87.401,False,False
/Volumes/Data/Work/SEALTAGS/Prydz/FLUO_LIGHT/PROCESSED/NC/ft24-919-18_all_prof_PROCESSED.nc,ft24-919-18,57,2019-02-01 03:10:00,-54.9309,87.4908,True,False
/Volumes/Data/Work/SEALTAGS/Prydz/FLUO_LIGHT/PROCESSED/NC/ft24-919-18_all_prof_PROCESSED.nc,ft24-919-18,58,2019-02-01 18:10:00,-54.9353,87.2857,False,False
/Volumes/Data/Work/SEALTAGS/Prydz/FLUO_LIGHT/PROCESSED/NC/ft24-919-18_all_prof_PROCESSED.nc,ft24-919-18,59,2019-02-02 03:10:00,-54.8061,87.1501,True,False
/Volumes/Data/Work/SEALTAGS/Prydz/FLUO_LIGHT/PROCESSED/NC/ft24-919-18_all_prof_PROCESSED.nc,ft24-919-18,60,2019-02-02 19:50:00,-54.681,87.1636,False,False
/Volumes/Data/Work/SEALTAGS/Prydz/FLUO_LIGHT/PROCESSED/NC/ft24-919-18_all_prof_PROCESSED.nc,ft24-919-18,61,2019-02-03 23:20:00,-54.4767,86.7209,True,False
/Volumes/Data/Work/SEALTAGS/Prydz/FLUO_LIGHT/PROCESSED/NC/ft24-919-18_all_prof_PROCESSED.nc,ft24-919-18,62,2019-02-04 04:30:00,-54.3677,86.6265,True,False
/Volumes/Data/Work/SEALTAGS/Prydz/FLUO_LIGHT/PROCESSED/NC/ft24-919-18_all_prof_PROCESSED.nc,ft24-919-18,63,2019-02-04 20:30:00,-54.2955,86.4163,False,False
/Volumes/Data/Work/SEALTAGS/Prydz/FLUO_LIGHT/PROCESSED/NC/ft24-919-18_all_prof_PROCESSED.nc,ft24-919-18,64,2019-02-05 04:30:00,-54.2634,86.2214,True,False
/Volumes/Data/Work/SEALTAGS/Prydz/FLUO_LIGHT/PROCESSED/NC/ft24-919-18_all_prof_PROCESSED.nc,ft24-919-18,65,2019-02-05 14:00:00,-54.2114,86.2677,True,False
/Volumes/Data/Work/SEALTAGS/Prydz/FLUO_LIGHT/PROCESSED/NC/ft24-919-18_all_prof_PROCESSED.nc,ft24-919-18,66,2019-02-06 10:10:00,-54.1047,86.3081,True,False
/Volumes/Data/Work/SEALTAGS/Prydz/FLUO_LIGHT/PROCESSED/NC/ft24-919-18_all_prof_PROCESSED.nc,ft24-919-18,67,2019-02-06 17:40:00,-54.0328,86.0673,False,False
/Volumes/Data/Work/SEALTAGS/Prydz/FLUO_LIGHT/PROCESSED/NC/ft24-919-18_all_prof_PROCESSED.nc,ft24-919-18,68,2019-02-07 03:10:00,-53.9008,86.0287,True,False
/Volumes/Data/Work/SEALTAGS/Prydz/FLUO_LIGHT/PROCESSED/NC/ft24-919-18_all_prof_PROCESSED.nc,ft24-919-18,69,2019-02-07 14:20:00,-53.8253,86.0379,False,False
/Volumes/Data/Work/SEALTAGS/Prydz/FLUO_LIGHT/PROCESSED/NC/ft24-919-18_all_prof_PROCESSED.nc,ft24-919-18,70,2019-02-08 03:20:00,-53.8207,85.8212,True,False
/Volumes/Data/Work/SEALTAGS/Prydz/FLUO_LIGHT/PROCESSED/NC/ft24-919-18_all_prof_PROCESSED.nc,ft24-919-18,71,2019-02-08 16:00:00,-53.7509,86.2029,False,False
/Volumes/Data/Work/SEALTAGS/Prydz/FLUO_LIGHT/PROCESSED/NC/ft24-919-18_all_prof_PROCESSED.nc,ft24-919-18,72,2019-02-09 07:40:00,-53.7525,86.6507,True,False
/Volumes/Data/Work/SEALTAGS/Prydz/FLUO_LIGHT/PROCESSED/NC/ft24-919-18_all_prof_PROCESSED.nc,ft24-919-18,73,2019-02-09 19:00:00,-53.7364,86.5706,False,False
/Volumes/Data/Work/SEALTAGS/Prydz/FLUO_LIGHT/PROCESSED/NC/ft24-919-18_all_prof_PROCESSED.nc,ft24-919-18,74,2019-02-10 07:00:00,-53.7914,87.1096,True,False
/Volumes/Data/Work/SEALTAGS/Prydz/FLUO_LIGHT/PROCESSED/NC/ft24-919-18_all_prof_PROCESSED.nc,ft24-919-18,75,2019-02-10 19:50:00,-53.7557,87.4263,False,False
/Volumes/Data/Work/SEALTAGS/Prydz/FLUO_LIGHT/PROCESSED/NC/ft24-919-18_all_prof_PROCESSED.nc,ft24-919-18,76,2019-02-11 07:40:00,-53.7218,87.5721,True,False
/Volumes/Data/Work/SEALTAGS/Prydz/FLUO_LIGHT/PROCESSED/NC/ft24-919-18_all_prof_PROCESSED.nc,ft24-919-18,77,2019-02-11 20:00:00,-53.8227,88.0537,False,False
/Volumes/Data/Work/SEALTAGS/Prydz/FLUO_LIGHT/PROCESSED/NC/ft24-919-18_all_prof_PROCESSED.nc,ft24-919-18,78,2019-02-12 03:00:00,-53.9102,88.3013,True,False
/Volumes/Data/Work/SEALTAGS/Prydz/FLUO_LIGHT/PROCESSED/NC/ft24-919-18_all_prof_PROCESSED.nc,ft24-919-18,79,2019-02-12 19:00:00,-53.9818,88.4723,False,False
/Volumes/Data/Work/SEALTAGS/Prydz/FLUO_LIGHT/PROCESSED/NC/ft24-919-18_all_prof_PROCESSED.nc,ft24-919-18,80,2019-02-13 07:10:00,-53.9684,88.58,True,False
/Volumes/Data/Work/SEALTAGS/Prydz/FLUO_LIGHT/PROCESSED/NC/ft24-919-18_all_prof_PROCESSED.nc,ft24-919-18,81,2019-02-13 18:40:00,-54.0342,88.9915,False,False
/Volumes/Data/Work/SEALTAGS/Prydz/FLUO_LIGHT/PROCESSED/NC/ft24-919-18_all_prof_PROCESSED.nc,ft24-919-18,82,2019-02-14 02:30:00,-54.0259,88.9213,True,False
/Volumes/Data/Work/SEALTAGS/Prydz/FLUO_LIGHT/PROCESSED/NC/ft24-919-18_all_prof_PROCESSED.nc,ft24-919-18,83,2019-02-14 18:50:00,-53.9268,89.288,False,False
/Volumes/Data/Work/SEALTAGS/Prydz/FLUO_LIGHT/PROCESSED/NC/ft24-919-18_all_prof_PROCESSED.nc,ft24-919-18,84,2019-02-15 09:10:00,-53.8698,89.3459,True,False
/Volumes/Data/Work/SEALTAGS/Prydz/FLUO_LIGHT/PROCESSED/NC/ft24-919-18_all_prof_PROCESSED.nc,ft24-919-18,85,2019-02-15 18:50:00,-53.6607,89.4722,False,False
/Volumes/Data/Work/SEALTAGS/Prydz/FLUO_LIGHT/PROCESSED/NC/ft24-919-18_all_prof_PROCESSED.nc,ft24-919-18,86,2019-02-16 03:10:00,-53.654,89.559,True,False
/Volumes/Data/Work/SEALTAGS/Prydz/FLUO_LIGHT/PROCESSED/NC/ft24-919-18_all_prof_PROCESSED.nc,ft24-919-18,87,2019-02-16 18:00:00,-53.609,89.7299,False,False
/Volumes/Data/Work/SEALTAGS/Prydz/FLUO_LIGHT/PROCESSED/NC/ft24-919-18_all_prof_PROCESSED.nc,ft24-919-18,88,2019-02-17 03:10:00,-53.5494,89.7732,True,False
/Volumes/Data/Work/SEALTAGS/Prydz/FLUO_LIGHT/PROCESSED/NC/ft24-919-18_all_prof_PROCESSED.nc,ft24-919-18,89,2019-02-17 19:30:00,-53.1989,89.7004,False,False
/Volumes/Data/Work/SEALTAGS/Prydz/FLUO_LIGHT/PROCESSED/NC/ft24-919-18_all_prof_PROCESSED.nc,ft24-919-18,90,2019-02-18 03:30:00,-52.9775,89.8055,True,False
/Volumes/Data/Work/SEALTAGS/Prydz/FLUO_LIGHT/PROCESSED/NC/ft24-919-18_all_prof_PROCESSED.nc,ft24-919-18,91,2019-02-18 15:10:00,-52.7373,89.4642,False,False
/Volumes/Data/Work/SEALTAGS/Prydz/FLUO_LIGHT/PROCESSED/NC/ft24-919-18_all_prof_PROCESSED.nc,ft24-919-18,92,2019-02-19 02:40:00,-52.5766,89.1447,True,False
/Volumes/Data/Work/SEALTAGS/Prydz/FLUO_LIGHT/PROCESSED/NC/ft24-919-18_all_prof_PROCESSED.nc,ft24-919-18,93,2019-02-19 19:10:00,-52.4653,88.7142,False,False
/Volumes/Data/Work/SEALTAGS/Prydz/FLUO_LIGHT/PROCESSED/NC/ft24-919-18_all_prof_PROCESSED.nc,ft24-919-18,94,2019-02-20 02:50:00,-52.3882,88.4652,True,False
/Volumes/Data/Work/SEALTAGS/Prydz/FLUO_LIGHT/PROCESSED/NC/ft24-919-18_all_prof_PROCESSED.nc,ft24-919-18,95,2019-02-20 18:00:00,-52.3207,88.054,False,False
/Volumes/Data/Work/SEALTAGS/Prydz/FLUO_LIGHT/PROCESSED/NC/ft24-919-18_all_prof_PROCESSED.nc,ft24-919-18,96,2019-02-21 02:30:00,-52.3666,87.768,True,False
/Volumes/Data/Work/SEALTAGS/Prydz/FLUO_LIGHT/PROCESSED/NC/ft24-919-18_all_prof_PROCESSED.nc,ft24-919-18,97,2019-02-21 17:10:00,-52.458,87.5439,False,False
/Volumes/Data/Work/SEALTAGS/Prydz/FLUO_LIGHT/PROCESSED/NC/ft24-919-18_all_prof_PROCESSED.nc,ft24-919-18,98,2019-02-22 02:20:00,-52.3829,87.5207,True,False
/Volumes/Data/Work/SEALTAGS/Prydz/FLUO_LIGHT/PROCESSED/NC/ft24-919-18_all_prof_PROCESSED.nc,ft24-919-18,99,2019-02-22 15:40:00,-52.2107,87.6707,False,False
/Volumes/Data/Work/SEALTAGS/Prydz/FLUO_LIGHT/PROCESSED/NC/ft24-919-18_all_prof_PROCESSED.nc,ft24-919-18,100,2019-02-23 12:00:00,-51.8915,87.9042,True,False
/Volumes/Data/Work/SEALTAGS/Prydz/FLUO_LIGHT/PROCESSED/NC/ft24-919-18_all_prof_PROCESSED.nc,ft24-919-18,101,2019-02-24 03:00:00,-51.5705,88.1301,True,False
/Volumes/Data/Work/SEALTAGS/Prydz/FLUO_LIGHT/PROCESSED/NC/ft24-919-18_all_prof_PROCESSED.nc,ft24-919-18,102,2019-02-24 18:00:00,-51.2925,88.1082,False,False
/Volumes/Data/Work/SEALTAGS/Prydz/FLUO_LIGHT/PROCESSED/NC/ft24-919-18_all_prof_PROCESSED.nc,ft24-919-18,103,2019-02-25 11:30:00,-50.9971,88.2574,True,False
/Volumes/Data/Work/SEALTAGS/Prydz/FLUO_LIGHT/PROCESSED/NC/ft24-919-18_all_prof_PROCESSED.nc,ft24-919-18,104,2019-02-25 15:30:00,-50.9807,88.2323,False,False
/Volumes/Data/Work/SEALTAGS/Prydz/FLUO_LIGHT/PROCESSED/NC/ft24-919-18_all_prof_PROCESSED.nc,ft24-919-18,105,2019-02-26 03:10:00,-50.8078,88.3957,True,False
/Volumes/Data/Work/SEALTAGS/Prydz/FLUO_LIGHT/PROCESSED/NC/ft24-919-18_all_prof_PROCESSED.nc,ft24-919-18,106,2019-02-26 14:30:00,-50.7649,88.5866,False,False
/Volumes/Data/Work/SEALTAGS/Prydz/FLUO_LIGHT/PROCESSED/NC/ft24-919-18_all_prof_PROCESSED.nc,ft24-919-18,107,2019-02-27 08:30:00,-50.8114,88.4713,True,False
/Volumes/Data/Work/SEALTAGS/Prydz/FLUO_LIGHT/PROCESSED/NC/ft24-919-18_all_prof_PROCESSED.nc,ft24-919-18,108,2019-02-27 14:40:00,-50.8522,88.6031,False,False
/Volumes/Data/Work/SEALTAGS/Prydz/FLUO_LIGHT/PROCESSED/NC/ft24-919-18_all_prof_PROCESSED.nc,ft24-919-18,109,2019-02-28 03:10:00,-50.7821,88.6658,True,False
/Volumes/Data/Work/SEALTAGS/Prydz/FLUO_LIGHT/PROCESSED/NC/ft24-919-18_all_prof_PROCESSED.nc,ft24-919-18,110,2019-02-28 14:30:00,-50.7215,88.4665,False,False
/Volumes/Data/Work/SEALTAGS/Prydz/FLUO_LIGHT/PROCESSED/NC/ft24-919-18_all_prof_PROCESSED.nc,ft24-919-18,111,2019-03-01 02:10:00,-50.7198,88.3242,True,False
/Volumes/Data/Work/SEALTAGS/Prydz/FLUO_LIGHT/PROCESSED/NC/ft24-919-18_all_prof_PROCESSED.nc,ft24-919-18,112,2019-03-01 14:20:00,-50.6782,88.4031,False,False
/Volumes/Data/Work/SEALTAGS/Prydz/FLUO_LIGHT/PROCESSED/NC/ft24-919-18_all_prof_PROCESSED.nc,ft24-919-18,113,2019-03-02 03:00:00,-50.617,88.6232,True,False
/Volumes/Data/Work/SEALTAGS/Prydz/FLUO_LIGHT/PROCESSED/NC/ft24-919-18_all_prof_PROCESSED.nc,ft24-919-18,114,2019-03-02 14:20:00,-50.5651,88.7341,False,False
/Volumes/Data/Work/SEALTAGS/Prydz/FLUO_LIGHT/PROCESSED/NC/ft24-919-18_all_prof_PROCESSED.nc,ft24-919-18,115,2019-03-03 02:50:00,-50.682,89.0836,True,False
/Volumes/Data/Work/SEALTAGS/Prydz/FLUO_LIGHT/PROCESSED/NC/ft24-919-18_all_prof_PROCESSED.nc,ft24-919-18,116,2019-03-03 14:30:00,-50.8671,89.1664,False,False
/Volumes/Data/Work/SEALTAGS/Prydz/FLUO_LIGHT/PROCESSED/NC/ft24-919-18_all_prof_PROCESSED.nc,ft24-919-18,117,2019-03-04 11:50:00,-51.2924,89.392,True,False
/Volumes/Data/Work/SEALTAGS/Prydz/FLUO_LIGHT/PROCESSED/NC/ft24-919-18_all_prof_PROCESSED.nc,ft24-919-18,118,2019-03-04 15:10:00,-51.3688,89.3106,False,False
/Volumes/Data/Work/SEALTAGS/Prydz/FLUO_LIGHT/PROCESSED/NC/ft24-919-18_all_prof_PROCESSED.nc,ft24-919-18,119,2019-03-05 09:50:00,-51.6537,89.2276,True,False
/Volumes/Data/Work/SEALTAGS/Prydz/FLUO_LIGHT/PROCESSED/NC/ft24-919-18_all_prof_PROCESSED.nc,ft24-919-18,120,2019-03-05 15:10:00,-51.7241,89.0742,False,False
/Volumes/Data/Work/SEALTAGS/Prydz/FLUO_LIGHT/PROCESSED/NC/ft24-919-18_all_prof_PROCESSED.nc,ft24-919-18,121,2019-03-06 03:00:00,-51.8461,89.0484,True,False
/Volumes/Data/Work/SEALTAGS/Prydz/FLUO_LIGHT/PROCESSED/NC/ft24-919-18_all_prof_PROCESSED.nc,ft24-919-18,122,2019-03-06 23:00:00,-51.7376,88.3475,False,False
/Volumes/Data/Work/SEALTAGS/Prydz/FLUO_LIGHT/PROCESSED/NC/ft24-919-18_all_prof_PROCESSED.nc,ft24-919-18,123,2019-03-07 02:10:00,-51.6472,88.3661,True,False
/Volumes/Data/Work/SEALTAGS/Prydz/FLUO_LIGHT/PROCESSED/NC/ft24-919-18_all_prof_PROCESSED.nc,ft24-919-18,124,2019-03-07 18:20:00,-51.4463,88.2004,False,False
/Volumes/Data/Work/SEALTAGS/Prydz/FLUO_LIGHT/PROCESSED/NC/ft24-919-18_all_prof_PROCESSED.nc,ft24-919-18,125,2019-03-08 11:00:00,-51.3012,88.2588,True,False
/Volumes/Data/Work/SEALTAGS/Prydz/FLUO_LIGHT/PROCESSED/NC/ft24-919-18_all_prof_PROCESSED.nc,ft24-919-18,126,2019-03-08 19:20:00,-51.1659,88.0868,False,False
/Volumes/Data/Work/SEALTAGS/Prydz/FLUO_LIGHT/PROCESSED/NC/ft24-919-18_all_prof_PROCESSED.nc,ft24-919-18,127,2019-03-09 02:20:00,-51.1527,88.062,True,False
/Volumes/Data/Work/SEALTAGS/Prydz/FLUO_LIGHT/PROCESSED/NC/ft24-919-18_all_prof_PROCESSED.nc,ft24-919-18,128,2019-03-10 07:10:00,-50.9026,87.3708,True,False
/Volumes/Data/Work/SEALTAGS/Prydz/FLUO_LIGHT/PROCESSED/NC/ft24-919-18_all_prof_PROCESSED.nc,ft24-919-18,129,2019-03-10 17:10:00,-50.8383,87.0671,False,False
/Volumes/Data/Work/SEALTAGS/Prydz/FLUO_LIGHT/PROCESSED/NC/ft24-919-18_all_prof_PROCESSED.nc,ft24-919-18,130,2019-03-11 10:40:00,-50.7668,86.7824,True,False
/Volumes/Data/Work/SEALTAGS/Prydz/FLUO_LIGHT/PROCESSED/NC/ft24-919-18_all_prof_PROCESSED.nc,ft24-919-18,131,2019-03-11 14:20:00,-50.7344,86.6379,False,False
/Volumes/Data/Work/SEALTAGS/Prydz/FLUO_LIGHT/PROCESSED/NC/ft24-919-18_all_prof_PROCESSED.nc,ft24-919-18,132,2019-03-12 02:10:00,-50.5957,86.166,True,False
/Volumes/Data/Work/SEALTAGS/Prydz/FLUO_LIGHT/PROCESSED/NC/ft24-919-18_all_prof_PROCESSED.nc,ft24-919-18,133,2019-03-12 18:40:00,-50.4143,85.5124,False,False
/Volumes/Data/Work/SEALTAGS/Prydz/FLUO_LIGHT/PROCESSED/NC/ft24-919-18_all_prof_PROCESSED.nc,ft24-919-18,134,2019-03-13 04:30:00,-50.3638,85.0848,True,False
/Volumes/Data/Work/SEALTAGS/Prydz/FLUO_LIGHT/PROCESSED/NC/ft24-919-18_all_prof_PROCESSED.nc,ft24-919-18,135,2019-03-13 14:50:00,-50.3773,84.3435,False,False
/Volumes/Data/Work/SEALTAGS/Prydz/FLUO_LIGHT/PROCESSED/NC/ft24-919-18_all_prof_PROCESSED.nc,ft24-919-18,136,2019-03-14 06:20:00,-50.1493,83.2203,True,False
/Volumes/Data/Work/SEALTAGS/Prydz/FLUO_LIGHT/PROCESSED/NC/ft24-919-18_all_prof_PROCESSED.nc,ft24-919-18,137,2019-03-14 15:10:00,-50.1998,82.7711,False,False
/Volumes/Data/Work/SEALTAGS/Prydz/FLUO_LIGHT/PROCESSED/NC/ft24-919-18_all_prof_PROCESSED.nc,ft24-919-18,138,2019-03-15 08:00:00,-50.2075,82.0565,True,False
/Volumes/Data/Work/SEALTAGS/Prydz/FLUO_LIGHT/PROCESSED/NC/ft24-919-18_all_prof_PROCESSED.nc,ft24-919-18,139,2019-03-15 20:40:00,-50.4223,81.4862,False,False
/Volumes/Data/Work/SEALTAGS/Prydz/FLUO_LIGHT/PROCESSED/NC/ft24-919-18_all_prof_PROCESSED.nc,ft24-919-18,140,2019-03-16 04:50:00,-50.4392,81.0944,True,False
/Volumes/Data/Work/SEALTAGS/Prydz/FLUO_LIGHT/PROCESSED/NC/ft24-919-18_all_prof_PROCESSED.nc,ft24-919-18,141,2019-03-16 19:40:00,-50.2213,80.7621,False,False
/Volumes/Data/Work/SEALTAGS/Prydz/FLUO_LIGHT/PROCESSED/NC/ft24-919-18_all_prof_PROCESSED.nc,ft24-919-18,142,2019-03-17 01:10:00,-50.1547,80.7535,True,False
/Volumes/Data/Work/SEALTAGS/Prydz/FLUO_LIGHT/PROCESSED/NC/ft24-919-18_all_prof_PROCESSED.nc,ft24-919-18,143,2019-03-17 20:50:00,-49.9184,80.2671,False,False
/Volumes/Data/Work/SEALTAGS/Prydz/FLUO_LIGHT/PROCESSED/NC/ft24-919-18_all_prof_PROCESSED.nc,ft24-919-18,144,2019-03-18 03:50:00,-49.8904,80.1726,True,False
/Volumes/Data/Work/SEALTAGS/Prydz/FLUO_LIGHT/PROCESSED/NC/ft24-919-18_all_prof_PROCESSED.nc,ft24-919-18,145,2019-03-18 15:10:00,-49.8116,80.0299,False,False
/Volumes/Data/Work/SEALTAGS/Prydz/FLUO_LIGHT/PROCESSED/NC/ft24-919-18_all_prof_PROCESSED.nc,ft24-919-18,146,2019-03-19 03:00:00,-49.7123,79.5773,True,False
/Volumes/Data/Work/SEALTAGS/Prydz/FLUO_LIGHT/PROCESSED/NC/ft24-919-18_all_prof_PROCESSED.nc,ft24-919-18,147,2019-03-19 23:20:00,-49.7293,79.0336,False,False
/Volumes/Data/Work/SEALTAGS/Prydz/FLUO_LIGHT/PROCESSED/NC/ft24-919-18_all_prof_PROCESSED.nc,ft24-919-18,148,2019-03-20 03:20:00,-49.7885,78.9964,True,False
/Volumes/Data/Work/SEALTAGS/Prydz/FLUO_LIGHT/PROCESSED/NC/ft24-919-18_all_prof_PROCESSED.nc,ft24-919-18,149,2019-03-20 21:20:00,-49.7728,78.9517,False,False
/Volumes/Data/Work/SEALTAGS/Prydz/FLUO_LIGHT/PROCESSED/NC/ft24-919-18_all_prof_PROCESSED.nc,ft24-919-18,150,2019-03-21 02:10:00,-49.8092,78.8815,True,False
/Volumes/Data/Work/SEALTAGS/Prydz/FLUO_LIGHT/PROCESSED/NC/ft24-919-18_all_prof_PROCESSED.nc,ft24-919-18,151,2019-03-21 23:40:00,-50.0106,78.3079,False,False
/Volumes/Data/Work/SEALTAGS/Prydz/FLUO_LIGHT/PROCESSED/NC/ft24-919-18_all_prof_PROCESSED.nc,ft24-919-18,152,2019-03-22 09:50:00,-49.9185,78.0851,True,False
/Volumes/Data/Work/SEALTAGS/Prydz/FLUO_LIGHT/PROCESSED/NC/ft24-919-18_all_prof_PROCESSED.nc,ft24-919-18,153,2019-03-22 17:30:00,-49.9076,77.6205,False,False
/Volumes/Data/Work/SEALTAGS/Prydz/FLUO_LIGHT/PROCESSED/NC/ft24-919-18_all_prof_PROCESSED.nc,ft24-919-18,154,2019-03-23 20:50:00,-49.7028,76.9206,False,False
/Volumes/Data/Work/SEALTAGS/Prydz/FLUO_LIGHT/PROCESSED/NC/ft24-919-18_all_prof_PROCESSED.nc,ft24-919-18,155,2019-03-24 05:00:00,-49.6179,76.6985,True,False
/Volumes/Data/Work/SEALTAGS/Prydz/FLUO_LIGHT/PROCESSED/NC/ft24-919-18_all_prof_PROCESSED.nc,ft24-919-18,156,2019-03-24 14:50:00,-49.5518,76.1066,False,False
/Volumes/Data/Work/SEALTAGS/Prydz/FLUO_LIGHT/PROCESSED/NC/ft24-919-18_all_prof_PROCESSED.nc,ft24-919-18,157,2019-03-25 03:00:00,-49.458,76.003,True,False
/Volumes/Data/Work/SEALTAGS/Prydz/FLUO_LIGHT/PROCESSED/NC/ft24-919-18_all_prof_PROCESSED.nc,ft24-919-18,158,2019-03-25 15:30:00,-49.3735,75.5057,False,False
/Volumes/Data/Work/SEALTAGS/Prydz/FLUO_LIGHT/PROCESSED/NC/ft24-919-18_all_prof_PROCESSED.nc,ft24-919-18,159,2019-03-26 05:20:00,-49.4314,75.097,True,False
/Volumes/Data/Work/SEALTAGS/Prydz/FLUO_LIGHT/PROCESSED/NC/ft24-919-18_all_prof_PROCESSED.nc,ft24-919-18,160,2019-03-26 16:10:00,-49.3912,75.0134,False,False
/Volumes/Data/Work/SEALTAGS/Prydz/FLUO_LIGHT/PROCESSED/NC/ft24-919-18_all_prof_PROCESSED.nc,ft24-919-18,161,2019-03-27 03:00:00,-49.4241,74.7067,True,False
/Volumes/Data/Work/SEALTAGS/Prydz/FLUO_LIGHT/PROCESSED/NC/ft24-919-18_all_prof_PROCESSED.nc,ft24-919-18,162,2019-03-27 15:50:00,-49.4623,74.3238,False,False
/Volumes/Data/Work/SEALTAGS/Prydz/FLUO_LIGHT/PROCESSED/NC/ft24-919-18_all_prof_PROCESSED.nc,ft24-919-18,163,2019-03-28 22:20:00,-49.5464,73.1485,False,False
/Volumes/Data/Work/SEALTAGS/Prydz/FLUO_LIGHT/PROCESSED/NC/ft24-919-18_all_prof_PROCESSED.nc,ft24-919-18,164,2019-03-29 05:10:00,-49.5079,72.9441,True,False
/Volumes/Data/Work/SEALTAGS/Prydz/FLUO_LIGHT/PROCESSED/NC/ft24-919-18_all_prof_PROCESSED.nc,ft24-919-18,165,2019-03-29 21:20:00,-49.5547,71.8775,False,False
/Volumes/Data/Work/SEALTAGS/Prydz/FLUO_LIGHT/PROCESSED/NC/ft24-919-18_all_prof_PROCESSED.nc,ft24-919-18,166,2019-03-30 02:10:00,-49.5817,71.7173,True,False
/Volumes/Data/Work/SEALTAGS/Prydz/FLUO_LIGHT/PROCESSED/NC/ft24-919-18_all_prof_PROCESSED.nc,ft24-919-18,167,2019-03-30 14:10:00,-49.5528,71.1889,False,False
/Volumes/Data/Work/SEALTAGS/Prydz/FLUO_LIGHT/PROCESSED/NC/ft24-919-18_all_prof_PROCESSED.nc,ft24-919-18,168,2019-05-02 22:30:00,-49.3965,70.5212,False,False
/Volumes/Data/Work/SEALTAGS/Prydz/FLUO_LIGHT/PROCESSED/NC/ft24-919-18_all_prof_PROCESSED.nc,ft24-919-18,169,2019-05-03 08:10:00,-49.4189,71.2762,True,False
/Volumes/Data/Work/SEALTAGS/Prydz/FLUO_LIGHT/PROCESSED/NC/ft24-919-18_all_prof_PROCESSED.nc,ft24-919-18,170,2019-05-03 15:20:00,-49.3473,71.5444,False,False
/Volumes/Data/Work/SEALTAGS/Prydz/FLUO_LIGHT/PROCESSED/NC/ft24-919-18_all_prof_PROCESSED.nc,ft24-919-18,171,2019-05-04 07:10:00,-49.1787,71.8471,True,False
/Volumes/Data/Work/SEALTAGS/Prydz/FLUO_LIGHT/PROCESSED/NC/ft24-919-18_all_prof_PROCESSED.nc,ft24-919-18,172,2019-05-04 18:40:00,-49.1327,72.3643,False,False
/Volumes/Data/Work/SEALTAGS/Prydz/FLUO_LIGHT/PROCESSED/NC/ft24-919-18_all_prof_PROCESSED.nc,ft24-919-18,173,2019-05-05 03:10:00,-48.9451,72.5088,True,False
/Volumes/Data/Work/SEALTAGS/Prydz/FLUO_LIGHT/PROCESSED/NC/ft24-919-18_all_prof_PROCESSED.nc,ft24-919-18,174,2019-05-06 00:00:00,-48.6249,73.1801,False,False
/Volumes/Data/Work/SEALTAGS/Prydz/FLUO_LIGHT/PROCESSED/NC/ft24-919-18_all_prof_PROCESSED.nc,ft24-919-18,175,2019-05-06 23:50:00,-48.5968,73.9453,False,False
/Volumes/Data/Work/SEALTAGS/Prydz/FLUO_LIGHT/PROCESSED/NC/ft24-919-18_all_prof_PROCESSED.nc,ft24-919-18,176,2019-05-07 03:20:00,-48.6058,73.9218,True,False
/Volumes/Data/Work/SEALTAGS/Prydz/FLUO_LIGHT/PROCESSED/NC/ft24-919-18_all_prof_PROCESSED.nc,ft24-919-18,177,2019-05-07 22:30:00,-48.7327,74.42,False,False
/Volumes/Data/Work/SEALTAGS/Prydz/FLUO_LIGHT/PROCESSED/NC/ft24-919-18_all_prof_PROCESSED.nc,ft24-919-18,178,2019-05-08 09:50:00,-48.7458,74.3473,True,False
/Volumes/Data/Work/SEALTAGS/Prydz/FLUO_LIGHT/PROCESSED/NC/ft24-919-18_all_prof_PROCESSED.nc,ft24-919-18,179,2019-05-08 23:10:00,-48.7353,74.4705,False,False
/Volumes/Data/Work/SEALTAGS/Prydz/FLUO_LIGHT/PROCESSED/NC/ft24-919-18_all_prof_PROCESSED.nc,ft24-919-18,180,2019-05-09 10:30:00,-48.7846,74.4866,True,False
/Volumes/Data/Work/SEALTAGS/Prydz/FLUO_LIGHT/PROCESSED/NC/ft24-919-18_all_prof_PROCESSED.nc,ft24-919-18,181,2019-05-09 14:20:00,-48.7173,74.4203,False,False
/Volumes/Data/Work/SEALTAGS/Prydz/FLUO_LIGHT/PROCESSED/NC/ft24-919-18_all_prof_PROCESSED.nc,ft24-919-18,182,2019-05-10 05:50:00,-48.8719,74.4512,True,False
/Volumes/Data/Work/SEALTAGS/Prydz/FLUO_LIGHT/PROCESSED/NC/ft24-919-18_all_prof_PROCESSED.nc,ft24-919-18,183,2019-05-10 14:20:00,-48.8046,74.4349,False,False
/Volumes/Data/Work/SEALTAGS/Prydz/FLUO_LIGHT/PROCESSED/NC/ft24-919-18_all_prof_PROCESSED.nc,ft24-919-18,184,2019-05-11 06:40:00,-48.8302,74.3165,True,False
/Volumes/Data/Work/SEALTAGS/Prydz/FLUO_LIGHT/PROCESSED/NC/ft24-919-18_all_prof_PROCESSED.nc,ft24-919-18,185,2019-05-11 14:10:00,-48.8676,74.2908,False,False
/Volumes/Data/Work/SEALTAGS/Prydz/FLUO_LIGHT/PROCESSED/NC/ft24-919-18_all_prof_PROCESSED.nc,ft24-919-18,186,2019-05-12 04:50:00,-48.8941,74.3792,True,False
/Volumes/Data/Work/SEALTAGS/Prydz/FLUO_LIGHT/PROCESSED/NC/ft24-919-18_all_prof_PROCESSED.nc,ft24-919-18,187,2019-05-12 13:30:00,-48.9204,74.2945,False,False
/Volumes/Data/Work/SEALTAGS/Prydz/FLUO_LIGHT/PROCESSED/NC/ft24-919-18_all_prof_PROCESSED.nc,ft24-919-18,188,2019-05-13 02:50:00,-49.0532,74.6034,True,False
/Volumes/Data/Work/SEALTAGS/Prydz/FLUO_LIGHT/PROCESSED/NC/ft24-919-18_all_prof_PROCESSED.nc,ft24-919-18,189,2019-05-13 13:20:00,-49.0589,74.5309,False,False
/Volumes/Data/Work/SEALTAGS/Prydz/FLUO_LIGHT/PROCESSED/NC/ft24-919-18_all_prof_PROCESSED.nc,ft24-919-18,190,2019-05-14 02:30:00,-49.1911,74.5975,True,False
/Volumes/Data/Work/SEALTAGS/Prydz/FLUO_LIGHT/PROCESSED/NC/ft24-919-18_all_prof_PROCESSED.nc,ft24-919-18,191,2019-05-14 15:40:00,-49.1462,74.7133,False,False
/Volumes/Data/Work/SEALTAGS/Prydz/FLUO_LIGHT/PROCESSED/NC/ft24-919-18_all_prof_PROCESSED.nc,ft24-919-18,192,2019-05-15 05:10:00,-48.9882,75.1654,True,False
/Volumes/Data/Work/SEALTAGS/Prydz/FLUO_LIGHT/PROCESSED/NC/ft24-919-18_all_prof_PROCESSED.nc,ft24-919-18,193,2019-05-15 23:20:00,-48.922,75.3059,False,False
/Volumes/Data/Work/SEALTAGS/Prydz/FLUO_LIGHT/PROCESSED/NC/ft24-919-18_all_prof_PROCESSED.nc,ft24-919-18,194,2019-05-16 10:20:00,-48.8141,75.5422,True,False
/Volumes/Data/Work/SEALTAGS/Prydz/FLUO_LIGHT/PROCESSED/NC/ft24-919-18_all_prof_PROCESSED.nc,ft24-919-18,195,2019-05-16 14:20:00,-48.776,75.6033,False,False
/Volumes/Data/Work/SEALTAGS/Prydz/FLUO_LIGHT/PROCESSED/NC/ft24-919-18_all_prof_PROCESSED.nc,ft24-919-18,196,2019-05-17 14:40:00,-48.6003,76.0866,False,False
/Volumes/Data/Work/SEALTAGS/Prydz/FLUO_LIGHT/PROCESSED/NC/ft24-919-18_all_prof_PROCESSED.nc,ft24-919-18,197,2019-05-18 06:30:00,-48.6385,76.8669,True,False
/Volumes/Data/Work/SEALTAGS/Prydz/FLUO_LIGHT/PROCESSED/NC/ft24-919-18_all_prof_PROCESSED.nc,ft24-919-18,198,2019-05-18 15:10:00,-48.531,77.1292,False,False
/Volumes/Data/Work/SEALTAGS/Prydz/FLUO_LIGHT/PROCESSED/NC/ft24-919-18_all_prof_PROCESSED.nc,ft24-919-18,199,2019-05-19 03:20:00,-48.5476,77.3035,True,False
/Volumes/Data/Work/SEALTAGS/Prydz/FLUO_LIGHT/PROCESSED/NC/ft24-919-18_all_prof_PROCESSED.nc,ft24-919-18,200,2019-05-19 18:40:00,-48.5279,77.3548,False,False
/Volumes/Data/Work/SEALTAGS/Prydz/FLUO_LIGHT/PROCESSED/NC/ft24-919-18_all_prof_PROCESSED.nc,ft24-919-18,201,2019-05-20 15:40:00,-48.6042,77.4917,False,False
/Volumes/Data/Work/SEALTAGS/Prydz/FLUO_LIGHT/PROCESSED/NC/ft24-919-18_all_prof_PROCESSED.nc,ft24-919-18,202,2019-05-21 02:20:00,-48.5817,77.5002,False,False
/Volumes/Data/Work/SEALTAGS/Prydz/FLUO_LIGHT/PROCESSED/NC/ft24-919-18_all_prof_PROCESSED.nc,ft24-919-18,203,2019-05-21 21:40:00,-48.7012,77.7225,False,False
/Volumes/Data/Work/SEALTAGS/Prydz/FLUO_LIGHT/PROCESSED/NC/ft24-919-18_all_prof_PROCESSED.nc,ft24-919-18,204,2019-05-22 04:50:00,-48.7507,77.8235,True,False
/Volumes/Data/Work/SEALTAGS/Prydz/FLUO_LIGHT/PROCESSED/NC/ft24-919-18_all_prof_PROCESSED.nc,ft24-919-18,205,2019-05-22 15:30:00,-48.732,77.991,False,False
/Volumes/Data/Work/SEALTAGS/Prydz/FLUO_LIGHT/PROCESSED/NC/ft24-919-18_all_prof_PROCESSED.nc,ft24-919-18,206,2019-05-23 03:10:00,-48.7601,78.0738,True,False
/Volumes/Data/Work/SEALTAGS/Prydz/FLUO_LIGHT/PROCESSED/NC/ft24-919-18_all_prof_PROCESSED.nc,ft24-919-18,207,2019-05-23 14:10:00,-48.7564,78.0399,False,False
/Volumes/Data/Work/SEALTAGS/Prydz/FLUO_LIGHT/PROCESSED/NC/ft24-919-18_all_prof_PROCESSED.nc,ft24-919-18,208,2019-05-24 03:40:00,-48.707,78.17,True,False
/Volumes/Data/Work/SEALTAGS/Prydz/FLUO_LIGHT/PROCESSED/NC/ft24-919-18_all_prof_PROCESSED.nc,ft24-919-18,209,2019-05-24 21:20:00,-48.6657,78.4066,False,False
/Volumes/Data/Work/SEALTAGS/Prydz/FLUO_LIGHT/PROCESSED/NC/ft24-919-18_all_prof_PROCESSED.nc,ft24-919-18,210,2019-05-25 03:50:00,-48.5786,78.3011,True,False
/Volumes/Data/Work/SEALTAGS/Prydz/FLUO_LIGHT/PROCESSED/NC/ft24-919-18_all_prof_PROCESSED.nc,ft24-919-18,211,2019-05-25 23:50:00,-48.3971,78.8713,False,False
/Volumes/Data/Work/SEALTAGS/Prydz/FLUO_LIGHT/PROCESSED/NC/ft24-919-18_all_prof_PROCESSED.nc,ft24-919-18,212,2019-05-26 04:00:00,-48.4801,78.9991,True,False
/Volumes/Data/Work/SEALTAGS/Prydz/FLUO_LIGHT/PROCESSED/NC/ft24-919-18_all_prof_PROCESSED.nc,ft24-919-18,213,2019-05-27 05:30:00,-48.0697,79.9658,True,False
/Volumes/Data/Work/SEALTAGS/Prydz/FLUO_LIGHT/PROCESSED/NC/ft24-919-18_all_prof_PROCESSED.nc,ft24-919-18,214,2019-05-27 14:30:00,-47.9865,80.2451,False,False
/Volumes/Data/Work/SEALTAGS/Prydz/FLUO_LIGHT/PROCESSED/NC/ft24-919-18_all_prof_PROCESSED.nc,ft24-919-18,215,2019-05-28 04:50:00,-47.9497,80.7841,True,False
/Volumes/Data/Work/SEALTAGS/Prydz/FLUO_LIGHT/PROCESSED/NC/ft24-919-18_all_prof_PROCESSED.nc,ft24-919-18,216,2019-05-28 14:20:00,-47.9004,81.1576,False,False
/Volumes/Data/Work/SEALTAGS/Prydz/FLUO_LIGHT/PROCESSED/NC/ft24-919-18_all_prof_PROCESSED.nc,ft24-919-18,217,2019-05-29 06:20:00,-47.7981,81.615,True,False
/Volumes/Data/Work/SEALTAGS/Prydz/FLUO_LIGHT/PROCESSED/NC/ft24-919-18_all_prof_PROCESSED.nc,ft24-919-18,218,2019-05-29 14:10:00,-47.8048,82.0781,False,False
/Volumes/Data/Work/SEALTAGS/Prydz/FLUO_LIGHT/PROCESSED/NC/ft24-919-18_all_prof_PROCESSED.nc,ft24-919-18,219,2019-05-30 05:40:00,-47.768,82.5458,True,False
/Volumes/Data/Work/SEALTAGS/Prydz/FLUO_LIGHT/PROCESSED/NC/ft24-919-18_all_prof_PROCESSED.nc,ft24-919-18,220,2019-05-30 14:10:00,-47.7656,82.775,False,False
/Volumes/Data/Work/SEALTAGS/Prydz/FLUO_LIGHT/PROCESSED/NC/ft24-919-18_all_prof_PROCESSED.nc,ft24-919-18,221,2019-05-31 04:40:00,-47.5877,83.0108,True,False
/Volumes/Data/Work/SEALTAGS/Prydz/FLUO_LIGHT/PROCESSED/NC/ft24-919-18_all_prof_PROCESSED.nc,ft24-919-18,222,2019-05-31 14:10:00,-47.6381,83.1298,False,False
/Volumes/Data/Work/SEALTAGS/Prydz/FLUO_LIGHT/PROCESSED/NC/ft24-919-18_all_prof_PROCESSED.nc,ft24-919-18,223,2019-06-01 05:10:00,-47.4199,83.4876,True,False
/Volumes/Data/Work/SEALTAGS/Prydz/FLUO_LIGHT/PROCESSED/NC/ft24-919-18_all_prof_PROCESSED.nc,ft24-919-18,224,2019-06-01 15:30:00,-47.1928,83.5654,False,False
/Volumes/Data/Work/SEALTAGS/Prydz/FLUO_LIGHT/PROCESSED/NC/ft24-919-18_all_prof_PROCESSED.nc,ft24-919-18,225,2019-06-02 02:10:00,-47.0466,83.7239,True,False
/Volumes/Data/Work/SEALTAGS/Prydz/FLUO_LIGHT/PROCESSED/NC/ft24-919-18_all_prof_PROCESSED.nc,ft24-919-18,226,2019-06-02 14:10:00,-47.0849,84.0722,False,False
/Volumes/Data/Work/SEALTAGS/Prydz/FLUO_LIGHT/PROCESSED/NC/ft24-919-18_all_prof_PROCESSED.nc,ft24-919-18,227,2019-06-03 02:50:00,-46.7545,84.0782,True,False
/Volumes/Data/Work/SEALTAGS/Prydz/FLUO_LIGHT/PROCESSED/NC/ft24-919-18_all_prof_PROCESSED.nc,ft24-919-18,228,2019-06-03 14:30:00,-46.9948,84.5622,False,False
/Volumes/Data/Work/SEALTAGS/Prydz/FLUO_LIGHT/PROCESSED/NC/ft24-919-18_all_prof_PROCESSED.nc,ft24-919-18,229,2019-06-04 02:40:00,-47.0817,84.7667,True,False
/Volumes/Data/Work/SEALTAGS/Prydz/FLUO_LIGHT/PROCESSED/NC/ft24-919-18_all_prof_PROCESSED.nc,ft24-919-18,230,2019-06-04 17:10:00,-47.0053,85.2226,False,False
/Volumes/Data/Work/SEALTAGS/Prydz/FLUO_LIGHT/PROCESSED/NC/ft24-919-18_all_prof_PROCESSED.nc,ft24-919-18,231,2019-06-05 06:30:00,-46.9889,85.3666,True,False
/Volumes/Data/Work/SEALTAGS/Prydz/FLUO_LIGHT/PROCESSED/NC/ft24-919-18_all_prof_PROCESSED.nc,ft24-919-18,232,2019-06-05 22:20:00,-46.9129,85.5357,False,False
/Volumes/Data/Work/SEALTAGS/Prydz/FLUO_LIGHT/PROCESSED/NC/ft24-919-18_all_prof_PROCESSED.nc,ft24-919-18,233,2019-06-06 06:30:00,-46.7089,85.6601,True,False
/Volumes/Data/Work/SEALTAGS/Prydz/FLUO_LIGHT/PROCESSED/NC/ft24-919-18_all_prof_PROCESSED.nc,ft24-919-18,234,2019-06-06 14:10:00,-46.7287,85.7115,False,False
/Volumes/Data/Work/SEALTAGS/Prydz/FLUO_LIGHT/PROCESSED/NC/ft24-919-18_all_prof_PROCESSED.nc,ft24-919-18,235,2019-06-07 04:10:00,-46.6194,86.0526,True,False
/Volumes/Data/Work/SEALTAGS/Prydz/FLUO_LIGHT/PROCESSED/NC/ft24-919-18_all_prof_PROCESSED.nc,ft24-919-18,236,2019-06-07 14:10:00,-46.6608,86.3921,False,False
/Volumes/Data/Work/SEALTAGS/Prydz/FLUO_LIGHT/PROCESSED/NC/ft24-919-18_all_prof_PROCESSED.nc,ft24-919-18,237,2019-06-08 02:30:00,-46.7649,86.5757,True,False
/Volumes/Data/Work/SEALTAGS/Prydz/FLUO_LIGHT/PROCESSED/NC/ft24-919-18_all_prof_PROCESSED.nc,ft24-919-18,238,2019-06-08 14:20:00,-46.7948,86.4872,False,False
/Volumes/Data/Work/SEALTAGS/Prydz/FLUO_LIGHT/PROCESSED/NC/ft24-919-18_all_prof_PROCESSED.nc,ft24-919-18,239,2019-06-09 07:20:00,-46.9703,86.9356,True,False
/Volumes/Data/Work/SEALTAGS/Prydz/FLUO_LIGHT/PROCESSED/NC/ft24-919-18_all_prof_PROCESSED.nc,ft24-919-18,240,2019-06-09 22:50:00,-46.9128,86.9661,False,False
/Volumes/Data/Work/SEALTAGS/Prydz/FLUO_LIGHT/PROCESSED/NC/ft24-919-18_all_prof_PROCESSED.nc,ft24-919-18,241,2019-06-11 07:40:00,-47.123,87.0711,True,False
/Volumes/Data/Work/SEALTAGS/Prydz/FLUO_LIGHT/PROCESSED/NC/ft24-919-18_all_prof_PROCESSED.nc,ft24-919-18,242,2019-06-11 20:40:00,-47.1211,87.0616,False,False
/Volumes/Data/Work/SEALTAGS/Prydz/FLUO_LIGHT/PROCESSED/NC/ft24-919-18_all_prof_PROCESSED.nc,ft24-919-18,243,2019-06-12 05:40:00,-47.105,87.0174,True,False
/Volumes/Data/Work/SEALTAGS/Prydz/FLUO_LIGHT/PROCESSED/NC/ft24-919-18_all_prof_PROCESSED.nc,ft24-919-18,244,2019-06-12 22:50:00,-47.2609,86.898,False,False
/Volumes/Data/Work/SEALTAGS/Prydz/FLUO_LIGHT/PROCESSED/NC/ft24-919-18_all_prof_PROCESSED.nc,ft24-919-18,245,2019-06-13 07:10:00,-47.3067,87.0734,True,False
/Volumes/Data/Work/SEALTAGS/Prydz/FLUO_LIGHT/PROCESSED/NC/ft24-919-18_all_prof_PROCESSED.nc,ft24-919-18,246,2019-06-13 14:10:00,-47.401,87.0838,False,False
/Volumes/Data/Work/SEALTAGS/Prydz/FLUO_LIGHT/PROCESSED/NC/ft24-919-18_all_prof_PROCESSED.nc,ft24-919-18,247,2019-06-14 02:50:00,-47.4057,87.157,True,False
/Volumes/Data/Work/SEALTAGS/Prydz/FLUO_LIGHT/PROCESSED/NC/ft24-919-18_all_prof_PROCESSED.nc,ft24-919-18,248,2019-06-14 14:10:00,-47.4755,87.3228,False,False
/Volumes/Data/Work/SEALTAGS/Prydz/FLUO_LIGHT/PROCESSED/NC/ft24-919-18_all_prof_PROCESSED.nc,ft24-919-18,249,2019-06-15 05:00:00,-47.4459,87.5619,True,False
/Volumes/Data/Work/SEALTAGS/Prydz/FLUO_LIGHT/PROCESSED/NC/ft24-919-18_all_prof_PROCESSED.nc,ft24-919-18,250,2019-06-15 14:10:00,-47.528,87.6926,False,False
/Volumes/Data/Work/SEALTAGS/Prydz/FLUO_LIGHT/PROCESSED/NC/ft24-919-18_all_prof_PROCESSED.nc,ft24-919-18,251,2019-06-16 07:20:00,-47.6462,87.715,True,False
/Volumes/Data/Work/SEALTAGS/Prydz/FLUO_LIGHT/PROCESSED/NC/ft24-919-18_all_prof_PROCESSED.nc,ft24-919-18,252,2019-06-16 14:00:00,-47.6703,87.7266,False,False
/Volumes/Data/Work/SEALTAGS/Prydz/FLUO_LIGHT/PROCESSED/NC/ft24-919-18_all_prof_PROCESSED.nc,ft24-919-18,253,2019-06-17 07:10:00,-47.9156,87.9207,True,False
/Volumes/Data/Work/SEALTAGS/Prydz/FLUO_LIGHT/PROCESSED/NC/ft24-919-18_all_prof_PROCESSED.nc,ft24-919-18,254,2019-06-17 14:10:00,-47.8489,87.9486,False,False
/Volumes/Data/Work/SEALTAGS/Prydz/FLUO_LIGHT/PROCESSED/NC/ft24-919-18_all_prof_PROCESSED.nc,ft24-919-18,255,2019-06-18 05:10:00,-47.7108,88.2187,True,False
/Volumes/Data/Work/SEALTAGS/Prydz/FLUO_LIGHT/PROCESSED/NC/ft24-919-18_all_prof_PROCESSED.nc,ft24-919-18,256,2019-06-18 14:10:00,-47.6629,88.2111,False,False
/Volumes/Data/Work/SEALTAGS/Prydz/FLUO_LIGHT/PROCESSED/NC/ft24-919-18_all_prof_PROCESSED.nc,ft24-919-18,257,2019-06-19 08:10:00,-47.4408,88.4208,True,False
/Volumes/Data/Work/SEALTAGS/Prydz/FLUO_LIGHT/PROCESSED/NC/ft24-919-18_all_prof_PROCESSED.nc,ft24-919-18,258,2019-06-19 14:10:00,-47.4164,88.4233,False,False
/Volumes/Data/Work/SEALTAGS/Prydz/FLUO_LIGHT/PROCESSED/NC/ft24-919-18_all_prof_PROCESSED.nc,ft24-919-18,259,2019-06-20 02:30:00,-47.2214,88.5203,True,False
/Volumes/Data/Work/SEALTAGS/Prydz/FLUO_LIGHT/PROCESSED/NC/ft24-919-18_all_prof_PROCESSED.nc,ft24-919-18,260,2019-06-20 14:10:00,-47.0443,88.4949,False,False
/Volumes/Data/Work/SEALTAGS/Prydz/FLUO_LIGHT/PROCESSED/NC/ft24-919-18_all_prof_PROCESSED.nc,ft24-919-18,261,2019-06-21 04:20:00,-46.9671,88.4053,True,False
/Volumes/Data/Work/SEALTAGS/Prydz/FLUO_LIGHT/PROCESSED/NC/ft24-919-18_all_prof_PROCESSED.nc,ft24-919-18,262,2019-06-21 14:10:00,-46.7736,88.442,False,False
/Volumes/Data/Work/SEALTAGS/Prydz/FLUO_LIGHT/PROCESSED/NC/ft24-919-18_all_prof_PROCESSED.nc,ft24-919-18,263,2019-06-22 05:30:00,-46.6384,88.3442,True,False
/Volumes/Data/Work/SEALTAGS/Prydz/FLUO_LIGHT/PROCESSED/NC/ft24-919-18_all_prof_PROCESSED.nc,ft24-919-18,264,2019-06-23 05:30:00,-46.8252,88.1793,True,False
/Volumes/Data/Work/SEALTAGS/Prydz/FLUO_LIGHT/PROCESSED/NC/ft24-919-18_all_prof_PROCESSED.nc,ft24-919-18,265,2019-06-23 18:50:00,-46.9123,87.9416,False,False
/Volumes/Data/Work/SEALTAGS/Prydz/FLUO_LIGHT/PROCESSED/NC/ft24-919-18_all_prof_PROCESSED.nc,ft24-919-18,266,2019-06-24 06:40:00,-46.9283,87.9064,True,False
/Volumes/Data/Work/SEALTAGS/Prydz/FLUO_LIGHT/PROCESSED/NC/ft24-919-18_all_prof_PROCESSED.nc,ft24-919-18,267,2019-06-24 14:10:00,-46.8898,87.8314,False,False
/Volumes/Data/Work/SEALTAGS/Prydz/FLUO_LIGHT/PROCESSED/NC/ft24-919-18_all_prof_PROCESSED.nc,ft24-919-18,268,2019-06-25 08:10:00,-46.7999,87.7035,True,False
/Volumes/Data/Work/SEALTAGS/Prydz/FLUO_LIGHT/PROCESSED/NC/ft24-919-18_all_prof_PROCESSED.nc,ft24-919-18,269,2019-06-25 14:10:00,-46.7801,87.7579,False,False
/Volumes/Data/Work/SEALTAGS/Prydz/FLUO_LIGHT/PROCESSED/NC/ft24-919-18_all_prof_PROCESSED.nc,ft24-919-18,270,2019-06-26 06:10:00,-46.835,87.9358,True,False
/Volumes/Data/Work/SEALTAGS/Prydz/FLUO_LIGHT/PROCESSED/NC/ft24-919-18_all_prof_PROCESSED.nc,ft24-919-18,271,2019-06-26 14:30:00,-46.8646,87.9521,False,False
/Volumes/Data/Work/SEALTAGS/Prydz/FLUO_LIGHT/PROCESSED/NC/ft24-919-18_all_prof_PROCESSED.nc,ft24-919-18,272,2019-06-27 09:00:00,-46.7416,87.7576,True,False
/Volumes/Data/Work/SEALTAGS/Prydz/FLUO_LIGHT/PROCESSED/NC/ft24-919-18_all_prof_PROCESSED.nc,ft24-919-18,273,2019-06-27 14:10:00,-46.6547,87.8027,False,False
/Volumes/Data/Work/SEALTAGS/Prydz/FLUO_LIGHT/PROCESSED/NC/ft24-919-18_all_prof_PROCESSED.nc,ft24-919-18,274,2019-06-28 05:00:00,-46.4264,87.646,True,False
/Volumes/Data/Work/SEALTAGS/Prydz/FLUO_LIGHT/PROCESSED/NC/ft24-919-18_all_prof_PROCESSED.nc,ft24-919-18,275,2019-06-28 19:00:00,-46.4381,87.7199,False,False
/Volumes/Data/Work/SEALTAGS/Prydz/FLUO_LIGHT/PROCESSED/NC/ft24-919-18_all_prof_PROCESSED.nc,ft24-919-18,276,2019-06-29 02:10:00,-46.4998,87.7022,True,False
/Volumes/Data/Work/SEALTAGS/Prydz/FLUO_LIGHT/PROCESSED/NC/ft24-919-18_all_prof_PROCESSED.nc,ft24-919-18,277,2019-06-29 14:10:00,-46.3418,87.7223,False,False
/Volumes/Data/Work/SEALTAGS/Prydz/FLUO_LIGHT/PROCESSED/NC/ft24-919-18_all_prof_PROCESSED.nc,ft24-919-18,278,2019-06-30 02:50:00,-46.4931,87.4177,True,False
/Volumes/Data/Work/SEALTAGS/Prydz/FLUO_LIGHT/PROCESSED/NC/ft24-919-18_all_prof_PROCESSED.nc,ft24-919-18,279,2019-07-01 06:00:00,-46.2728,87.0336,True,False
/Volumes/Data/Work/SEALTAGS/Prydz/FLUO_LIGHT/PROCESSED/NC/ft24-919-18_all_prof_PROCESSED.nc,ft24-919-18,280,2019-07-01 13:40:00,-46.2197,86.7868,False,False
/Volumes/Data/Work/SEALTAGS/Prydz/FLUO_LIGHT/PROCESSED/NC/ft24-919-18_all_prof_PROCESSED.nc,ft24-919-18,281,2019-07-02 03:00:00,-46.1566,86.4902,True,False
/Volumes/Data/Work/SEALTAGS/Prydz/FLUO_LIGHT/PROCESSED/NC/ft24-919-18_all_prof_PROCESSED.nc,ft24-919-18,282,2019-07-02 14:20:00,-46.0877,86.1961,False,False
/Volumes/Data/Work/SEALTAGS/Prydz/FLUO_LIGHT/PROCESSED/NC/ft24-919-18_all_prof_PROCESSED.nc,ft24-919-18,283,2019-07-03 03:20:00,-45.976,85.9903,True,False
/Volumes/Data/Work/SEALTAGS/Prydz/FLUO_LIGHT/PROCESSED/NC/ft24-919-18_all_prof_PROCESSED.nc,ft24-919-18,284,2019-07-03 14:30:00,-45.9818,85.6198,False,False
/Volumes/Data/Work/SEALTAGS/Prydz/FLUO_LIGHT/PROCESSED/NC/ft24-919-18_all_prof_PROCESSED.nc,ft24-919-18,285,2019-07-04 03:10:00,-46.0085,85.2764,True,False
/Volumes/Data/Work/SEALTAGS/Prydz/FLUO_LIGHT/PROCESSED/NC/ft24-919-18_all_prof_PROCESSED.nc,ft24-919-18,286,2019-07-04 14:10:00,-46.1917,85.2326,False,False
/Volumes/Data/Work/SEALTAGS/Prydz/FLUO_LIGHT/PROCESSED/NC/ft24-919-18_all_prof_PROCESSED.nc,ft24-919-18,287,2019-07-05 04:50:00,-46.3873,85.2193,True,False
/Volumes/Data/Work/SEALTAGS/Prydz/FLUO_LIGHT/PROCESSED/NC/ft24-919-18_all_prof_PROCESSED.nc,ft24-919-18,288,2019-07-05 14:10:00,-46.3563,85.3232,False,False
/Volumes/Data/Work/SEALTAGS/Prydz/FLUO_LIGHT/PROCESSED/NC/ft24-919-18_all_prof_PROCESSED.nc,ft24-919-18,289,2019-07-06 17:50:00,-46.614,84.7751,False,False
/Volumes/Data/Work/SEALTAGS/Prydz/FLUO_LIGHT/PROCESSED/NC/ft24-919-18_all_prof_PROCESSED.nc,ft24-919-18,290,2019-07-07 06:00:00,-46.8888,84.3834,True,False
/Volumes/Data/Work/SEALTAGS/Prydz/FLUO_LIGHT/PROCESSED/NC/ft24-919-18_all_prof_PROCESSED.nc,ft24-919-18,291,2019-07-07 14:20:00,-46.9083,84.3781,False,False
/Volumes/Data/Work/SEALTAGS/Prydz/FLUO_LIGHT/PROCESSED/NC/ft24-919-18_all_prof_PROCESSED.nc,ft24-919-18,292,2019-07-08 05:30:00,-47.3124,84.2897,True,False
/Volumes/Data/Work/SEALTAGS/Prydz/FLUO_LIGHT/PROCESSED/NC/ft24-919-18_all_prof_PROCESSED.nc,ft24-919-18,293,2019-07-08 20:00:00,-47.8152,84.1716,False,False
/Volumes/Data/Work/SEALTAGS/Prydz/FLUO_LIGHT/PROCESSED/NC/ft24-919-18_all_prof_PROCESSED.nc,ft24-919-18,294,2019-07-09 08:30:00,-48.0204,84.0467,True,False
/Volumes/Data/Work/SEALTAGS/Prydz/FLUO_LIGHT/PROCESSED/NC/ft24-919-18_all_prof_PROCESSED.nc,ft24-919-18,295,2019-07-09 16:20:00,-47.981,83.6448,False,False
/Volumes/Data/Work/SEALTAGS/Prydz/FLUO_LIGHT/PROCESSED/NC/ft24-919-18_all_prof_PROCESSED.nc,ft24-919-18,296,2019-07-10 11:20:00,-48.1844,83.1065,False,False
/Volumes/Data/Work/SEALTAGS/Prydz/FLUO_LIGHT/PROCESSED/NC/ft24-919-18_all_prof_PROCESSED.nc,ft24-919-18,297,2019-07-10 14:10:00,-48.2979,83.0523,False,False
/Volumes/Data/Work/SEALTAGS/Prydz/FLUO_LIGHT/PROCESSED/NC/ft24-919-18_all_prof_PROCESSED.nc,ft24-919-18,298,2019-07-11 01:40:00,-48.4597,82.6484,False,False
/Volumes/Data/Work/SEALTAGS/Prydz/FLUO_LIGHT/PROCESSED/NC/ft24-919-18_all_prof_PROCESSED.nc,ft24-919-18,299,2019-07-11 14:30:00,-48.5869,82.2864,False,False
/Volumes/Data/Work/SEALTAGS/Prydz/FLUO_LIGHT/PROCESSED/NC/ft24-919-18_all_prof_PROCESSED.nc,ft24-919-18,300,2019-07-12 02:30:00,-48.6038,82.1359,True,False
/Volumes/Data/Work/SEALTAGS/Prydz/FLUO_LIGHT/PROCESSED/NC/ft24-919-18_all_prof_PROCESSED.nc,ft24-919-18,301,2019-07-12 18:30:00,-48.85,82.0291,False,False
/Volumes/Data/Work/SEALTAGS/Prydz/FLUO_LIGHT/PROCESSED/NC/ft24-919-18_all_prof_PROCESSED.nc,ft24-919-18,302,2019-07-13 01:40:00,-48.7105,81.6349,False,False
/Volumes/Data/Work/SEALTAGS/Prydz/FLUO_LIGHT/PROCESSED/NC/ft24-919-18_all_prof_PROCESSED.nc,ft24-919-18,303,2019-07-13 13:40:00,-48.9206,81.3504,False,False
/Volumes/Data/Work/SEALTAGS/Prydz/FLUO_LIGHT/PROCESSED/NC/ft24-919-18_all_prof_PROCESSED.nc,ft24-919-18,304,2019-07-14 03:30:00,-49.0975,80.9553,True,False
/Volumes/Data/Work/SEALTAGS/Prydz/FLUO_LIGHT/PROCESSED/NC/ft24-919-18_all_prof_PROCESSED.nc,ft24-919-18,305,2019-07-14 18:50:00,-49.1878,81.0428,False,False
/Volumes/Data/Work/SEALTAGS/Prydz/FLUO_LIGHT/PROCESSED/NC/ft24-919-18_all_prof_PROCESSED.nc,ft24-919-18,306,2019-07-15 05:40:00,-49.3689,80.4411,True,False
/Volumes/Data/Work/SEALTAGS/Prydz/FLUO_LIGHT/PROCESSED/NC/ft24-919-18_all_prof_PROCESSED.nc,ft24-919-18,307,2019-07-15 19:00:00,-49.5049,79.8488,False,False
/Volumes/Data/Work/SEALTAGS/Prydz/FLUO_LIGHT/PROCESSED/NC/ft24-919-18_all_prof_PROCESSED.nc,ft24-919-18,308,2019-07-16 15:10:00,-49.468,79.2292,False,False
/Volumes/Data/Work/SEALTAGS/Prydz/FLUO_LIGHT/PROCESSED/NC/ft24-919-18_all_prof_PROCESSED.nc,ft24-919-18,309,2019-07-17 03:20:00,-49.6757,78.4616,True,False
/Volumes/Data/Work/SEALTAGS/Prydz/FLUO_LIGHT/PROCESSED/NC/ft24-919-18_all_prof_PROCESSED.nc,ft24-919-18,310,2019-07-17 15:10:00,-49.8263,78.0913,False,False
/Volumes/Data/Work/SEALTAGS/Prydz/FLUO_LIGHT/PROCESSED/NC/ft24-919-18_all_prof_PROCESSED.nc,ft24-919-18,311,2019-07-18 01:40:00,-49.8315,77.7007,False,False
/Volumes/Data/Work/SEALTAGS/Prydz/FLUO_LIGHT/PROCESSED/NC/ft24-919-18_all_prof_PROCESSED.nc,ft24-919-18,312,2019-07-18 17:30:00,-49.8916,76.835,False,False
/Volumes/Data/Work/SEALTAGS/Prydz/FLUO_LIGHT/PROCESSED/NC/ft24-919-18_all_prof_PROCESSED.nc,ft24-919-18,313,2019-07-19 02:30:00,-49.9129,76.4613,False,False
/Volumes/Data/Work/SEALTAGS/Prydz/FLUO_LIGHT/PROCESSED/NC/ft24-919-18_all_prof_PROCESSED.nc,ft24-919-18,314,2019-07-19 14:10:00,-49.8481,75.9257,False,False
/Volumes/Data/Work/SEALTAGS/Prydz/FLUO_LIGHT/PROCESSED/NC/ft24-919-18_all_prof_PROCESSED.nc,ft24-919-18,315,2019-07-20 20:40:00,-49.7016,74.713,False,False
/Volumes/Data/Work/SEALTAGS/Prydz/FLUO_LIGHT/PROCESSED/NC/ft24-919-18_all_prof_PROCESSED.nc,ft24-919-18,316,2019-07-21 11:40:00,-49.9178,73.6597,False,False
/Volumes/Data/Work/SEALTAGS/Prydz/FLUO_LIGHT/PROCESSED/NC/ft24-919-18_all_prof_PROCESSED.nc,ft24-919-18,317,2019-07-21 12:40:00,-49.8904,73.6743,False,False
/Volumes/Data/Work/SEALTAGS/Prydz/FLUO_LIGHT/PROCESSED/NC/ft24-919-18_all_prof_PROCESSED.nc,ft24-919-18,318,2019-07-22 02:50:00,-49.7733,73.1164,False,False
/Volumes/Data/Work/SEALTAGS/Prydz/FLUO_LIGHT/PROCESSED/NC/ft24-919-18_all_prof_PROCESSED.nc,ft24-919-18,319,2019-07-22 15:40:00,-49.7569,72.4915,False,False
/Volumes/Data/Work/SEALTAGS/Prydz/FLUO_LIGHT/PROCESSED/NC/ft24-919-18_all_prof_PROCESSED.nc,ft24-919-18,320,2019-07-23 05:10:00,-49.6629,71.6369,True,False
/Volumes/Data/Work/SEALTAGS/Prydz/FLUO_LIGHT/PROCESSED/NC/ft24-919-18_all_prof_PROCESSED.nc,ft24-919-18,321,2019-07-23 15:40:00,-49.5881,71.1849,False,False
/Volumes/Data/Work/SEALTAGS/Prydz/FLUO_LIGHT/PROCESSED/NC/ft24-919-18_all_prof_PROCESSED.nc,ft24-919-18,322,2019-08-08 09:40:00,-49.4701,71.1646,True,False
/Volumes/Data/Work/SEALTAGS/Prydz/FLUO_LIGHT/PROCESSED/NC/ft24-919-18_all_prof_PROCESSED.nc,ft24-919-18,323,2019-08-08 14:30:00,-49.3713,71.6414,False,False
/Volumes/Data/Work/SEALTAGS/Prydz/FLUO_LIGHT/PROCESSED/NC/ft24-919-18_all_prof_PROCESSED.nc,ft24-919-18,324,2019-08-09 07:00:00,-49.2038,72.0578,True,False
/Volumes/Data/Work/SEALTAGS/Prydz/FLUO_LIGHT/PROCESSED/NC/ft24-919-18_all_prof_PROCESSED.nc,ft24-919-18,325,2019-08-09 13:10:00,-49.1662,72.502,False,False
/Volumes/Data/Work/SEALTAGS/Prydz/FLUO_LIGHT/PROCESSED/NC/ft24-919-18_all_prof_PROCESSED.nc,ft24-919-18,326,2019-08-10 01:30:00,-49.1969,72.8923,False,False
/Volumes/Data/Work/SEALTAGS/Prydz/FLUO_LIGHT/PROCESSED/NC/ft24-919-18_all_prof_PROCESSED.nc,ft24-919-18,327,2019-08-10 21:10:00,-49.127,73.5465,False,False
/Volumes/Data/Work/SEALTAGS/Prydz/FLUO_LIGHT/PROCESSED/NC/ft24-919-18_all_prof_PROCESSED.nc,ft24-919-18,328,2019-08-11 02:00:00,-48.992,73.7164,False,False
/Volumes/Data/Work/SEALTAGS/Prydz/FLUO_LIGHT/PROCESSED/NC/ft24-919-18_all_prof_PROCESSED.nc,ft24-919-18,329,2019-08-11 18:00:00,-48.8056,74.1683,False,False
/Volumes/Data/Work/SEALTAGS/Prydz/FLUO_LIGHT/PROCESSED/NC/ft24-919-18_all_prof_PROCESSED.nc,ft24-919-18,330,2019-08-12 01:10:00,-48.8389,74.7804,False,False
/Volumes/Data/Work/SEALTAGS/Prydz/FLUO_LIGHT/PROCESSED/NC/ft24-919-18_all_prof_PROCESSED.nc,ft24-919-18,331,2019-08-12 14:10:00,-48.7566,75.2097,False,False
/Volumes/Data/Work/SEALTAGS/Prydz/FLUO_LIGHT/PROCESSED/NC/ft24-919-18_all_prof_PROCESSED.nc,ft24-919-18,332,2019-08-13 02:50:00,-48.6329,75.5846,True,False
/Volumes/Data/Work/SEALTAGS/Prydz/FLUO_LIGHT/PROCESSED/NC/ft24-919-18_all_prof_PROCESSED.nc,ft24-919-18,333,2019-08-13 17:10:00,-48.8216,76.2718,False,False
/Volumes/Data/Work/SEALTAGS/Prydz/FLUO_LIGHT/PROCESSED/NC/ft24-919-18_all_prof_PROCESSED.nc,ft24-919-18,334,2019-08-14 05:40:00,-48.9565,76.5913,True,False
/Volumes/Data/Work/SEALTAGS/Prydz/FLUO_LIGHT/PROCESSED/NC/ft24-919-18_all_prof_PROCESSED.nc,ft24-919-18,335,2019-08-14 19:50:00,-48.8697,77.1581,False,False
/Volumes/Data/Work/SEALTAGS/Prydz/FLUO_LIGHT/PROCESSED/NC/ft24-919-18_all_prof_PROCESSED.nc,ft24-919-18,336,2019-08-15 01:00:00,-48.8305,77.3864,False,False
/Volumes/Data/Work/SEALTAGS/Prydz/FLUO_LIGHT/PROCESSED/NC/ft24-919-18_all_prof_PROCESSED.nc,ft24-919-18,337,2019-08-15 14:40:00,-48.6278,77.5616,False,False
/Volumes/Data/Work/SEALTAGS/Prydz/FLUO_LIGHT/PROCESSED/NC/ft24-919-18_all_prof_PROCESSED.nc,ft24-919-18,338,2019-08-16 01:30:00,-48.6237,78.1752,False,False
/Volumes/Data/Work/SEALTAGS/Prydz/FLUO_LIGHT/PROCESSED/NC/ft24-919-18_all_prof_PROCESSED.nc,ft24-919-18,339,2019-08-16 14:10:00,-48.6964,78.5515,False,False
/Volumes/Data/Work/SEALTAGS/Prydz/FLUO_LIGHT/PROCESSED/NC/ft24-919-18_all_prof_PROCESSED.nc,ft24-919-18,340,2019-08-17 01:50:00,-48.7657,79.1558,True,False
/Volumes/Data/Work/SEALTAGS/Prydz/FLUO_LIGHT/PROCESSED/NC/ft24-919-18_all_prof_PROCESSED.nc,ft24-919-18,341,2019-08-17 13:20:00,-48.8963,79.5136,False,False
/Volumes/Data/Work/SEALTAGS/Prydz/FLUO_LIGHT/PROCESSED/NC/ft24-919-18_all_prof_PROCESSED.nc,ft24-919-18,342,2019-08-18 06:40:00,-48.9421,80.1715,True,False
/Volumes/Data/Work/SEALTAGS/Prydz/FLUO_LIGHT/PROCESSED/NC/ft24-919-18_all_prof_PROCESSED.nc,ft24-919-18,343,2019-08-18 13:30:00,-48.9265,80.3618,False,False
/Volumes/Data/Work/SEALTAGS/Prydz/FLUO_LIGHT/PROCESSED/NC/ft24-919-18_all_prof_PROCESSED.nc,ft24-919-18,344,2019-08-19 01:40:00,-48.7312,80.8303,True,False
/Volumes/Data/Work/SEALTAGS/Prydz/FLUO_LIGHT/PROCESSED/NC/ft24-919-18_all_prof_PROCESSED.nc,ft24-919-18,345,2019-08-19 13:40:00,-48.7838,80.8935,False,False
/Volumes/Data/Work/SEALTAGS/Prydz/FLUO_LIGHT/PROCESSED/NC/ft24-919-18_all_prof_PROCESSED.nc,ft24-919-18,346,2019-08-20 10:50:00,-48.5626,81.2334,True,False
/Volumes/Data/Work/SEALTAGS/Prydz/FLUO_LIGHT/PROCESSED/NC/ft24-919-18_all_prof_PROCESSED.nc,ft24-919-18,347,2019-08-20 13:20:00,-48.5723,81.2533,False,False
/Volumes/Data/Work/SEALTAGS/Prydz/FLUO_LIGHT/PROCESSED/NC/ft24-919-18_all_prof_PROCESSED.nc,ft24-919-18,348,2019-08-21 02:10:00,-48.2579,81.7393,True,False
/Volumes/Data/Work/SEALTAGS/Prydz/FLUO_LIGHT/PROCESSED/NC/ft24-919-18_all_prof_PROCESSED.nc,ft24-919-18,349,2019-08-21 16:30:00,-48.3533,82.1677,False,False
/Volumes/Data/Work/SEALTAGS/Prydz/FLUO_LIGHT/PROCESSED/NC/ft24-919-18_all_prof_PROCESSED.nc,ft24-919-18,350,2019-08-22 04:20:00,-48.2799,83.1992,True,False
/Volumes/Data/Work/SEALTAGS/Prydz/FLUO_LIGHT/PROCESSED/NC/ft24-919-18_all_prof_PROCESSED.nc,ft24-919-18,351,2019-08-22 21:30:00,-48.087,83.209,False,False
/Volumes/Data/Work/SEALTAGS/Prydz/FLUO_LIGHT/PROCESSED/NC/ft24-919-18_all_prof_PROCESSED.nc,ft24-919-18,352,2019-08-23 01:50:00,-47.9934,83.2609,True,False
/Volumes/Data/Work/SEALTAGS/Prydz/FLUO_LIGHT/PROCESSED/NC/ft24-919-18_all_prof_PROCESSED.nc,ft24-919-18,353,2019-08-23 14:20:00,-47.7895,83.8794,False,False
/Volumes/Data/Work/SEALTAGS/Prydz/FLUO_LIGHT/PROCESSED/NC/ft24-919-18_all_prof_PROCESSED.nc,ft24-919-18,354,2019-08-24 01:40:00,-47.7299,84.342,True,False
/Volumes/Data/Work/SEALTAGS/Prydz/FLUO_LIGHT/PROCESSED/NC/ft24-919-18_all_prof_PROCESSED.nc,ft24-919-18,355,2019-08-24 17:10:00,-47.5075,84.783,False,False
/Volumes/Data/Work/SEALTAGS/Prydz/FLUO_LIGHT/PROCESSED/NC/ft24-919-18_all_prof_PROCESSED.nc,ft24-919-18,356,2019-08-25 02:40:00,-47.5123,85.0661,True,False
/Volumes/Data/Work/SEALTAGS/Prydz/FLUO_LIGHT/PROCESSED/NC/ft24-919-18_all_prof_PROCESSED.nc,ft24-919-18,357,2019-08-26 03:50:00,-47.1751,85.8664,True,False
/Volumes/Data/Work/SEALTAGS/Prydz/FLUO_LIGHT/PROCESSED/NC/ft24-919-18_all_prof_PROCESSED.nc,ft24-919-18,358,2019-08-26 14:10:00,-46.9501,86.2958,False,False
/Volumes/Data/Work/SEALTAGS/Prydz/FLUO_LIGHT/PROCESSED/NC/ft24-919-18_all_prof_PROCESSED.nc,ft24-919-18,359,2019-08-27 07:10:00,-46.8495,86.43,True,False
/Volumes/Data/Work/SEALTAGS/Prydz/FLUO_LIGHT/PROCESSED/NC/ft24-919-18_all_prof_PROCESSED.nc,ft24-919-18,360,2019-08-27 18:10:00,-46.6877,86.6505,False,False
/Volumes/Data/Work/SEALTAGS/Prydz/FLUO_LIGHT/PROCESSED/NC/ft24-919-18_all_prof_PROCESSED.nc,ft24-919-18,361,2019-08-28 05:40:00,-46.5282,86.816,True,False
/Volumes/Data/Work/SEALTAGS/Prydz/FLUO_LIGHT/PROCESSED/NC/ft24-919-18_all_prof_PROCESSED.nc,ft24-919-18,362,2019-08-29 09:50:00,-46.1277,86.7783,True,False
/Volumes/Data/Work/SEALTAGS/Prydz/FLUO_LIGHT/PROCESSED/NC/ft24-919-18_all_prof_PROCESSED.nc,ft24-919-18,363,2019-08-29 23:00:00,-45.9549,86.6789,False,False
/Volumes/Data/Work/SEALTAGS/Prydz/FLUO_LIGHT/PROCESSED/NC/ft24-919-18_all_prof_PROCESSED.nc,ft24-919-18,364,2019-08-30 03:00:00,-45.9536,86.695,True,False
/Volumes/Data/Work/SEALTAGS/Prydz/FLUO_LIGHT/PROCESSED/NC/ft24-919-18_all_prof_PROCESSED.nc,ft24-919-18,365,2019-08-30 19:30:00,-45.881,86.9589,False,False
/Volumes/Data/Work/SEALTAGS/Prydz/FLUO_LIGHT/PROCESSED/NC/ft24-919-18_all_prof_PROCESSED.nc,ft24-919-18,366,2019-08-31 08:30:00,-45.7373,87.273,True,False
/Volumes/Data/Work/SEALTAGS/Prydz/FLUO_LIGHT/PROCESSED/NC/ft24-919-18_all_prof_PROCESSED.nc,ft24-919-18,367,2019-08-31 14:30:00,-45.6488,87.3744,False,False
/Volumes/Data/Work/SEALTAGS/Prydz/FLUO_LIGHT/PROCESSED/NC/ft24-919-18_all_prof_PROCESSED.nc,ft24-919-18,368,2019-09-01 03:30:00,-45.5499,87.6528,True,False
/Volumes/Data/Work/SEALTAGS/Prydz/FLUO_LIGHT/PROCESSED/NC/ft24-919-18_all_prof_PROCESSED.nc,ft24-919-18,369,2019-09-01 19:20:00,-45.2813,87.9981,False,False
/Volumes/Data/Work/SEALTAGS/Prydz/FLUO_LIGHT/PROCESSED/NC/ft24-919-18_all_prof_PROCESSED.nc,ft24-919-18,370,2019-09-02 02:10:00,-45.2686,88.258,True,False
/Volumes/Data/Work/SEALTAGS/Prydz/FLUO_LIGHT/PROCESSED/NC/ft24-919-18_all_prof_PROCESSED.nc,ft24-919-18,371,2019-09-02 17:00:00,-45.2071,88.8581,False,False
/Volumes/Data/Work/SEALTAGS/Prydz/FLUO_LIGHT/PROCESSED/NC/ft24-919-18_all_prof_PROCESSED.nc,ft24-919-18,372,2019-09-03 06:10:00,-45.1596,89.2331,True,False
/Volumes/Data/Work/SEALTAGS/Prydz/FLUO_LIGHT/PROCESSED/NC/ft24-919-18_all_prof_PROCESSED.nc,ft24-919-18,373,2019-09-03 14:10:00,-45.1745,89.4889,False,False
/Volumes/Data/Work/SEALTAGS/Prydz/FLUO_LIGHT/PROCESSED/NC/ft24-919-18_all_prof_PROCESSED.nc,ft24-919-18,374,2019-09-04 02:00:00,-45.3603,89.8769,True,False
/Volumes/Data/Work/SEALTAGS/Prydz/FLUO_LIGHT/PROCESSED/NC/ft24-919-18_all_prof_PROCESSED.nc,ft24-919-18,375,2019-09-04 14:20:00,-45.4758,89.9271,False,False
/Volumes/Data/Work/SEALTAGS/Prydz/FLUO_LIGHT/PROCESSED/NC/ft24-919-18_all_prof_PROCESSED.nc,ft24-919-18,376,2019-09-05 01:20:00,-45.5852,90.0663,True,False
/Volumes/Data/Work/SEALTAGS/Prydz/FLUO_LIGHT/PROCESSED/NC/ft24-919-18_all_prof_PROCESSED.nc,ft24-919-18,377,2019-09-05 14:10:00,-45.7231,90.2649,False,False
/Volumes/Data/Work/SEALTAGS/Prydz/FLUO_LIGHT/PROCESSED/NC/ft24-919-18_all_prof_PROCESSED.nc,ft24-919-18,378,2019-09-06 02:50:00,-46.0625,90.2816,True,False
/Volumes/Data/Work/SEALTAGS/Prydz/FLUO_LIGHT/PROCESSED/NC/ft24-919-18_all_prof_PROCESSED.nc,ft24-919-18,379,2019-09-06 15:40:00,-46.2927,90.5442,False,False
/Volumes/Data/Work/SEALTAGS/Prydz/FLUO_LIGHT/PROCESSED/NC/ft24-919-18_all_prof_PROCESSED.nc,ft24-919-18,380,2019-09-07 04:50:00,-46.5546,91.1384,True,False
/Volumes/Data/Work/SEALTAGS/Prydz/FLUO_LIGHT/PROCESSED/NC/ft24-919-18_all_prof_PROCESSED.nc,ft24-919-18,381,2019-09-07 12:10:00,-46.6818,91.1799,False,False
/Volumes/Data/Work/SEALTAGS/Prydz/FLUO_LIGHT/PROCESSED/NC/ft24-919-18_all_prof_PROCESSED.nc,ft24-919-18,382,2019-09-08 15:10:00,-47.0231,91.7353,False,False
/Volumes/Data/Work/SEALTAGS/Prydz/FLUO_LIGHT/PROCESSED/NC/ft24-919-18_all_prof_PROCESSED.nc,ft24-919-18,383,2019-09-09 11:30:00,-47.3599,92.1769,False,False
/Volumes/Data/Work/SEALTAGS/Prydz/FLUO_LIGHT/PROCESSED/NC/ft24-919-18_all_prof_PROCESSED.nc,ft24-919-18,384,2019-09-09 14:20:00,-47.4326,92.265,False,False
/Volumes/Data/Work/SEALTAGS/Prydz/FLUO_LIGHT/PROCESSED/NC/ft24-919-18_all_prof_PROCESSED.nc,ft24-919-18,385,2019-09-10 02:30:00,-47.5633,92.3283,True,False
/Volumes/Data/Work/SEALTAGS/Prydz/FLUO_LIGHT/PROCESSED/NC/ft24-919-18_all_prof_PROCESSED.nc,ft24-919-18,386,2019-09-10 15:10:00,-47.6573,92.5349,False,False
/Volumes/Data/Work/SEALTAGS/Prydz/FLUO_LIGHT/PROCESSED/NC/ft24-919-18_all_prof_PROCESSED.nc,ft24-919-18,387,2019-09-11 02:50:00,-47.8207,92.5116,True,False
/Volumes/Data/Work/SEALTAGS/Prydz/FLUO_LIGHT/PROCESSED/NC/ft24-919-18_all_prof_PROCESSED.nc,ft24-919-18,388,2019-09-11 16:00:00,-47.8835,92.5956,False,False
/Volumes/Data/Work/SEALTAGS/Prydz/FLUO_LIGHT/PROCESSED/NC/ft24-919-18_all_prof_PROCESSED.nc,ft24-919-18,389,2019-09-12 00:20:00,-47.8486,92.6256,True,False
/Volumes/Data/Work/SEALTAGS/Prydz/FLUO_LIGHT/PROCESSED/NC/ft24-919-18_all_prof_PROCESSED.nc,ft24-919-18,390,2019-09-12 19:50:00,-47.8531,92.7502,False,False
/Volumes/Data/Work/SEALTAGS/Prydz/FLUO_LIGHT/PROCESSED/NC/ft24-919-18_all_prof_PROCESSED.nc,ft24-919-18,391,2019-09-13 02:10:00,-47.8219,92.6899,True,False
/Volumes/Data/Work/SEALTAGS/Prydz/FLUO_LIGHT/PROCESSED/NC/ft24-919-18_all_prof_PROCESSED.nc,ft24-919-18,392,2019-09-13 23:40:00,-47.7279,92.6775,False,False
/Volumes/Data/Work/SEALTAGS/Prydz/FLUO_LIGHT/PROCESSED/NC/ft24-919-18_all_prof_PROCESSED.nc,ft24-919-18,393,2019-09-14 03:40:00,-47.7144,92.5565,True,False
/Volumes/Data/Work/SEALTAGS/Prydz/FLUO_LIGHT/PROCESSED/NC/ft24-919-18_all_prof_PROCESSED.nc,ft24-919-18,394,2019-09-14 18:20:00,-47.7155,92.6016,False,False
/Volumes/Data/Work/SEALTAGS/Prydz/FLUO_LIGHT/PROCESSED/NC/ft24-919-18_all_prof_PROCESSED.nc,ft24-919-18,395,2019-09-15 01:20:00,-47.7438,92.625,True,False
/Volumes/Data/Work/SEALTAGS/Prydz/FLUO_LIGHT/PROCESSED/NC/ft24-919-18_all_prof_PROCESSED.nc,ft24-919-18,396,2019-09-15 15:00:00,-47.7298,92.6186,False,False
/Volumes/Data/Work/SEALTAGS/Prydz/FLUO_LIGHT/PROCESSED/NC/ft24-919-18_all_prof_PROCESSED.nc,ft24-919-18,397,2019-09-16 01:10:00,-47.6047,92.6958,True,False
/Volumes/Data/Work/SEALTAGS/Prydz/FLUO_LIGHT/PROCESSED/NC/ft24-919-18_all_prof_PROCESSED.nc,ft24-919-18,398,2019-09-16 19:50:00,-47.5404,92.5484,False,False
/Volumes/Data/Work/SEALTAGS/Prydz/FLUO_LIGHT/PROCESSED/NC/ft24-919-18_all_prof_PROCESSED.nc,ft24-919-18,399,2019-09-17 00:30:00,-47.5286,92.5305,True,False
/Volumes/Data/Work/SEALTAGS/Prydz/FLUO_LIGHT/PROCESSED/NC/ft24-919-18_all_prof_PROCESSED.nc,ft24-919-18,400,2019-09-17 18:30:00,-47.5994,92.9575,False,False
/Volumes/Data/Work/SEALTAGS/Prydz/FLUO_LIGHT/PROCESSED/NC/ft24-919-18_all_prof_PROCESSED.nc,ft24-919-18,401,2019-09-18 00:30:00,-47.6364,93.2621,True,False
/Volumes/Data/Work/SEALTAGS/Prydz/FLUO_LIGHT/PROCESSED/NC/ft24-919-18_all_prof_PROCESSED.nc,ft24-919-18,402,2019-09-18 15:20:00,-47.9203,93.5444,False,False
/Volumes/Data/Work/SEALTAGS/Prydz/FLUO_LIGHT/PROCESSED/NC/ft24-919-18_all_prof_PROCESSED.nc,ft24-919-18,403,2019-09-19 01:30:00,-48.1052,93.4895,True,False
/Volumes/Data/Work/SEALTAGS/Prydz/FLUO_LIGHT/PROCESSED/NC/ft24-919-18_all_prof_PROCESSED.nc,ft24-919-18,404,2019-09-19 14:40:00,-48.2465,93.6912,False,False
/Volumes/Data/Work/SEALTAGS/Prydz/FLUO_LIGHT/PROCESSED/NC/ft24-919-18_all_prof_PROCESSED.nc,ft24-919-18,405,2019-09-20 00:40:00,-48.3076,93.6477,True,False
/Volumes/Data/Work/SEALTAGS/Prydz/FLUO_LIGHT/PROCESSED/NC/ft24-919-18_all_prof_PROCESSED.nc,ft24-919-18,406,2019-09-20 23:50:00,-48.5955,93.8779,True,False
/Volumes/Data/Work/SEALTAGS/Prydz/FLUO_LIGHT/PROCESSED/NC/ft24-919-18_all_prof_PROCESSED.nc,ft24-919-18,407,2019-09-21 00:30:00,-48.6089,93.8842,True,False
/Volumes/Data/Work/SEALTAGS/Prydz/FLUO_LIGHT/PROCESSED/NC/ft24-919-18_all_prof_PROCESSED.nc,ft24-919-18,408,2019-09-21 14:30:00,-48.4207,93.9245,False,False
/Volumes/Data/Work/SEALTAGS/Prydz/FLUO_LIGHT/PROCESSED/NC/ft24-919-18_all_prof_PROCESSED.nc,ft24-919-18,409,2019-09-22 01:00:00,-48.3171,94.087,True,False
/Volumes/Data/Work/SEALTAGS/Prydz/FLUO_LIGHT/PROCESSED/NC/ft24-919-18_all_prof_PROCESSED.nc,ft24-919-18,410,2019-09-22 23:20:00,-48.3724,93.6914,False,False
/Volumes/Data/Work/SEALTAGS/Prydz/FLUO_LIGHT/PROCESSED/NC/ft24-919-18_all_prof_PROCESSED.nc,ft24-919-18,411,2019-09-23 00:40:00,-48.3147,93.5831,True,False
/Volumes/Data/Work/SEALTAGS/Prydz/FLUO_LIGHT/PROCESSED/NC/ft24-919-18_all_prof_PROCESSED.nc,ft24-919-18,412,2019-09-23 14:20:00,-48.3265,93.3473,False,False
/Volumes/Data/Work/SEALTAGS/Prydz/FLUO_LIGHT/PROCESSED/NC/ft24-919-18_all_prof_PROCESSED.nc,ft24-919-18,413,2019-09-24 03:40:00,-48.1635,93.039,True,False
/Volumes/Data/Work/SEALTAGS/Prydz/FLUO_LIGHT/PROCESSED/NC/ft24-919-18_all_prof_PROCESSED.nc,ft24-919-18,414,2019-09-24 16:00:00,-48.0687,92.9711,False,False
/Volumes/Data/Work/SEALTAGS/Prydz/FLUO_LIGHT/PROCESSED/NC/ft24-919-18_all_prof_PROCESSED.nc,ft24-919-18,415,2019-09-25 01:30:00,-47.9328,92.896,True,False
/Volumes/Data/Work/SEALTAGS/Prydz/FLUO_LIGHT/PROCESSED/NC/ft24-919-18_all_prof_PROCESSED.nc,ft24-919-18,416,2019-09-25 23:50:00,-47.692,93.0993,True,False
/Volumes/Data/Work/SEALTAGS/Prydz/FLUO_LIGHT/PROCESSED/NC/ft24-919-18_all_prof_PROCESSED.nc,ft24-919-18,417,2019-09-26 01:00:00,-47.6709,93.0531,True,False
/Volumes/Data/Work/SEALTAGS/Prydz/FLUO_LIGHT/PROCESSED/NC/ft24-919-18_all_prof_PROCESSED.nc,ft24-919-18,418,2019-09-26 16:00:00,-47.5363,93.1697,False,False
/Volumes/Data/Work/SEALTAGS/Prydz/FLUO_LIGHT/PROCESSED/NC/ft24-919-18_all_prof_PROCESSED.nc,ft24-919-18,419,2019-09-27 01:30:00,-47.4752,93.2319,True,False
/Volumes/Data/Work/SEALTAGS/Prydz/FLUO_LIGHT/PROCESSED/NC/ft24-919-18_all_prof_PROCESSED.nc,ft24-919-18,420,2019-09-27 21:40:00,-47.4616,93.6451,False,False
/Volumes/Data/Work/SEALTAGS/Prydz/FLUO_LIGHT/PROCESSED/NC/ft24-919-18_all_prof_PROCESSED.nc,ft24-919-18,421,2019-09-28 03:40:00,-47.5754,93.6054,True,False
/Volumes/Data/Work/SEALTAGS/Prydz/FLUO_LIGHT/PROCESSED/NC/ft24-919-18_all_prof_PROCESSED.nc,ft24-919-18,422,2019-09-29 00:10:00,-47.8077,93.5914,True,False
/Volumes/Data/Work/SEALTAGS/Prydz/FLUO_LIGHT/PROCESSED/NC/ft24-919-18_all_prof_PROCESSED.nc,ft24-919-18,423,2019-09-29 18:00:00,-47.8628,93.3706,False,False
/Volumes/Data/Work/SEALTAGS/Prydz/FLUO_LIGHT/PROCESSED/NC/ft24-919-18_all_prof_PROCESSED.nc,ft24-919-18,424,2019-09-30 02:30:00,-47.8757,93.3074,True,False
/Volumes/Data/Work/SEALTAGS/Prydz/FLUO_LIGHT/PROCESSED/NC/ft24-919-18_all_prof_PROCESSED.nc,ft24-919-18,425,2019-09-30 19:40:00,-47.7065,93.3864,False,False
/Volumes/Data/Work/SEALTAGS/Prydz/FLUO_LIGHT/PROCESSED/NC/ft24-919-18_all_prof_PROCESSED.nc,ft24-919-18,426,2019-10-01 02:40:00,-47.6575,93.5068,True,False
/Volumes/Data/Work/SEALTAGS/Prydz/FLUO_LIGHT/PROCESSED/NC/ft24-919-18_all_prof_PROCESSED.nc,ft24-919-18,427,2019-10-01 20:10:00,-47.673,93.5465,False,False
/Volumes/Data/Work/SEALTAGS/Prydz/FLUO_LIGHT/PROCESSED/NC/ft24-919-18_all_prof_PROCESSED.nc,ft24-919-18,428,2019-10-02 11:20:00,-47.8034,93.7913,True,False
/Volumes/Data/Work/SEALTAGS/Prydz/FLUO_LIGHT/PROCESSED/NC/ft24-919-18_all_prof_PROCESSED.nc,ft24-919-18,429,2019-10-03 02:40:00,-47.6711,93.7556,True,False
/Volumes/Data/Work/SEALTAGS/Prydz/FLUO_LIGHT/PROCESSED/NC/ft24-919-18_all_prof_PROCESSED.nc,ft24-919-18,430,2019-10-03 19:10:00,-47.7407,93.7909,False,False
/Volumes/Data/Work/SEALTAGS/Prydz/FLUO_LIGHT/PROCESSED/NC/ft24-919-18_all_prof_PROCESSED.nc,ft24-919-18,431,2019-10-04 01:40:00,-47.7719,93.9151,True,False
/Volumes/Data/Work/SEALTAGS/Prydz/FLUO_LIGHT/PROCESSED/NC/ft24-919-18_all_prof_PROCESSED.nc,ft24-919-18,432,2019-10-04 16:50:00,-47.7779,93.8006,False,False
/Volumes/Data/Work/SEALTAGS/Prydz/FLUO_LIGHT/PROCESSED/NC/ft24-919-18_all_prof_PROCESSED.nc,ft24-919-18,433,2019-10-05 05:00:00,-47.9404,93.8902,True,False
/Volumes/Data/Work/SEALTAGS/Prydz/FLUO_LIGHT/PROCESSED/NC/ft24-919-18_all_prof_PROCESSED.nc,ft24-919-18,434,2019-10-05 17:30:00,-48.0951,93.6993,False,False
/Volumes/Data/Work/SEALTAGS/Prydz/FLUO_LIGHT/PROCESSED/NC/ft24-919-18_all_prof_PROCESSED.nc,ft24-919-18,435,2019-10-06 02:50:00,-48.2051,93.485,True,False
/Volumes/Data/Work/SEALTAGS/Prydz/FLUO_LIGHT/PROCESSED/NC/ft24-919-18_all_prof_PROCESSED.nc,ft24-919-18,436,2019-10-06 22:10:00,-48.1194,93.3268,False,False
/Volumes/Data/Work/SEALTAGS/Prydz/FLUO_LIGHT/PROCESSED/NC/ft24-919-18_all_prof_PROCESSED.nc,ft24-919-18,437,2019-10-07 15:40:00,-47.9487,93.0301,False,False
/Volumes/Data/Work/SEALTAGS/Prydz/FLUO_LIGHT/PROCESSED/NC/ft24-919-18_all_prof_PROCESSED.nc,ft24-919-18,438,2019-10-08 14:30:00,-47.7779,93.318,False,False
/Volumes/Data/Work/SEALTAGS/Prydz/FLUO_LIGHT/PROCESSED/NC/ft24-919-18_all_prof_PROCESSED.nc,ft24-919-18,439,2019-10-09 02:20:00,-47.5849,93.425,True,False
/Volumes/Data/Work/SEALTAGS/Prydz/FLUO_LIGHT/PROCESSED/NC/ft24-919-18_all_prof_PROCESSED.nc,ft24-919-18,440,2019-10-09 17:20:00,-47.5597,93.6818,False,False
/Volumes/Data/Work/SEALTAGS/Prydz/FLUO_LIGHT/PROCESSED/NC/ft24-919-18_all_prof_PROCESSED.nc,ft24-919-18,441,2019-10-10 07:40:00,-47.7514,93.9864,True,False
/Volumes/Data/Work/SEALTAGS/Prydz/FLUO_LIGHT/PROCESSED/NC/ft24-919-18_all_prof_PROCESSED.nc,ft24-919-18,442,2019-10-11 02:40:00,-47.9018,94.0616,True,False
/Volumes/Data/Work/SEALTAGS/Prydz/FLUO_LIGHT/PROCESSED/NC/ft24-919-18_all_prof_PROCESSED.nc,ft24-919-18,443,2019-10-11 21:40:00,-48.0959,94.0721,False,False
/Volumes/Data/Work/SEALTAGS/Prydz/FLUO_LIGHT/PROCESSED/NC/ft24-919-18_all_prof_PROCESSED.nc,ft24-919-18,444,2019-10-12 09:10:00,-48.0532,93.8128,True,False
/Volumes/Data/Work/SEALTAGS/Prydz/FLUO_LIGHT/PROCESSED/NC/ft24-919-18_all_prof_PROCESSED.nc,ft24-919-18,445,2019-10-12 22:00:00,-48.2077,93.9093,False,False
/Volumes/Data/Work/SEALTAGS/Prydz/FLUO_LIGHT/PROCESSED/NC/ft24-919-18_all_prof_PROCESSED.nc,ft24-919-18,446,2019-10-13 02:20:00,-48.1986,93.8897,True,False
/Volumes/Data/Work/SEALTAGS/Prydz/FLUO_LIGHT/PROCESSED/NC/ft24-919-18_all_prof_PROCESSED.nc,ft24-919-18,447,2019-10-15 11:30:00,-47.9241,92.925,True,False
/Volumes/Data/Work/SEALTAGS/Prydz/FLUO_LIGHT/PROCESSED/NC/ft24-919-18_all_prof_PROCESSED.nc,ft24-919-18,448,2019-10-15 16:40:00,-47.9197,93.1739,False,False
/Volumes/Data/Work/SEALTAGS/Prydz/FLUO_LIGHT/PROCESSED/NC/ft24-919-18_all_prof_PROCESSED.nc,ft24-919-18,449,2019-10-18 11:50:00,-48.0525,93.7794,True,False
/Volumes/Data/Work/SEALTAGS/Prydz/FLUO_LIGHT/PROCESSED/NC/ft24-919-18_all_prof_PROCESSED.nc,ft24-919-18,450,2019-10-18 20:10:00,-48.1521,93.6568,False,False
/Volumes/Data/Work/SEALTAGS/Prydz/FLUO_LIGHT/PROCESSED/NC/ft24-919-18_all_prof_PROCESSED.nc,ft24-919-18,451,2019-10-19 21:30:00,-48.1652,93.537,False,False
/Volumes/Data/Work/SEALTAGS/Prydz/FLUO_LIGHT/PROCESSED/NC/ft24-919-18_all_prof_PROCESSED.nc,ft24-919-18,452,2019-10-20 09:10:00,-48.1917,93.4695,True,False
/Volumes/Data/Work/SEALTAGS/Prydz/FLUO_LIGHT/PROCESSED/NC/ft24-919-18_all_prof_PROCESSED.nc,ft24-919-18,453,2019-10-20 17:20:00,-48.0895,93.1765,False,False
/Volumes/Data/Work/SEALTAGS/Prydz/FLUO_LIGHT/PROCESSED/NC/ft24-919-18_all_prof_PROCESSED.nc,ft24-919-18,454,2019-10-21 05:00:00,-47.9278,92.9212,True,False
/Volumes/Data/Work/SEALTAGS/Prydz/FLUO_LIGHT/PROCESSED/NC/ft24-919-18_all_prof_PROCESSED.nc,ft24-919-18,455,2019-10-26 21:30:00,-48.1841,92.9919,False,False
/Volumes/Data/Work/SEALTAGS/Prydz/FLUO_LIGHT/PROCESSED/NC/ft24-919-18_all_prof_PROCESSED.nc,ft24-919-18,456,2019-10-28 10:50:00,-47.9568,92.806,True,False
/Volumes/Data/Work/SEALTAGS/Prydz/FLUO_LIGHT/PROCESSED/NC/ft24-920-18_all_prof_PROCESSED.nc,ft24-920-18,1,2018-12-30 11:40:00,-49.816,70.6976,True,False
/Volumes/Data/Work/SEALTAGS/Prydz/FLUO_LIGHT/PROCESSED/NC/ft24-920-18_all_prof_PROCESSED.nc,ft24-920-18,2,2018-12-30 20:10:00,-50.0562,70.6902,False,False
/Volumes/Data/Work/SEALTAGS/Prydz/FLUO_LIGHT/PROCESSED/NC/ft24-920-18_all_prof_PROCESSED.nc,ft24-920-18,3,2018-12-31 03:10:00,-50.4123,70.6775,True,False
/Volumes/Data/Work/SEALTAGS/Prydz/FLUO_LIGHT/PROCESSED/NC/ft24-920-18_all_prof_PROCESSED.nc,ft24-920-18,4,2018-12-31 17:20:00,-51.0684,70.7014,False,False
/Volumes/Data/Work/SEALTAGS/Prydz/FLUO_LIGHT/PROCESSED/NC/ft24-920-18_all_prof_PROCESSED.nc,ft24-920-18,5,2019-01-01 06:40:00,-51.4737,70.7411,True,False
/Volumes/Data/Work/SEALTAGS/Prydz/FLUO_LIGHT/PROCESSED/NC/ft24-920-18_all_prof_PROCESSED.nc,ft24-920-18,6,2019-01-01 19:10:00,-52.0369,70.3556,False,False
/Volumes/Data/Work/SEALTAGS/Prydz/FLUO_LIGHT/PROCESSED/NC/ft24-920-18_all_prof_PROCESSED.nc,ft24-920-18,7,2019-01-02 04:30:00,-52.2816,70.4239,True,False
/Volumes/Data/Work/SEALTAGS/Prydz/FLUO_LIGHT/PROCESSED/NC/ft24-920-18_all_prof_PROCESSED.nc,ft24-920-18,8,2019-01-02 21:00:00,-53.0731,70.5406,False,False
/Volumes/Data/Work/SEALTAGS/Prydz/FLUO_LIGHT/PROCESSED/NC/ft24-920-18_all_prof_PROCESSED.nc,ft24-920-18,9,2019-01-03 04:40:00,-53.3854,70.4735,True,False
/Volumes/Data/Work/SEALTAGS/Prydz/FLUO_LIGHT/PROCESSED/NC/ft24-920-18_all_prof_PROCESSED.nc,ft24-920-18,10,2019-01-04 00:00:00,-54.0581,70.9964,True,False
/Volumes/Data/Work/SEALTAGS/Prydz/FLUO_LIGHT/PROCESSED/NC/ft24-920-18_all_prof_PROCESSED.nc,ft24-920-18,11,2019-01-04 23:30:00,-54.7543,71.0584,True,False
/Volumes/Data/Work/SEALTAGS/Prydz/FLUO_LIGHT/PROCESSED/NC/ft24-920-18_all_prof_PROCESSED.nc,ft24-920-18,12,2019-01-05 03:20:00,-54.8264,70.976,True,False
/Volumes/Data/Work/SEALTAGS/Prydz/FLUO_LIGHT/PROCESSED/NC/ft24-920-18_all_prof_PROCESSED.nc,ft24-920-18,13,2019-01-05 23:50:00,-55.6043,71.6747,True,False
/Volumes/Data/Work/SEALTAGS/Prydz/FLUO_LIGHT/PROCESSED/NC/ft24-920-18_all_prof_PROCESSED.nc,ft24-920-18,14,2019-01-06 03:00:00,-55.6234,71.7227,True,False
/Volumes/Data/Work/SEALTAGS/Prydz/FLUO_LIGHT/PROCESSED/NC/ft24-920-18_all_prof_PROCESSED.nc,ft24-920-18,15,2019-01-06 15:10:00,-55.8212,72.0958,True,False
/Volumes/Data/Work/SEALTAGS/Prydz/FLUO_LIGHT/PROCESSED/NC/ft24-920-18_all_prof_PROCESSED.nc,ft24-920-18,16,2019-01-07 02:20:00,-56.1769,72.3619,True,False
/Volumes/Data/Work/SEALTAGS/Prydz/FLUO_LIGHT/PROCESSED/NC/ft24-920-18_all_prof_PROCESSED.nc,ft24-920-18,17,2019-01-07 15:10:00,-56.7277,72.5516,True,False
/Volumes/Data/Work/SEALTAGS/Prydz/FLUO_LIGHT/PROCESSED/NC/ft24-920-18_all_prof_PROCESSED.nc,ft24-920-18,18,2019-01-08 04:40:00,-57.0398,72.7106,True,False
/Volumes/Data/Work/SEALTAGS/Prydz/FLUO_LIGHT/PROCESSED/NC/ft24-920-18_all_prof_PROCESSED.nc,ft24-920-18,19,2019-01-08 13:40:00,-57.448,73.0312,True,False
/Volumes/Data/Work/SEALTAGS/Prydz/FLUO_LIGHT/PROCESSED/NC/ft24-920-18_all_prof_PROCESSED.nc,ft24-920-18,20,2019-01-09 09:30:00,-58.1716,73.8844,True,False
/Volumes/Data/Work/SEALTAGS/Prydz/FLUO_LIGHT/PROCESSED/NC/ft24-920-18_all_prof_PROCESSED.nc,ft24-920-18,21,2019-01-09 15:00:00,-58.3854,74.1763,True,False
/Volumes/Data/Work/SEALTAGS/Prydz/FLUO_LIGHT/PROCESSED/NC/ft24-920-18_all_prof_PROCESSED.nc,ft24-920-18,22,2019-01-10 02:10:00,-58.6169,74.7367,True,False
/Volumes/Data/Work/SEALTAGS/Prydz/FLUO_LIGHT/PROCESSED/NC/ft24-920-18_all_prof_PROCESSED.nc,ft24-920-18,23,2019-01-10 15:00:00,-59.1,75.4098,True,False
/Volumes/Data/Work/SEALTAGS/Prydz/FLUO_LIGHT/PROCESSED/NC/ft24-920-18_all_prof_PROCESSED.nc,ft24-920-18,24,2019-01-11 06:30:00,-59.2644,75.5852,True,False
/Volumes/Data/Work/SEALTAGS/Prydz/FLUO_LIGHT/PROCESSED/NC/ft24-920-18_all_prof_PROCESSED.nc,ft24-920-18,25,2019-01-11 15:00:00,-59.3536,76.153,True,False
/Volumes/Data/Work/SEALTAGS/Prydz/FLUO_LIGHT/PROCESSED/NC/ft24-920-18_all_prof_PROCESSED.nc,ft24-920-18,26,2019-01-12 03:30:00,-59.6427,76.1067,True,False
/Volumes/Data/Work/SEALTAGS/Prydz/FLUO_LIGHT/PROCESSED/NC/ft24-920-18_all_prof_PROCESSED.nc,ft24-920-18,27,2019-01-12 23:30:00,-60.4521,76.6797,True,False
/Volumes/Data/Work/SEALTAGS/Prydz/FLUO_LIGHT/PROCESSED/NC/ft24-920-18_all_prof_PROCESSED.nc,ft24-920-18,28,2019-01-13 03:10:00,-60.4934,76.646,True,False
/Volumes/Data/Work/SEALTAGS/Prydz/FLUO_LIGHT/PROCESSED/NC/ft24-920-18_all_prof_PROCESSED.nc,ft24-920-18,29,2019-01-13 22:30:00,-61.0601,77.8158,True,False
/Volumes/Data/Work/SEALTAGS/Prydz/FLUO_LIGHT/PROCESSED/NC/ft24-920-18_all_prof_PROCESSED.nc,ft24-920-18,30,2019-01-14 06:00:00,-61.2491,78.0839,True,False
/Volumes/Data/Work/SEALTAGS/Prydz/FLUO_LIGHT/PROCESSED/NC/ft24-920-18_all_prof_PROCESSED.nc,ft24-920-18,31,2019-01-14 15:00:00,-61.4365,78.5578,True,False
/Volumes/Data/Work/SEALTAGS/Prydz/FLUO_LIGHT/PROCESSED/NC/ft24-920-18_all_prof_PROCESSED.nc,ft24-920-18,32,2019-01-15 09:10:00,-61.7784,80.0942,True,False
/Volumes/Data/Work/SEALTAGS/Prydz/FLUO_LIGHT/PROCESSED/NC/ft24-920-18_all_prof_PROCESSED.nc,ft24-920-18,33,2019-01-15 21:40:00,-61.9327,80.3899,True,False
/Volumes/Data/Work/SEALTAGS/Prydz/FLUO_LIGHT/PROCESSED/NC/ft24-920-18_all_prof_PROCESSED.nc,ft24-920-18,34,2019-01-16 05:00:00,-61.8138,80.4645,True,False
/Volumes/Data/Work/SEALTAGS/Prydz/FLUO_LIGHT/PROCESSED/NC/ft24-920-18_all_prof_PROCESSED.nc,ft24-920-18,35,2019-01-16 15:00:00,-62.0054,80.7216,True,False
/Volumes/Data/Work/SEALTAGS/Prydz/FLUO_LIGHT/PROCESSED/NC/ft24-920-18_all_prof_PROCESSED.nc,ft24-920-18,36,2019-01-17 11:50:00,-61.9933,80.8604,True,False
/Volumes/Data/Work/SEALTAGS/Prydz/FLUO_LIGHT/PROCESSED/NC/ft24-920-18_all_prof_PROCESSED.nc,ft24-920-18,37,2019-01-17 15:00:00,-62.0756,80.7951,True,False
/Volumes/Data/Work/SEALTAGS/Prydz/FLUO_LIGHT/PROCESSED/NC/ft24-920-18_all_prof_PROCESSED.nc,ft24-920-18,38,2019-01-18 04:10:00,-62.0397,80.8393,True,False
/Volumes/Data/Work/SEALTAGS/Prydz/FLUO_LIGHT/PROCESSED/NC/ft24-920-18_all_prof_PROCESSED.nc,ft24-920-18,39,2019-01-18 15:10:00,-62.0832,80.4568,True,False
/Volumes/Data/Work/SEALTAGS/Prydz/FLUO_LIGHT/PROCESSED/NC/ft24-920-18_all_prof_PROCESSED.nc,ft24-920-18,40,2019-01-19 03:00:00,-62.0963,80.9391,True,False
/Volumes/Data/Work/SEALTAGS/Prydz/FLUO_LIGHT/PROCESSED/NC/ft24-920-18_all_prof_PROCESSED.nc,ft24-920-18,41,2019-01-19 21:50:00,-62.3683,81.5499,True,False
/Volumes/Data/Work/SEALTAGS/Prydz/FLUO_LIGHT/PROCESSED/NC/ft24-920-18_all_prof_PROCESSED.nc,ft24-920-18,42,2019-01-20 05:20:00,-62.3625,81.7965,True,False
/Volumes/Data/Work/SEALTAGS/Prydz/FLUO_LIGHT/PROCESSED/NC/ft24-920-18_all_prof_PROCESSED.nc,ft24-920-18,43,2019-01-20 22:50:00,-62.583,81.4772,True,False
/Volumes/Data/Work/SEALTAGS/Prydz/FLUO_LIGHT/PROCESSED/NC/ft24-920-18_all_prof_PROCESSED.nc,ft24-920-18,44,2019-01-21 08:40:00,-62.5164,81.6759,True,False
/Volumes/Data/Work/SEALTAGS/Prydz/FLUO_LIGHT/PROCESSED/NC/ft24-920-18_all_prof_PROCESSED.nc,ft24-920-18,45,2019-01-21 23:50:00,-62.6043,81.9337,True,False
/Volumes/Data/Work/SEALTAGS/Prydz/FLUO_LIGHT/PROCESSED/NC/ft24-920-18_all_prof_PROCESSED.nc,ft24-920-18,46,2019-01-22 05:20:00,-62.7868,81.9001,True,False
/Volumes/Data/Work/SEALTAGS/Prydz/FLUO_LIGHT/PROCESSED/NC/ft24-920-18_all_prof_PROCESSED.nc,ft24-920-18,47,2019-01-22 18:40:00,-63.1061,82.4278,False,False
/Volumes/Data/Work/SEALTAGS/Prydz/FLUO_LIGHT/PROCESSED/NC/ft24-920-18_all_prof_PROCESSED.nc,ft24-920-18,48,2019-01-23 09:40:00,-63.2933,82.621,True,False
/Volumes/Data/Work/SEALTAGS/Prydz/FLUO_LIGHT/PROCESSED/NC/ft24-920-18_all_prof_PROCESSED.nc,ft24-920-18,49,2019-01-23 14:30:00,-63.4717,82.5823,True,False
/Volumes/Data/Work/SEALTAGS/Prydz/FLUO_LIGHT/PROCESSED/NC/ft24-920-18_all_prof_PROCESSED.nc,ft24-920-18,50,2019-01-24 08:00:00,-63.4525,83.9757,True,False
/Volumes/Data/Work/SEALTAGS/Prydz/FLUO_LIGHT/PROCESSED/NC/ft24-920-18_all_prof_PROCESSED.nc,ft24-920-18,51,2019-01-24 13:10:00,-63.669,84.081,True,False
/Volumes/Data/Work/SEALTAGS/Prydz/FLUO_LIGHT/PROCESSED/NC/ft24-920-18_all_prof_PROCESSED.nc,ft24-920-18,52,2019-01-25 06:40:00,-63.808,85.0153,True,False
/Volumes/Data/Work/SEALTAGS/Prydz/FLUO_LIGHT/PROCESSED/NC/ft24-920-18_all_prof_PROCESSED.nc,ft24-920-18,53,2019-01-25 14:50:00,-64.0329,85.3473,True,False
/Volumes/Data/Work/SEALTAGS/Prydz/FLUO_LIGHT/PROCESSED/NC/ft24-920-18_all_prof_PROCESSED.nc,ft24-920-18,54,2019-01-26 09:30:00,-64.0921,85.0823,True,False
/Volumes/Data/Work/SEALTAGS/Prydz/FLUO_LIGHT/PROCESSED/NC/ft24-920-18_all_prof_PROCESSED.nc,ft24-920-18,55,2019-01-26 14:10:00,-64.1033,85.3978,True,False
/Volumes/Data/Work/SEALTAGS/Prydz/FLUO_LIGHT/PROCESSED/NC/ft24-920-18_all_prof_PROCESSED.nc,ft24-920-18,56,2019-01-27 07:30:00,-63.9623,85.2101,True,False
/Volumes/Data/Work/SEALTAGS/Prydz/FLUO_LIGHT/PROCESSED/NC/ft24-920-18_all_prof_PROCESSED.nc,ft24-920-18,57,2019-01-27 14:00:00,-64.0307,85.4206,True,False
/Volumes/Data/Work/SEALTAGS/Prydz/FLUO_LIGHT/PROCESSED/NC/ft24-920-18_all_prof_PROCESSED.nc,ft24-920-18,58,2019-01-28 05:20:00,-64.0832,84.7366,True,False
/Volumes/Data/Work/SEALTAGS/Prydz/FLUO_LIGHT/PROCESSED/NC/ft24-920-18_all_prof_PROCESSED.nc,ft24-920-18,59,2019-01-28 14:20:00,-64.0283,85.2768,True,False
/Volumes/Data/Work/SEALTAGS/Prydz/FLUO_LIGHT/PROCESSED/NC/ft24-920-18_all_prof_PROCESSED.nc,ft24-920-18,60,2019-01-29 01:50:00,-64.19,85.0926,True,False
/Volumes/Data/Work/SEALTAGS/Prydz/FLUO_LIGHT/PROCESSED/NC/ft24-920-18_all_prof_PROCESSED.nc,ft24-920-18,61,2019-01-29 16:10:00,-64.3909,85.8965,False,False
/Volumes/Data/Work/SEALTAGS/Prydz/FLUO_LIGHT/PROCESSED/NC/ft24-920-18_all_prof_PROCESSED.nc,ft24-920-18,62,2019-01-30 07:30:00,-64.5826,86.7798,True,False
/Volumes/Data/Work/SEALTAGS/Prydz/FLUO_LIGHT/PROCESSED/NC/ft24-920-18_all_prof_PROCESSED.nc,ft24-920-18,63,2019-01-30 22:30:00,-64.8079,86.8011,True,False
/Volumes/Data/Work/SEALTAGS/Prydz/FLUO_LIGHT/PROCESSED/NC/ft24-920-18_all_prof_PROCESSED.nc,ft24-920-18,64,2019-01-31 06:20:00,-64.8929,87.1112,True,False
/Volumes/Data/Work/SEALTAGS/Prydz/FLUO_LIGHT/PROCESSED/NC/ft24-920-18_all_prof_PROCESSED.nc,ft24-920-18,65,2019-01-31 23:50:00,-65.2364,86.8844,True,False
/Volumes/Data/Work/SEALTAGS/Prydz/FLUO_LIGHT/PROCESSED/NC/ft24-920-18_all_prof_PROCESSED.nc,ft24-920-18,66,2019-02-01 11:40:00,-65.2556,87.3711,True,False
/Volumes/Data/Work/SEALTAGS/Prydz/FLUO_LIGHT/PROCESSED/NC/ft24-920-18_all_prof_PROCESSED.nc,ft24-920-18,67,2019-02-01 13:40:00,-65.3073,87.3662,True,False
/Volumes/Data/Work/SEALTAGS/Prydz/FLUO_LIGHT/PROCESSED/NC/ft24-920-18_all_prof_PROCESSED.nc,ft24-920-18,68,2019-02-02 02:10:00,-65.4446,86.6131,True,False
/Volumes/Data/Work/SEALTAGS/Prydz/FLUO_LIGHT/PROCESSED/NC/ft24-920-18_all_prof_PROCESSED.nc,ft24-920-18,69,2019-02-02 14:00:00,-65.6219,87.1847,True,False
/Volumes/Data/Work/SEALTAGS/Prydz/FLUO_LIGHT/PROCESSED/NC/ft24-920-18_all_prof_PROCESSED.nc,ft24-920-18,70,2019-02-03 03:00:00,-65.879,87.3421,True,False
/Volumes/Data/Work/SEALTAGS/Prydz/FLUO_LIGHT/PROCESSED/NC/ft24-920-18_all_prof_PROCESSED.nc,ft24-920-18,71,2019-02-03 21:10:00,-66.0106,88.3917,False,False
/Volumes/Data/Work/SEALTAGS/Prydz/FLUO_LIGHT/PROCESSED/NC/ft24-920-18_all_prof_PROCESSED.nc,ft24-920-18,72,2019-02-04 10:30:00,-66.0028,88.7907,True,False
/Volumes/Data/Work/SEALTAGS/Prydz/FLUO_LIGHT/PROCESSED/NC/ft24-920-18_all_prof_PROCESSED.nc,ft24-920-18,73,2019-02-04 14:30:00,-65.8329,88.4671,True,False
/Volumes/Data/Work/SEALTAGS/Prydz/FLUO_LIGHT/PROCESSED/NC/ft24-920-18_all_prof_PROCESSED.nc,ft24-920-18,74,2019-02-05 02:10:00,-65.9745,88.0535,True,False
/Volumes/Data/Work/SEALTAGS/Prydz/FLUO_LIGHT/PROCESSED/NC/ft24-920-18_all_prof_PROCESSED.nc,ft24-920-18,75,2019-02-05 15:00:00,-65.93,88.6907,True,False
/Volumes/Data/Work/SEALTAGS/Prydz/FLUO_LIGHT/PROCESSED/NC/ft24-920-18_all_prof_PROCESSED.nc,ft24-920-18,76,2019-02-06 03:20:00,-65.9283,88.5901,True,False
/Volumes/Data/Work/SEALTAGS/Prydz/FLUO_LIGHT/PROCESSED/NC/ft24-920-18_all_prof_PROCESSED.nc,ft24-920-18,77,2019-02-06 17:50:00,-65.9172,88.6389,False,False
/Volumes/Data/Work/SEALTAGS/Prydz/FLUO_LIGHT/PROCESSED/NC/ft24-920-18_all_prof_PROCESSED.nc,ft24-920-18,78,2019-02-07 02:10:00,-66.0281,88.2684,True,False
/Volumes/Data/Work/SEALTAGS/Prydz/FLUO_LIGHT/PROCESSED/NC/ft24-920-18_all_prof_PROCESSED.nc,ft24-920-18,79,2019-02-07 21:50:00,-66.2776,89.145,True,False
/Volumes/Data/Work/SEALTAGS/Prydz/FLUO_LIGHT/PROCESSED/NC/ft24-920-18_all_prof_PROCESSED.nc,ft24-920-18,80,2019-02-08 02:50:00,-66.2815,89.3212,True,False
/Volumes/Data/Work/SEALTAGS/Prydz/FLUO_LIGHT/PROCESSED/NC/ft24-920-18_all_prof_PROCESSED.nc,ft24-920-18,81,2019-02-08 14:00:00,-66.3137,89.1703,True,False
/Volumes/Data/Work/SEALTAGS/Prydz/FLUO_LIGHT/PROCESSED/NC/ft24-920-18_all_prof_PROCESSED.nc,ft24-920-18,82,2019-02-09 02:20:00,-66.2837,89.5058,True,False
/Volumes/Data/Work/SEALTAGS/Prydz/FLUO_LIGHT/PROCESSED/NC/ft24-920-18_all_prof_PROCESSED.nc,ft24-920-18,83,2019-02-09 20:20:00,-66.3086,89.7002,False,False
/Volumes/Data/Work/SEALTAGS/Prydz/FLUO_LIGHT/PROCESSED/NC/ft24-920-18_all_prof_PROCESSED.nc,ft24-920-18,84,2019-02-10 01:20:00,-66.1885,89.9022,True,False
/Volumes/Data/Work/SEALTAGS/Prydz/FLUO_LIGHT/PROCESSED/NC/ft24-920-18_all_prof_PROCESSED.nc,ft24-920-18,85,2019-02-10 13:10:00,-66.1393,90.2323,True,False
/Volumes/Data/Work/SEALTAGS/Prydz/FLUO_LIGHT/PROCESSED/NC/ft24-920-18_all_prof_PROCESSED.nc,ft24-920-18,86,2019-02-11 02:20:00,-66.0355,90.5914,True,False
/Volumes/Data/Work/SEALTAGS/Prydz/FLUO_LIGHT/PROCESSED/NC/ft24-920-18_all_prof_PROCESSED.nc,ft24-920-18,87,2019-02-11 15:20:00,-66.3245,91.2471,False,False
/Volumes/Data/Work/SEALTAGS/Prydz/FLUO_LIGHT/PROCESSED/NC/ft24-920-18_all_prof_PROCESSED.nc,ft24-920-18,88,2019-02-12 06:10:00,-66.2141,91.213,True,False
/Volumes/Data/Work/SEALTAGS/Prydz/FLUO_LIGHT/PROCESSED/NC/ft24-920-18_all_prof_PROCESSED.nc,ft24-920-18,89,2019-02-12 23:30:00,-65.9893,91.7973,True,False
/Volumes/Data/Work/SEALTAGS/Prydz/FLUO_LIGHT/PROCESSED/NC/ft24-920-18_all_prof_PROCESSED.nc,ft24-920-18,90,2019-02-13 02:20:00,-65.9995,91.8729,True,False
/Volumes/Data/Work/SEALTAGS/Prydz/FLUO_LIGHT/PROCESSED/NC/ft24-920-18_all_prof_PROCESSED.nc,ft24-920-18,91,2019-02-13 22:10:00,-66.047,92.6044,True,False
/Volumes/Data/Work/SEALTAGS/Prydz/FLUO_LIGHT/PROCESSED/NC/ft24-920-18_all_prof_PROCESSED.nc,ft24-920-18,92,2019-02-14 09:30:00,-66.0127,93.0113,True,False
/Volumes/Data/Work/SEALTAGS/Prydz/FLUO_LIGHT/PROCESSED/NC/ft24-920-18_all_prof_PROCESSED.nc,ft24-920-18,93,2019-02-14 23:40:00,-65.7567,93.1172,True,False
/Volumes/Data/Work/SEALTAGS/Prydz/FLUO_LIGHT/PROCESSED/NC/ft24-920-18_all_prof_PROCESSED.nc,ft24-920-18,94,2019-02-15 03:00:00,-65.6583,93.1566,True,False
/Volumes/Data/Work/SEALTAGS/Prydz/FLUO_LIGHT/PROCESSED/NC/ft24-920-18_all_prof_PROCESSED.nc,ft24-920-18,95,2019-02-15 23:00:00,-65.5682,93.3601,True,False
/Volumes/Data/Work/SEALTAGS/Prydz/FLUO_LIGHT/PROCESSED/NC/ft24-920-18_all_prof_PROCESSED.nc,ft24-920-18,96,2019-02-16 02:10:00,-65.5432,93.4174,True,False
/Volumes/Data/Work/SEALTAGS/Prydz/FLUO_LIGHT/PROCESSED/NC/ft24-920-18_all_prof_PROCESSED.nc,ft24-920-18,97,2019-02-16 14:20:00,-65.403,93.6043,False,False
/Volumes/Data/Work/SEALTAGS/Prydz/FLUO_LIGHT/PROCESSED/NC/ft24-920-18_all_prof_PROCESSED.nc,ft24-920-18,98,2019-02-17 06:50:00,-65.3334,92.8506,True,False
/Volumes/Data/Work/SEALTAGS/Prydz/FLUO_LIGHT/PROCESSED/NC/ft24-920-18_all_prof_PROCESSED.nc,ft24-920-18,99,2019-02-17 14:10:00,-65.5118,93.2393,False,False
/Volumes/Data/Work/SEALTAGS/Prydz/FLUO_LIGHT/PROCESSED/NC/ft24-920-18_all_prof_PROCESSED.nc,ft24-920-18,100,2019-02-18 03:00:00,-65.5463,93.0881,True,False
/Volumes/Data/Work/SEALTAGS/Prydz/FLUO_LIGHT/PROCESSED/NC/ft24-920-18_all_prof_PROCESSED.nc,ft24-920-18,101,2019-02-18 14:50:00,-65.6681,93.6181,False,False
/Volumes/Data/Work/SEALTAGS/Prydz/FLUO_LIGHT/PROCESSED/NC/ft24-920-18_all_prof_PROCESSED.nc,ft24-920-18,102,2019-02-19 02:30:00,-65.6587,93.6128,True,False
/Volumes/Data/Work/SEALTAGS/Prydz/FLUO_LIGHT/PROCESSED/NC/ft24-920-18_all_prof_PROCESSED.nc,ft24-920-18,103,2019-02-19 14:10:00,-65.482,93.5669,False,False
/Volumes/Data/Work/SEALTAGS/Prydz/FLUO_LIGHT/PROCESSED/NC/ft24-920-18_all_prof_PROCESSED.nc,ft24-920-18,104,2019-02-20 02:00:00,-65.4883,93.5832,True,False
/Volumes/Data/Work/SEALTAGS/Prydz/FLUO_LIGHT/PROCESSED/NC/ft24-920-18_all_prof_PROCESSED.nc,ft24-920-18,105,2019-02-20 18:20:00,-65.5142,93.5179,False,False
/Volumes/Data/Work/SEALTAGS/Prydz/FLUO_LIGHT/PROCESSED/NC/ft24-920-18_all_prof_PROCESSED.nc,ft24-920-18,106,2019-02-21 02:20:00,-65.5554,93.246,True,False
/Volumes/Data/Work/SEALTAGS/Prydz/FLUO_LIGHT/PROCESSED/NC/ft24-920-18_all_prof_PROCESSED.nc,ft24-920-18,107,2019-02-22 08:00:00,-65.5322,93.0895,True,False
/Volumes/Data/Work/SEALTAGS/Prydz/FLUO_LIGHT/PROCESSED/NC/ft24-920-18_all_prof_PROCESSED.nc,ft24-920-18,108,2019-02-22 23:00:00,-65.5867,93.0146,True,False
/Volumes/Data/Work/SEALTAGS/Prydz/FLUO_LIGHT/PROCESSED/NC/ft24-920-18_all_prof_PROCESSED.nc,ft24-920-18,109,2019-02-23 22:50:00,-65.5476,92.6486,True,False
/Volumes/Data/Work/SEALTAGS/Prydz/FLUO_LIGHT/PROCESSED/NC/ft24-920-18_all_prof_PROCESSED.nc,ft24-920-18,110,2019-02-24 03:10:00,-65.5502,92.5841,True,False
/Volumes/Data/Work/SEALTAGS/Prydz/FLUO_LIGHT/PROCESSED/NC/ft24-920-18_all_prof_PROCESSED.nc,ft24-920-18,111,2019-02-24 23:50:00,-65.5312,92.8193,True,False
/Volumes/Data/Work/SEALTAGS/Prydz/FLUO_LIGHT/PROCESSED/NC/ft24-920-18_all_prof_PROCESSED.nc,ft24-920-18,112,2019-02-25 02:00:00,-65.4842,92.9188,True,False
/Volumes/Data/Work/SEALTAGS/Prydz/FLUO_LIGHT/PROCESSED/NC/ft24-920-18_all_prof_PROCESSED.nc,ft24-920-18,113,2019-02-25 22:30:00,-65.5564,92.6573,False,False
/Volumes/Data/Work/SEALTAGS/Prydz/FLUO_LIGHT/PROCESSED/NC/ft24-920-18_all_prof_PROCESSED.nc,ft24-920-18,114,2019-02-26 02:20:00,-65.5955,92.6135,True,False
/Volumes/Data/Work/SEALTAGS/Prydz/FLUO_LIGHT/PROCESSED/NC/ft24-920-18_all_prof_PROCESSED.nc,ft24-920-18,115,2019-02-26 20:40:00,-65.6909,92.6292,False,False
/Volumes/Data/Work/SEALTAGS/Prydz/FLUO_LIGHT/PROCESSED/NC/ft24-920-18_all_prof_PROCESSED.nc,ft24-920-18,116,2019-02-27 03:40:00,-65.5046,92.6001,True,False
/Volumes/Data/Work/SEALTAGS/Prydz/FLUO_LIGHT/PROCESSED/NC/ft24-920-18_all_prof_PROCESSED.nc,ft24-920-18,117,2019-02-27 19:30:00,-65.614,92.2828,False,False
/Volumes/Data/Work/SEALTAGS/Prydz/FLUO_LIGHT/PROCESSED/NC/ft24-920-18_all_prof_PROCESSED.nc,ft24-920-18,118,2019-02-28 02:10:00,-65.5702,92.4458,True,False
/Volumes/Data/Work/SEALTAGS/Prydz/FLUO_LIGHT/PROCESSED/NC/ft24-920-18_all_prof_PROCESSED.nc,ft24-920-18,119,2019-02-28 17:40:00,-65.609,92.346,False,False
/Volumes/Data/Work/SEALTAGS/Prydz/FLUO_LIGHT/PROCESSED/NC/ft24-920-18_all_prof_PROCESSED.nc,ft24-920-18,120,2019-03-01 06:30:00,-65.5466,92.4483,True,False
/Volumes/Data/Work/SEALTAGS/Prydz/FLUO_LIGHT/PROCESSED/NC/ft24-920-18_all_prof_PROCESSED.nc,ft24-920-18,121,2019-03-01 15:30:00,-65.6571,91.8883,False,False
/Volumes/Data/Work/SEALTAGS/Prydz/FLUO_LIGHT/PROCESSED/NC/ft24-920-18_all_prof_PROCESSED.nc,ft24-920-18,122,2019-03-02 03:00:00,-65.7517,91.6233,True,False
/Volumes/Data/Work/SEALTAGS/Prydz/FLUO_LIGHT/PROCESSED/NC/ft24-920-18_all_prof_PROCESSED.nc,ft24-920-18,123,2019-03-02 16:30:00,-65.7321,91.7463,False,False
/Volumes/Data/Work/SEALTAGS/Prydz/FLUO_LIGHT/PROCESSED/NC/ft24-920-18_all_prof_PROCESSED.nc,ft24-920-18,124,2019-03-03 03:00:00,-65.79,91.738,True,False
/Volumes/Data/Work/SEALTAGS/Prydz/FLUO_LIGHT/PROCESSED/NC/ft24-920-18_all_prof_PROCESSED.nc,ft24-920-18,125,2019-03-04 09:00:00,-65.8203,91.9477,True,False
/Volumes/Data/Work/SEALTAGS/Prydz/FLUO_LIGHT/PROCESSED/NC/ft24-920-18_all_prof_PROCESSED.nc,ft24-920-18,126,2019-03-04 15:40:00,-65.8005,91.6832,False,False
/Volumes/Data/Work/SEALTAGS/Prydz/FLUO_LIGHT/PROCESSED/NC/ft24-920-18_all_prof_PROCESSED.nc,ft24-920-18,127,2019-03-05 02:20:00,-65.876,91.3931,True,False
/Volumes/Data/Work/SEALTAGS/Prydz/FLUO_LIGHT/PROCESSED/NC/ft24-920-18_all_prof_PROCESSED.nc,ft24-920-18,128,2019-03-05 14:20:00,-65.9634,91.1406,False,False
/Volumes/Data/Work/SEALTAGS/Prydz/FLUO_LIGHT/PROCESSED/NC/ft24-920-18_all_prof_PROCESSED.nc,ft24-920-18,129,2019-03-06 01:40:00,-66.0326,90.1799,True,False
/Volumes/Data/Work/SEALTAGS/Prydz/FLUO_LIGHT/PROCESSED/NC/ft24-920-18_all_prof_PROCESSED.nc,ft24-920-18,130,2019-03-06 18:50:00,-66.145,89.805,False,False
/Volumes/Data/Work/SEALTAGS/Prydz/FLUO_LIGHT/PROCESSED/NC/ft24-920-18_all_prof_PROCESSED.nc,ft24-920-18,131,2019-03-07 03:00:00,-66.2507,89.245,True,False
/Volumes/Data/Work/SEALTAGS/Prydz/FLUO_LIGHT/PROCESSED/NC/ft24-920-18_all_prof_PROCESSED.nc,ft24-920-18,132,2019-03-07 17:40:00,-66.4206,89.0869,False,False
/Volumes/Data/Work/SEALTAGS/Prydz/FLUO_LIGHT/PROCESSED/NC/ft24-920-18_all_prof_PROCESSED.nc,ft24-920-18,133,2019-03-08 03:30:00,-66.5016,88.9409,True,False
/Volumes/Data/Work/SEALTAGS/Prydz/FLUO_LIGHT/PROCESSED/NC/ft24-920-18_all_prof_PROCESSED.nc,ft24-920-18,134,2019-03-08 15:00:00,-66.2042,89.4673,False,False
/Volumes/Data/Work/SEALTAGS/Prydz/FLUO_LIGHT/PROCESSED/NC/ft24-920-18_all_prof_PROCESSED.nc,ft24-920-18,135,2019-03-09 02:10:00,-66.0317,89.9571,True,False
/Volumes/Data/Work/SEALTAGS/Prydz/FLUO_LIGHT/PROCESSED/NC/ft24-920-18_all_prof_PROCESSED.nc,ft24-920-18,136,2019-03-09 20:20:00,-65.9267,89.5578,False,False
/Volumes/Data/Work/SEALTAGS/Prydz/FLUO_LIGHT/PROCESSED/NC/ft24-920-18_all_prof_PROCESSED.nc,ft24-920-18,137,2019-03-10 10:50:00,-65.9558,88.7627,True,False
/Volumes/Data/Work/SEALTAGS/Prydz/FLUO_LIGHT/PROCESSED/NC/ft24-920-18_all_prof_PROCESSED.nc,ft24-920-18,138,2019-03-10 19:50:00,-66.0275,88.2183,False,False
/Volumes/Data/Work/SEALTAGS/Prydz/FLUO_LIGHT/PROCESSED/NC/ft24-920-18_all_prof_PROCESSED.nc,ft24-920-18,139,2019-03-11 02:40:00,-66.0462,88.5228,True,False
/Volumes/Data/Work/SEALTAGS/Prydz/FLUO_LIGHT/PROCESSED/NC/ft24-920-18_all_prof_PROCESSED.nc,ft24-920-18,140,2019-03-11 14:40:00,-65.94,88.6587,False,False
/Volumes/Data/Work/SEALTAGS/Prydz/FLUO_LIGHT/PROCESSED/NC/ft24-920-18_all_prof_PROCESSED.nc,ft24-920-18,141,2019-03-12 02:10:00,-65.9325,88.3878,True,False
/Volumes/Data/Work/SEALTAGS/Prydz/FLUO_LIGHT/PROCESSED/NC/ft24-920-18_all_prof_PROCESSED.nc,ft24-920-18,142,2019-03-12 19:30:00,-65.9253,88.6157,False,False
/Volumes/Data/Work/SEALTAGS/Prydz/FLUO_LIGHT/PROCESSED/NC/ft24-920-18_all_prof_PROCESSED.nc,ft24-920-18,143,2019-03-13 02:30:00,-65.8502,88.4517,True,False
/Volumes/Data/Work/SEALTAGS/Prydz/FLUO_LIGHT/PROCESSED/NC/ft24-920-18_all_prof_PROCESSED.nc,ft24-920-18,144,2019-03-13 15:00:00,-65.9228,88.7512,False,False
/Volumes/Data/Work/SEALTAGS/Prydz/FLUO_LIGHT/PROCESSED/NC/ft24-920-18_all_prof_PROCESSED.nc,ft24-920-18,145,2019-03-14 03:00:00,-65.8494,88.6571,True,False
/Volumes/Data/Work/SEALTAGS/Prydz/FLUO_LIGHT/PROCESSED/NC/ft24-920-18_all_prof_PROCESSED.nc,ft24-920-18,146,2019-03-14 21:40:00,-65.8479,88.4861,False,False
/Volumes/Data/Work/SEALTAGS/Prydz/FLUO_LIGHT/PROCESSED/NC/ft24-920-18_all_prof_PROCESSED.nc,ft24-920-18,147,2019-03-15 03:10:00,-65.9731,88.4659,True,False
/Volumes/Data/Work/SEALTAGS/Prydz/FLUO_LIGHT/PROCESSED/NC/ft24-920-18_all_prof_PROCESSED.nc,ft24-920-18,148,2019-03-15 16:50:00,-65.7815,88.3425,False,False
/Volumes/Data/Work/SEALTAGS/Prydz/FLUO_LIGHT/PROCESSED/NC/ft24-920-18_all_prof_PROCESSED.nc,ft24-920-18,149,2019-03-16 09:40:00,-65.8501,87.6354,True,False
/Volumes/Data/Work/SEALTAGS/Prydz/FLUO_LIGHT/PROCESSED/NC/ft24-920-18_all_prof_PROCESSED.nc,ft24-920-18,150,2019-03-16 15:20:00,-65.8459,87.7156,False,False
/Volumes/Data/Work/SEALTAGS/Prydz/FLUO_LIGHT/PROCESSED/NC/ft24-920-18_all_prof_PROCESSED.nc,ft24-920-18,151,2019-03-17 02:20:00,-65.8824,88.4878,True,False
/Volumes/Data/Work/SEALTAGS/Prydz/FLUO_LIGHT/PROCESSED/NC/ft24-920-18_all_prof_PROCESSED.nc,ft24-920-18,152,2019-03-17 14:10:00,-65.9024,88.6083,False,False
/Volumes/Data/Work/SEALTAGS/Prydz/FLUO_LIGHT/PROCESSED/NC/ft24-920-18_all_prof_PROCESSED.nc,ft24-920-18,153,2019-03-18 02:10:00,-65.8882,88.4594,True,False
/Volumes/Data/Work/SEALTAGS/Prydz/FLUO_LIGHT/PROCESSED/NC/ft24-920-18_all_prof_PROCESSED.nc,ft24-920-18,154,2019-03-18 21:40:00,-65.9118,88.3852,False,False
/Volumes/Data/Work/SEALTAGS/Prydz/FLUO_LIGHT/PROCESSED/NC/ft24-920-18_all_prof_PROCESSED.nc,ft24-920-18,155,2019-03-19 03:10:00,-65.9375,88.6335,True,False
/Volumes/Data/Work/SEALTAGS/Prydz/FLUO_LIGHT/PROCESSED/NC/ft24-920-18_all_prof_PROCESSED.nc,ft24-920-18,156,2019-03-19 15:50:00,-65.8538,88.712,False,False
/Volumes/Data/Work/SEALTAGS/Prydz/FLUO_LIGHT/PROCESSED/NC/ft24-920-18_all_prof_PROCESSED.nc,ft24-920-18,157,2019-03-20 10:30:00,-66.0409,88.425,True,False
/Volumes/Data/Work/SEALTAGS/Prydz/FLUO_LIGHT/PROCESSED/NC/ft24-920-18_all_prof_PROCESSED.nc,ft24-920-18,158,2019-03-20 19:50:00,-65.9444,88.6514,False,False
/Volumes/Data/Work/SEALTAGS/Prydz/FLUO_LIGHT/PROCESSED/NC/ft24-920-18_all_prof_PROCESSED.nc,ft24-920-18,159,2019-03-21 02:10:00,-65.9911,88.3697,True,False
/Volumes/Data/Work/SEALTAGS/Prydz/FLUO_LIGHT/PROCESSED/NC/ft24-920-18_all_prof_PROCESSED.nc,ft24-920-18,160,2019-03-21 23:40:00,-65.9365,88.3836,False,False
/Volumes/Data/Work/SEALTAGS/Prydz/FLUO_LIGHT/PROCESSED/NC/ft24-920-18_all_prof_PROCESSED.nc,ft24-920-18,161,2019-03-22 02:10:00,-65.8963,88.5863,True,False
/Volumes/Data/Work/SEALTAGS/Prydz/FLUO_LIGHT/PROCESSED/NC/ft24-920-18_all_prof_PROCESSED.nc,ft24-920-18,162,2019-03-23 00:10:00,-65.8554,88.4682,False,False
/Volumes/Data/Work/SEALTAGS/Prydz/FLUO_LIGHT/PROCESSED/NC/ft24-920-18_all_prof_PROCESSED.nc,ft24-920-18,163,2019-03-23 14:10:00,-65.9434,88.2994,False,False
/Volumes/Data/Work/SEALTAGS/Prydz/FLUO_LIGHT/PROCESSED/NC/ft24-920-18_all_prof_PROCESSED.nc,ft24-920-18,164,2019-03-24 02:10:00,-65.9027,88.514,True,False
/Volumes/Data/Work/SEALTAGS/Prydz/FLUO_LIGHT/PROCESSED/NC/ft24-920-18_all_prof_PROCESSED.nc,ft24-920-18,165,2019-03-24 16:50:00,-65.8895,88.6185,False,False
/Volumes/Data/Work/SEALTAGS/Prydz/FLUO_LIGHT/PROCESSED/NC/ft24-920-18_all_prof_PROCESSED.nc,ft24-920-18,166,2019-03-25 02:10:00,-65.8985,88.5538,True,False
/Volumes/Data/Work/SEALTAGS/Prydz/FLUO_LIGHT/PROCESSED/NC/ft24-920-18_all_prof_PROCESSED.nc,ft24-920-18,167,2019-03-25 15:50:00,-65.924,88.375,False,False
/Volumes/Data/Work/SEALTAGS/Prydz/FLUO_LIGHT/PROCESSED/NC/ft24-920-18_all_prof_PROCESSED.nc,ft24-920-18,168,2019-03-26 02:10:00,-65.9041,88.8396,True,False
/Volumes/Data/Work/SEALTAGS/Prydz/FLUO_LIGHT/PROCESSED/NC/ft24-920-18_all_prof_PROCESSED.nc,ft24-920-18,169,2019-03-26 16:50:00,-65.8739,88.6188,False,False
/Volumes/Data/Work/SEALTAGS/Prydz/FLUO_LIGHT/PROCESSED/NC/ft24-920-18_all_prof_PROCESSED.nc,ft24-920-18,170,2019-03-27 03:10:00,-65.812,88.46,True,False
/Volumes/Data/Work/SEALTAGS/Prydz/FLUO_LIGHT/PROCESSED/NC/ft24-920-18_all_prof_PROCESSED.nc,ft24-920-18,171,2019-03-27 20:40:00,-65.9976,88.4321,False,False
/Volumes/Data/Work/SEALTAGS/Prydz/FLUO_LIGHT/PROCESSED/NC/ft24-920-18_all_prof_PROCESSED.nc,ft24-920-18,172,2019-03-28 02:10:00,-65.8205,88.609,True,False
/Volumes/Data/Work/SEALTAGS/Prydz/FLUO_LIGHT/PROCESSED/NC/ft24-920-18_all_prof_PROCESSED.nc,ft24-920-18,173,2019-03-28 15:40:00,-65.8445,88.4914,False,False
/Volumes/Data/Work/SEALTAGS/Prydz/FLUO_LIGHT/PROCESSED/NC/ft24-920-18_all_prof_PROCESSED.nc,ft24-920-18,174,2019-03-29 03:10:00,-65.8747,88.515,True,False
/Volumes/Data/Work/SEALTAGS/Prydz/FLUO_LIGHT/PROCESSED/NC/ft24-920-18_all_prof_PROCESSED.nc,ft24-920-18,175,2019-03-29 22:40:00,-65.8897,88.6876,False,False
/Volumes/Data/Work/SEALTAGS/Prydz/FLUO_LIGHT/PROCESSED/NC/ft24-920-18_all_prof_PROCESSED.nc,ft24-920-18,176,2019-03-30 02:20:00,-65.9227,88.6063,True,False
/Volumes/Data/Work/SEALTAGS/Prydz/FLUO_LIGHT/PROCESSED/NC/ft24-920-18_all_prof_PROCESSED.nc,ft24-920-18,177,2019-03-30 18:40:00,-65.911,88.749,False,False
/Volumes/Data/Work/SEALTAGS/Prydz/FLUO_LIGHT/PROCESSED/NC/ft24-920-18_all_prof_PROCESSED.nc,ft24-920-18,178,2019-03-31 04:50:00,-65.9466,88.4085,True,False
/Volumes/Data/Work/SEALTAGS/Prydz/FLUO_LIGHT/PROCESSED/NC/ft24-920-18_all_prof_PROCESSED.nc,ft24-920-18,179,2019-03-31 15:20:00,-65.7414,88.6232,False,False
/Volumes/Data/Work/SEALTAGS/Prydz/FLUO_LIGHT/PROCESSED/NC/ft24-920-18_all_prof_PROCESSED.nc,ft24-920-18,180,2019-04-01 02:00:00,-65.7843,88.181,True,False
/Volumes/Data/Work/SEALTAGS/Prydz/FLUO_LIGHT/PROCESSED/NC/ft24-920-18_all_prof_PROCESSED.nc,ft24-920-18,181,2019-04-01 18:40:00,-65.8742,88.0426,False,False
/Volumes/Data/Work/SEALTAGS/Prydz/FLUO_LIGHT/PROCESSED/NC/ft24-920-18_all_prof_PROCESSED.nc,ft24-920-18,182,2019-04-02 03:20:00,-65.7471,87.8533,True,False
/Volumes/Data/Work/SEALTAGS/Prydz/FLUO_LIGHT/PROCESSED/NC/ft24-920-18_all_prof_PROCESSED.nc,ft24-920-18,183,2019-04-02 13:20:00,-65.7749,87.7584,False,False
/Volumes/Data/Work/SEALTAGS/Prydz/FLUO_LIGHT/PROCESSED/NC/ft24-920-18_all_prof_PROCESSED.nc,ft24-920-18,184,2019-04-03 02:30:00,-65.8592,87.4336,True,False
/Volumes/Data/Work/SEALTAGS/Prydz/FLUO_LIGHT/PROCESSED/NC/ft24-920-18_all_prof_PROCESSED.nc,ft24-920-18,185,2019-04-03 18:10:00,-65.7246,87.2705,False,False
/Volumes/Data/Work/SEALTAGS/Prydz/FLUO_LIGHT/PROCESSED/NC/ft24-920-18_all_prof_PROCESSED.nc,ft24-920-18,186,2019-04-04 04:50:00,-65.7876,87.2496,True,False
/Volumes/Data/Work/SEALTAGS/Prydz/FLUO_LIGHT/PROCESSED/NC/ft24-920-18_all_prof_PROCESSED.nc,ft24-920-18,187,2019-04-04 15:50:00,-65.7237,87.2971,False,False
/Volumes/Data/Work/SEALTAGS/Prydz/FLUO_LIGHT/PROCESSED/NC/ft24-920-18_all_prof_PROCESSED.nc,ft24-920-18,188,2019-04-05 08:20:00,-65.7122,87.6484,True,False
/Volumes/Data/Work/SEALTAGS/Prydz/FLUO_LIGHT/PROCESSED/NC/ft24-920-18_all_prof_PROCESSED.nc,ft24-920-18,189,2019-04-05 18:20:00,-65.7605,88.0408,False,False
/Volumes/Data/Work/SEALTAGS/Prydz/FLUO_LIGHT/PROCESSED/NC/ft24-920-18_all_prof_PROCESSED.nc,ft24-920-18,190,2019-04-06 10:40:00,-65.772,88.5171,True,False
/Volumes/Data/Work/SEALTAGS/Prydz/FLUO_LIGHT/PROCESSED/NC/ft24-920-18_all_prof_PROCESSED.nc,ft24-920-18,191,2019-04-06 15:10:00,-65.6125,88.8207,False,False
/Volumes/Data/Work/SEALTAGS/Prydz/FLUO_LIGHT/PROCESSED/NC/ft24-920-18_all_prof_PROCESSED.nc,ft24-920-18,192,2019-04-07 03:30:00,-65.3748,89.2169,True,False
/Volumes/Data/Work/SEALTAGS/Prydz/FLUO_LIGHT/PROCESSED/NC/ft24-920-18_all_prof_PROCESSED.nc,ft24-920-18,193,2019-04-07 16:20:00,-65.3943,89.7451,False,False
/Volumes/Data/Work/SEALTAGS/Prydz/FLUO_LIGHT/PROCESSED/NC/ft24-920-18_all_prof_PROCESSED.nc,ft24-920-18,194,2019-04-08 02:30:00,-65.2147,90.693,True,False
/Volumes/Data/Work/SEALTAGS/Prydz/FLUO_LIGHT/PROCESSED/NC/ft24-920-18_all_prof_PROCESSED.nc,ft24-920-18,195,2019-04-08 16:50:00,-64.8113,90.5693,False,False
/Volumes/Data/Work/SEALTAGS/Prydz/FLUO_LIGHT/PROCESSED/NC/ft24-920-18_all_prof_PROCESSED.nc,ft24-920-18,196,2019-04-09 04:00:00,-64.4275,90.2568,True,False
/Volumes/Data/Work/SEALTAGS/Prydz/FLUO_LIGHT/PROCESSED/NC/ft24-920-18_all_prof_PROCESSED.nc,ft24-920-18,197,2019-04-09 17:20:00,-64.2979,91.4399,False,False
/Volumes/Data/Work/SEALTAGS/Prydz/FLUO_LIGHT/PROCESSED/NC/ft24-920-18_all_prof_PROCESSED.nc,ft24-920-18,198,2019-04-10 02:50:00,-64.2919,91.6678,True,False
/Volumes/Data/Work/SEALTAGS/Prydz/FLUO_LIGHT/PROCESSED/NC/ft24-920-18_all_prof_PROCESSED.nc,ft24-920-18,199,2019-04-11 21:50:00,-64.2677,92.2602,False,False
/Volumes/Data/Work/SEALTAGS/Prydz/FLUO_LIGHT/PROCESSED/NC/ft24-920-18_all_prof_PROCESSED.nc,ft24-920-18,200,2019-04-12 02:00:00,-64.3159,92.1905,True,False
/Volumes/Data/Work/SEALTAGS/Prydz/FLUO_LIGHT/PROCESSED/NC/ft24-920-18_all_prof_PROCESSED.nc,ft24-920-18,201,2019-04-12 18:50:00,-64.6444,91.5083,False,False
/Volumes/Data/Work/SEALTAGS/Prydz/FLUO_LIGHT/PROCESSED/NC/ft24-920-18_all_prof_PROCESSED.nc,ft24-920-18,202,2019-04-13 02:40:00,-64.6697,91.192,True,False
/Volumes/Data/Work/SEALTAGS/Prydz/FLUO_LIGHT/PROCESSED/NC/ft24-920-18_all_prof_PROCESSED.nc,ft24-920-18,203,2019-04-13 19:00:00,-64.9253,90.5375,False,False
/Volumes/Data/Work/SEALTAGS/Prydz/FLUO_LIGHT/PROCESSED/NC/ft24-920-18_all_prof_PROCESSED.nc,ft24-920-18,204,2019-04-14 04:10:00,-65.0397,90.1029,True,False
/Volumes/Data/Work/SEALTAGS/Prydz/FLUO_LIGHT/PROCESSED/NC/ft24-920-18_all_prof_PROCESSED.nc,ft24-920-18,205,2019-04-14 18:30:00,-65.2693,89.271,False,False
/Volumes/Data/Work/SEALTAGS/Prydz/FLUO_LIGHT/PROCESSED/NC/ft24-920-18_all_prof_PROCESSED.nc,ft24-920-18,206,2019-04-15 04:00:00,-65.3511,89.0867,True,False
/Volumes/Data/Work/SEALTAGS/Prydz/FLUO_LIGHT/PROCESSED/NC/ft24-920-18_all_prof_PROCESSED.nc,ft24-920-18,207,2019-04-15 14:20:00,-65.3628,88.6154,False,False
/Volumes/Data/Work/SEALTAGS/Prydz/FLUO_LIGHT/PROCESSED/NC/ft24-920-18_all_prof_PROCESSED.nc,ft24-920-18,208,2019-04-16 07:10:00,-65.5878,88.4618,True,False
/Volumes/Data/Work/SEALTAGS/Prydz/FLUO_LIGHT/PROCESSED/NC/ft24-920-18_all_prof_PROCESSED.nc,ft24-920-18,209,2019-04-16 18:00:00,-65.8129,88.7633,False,False
/Volumes/Data/Work/SEALTAGS/Prydz/FLUO_LIGHT/PROCESSED/NC/ft24-920-18_all_prof_PROCESSED.nc,ft24-920-18,210,2019-04-17 04:50:00,-65.9236,89.0888,True,False
/Volumes/Data/Work/SEALTAGS/Prydz/FLUO_LIGHT/PROCESSED/NC/ft24-920-18_all_prof_PROCESSED.nc,ft24-920-18,211,2019-04-17 17:50:00,-66.0657,89.852,False,False
/Volumes/Data/Work/SEALTAGS/Prydz/FLUO_LIGHT/PROCESSED/NC/ft24-920-18_all_prof_PROCESSED.nc,ft24-920-18,212,2019-04-18 02:10:00,-66.0468,90.0466,True,False
/Volumes/Data/Work/SEALTAGS/Prydz/FLUO_LIGHT/PROCESSED/NC/ft24-920-18_all_prof_PROCESSED.nc,ft24-920-18,213,2019-04-18 17:00:00,-66.0622,89.8664,False,False
/Volumes/Data/Work/SEALTAGS/Prydz/FLUO_LIGHT/PROCESSED/NC/ft24-920-18_all_prof_PROCESSED.nc,ft24-920-18,214,2019-04-19 02:10:00,-66.0693,89.7733,True,False
/Volumes/Data/Work/SEALTAGS/Prydz/FLUO_LIGHT/PROCESSED/NC/ft24-920-18_all_prof_PROCESSED.nc,ft24-920-18,215,2019-04-19 23:30:00,-66.2955,89.9177,False,False
/Volumes/Data/Work/SEALTAGS/Prydz/FLUO_LIGHT/PROCESSED/NC/ft24-920-18_all_prof_PROCESSED.nc,ft24-920-18,216,2019-04-20 08:50:00,-66.2681,89.5088,True,False
/Volumes/Data/Work/SEALTAGS/Prydz/FLUO_LIGHT/PROCESSED/NC/ft24-920-18_all_prof_PROCESSED.nc,ft24-920-18,217,2019-04-20 19:50:00,-66.3899,88.9207,False,False
/Volumes/Data/Work/SEALTAGS/Prydz/FLUO_LIGHT/PROCESSED/NC/ft24-920-18_all_prof_PROCESSED.nc,ft24-920-18,218,2019-04-21 05:20:00,-66.2762,88.661,True,False
/Volumes/Data/Work/SEALTAGS/Prydz/FLUO_LIGHT/PROCESSED/NC/ft24-920-18_all_prof_PROCESSED.nc,ft24-920-18,219,2019-04-21 15:50:00,-66.0294,88.3103,False,False
/Volumes/Data/Work/SEALTAGS/Prydz/FLUO_LIGHT/PROCESSED/NC/ft24-920-18_all_prof_PROCESSED.nc,ft24-920-18,220,2019-04-22 06:40:00,-66.0309,88.0415,True,False
/Volumes/Data/Work/SEALTAGS/Prydz/FLUO_LIGHT/PROCESSED/NC/ft24-920-18_all_prof_PROCESSED.nc,ft24-920-18,221,2019-04-22 20:00:00,-65.8909,88.5023,False,False
/Volumes/Data/Work/SEALTAGS/Prydz/FLUO_LIGHT/PROCESSED/NC/ft24-920-18_all_prof_PROCESSED.nc,ft24-920-18,222,2019-04-23 04:00:00,-65.7453,88.2496,True,False
/Volumes/Data/Work/SEALTAGS/Prydz/FLUO_LIGHT/PROCESSED/NC/ft24-920-18_all_prof_PROCESSED.nc,ft24-920-18,223,2019-04-23 15:50:00,-65.3649,87.649,False,False
/Volumes/Data/Work/SEALTAGS/Prydz/FLUO_LIGHT/PROCESSED/NC/ft24-920-18_all_prof_PROCESSED.nc,ft24-920-18,224,2019-04-24 05:40:00,-65.0396,87.3583,True,False
/Volumes/Data/Work/SEALTAGS/Prydz/FLUO_LIGHT/PROCESSED/NC/ft24-920-18_all_prof_PROCESSED.nc,ft24-920-18,225,2019-04-24 22:10:00,-64.9256,87.0497,False,False
/Volumes/Data/Work/SEALTAGS/Prydz/FLUO_LIGHT/PROCESSED/NC/ft24-920-18_all_prof_PROCESSED.nc,ft24-920-18,226,2019-04-25 05:40:00,-64.8034,86.9235,True,False
/Volumes/Data/Work/SEALTAGS/Prydz/FLUO_LIGHT/PROCESSED/NC/ft24-920-18_all_prof_PROCESSED.nc,ft24-920-18,227,2019-04-25 14:10:00,-64.7432,86.7442,False,False
/Volumes/Data/Work/SEALTAGS/Prydz/FLUO_LIGHT/PROCESSED/NC/ft24-920-18_all_prof_PROCESSED.nc,ft24-920-18,228,2019-04-26 03:10:00,-64.7932,86.366,True,False
/Volumes/Data/Work/SEALTAGS/Prydz/FLUO_LIGHT/PROCESSED/NC/ft24-920-18_all_prof_PROCESSED.nc,ft24-920-18,229,2019-04-26 15:30:00,-64.8797,86.168,False,False
/Volumes/Data/Work/SEALTAGS/Prydz/FLUO_LIGHT/PROCESSED/NC/ft24-920-18_all_prof_PROCESSED.nc,ft24-920-18,230,2019-04-27 10:40:00,-65.0236,85.0277,False,False
/Volumes/Data/Work/SEALTAGS/Prydz/FLUO_LIGHT/PROCESSED/NC/ft24-920-18_all_prof_PROCESSED.nc,ft24-920-18,231,2019-04-27 16:40:00,-65.1475,84.914,False,False
/Volumes/Data/Work/SEALTAGS/Prydz/FLUO_LIGHT/PROCESSED/NC/ft24-920-18_all_prof_PROCESSED.nc,ft24-920-18,232,2019-04-28 02:50:00,-64.9833,84.2572,True,False
/Volumes/Data/Work/SEALTAGS/Prydz/FLUO_LIGHT/PROCESSED/NC/ft24-920-18_all_prof_PROCESSED.nc,ft24-920-18,233,2019-04-28 13:40:00,-65.0954,83.9976,False,False
/Volumes/Data/Work/SEALTAGS/Prydz/FLUO_LIGHT/PROCESSED/NC/ft24-920-18_all_prof_PROCESSED.nc,ft24-920-18,234,2019-04-29 10:20:00,-65.0879,83.7284,False,False
/Volumes/Data/Work/SEALTAGS/Prydz/FLUO_LIGHT/PROCESSED/NC/ft24-920-18_all_prof_PROCESSED.nc,ft24-920-18,235,2019-04-29 12:20:00,-65.1674,83.7843,False,False
/Volumes/Data/Work/SEALTAGS/Prydz/FLUO_LIGHT/PROCESSED/NC/ft24-920-18_all_prof_PROCESSED.nc,ft24-920-18,236,2019-04-30 03:50:00,-65.0247,83.5667,True,False
/Volumes/Data/Work/SEALTAGS/Prydz/FLUO_LIGHT/PROCESSED/NC/ft24-920-18_all_prof_PROCESSED.nc,ft24-920-18,237,2019-04-30 16:30:00,-65.0256,83.1914,False,False
/Volumes/Data/Work/SEALTAGS/Prydz/FLUO_LIGHT/PROCESSED/NC/ft24-920-18_all_prof_PROCESSED.nc,ft24-920-18,238,2019-05-01 00:20:00,-64.906,82.8475,False,False
/Volumes/Data/Work/SEALTAGS/Prydz/FLUO_LIGHT/PROCESSED/NC/ft24-920-18_all_prof_PROCESSED.nc,ft24-920-18,239,2019-05-01 17:50:00,-64.7429,82.2092,False,False
/Volumes/Data/Work/SEALTAGS/Prydz/FLUO_LIGHT/PROCESSED/NC/ft24-920-18_all_prof_PROCESSED.nc,ft24-920-18,240,2019-05-02 04:40:00,-64.6572,82.2598,True,False
/Volumes/Data/Work/SEALTAGS/Prydz/FLUO_LIGHT/PROCESSED/NC/ft24-920-18_all_prof_PROCESSED.nc,ft24-920-18,241,2019-05-02 17:20:00,-64.6016,82.0025,False,False
/Volumes/Data/Work/SEALTAGS/Prydz/FLUO_LIGHT/PROCESSED/NC/ft24-920-18_all_prof_PROCESSED.nc,ft24-920-18,242,2019-05-03 08:10:00,-64.6655,81.9725,True,False
/Volumes/Data/Work/SEALTAGS/Prydz/FLUO_LIGHT/PROCESSED/NC/ft24-920-18_all_prof_PROCESSED.nc,ft24-920-18,243,2019-05-03 18:00:00,-64.5999,81.8283,False,False
/Volumes/Data/Work/SEALTAGS/Prydz/FLUO_LIGHT/PROCESSED/NC/ft24-920-18_all_prof_PROCESSED.nc,ft24-920-18,244,2019-05-04 00:10:00,-64.639,81.8537,False,False
/Volumes/Data/Work/SEALTAGS/Prydz/FLUO_LIGHT/PROCESSED/NC/ft24-920-18_all_prof_PROCESSED.nc,ft24-920-18,245,2019-05-04 19:10:00,-64.5925,81.9695,False,False
/Volumes/Data/Work/SEALTAGS/Prydz/FLUO_LIGHT/PROCESSED/NC/ft24-920-18_all_prof_PROCESSED.nc,ft24-920-18,246,2019-05-05 04:30:00,-64.6088,81.9444,True,False
/Volumes/Data/Work/SEALTAGS/Prydz/FLUO_LIGHT/PROCESSED/NC/ft24-920-18_all_prof_PROCESSED.nc,ft24-920-18,247,2019-05-05 22:30:00,-64.7328,81.7998,False,False
/Volumes/Data/Work/SEALTAGS/Prydz/FLUO_LIGHT/PROCESSED/NC/ft24-920-18_all_prof_PROCESSED.nc,ft24-920-18,248,2019-05-06 01:40:00,-64.5929,81.6783,False,False
/Volumes/Data/Work/SEALTAGS/Prydz/FLUO_LIGHT/PROCESSED/NC/ft24-920-18_all_prof_PROCESSED.nc,ft24-920-18,249,2019-05-06 17:00:00,-64.6486,81.7081,False,False
/Volumes/Data/Work/SEALTAGS/Prydz/FLUO_LIGHT/PROCESSED/NC/ft24-920-18_all_prof_PROCESSED.nc,ft24-920-18,250,2019-05-07 04:30:00,-64.494,81.4609,True,False
/Volumes/Data/Work/SEALTAGS/Prydz/FLUO_LIGHT/PROCESSED/NC/ft24-920-18_all_prof_PROCESSED.nc,ft24-920-18,251,2019-05-07 13:20:00,-64.5487,81.5111,False,False
/Volumes/Data/Work/SEALTAGS/Prydz/FLUO_LIGHT/PROCESSED/NC/ft24-920-18_all_prof_PROCESSED.nc,ft24-920-18,252,2019-05-08 03:50:00,-64.5794,81.3493,True,False
/Volumes/Data/Work/SEALTAGS/Prydz/FLUO_LIGHT/PROCESSED/NC/ft24-920-18_all_prof_PROCESSED.nc,ft24-920-18,253,2019-05-08 23:10:00,-64.4688,81.2505,False,False
/Volumes/Data/Work/SEALTAGS/Prydz/FLUO_LIGHT/PROCESSED/NC/ft24-920-18_all_prof_PROCESSED.nc,ft24-920-18,254,2019-05-09 04:00:00,-64.5628,81.1764,True,False
/Volumes/Data/Work/SEALTAGS/Prydz/FLUO_LIGHT/PROCESSED/NC/ft24-920-18_all_prof_PROCESSED.nc,ft24-920-18,255,2019-05-09 12:30:00,-64.6222,81.1807,False,False
/Volumes/Data/Work/SEALTAGS/Prydz/FLUO_LIGHT/PROCESSED/NC/ft24-920-18_all_prof_PROCESSED.nc,ft24-920-18,256,2019-05-10 05:10:00,-64.648,80.8557,True,False
/Volumes/Data/Work/SEALTAGS/Prydz/FLUO_LIGHT/PROCESSED/NC/ft24-920-18_all_prof_PROCESSED.nc,ft24-920-18,257,2019-05-10 15:30:00,-64.6444,81.149,False,False
/Volumes/Data/Work/SEALTAGS/Prydz/FLUO_LIGHT/PROCESSED/NC/ft24-920-18_all_prof_PROCESSED.nc,ft24-920-18,258,2019-05-11 06:40:00,-64.7032,80.8272,True,False
/Volumes/Data/Work/SEALTAGS/Prydz/FLUO_LIGHT/PROCESSED/NC/ft24-920-18_all_prof_PROCESSED.nc,ft24-920-18,259,2019-05-11 21:10:00,-64.6765,80.8717,False,False
/Volumes/Data/Work/SEALTAGS/Prydz/FLUO_LIGHT/PROCESSED/NC/ft24-920-18_all_prof_PROCESSED.nc,ft24-920-18,260,2019-05-12 04:50:00,-64.7296,80.8362,True,False
/Volumes/Data/Work/SEALTAGS/Prydz/FLUO_LIGHT/PROCESSED/NC/ft24-920-18_all_prof_PROCESSED.nc,ft24-920-18,261,2019-05-12 13:20:00,-64.7641,80.8919,False,False
/Volumes/Data/Work/SEALTAGS/Prydz/FLUO_LIGHT/PROCESSED/NC/ft24-920-18_all_prof_PROCESSED.nc,ft24-920-18,262,2019-05-13 04:50:00,-64.7411,80.6356,True,False
/Volumes/Data/Work/SEALTAGS/Prydz/FLUO_LIGHT/PROCESSED/NC/ft24-920-18_all_prof_PROCESSED.nc,ft24-920-18,263,2019-05-13 23:30:00,-64.8076,80.3749,False,False
/Volumes/Data/Work/SEALTAGS/Prydz/FLUO_LIGHT/PROCESSED/NC/ft24-920-18_all_prof_PROCESSED.nc,ft24-920-18,264,2019-05-14 08:10:00,-64.8023,80.2593,True,False
/Volumes/Data/Work/SEALTAGS/Prydz/FLUO_LIGHT/PROCESSED/NC/ft24-920-18_all_prof_PROCESSED.nc,ft24-920-18,265,2019-05-14 13:20:00,-64.7155,80.2809,False,False
/Volumes/Data/Work/SEALTAGS/Prydz/FLUO_LIGHT/PROCESSED/NC/ft24-920-18_all_prof_PROCESSED.nc,ft24-920-18,266,2019-05-15 01:20:00,-64.766,80.3583,False,False
/Volumes/Data/Work/SEALTAGS/Prydz/FLUO_LIGHT/PROCESSED/NC/ft24-920-18_all_prof_PROCESSED.nc,ft24-920-18,267,2019-05-15 17:10:00,-64.6978,80.1405,False,False
/Volumes/Data/Work/SEALTAGS/Prydz/FLUO_LIGHT/PROCESSED/NC/ft24-920-18_all_prof_PROCESSED.nc,ft24-920-18,268,2019-05-16 04:30:00,-64.7232,80.0637,True,False
/Volumes/Data/Work/SEALTAGS/Prydz/FLUO_LIGHT/PROCESSED/NC/ft24-920-18_all_prof_PROCESSED.nc,ft24-920-18,269,2019-05-16 12:20:00,-64.7854,79.9436,False,False
/Volumes/Data/Work/SEALTAGS/Prydz/FLUO_LIGHT/PROCESSED/NC/ft24-920-18_all_prof_PROCESSED.nc,ft24-920-18,270,2019-05-17 06:40:00,-64.8586,80.085,True,False
/Volumes/Data/Work/SEALTAGS/Prydz/FLUO_LIGHT/PROCESSED/NC/ft24-920-18_all_prof_PROCESSED.nc,ft24-920-18,271,2019-05-17 12:20:00,-64.8812,80.1137,False,False
/Volumes/Data/Work/SEALTAGS/Prydz/FLUO_LIGHT/PROCESSED/NC/ft24-920-18_all_prof_PROCESSED.nc,ft24-920-18,272,2019-05-18 06:40:00,-64.8473,79.6124,True,False
/Volumes/Data/Work/SEALTAGS/Prydz/FLUO_LIGHT/PROCESSED/NC/ft24-920-18_all_prof_PROCESSED.nc,ft24-920-18,273,2019-05-18 12:30:00,-64.7623,79.534,False,False
/Volumes/Data/Work/SEALTAGS/Prydz/FLUO_LIGHT/PROCESSED/NC/ft24-920-18_all_prof_PROCESSED.nc,ft24-920-18,274,2019-05-19 11:10:00,-64.6254,79.4292,False,False
/Volumes/Data/Work/SEALTAGS/Prydz/FLUO_LIGHT/PROCESSED/NC/ft24-920-18_all_prof_PROCESSED.nc,ft24-920-18,275,2019-05-19 16:20:00,-64.6791,79.144,False,False
/Volumes/Data/Work/SEALTAGS/Prydz/FLUO_LIGHT/PROCESSED/NC/ft24-920-18_all_prof_PROCESSED.nc,ft24-920-18,276,2019-05-20 00:30:00,-64.6038,79.4007,False,False
/Volumes/Data/Work/SEALTAGS/Prydz/FLUO_LIGHT/PROCESSED/NC/ft24-920-18_all_prof_PROCESSED.nc,ft24-920-18,277,2019-05-20 21:00:00,-64.4802,79.685,False,False
/Volumes/Data/Work/SEALTAGS/Prydz/FLUO_LIGHT/PROCESSED/NC/ft24-920-18_all_prof_PROCESSED.nc,ft24-920-18,278,2019-05-21 00:50:00,-64.4101,79.8004,False,False
/Volumes/Data/Work/SEALTAGS/Prydz/FLUO_LIGHT/PROCESSED/NC/ft24-920-18_all_prof_PROCESSED.nc,ft24-920-18,279,2019-05-21 14:40:00,-64.145,80.1783,False,False
/Volumes/Data/Work/SEALTAGS/Prydz/FLUO_LIGHT/PROCESSED/NC/ft24-920-18_all_prof_PROCESSED.nc,ft24-920-18,280,2019-05-22 00:40:00,-63.9671,80.6326,False,False
/Volumes/Data/Work/SEALTAGS/Prydz/FLUO_LIGHT/PROCESSED/NC/ft24-920-18_all_prof_PROCESSED.nc,ft24-920-18,281,2019-05-22 22:10:00,-63.8007,81.4823,False,False
/Volumes/Data/Work/SEALTAGS/Prydz/FLUO_LIGHT/PROCESSED/NC/ft24-920-18_all_prof_PROCESSED.nc,ft24-920-18,282,2019-05-23 07:30:00,-63.8699,81.5559,True,False
/Volumes/Data/Work/SEALTAGS/Prydz/FLUO_LIGHT/PROCESSED/NC/ft24-920-18_all_prof_PROCESSED.nc,ft24-920-18,283,2019-05-23 13:00:00,-63.7705,81.5415,False,False
/Volumes/Data/Work/SEALTAGS/Prydz/FLUO_LIGHT/PROCESSED/NC/ft24-920-18_all_prof_PROCESSED.nc,ft24-920-18,284,2019-05-24 12:10:00,-63.3838,81.8276,False,False
/Volumes/Data/Work/SEALTAGS/Prydz/FLUO_LIGHT/PROCESSED/NC/ft24-920-18_all_prof_PROCESSED.nc,ft24-920-18,285,2019-05-25 06:20:00,-62.9135,82.3803,True,False
/Volumes/Data/Work/SEALTAGS/Prydz/FLUO_LIGHT/PROCESSED/NC/ft24-920-18_all_prof_PROCESSED.nc,ft24-920-18,286,2019-05-25 13:30:00,-62.8952,82.7736,False,False
/Volumes/Data/Work/SEALTAGS/Prydz/FLUO_LIGHT/PROCESSED/NC/ft24-920-18_all_prof_PROCESSED.nc,ft24-920-18,287,2019-05-26 02:00:00,-62.7616,82.8195,False,False
/Volumes/Data/Work/SEALTAGS/Prydz/FLUO_LIGHT/PROCESSED/NC/ft24-920-18_all_prof_PROCESSED.nc,ft24-920-18,288,2019-05-26 19:00:00,-62.4686,82.6895,False,False
/Volumes/Data/Work/SEALTAGS/Prydz/FLUO_LIGHT/PROCESSED/NC/ft24-920-18_all_prof_PROCESSED.nc,ft24-920-18,289,2019-05-27 05:10:00,-62.2795,82.365,True,False
/Volumes/Data/Work/SEALTAGS/Prydz/FLUO_LIGHT/PROCESSED/NC/ft24-920-18_all_prof_PROCESSED.nc,ft24-920-18,290,2019-05-27 12:20:00,-62.2379,82.4646,False,False
/Volumes/Data/Work/SEALTAGS/Prydz/FLUO_LIGHT/PROCESSED/NC/ft24-920-18_all_prof_PROCESSED.nc,ft24-920-18,291,2019-05-28 12:50:00,-61.9077,81.3859,False,False
/Volumes/Data/Work/SEALTAGS/Prydz/FLUO_LIGHT/PROCESSED/NC/ft24-920-18_all_prof_PROCESSED.nc,ft24-920-18,292,2019-05-29 08:30:00,-61.6299,81.0232,True,False
/Volumes/Data/Work/SEALTAGS/Prydz/FLUO_LIGHT/PROCESSED/NC/ft24-920-18_all_prof_PROCESSED.nc,ft24-920-18,293,2019-05-29 14:10:00,-61.5741,80.5751,False,False
/Volumes/Data/Work/SEALTAGS/Prydz/FLUO_LIGHT/PROCESSED/NC/ft24-920-18_all_prof_PROCESSED.nc,ft24-920-18,294,2019-05-30 11:20:00,-61.5711,80.4589,False,False
/Volumes/Data/Work/SEALTAGS/Prydz/FLUO_LIGHT/PROCESSED/NC/ft24-920-18_all_prof_PROCESSED.nc,ft24-920-18,295,2019-05-30 13:30:00,-61.5613,80.451,False,False
/Volumes/Data/Work/SEALTAGS/Prydz/FLUO_LIGHT/PROCESSED/NC/ft24-920-18_all_prof_PROCESSED.nc,ft24-920-18,296,2019-05-31 11:20:00,-61.3565,80.2132,False,False
/Volumes/Data/Work/SEALTAGS/Prydz/FLUO_LIGHT/PROCESSED/NC/ft24-920-18_all_prof_PROCESSED.nc,ft24-920-18,297,2019-05-31 13:50:00,-61.3419,80.2149,False,False
/Volumes/Data/Work/SEALTAGS/Prydz/FLUO_LIGHT/PROCESSED/NC/ft24-920-18_all_prof_PROCESSED.nc,ft24-920-18,298,2019-06-01 02:00:00,-61.3629,79.8863,False,False
/Volumes/Data/Work/SEALTAGS/Prydz/FLUO_LIGHT/PROCESSED/NC/ft24-920-18_all_prof_PROCESSED.nc,ft24-920-18,299,2019-06-01 18:10:00,-61.4695,80.0294,False,False
/Volumes/Data/Work/SEALTAGS/Prydz/FLUO_LIGHT/PROCESSED/NC/ft24-920-18_all_prof_PROCESSED.nc,ft24-920-18,300,2019-06-02 06:00:00,-61.385,79.6816,True,False
/Volumes/Data/Work/SEALTAGS/Prydz/FLUO_LIGHT/PROCESSED/NC/ft24-920-18_all_prof_PROCESSED.nc,ft24-920-18,301,2019-06-02 12:30:00,-61.3887,79.7134,False,False
/Volumes/Data/Work/SEALTAGS/Prydz/FLUO_LIGHT/PROCESSED/NC/ft24-920-18_all_prof_PROCESSED.nc,ft24-920-18,302,2019-06-03 14:20:00,-61.5473,79.4782,False,False
/Volumes/Data/Work/SEALTAGS/Prydz/FLUO_LIGHT/PROCESSED/NC/ft24-920-18_all_prof_PROCESSED.nc,ft24-920-18,303,2019-06-04 04:30:00,-61.5363,79.53,True,False
/Volumes/Data/Work/SEALTAGS/Prydz/FLUO_LIGHT/PROCESSED/NC/ft24-920-18_all_prof_PROCESSED.nc,ft24-920-18,304,2019-06-04 15:00:00,-61.6375,79.1388,False,False
/Volumes/Data/Work/SEALTAGS/Prydz/FLUO_LIGHT/PROCESSED/NC/ft24-920-18_all_prof_PROCESSED.nc,ft24-920-18,305,2019-06-05 07:40:00,-61.7413,79.2146,True,False
/Volumes/Data/Work/SEALTAGS/Prydz/FLUO_LIGHT/PROCESSED/NC/ft24-920-18_all_prof_PROCESSED.nc,ft24-920-18,306,2019-06-05 12:40:00,-61.7566,79.1728,False,False
/Volumes/Data/Work/SEALTAGS/Prydz/FLUO_LIGHT/PROCESSED/NC/ft24-920-18_all_prof_PROCESSED.nc,ft24-920-18,307,2019-06-06 05:10:00,-62.008,79.1362,True,False
/Volumes/Data/Work/SEALTAGS/Prydz/FLUO_LIGHT/PROCESSED/NC/ft24-920-18_all_prof_PROCESSED.nc,ft24-920-18,308,2019-06-06 12:30:00,-62.1102,78.92,False,False
/Volumes/Data/Work/SEALTAGS/Prydz/FLUO_LIGHT/PROCESSED/NC/ft24-920-18_all_prof_PROCESSED.nc,ft24-920-18,309,2019-06-07 11:20:00,-62.3842,79.0939,False,False
/Volumes/Data/Work/SEALTAGS/Prydz/FLUO_LIGHT/PROCESSED/NC/ft24-920-18_all_prof_PROCESSED.nc,ft24-920-18,310,2019-06-07 12:50:00,-62.3355,79.1104,False,False
/Volumes/Data/Work/SEALTAGS/Prydz/FLUO_LIGHT/PROCESSED/NC/ft24-920-18_all_prof_PROCESSED.nc,ft24-920-18,311,2019-06-08 12:20:00,-62.112,78.1419,False,False
/Volumes/Data/Work/SEALTAGS/Prydz/FLUO_LIGHT/PROCESSED/NC/ft24-920-18_all_prof_PROCESSED.nc,ft24-920-18,312,2019-06-09 11:50:00,-61.5506,78.4294,False,False
/Volumes/Data/Work/SEALTAGS/Prydz/FLUO_LIGHT/PROCESSED/NC/ft24-920-18_all_prof_PROCESSED.nc,ft24-920-18,313,2019-06-09 20:30:00,-61.2867,78.0764,False,False
/Volumes/Data/Work/SEALTAGS/Prydz/FLUO_LIGHT/PROCESSED/NC/ft24-920-18_all_prof_PROCESSED.nc,ft24-920-18,314,2019-06-10 07:40:00,-61.08,78.1306,True,False
/Volumes/Data/Work/SEALTAGS/Prydz/FLUO_LIGHT/PROCESSED/NC/ft24-920-18_all_prof_PROCESSED.nc,ft24-920-18,315,2019-06-10 12:20:00,-60.9086,78.0299,False,False
/Volumes/Data/Work/SEALTAGS/Prydz/FLUO_LIGHT/PROCESSED/NC/ft24-920-18_all_prof_PROCESSED.nc,ft24-920-18,316,2019-06-11 08:20:00,-60.4673,77.6395,True,False
/Volumes/Data/Work/SEALTAGS/Prydz/FLUO_LIGHT/PROCESSED/NC/ft24-920-18_all_prof_PROCESSED.nc,ft24-920-18,317,2019-06-11 12:30:00,-60.2966,77.641,False,False
/Volumes/Data/Work/SEALTAGS/Prydz/FLUO_LIGHT/PROCESSED/NC/ft24-920-18_all_prof_PROCESSED.nc,ft24-920-18,318,2019-06-12 01:00:00,-60.0394,77.0348,False,False
/Volumes/Data/Work/SEALTAGS/Prydz/FLUO_LIGHT/PROCESSED/NC/ft24-920-18_all_prof_PROCESSED.nc,ft24-920-18,319,2019-06-12 13:00:00,-59.769,76.7262,False,False
/Volumes/Data/Work/SEALTAGS/Prydz/FLUO_LIGHT/PROCESSED/NC/ft24-920-18_all_prof_PROCESSED.nc,ft24-920-18,320,2019-06-13 04:10:00,-59.6962,77.205,True,False
/Volumes/Data/Work/SEALTAGS/Prydz/FLUO_LIGHT/PROCESSED/NC/ft24-920-18_all_prof_PROCESSED.nc,ft24-920-18,321,2019-06-13 12:40:00,-59.7273,77.4736,False,False
/Volumes/Data/Work/SEALTAGS/Prydz/FLUO_LIGHT/PROCESSED/NC/ft24-920-18_all_prof_PROCESSED.nc,ft24-920-18,322,2019-06-14 03:40:00,-59.6205,77.3079,False,False
/Volumes/Data/Work/SEALTAGS/Prydz/FLUO_LIGHT/PROCESSED/NC/ft24-920-18_all_prof_PROCESSED.nc,ft24-920-18,323,2019-06-14 12:40:00,-59.6648,77.3082,False,False
/Volumes/Data/Work/SEALTAGS/Prydz/FLUO_LIGHT/PROCESSED/NC/ft24-920-18_all_prof_PROCESSED.nc,ft24-920-18,324,2019-06-15 03:50:00,-59.7428,77.3764,False,False
/Volumes/Data/Work/SEALTAGS/Prydz/FLUO_LIGHT/PROCESSED/NC/ft24-920-18_all_prof_PROCESSED.nc,ft24-920-18,325,2019-06-15 12:40:00,-59.7965,77.2915,False,False
/Volumes/Data/Work/SEALTAGS/Prydz/FLUO_LIGHT/PROCESSED/NC/ft24-920-18_all_prof_PROCESSED.nc,ft24-920-18,326,2019-06-16 00:50:00,-59.7956,76.9731,False,False
/Volumes/Data/Work/SEALTAGS/Prydz/FLUO_LIGHT/PROCESSED/NC/ft24-920-18_all_prof_PROCESSED.nc,ft24-920-18,327,2019-06-16 12:30:00,-59.8246,77.2411,False,False
/Volumes/Data/Work/SEALTAGS/Prydz/FLUO_LIGHT/PROCESSED/NC/ft24-920-18_all_prof_PROCESSED.nc,ft24-920-18,328,2019-06-17 02:30:00,-59.7019,76.9769,False,False
/Volumes/Data/Work/SEALTAGS/Prydz/FLUO_LIGHT/PROCESSED/NC/ft24-920-18_all_prof_PROCESSED.nc,ft24-920-18,329,2019-06-17 12:20:00,-59.8218,76.9954,False,False
/Volumes/Data/Work/SEALTAGS/Prydz/FLUO_LIGHT/PROCESSED/NC/ft24-920-18_all_prof_PROCESSED.nc,ft24-920-18,330,2019-06-18 02:10:00,-59.7593,77.0707,False,False
/Volumes/Data/Work/SEALTAGS/Prydz/FLUO_LIGHT/PROCESSED/NC/ft24-920-18_all_prof_PROCESSED.nc,ft24-920-18,331,2019-06-18 12:20:00,-60.0344,77.0907,False,False
/Volumes/Data/Work/SEALTAGS/Prydz/FLUO_LIGHT/PROCESSED/NC/ft24-920-18_all_prof_PROCESSED.nc,ft24-920-18,332,2019-06-19 00:30:00,-59.7532,77.2951,False,False
/Volumes/Data/Work/SEALTAGS/Prydz/FLUO_LIGHT/PROCESSED/NC/ft24-920-18_all_prof_PROCESSED.nc,ft24-920-18,333,2019-06-19 12:10:00,-59.6688,77.3788,False,False
/Volumes/Data/Work/SEALTAGS/Prydz/FLUO_LIGHT/PROCESSED/NC/ft24-920-18_all_prof_PROCESSED.nc,ft24-920-18,334,2019-06-20 00:30:00,-59.7234,77.449,False,False
/Volumes/Data/Work/SEALTAGS/Prydz/FLUO_LIGHT/PROCESSED/NC/ft24-920-18_all_prof_PROCESSED.nc,ft24-920-18,335,2019-06-20 12:20:00,-59.7007,77.3851,False,False
/Volumes/Data/Work/SEALTAGS/Prydz/FLUO_LIGHT/PROCESSED/NC/ft24-920-18_all_prof_PROCESSED.nc,ft24-920-18,336,2019-06-21 01:30:00,-59.7611,77.528,False,False
/Volumes/Data/Work/SEALTAGS/Prydz/FLUO_LIGHT/PROCESSED/NC/ft24-920-18_all_prof_PROCESSED.nc,ft24-920-18,337,2019-06-21 17:20:00,-59.7812,77.4885,False,False
/Volumes/Data/Work/SEALTAGS/Prydz/FLUO_LIGHT/PROCESSED/NC/ft24-920-18_all_prof_PROCESSED.nc,ft24-920-18,338,2019-06-22 01:40:00,-59.6493,77.4091,False,False
/Volumes/Data/Work/SEALTAGS/Prydz/FLUO_LIGHT/PROCESSED/NC/ft24-920-18_all_prof_PROCESSED.nc,ft24-920-18,339,2019-06-22 12:50:00,-59.755,77.2766,False,False
/Volumes/Data/Work/SEALTAGS/Prydz/FLUO_LIGHT/PROCESSED/NC/ft24-920-18_all_prof_PROCESSED.nc,ft24-920-18,340,2019-06-23 00:40:00,-59.7895,77.0623,False,False
/Volumes/Data/Work/SEALTAGS/Prydz/FLUO_LIGHT/PROCESSED/NC/ft24-920-18_all_prof_PROCESSED.nc,ft24-920-18,341,2019-06-23 12:10:00,-59.7008,77.5507,False,False
/Volumes/Data/Work/SEALTAGS/Prydz/FLUO_LIGHT/PROCESSED/NC/ft24-920-18_all_prof_PROCESSED.nc,ft24-920-18,342,2019-06-24 00:50:00,-59.6478,77.4559,False,False
/Volumes/Data/Work/SEALTAGS/Prydz/FLUO_LIGHT/PROCESSED/NC/ft24-920-18_all_prof_PROCESSED.nc,ft24-920-18,343,2019-06-24 14:10:00,-59.7294,77.5935,False,False
/Volumes/Data/Work/SEALTAGS/Prydz/FLUO_LIGHT/PROCESSED/NC/ft24-920-18_all_prof_PROCESSED.nc,ft24-920-18,344,2019-06-25 01:00:00,-59.6512,77.202,False,False
/Volumes/Data/Work/SEALTAGS/Prydz/FLUO_LIGHT/PROCESSED/NC/ft24-920-18_all_prof_PROCESSED.nc,ft24-920-18,345,2019-06-25 19:00:00,-59.743,77.3743,False,False
/Volumes/Data/Work/SEALTAGS/Prydz/FLUO_LIGHT/PROCESSED/NC/ft24-920-18_all_prof_PROCESSED.nc,ft24-920-18,346,2019-06-26 00:40:00,-59.6536,77.6163,False,False
/Volumes/Data/Work/SEALTAGS/Prydz/FLUO_LIGHT/PROCESSED/NC/ft24-920-18_all_prof_PROCESSED.nc,ft24-920-18,347,2019-06-26 17:10:00,-59.7158,77.4886,False,False
/Volumes/Data/Work/SEALTAGS/Prydz/FLUO_LIGHT/PROCESSED/NC/ft24-920-18_all_prof_PROCESSED.nc,ft24-920-18,348,2019-06-27 01:30:00,-59.6185,77.3682,False,False
/Volumes/Data/Work/SEALTAGS/Prydz/FLUO_LIGHT/PROCESSED/NC/ft24-920-18_all_prof_PROCESSED.nc,ft24-920-18,349,2019-06-27 16:40:00,-59.6887,77.5702,False,False
/Volumes/Data/Work/SEALTAGS/Prydz/FLUO_LIGHT/PROCESSED/NC/ft24-920-18_all_prof_PROCESSED.nc,ft24-920-18,350,2019-06-28 02:00:00,-59.5273,77.4305,False,False
/Volumes/Data/Work/SEALTAGS/Prydz/FLUO_LIGHT/PROCESSED/NC/ft24-920-18_all_prof_PROCESSED.nc,ft24-920-18,351,2019-06-28 12:30:00,-59.4817,77.5453,False,False
/Volumes/Data/Work/SEALTAGS/Prydz/FLUO_LIGHT/PROCESSED/NC/ft24-920-18_all_prof_PROCESSED.nc,ft24-920-18,352,2019-06-29 00:40:00,-59.3522,77.6109,False,False
/Volumes/Data/Work/SEALTAGS/Prydz/FLUO_LIGHT/PROCESSED/NC/ft24-920-18_all_prof_PROCESSED.nc,ft24-920-18,353,2019-06-29 12:20:00,-59.5226,77.5667,False,False
/Volumes/Data/Work/SEALTAGS/Prydz/FLUO_LIGHT/PROCESSED/NC/ft24-920-18_all_prof_PROCESSED.nc,ft24-920-18,354,2019-06-30 00:20:00,-59.2379,77.493,False,False
/Volumes/Data/Work/SEALTAGS/Prydz/FLUO_LIGHT/PROCESSED/NC/ft24-920-18_all_prof_PROCESSED.nc,ft24-920-18,355,2019-06-30 16:30:00,-59.0006,77.2631,False,False
/Volumes/Data/Work/SEALTAGS/Prydz/FLUO_LIGHT/PROCESSED/NC/ft24-920-18_all_prof_PROCESSED.nc,ft24-920-18,356,2019-07-01 02:50:00,-58.8731,77.7776,False,False
/Volumes/Data/Work/SEALTAGS/Prydz/FLUO_LIGHT/PROCESSED/NC/ft24-920-18_all_prof_PROCESSED.nc,ft24-920-18,357,2019-07-01 19:50:00,-58.4575,76.9263,False,False
/Volumes/Data/Work/SEALTAGS/Prydz/FLUO_LIGHT/PROCESSED/NC/ft24-920-18_all_prof_PROCESSED.nc,ft24-920-18,358,2019-07-02 02:40:00,-58.3566,76.3229,False,False
/Volumes/Data/Work/SEALTAGS/Prydz/FLUO_LIGHT/PROCESSED/NC/ft24-920-18_all_prof_PROCESSED.nc,ft24-920-18,359,2019-07-03 06:00:00,-57.6945,75.934,True,False
/Volumes/Data/Work/SEALTAGS/Prydz/FLUO_LIGHT/PROCESSED/NC/ft24-920-18_all_prof_PROCESSED.nc,ft24-920-18,360,2019-07-03 18:50:00,-57.0826,75.7129,False,False
/Volumes/Data/Work/SEALTAGS/Prydz/FLUO_LIGHT/PROCESSED/NC/ft24-920-18_all_prof_PROCESSED.nc,ft24-920-18,361,2019-07-04 08:30:00,-56.5647,75.9711,True,False
/Volumes/Data/Work/SEALTAGS/Prydz/FLUO_LIGHT/PROCESSED/NC/ft24-920-18_all_prof_PROCESSED.nc,ft24-920-18,362,2019-07-04 13:10:00,-56.2968,75.9043,False,False
/Volumes/Data/Work/SEALTAGS/Prydz/FLUO_LIGHT/PROCESSED/NC/ft24-920-18_all_prof_PROCESSED.nc,ft24-920-18,363,2019-07-05 01:50:00,-56.0664,75.3483,False,False
/Volumes/Data/Work/SEALTAGS/Prydz/FLUO_LIGHT/PROCESSED/NC/ft24-920-18_all_prof_PROCESSED.nc,ft24-920-18,364,2019-07-05 15:00:00,-55.5516,75.2034,False,False
/Volumes/Data/Work/SEALTAGS/Prydz/FLUO_LIGHT/PROCESSED/NC/ft24-920-18_all_prof_PROCESSED.nc,ft24-920-18,365,2019-07-06 02:30:00,-55.279,74.941,False,False
/Volumes/Data/Work/SEALTAGS/Prydz/FLUO_LIGHT/PROCESSED/NC/ft24-920-18_all_prof_PROCESSED.nc,ft24-920-18,366,2019-07-06 22:30:00,-54.7311,74.703,False,False
/Volumes/Data/Work/SEALTAGS/Prydz/FLUO_LIGHT/PROCESSED/NC/ft24-920-18_all_prof_PROCESSED.nc,ft24-920-18,367,2019-07-07 01:20:00,-54.512,74.5991,False,False
/Volumes/Data/Work/SEALTAGS/Prydz/FLUO_LIGHT/PROCESSED/NC/ft24-920-18_all_prof_PROCESSED.nc,ft24-920-18,368,2019-07-07 18:10:00,-53.9974,74.2184,False,False
/Volumes/Data/Work/SEALTAGS/Prydz/FLUO_LIGHT/PROCESSED/NC/ft24-920-18_all_prof_PROCESSED.nc,ft24-920-18,369,2019-07-08 07:50:00,-53.6869,74.2101,True,False
/Volumes/Data/Work/SEALTAGS/Prydz/FLUO_LIGHT/PROCESSED/NC/ft24-920-18_all_prof_PROCESSED.nc,ft24-920-18,370,2019-07-08 23:30:00,-53.1796,74.6968,False,False
/Volumes/Data/Work/SEALTAGS/Prydz/FLUO_LIGHT/PROCESSED/NC/ft24-920-18_all_prof_PROCESSED.nc,ft24-920-18,371,2019-07-09 02:20:00,-53.0446,74.5856,False,False
/Volumes/Data/Work/SEALTAGS/Prydz/FLUO_LIGHT/PROCESSED/NC/ft24-920-18_all_prof_PROCESSED.nc,ft24-920-18,372,2019-07-09 15:30:00,-52.5919,74.6822,False,False
/Volumes/Data/Work/SEALTAGS/Prydz/FLUO_LIGHT/PROCESSED/NC/ft24-920-18_all_prof_PROCESSED.nc,ft24-920-18,373,2019-07-10 09:30:00,-51.8153,74.2074,True,False
/Volumes/Data/Work/SEALTAGS/Prydz/FLUO_LIGHT/PROCESSED/NC/ft24-920-18_all_prof_PROCESSED.nc,ft24-920-18,374,2019-07-10 15:30:00,-51.6233,73.9401,False,False
/Volumes/Data/Work/SEALTAGS/Prydz/FLUO_LIGHT/PROCESSED/NC/ft24-920-18_all_prof_PROCESSED.nc,ft24-920-18,375,2019-07-11 11:30:00,-51.0227,73.7603,False,False
/Volumes/Data/Work/SEALTAGS/Prydz/FLUO_LIGHT/PROCESSED/NC/ft24-920-18_all_prof_PROCESSED.nc,ft24-920-18,376,2019-07-11 15:20:00,-50.8815,73.7303,False,False
/Volumes/Data/Work/SEALTAGS/Prydz/FLUO_LIGHT/PROCESSED/NC/ft24-920-18_all_prof_PROCESSED.nc,ft24-920-18,377,2019-07-12 03:10:00,-50.5914,72.9779,False,False
/Volumes/Data/Work/SEALTAGS/Prydz/FLUO_LIGHT/PROCESSED/NC/ft24-920-18_all_prof_PROCESSED.nc,ft24-920-18,378,2019-07-12 14:20:00,-50.2837,72.5919,False,False
/Volumes/Data/Work/SEALTAGS/Prydz/FLUO_LIGHT/PROCESSED/NC/ft24-920-18_all_prof_PROCESSED.nc,ft24-920-18,379,2019-07-13 03:20:00,-49.9193,72.0514,True,False
/Volumes/Data/Work/SEALTAGS/Prydz/FLUO_LIGHT/PROCESSED/NC/ft24-920-18_all_prof_PROCESSED.nc,ft24-920-18,380,2019-07-13 14:20:00,-49.6779,71.7406,False,False
/Volumes/Data/Work/SEALTAGS/Prydz/FLUO_LIGHT/PROCESSED/NC/ft24-920-18_all_prof_PROCESSED.nc,ft24-920-18,381,2019-08-13 22:50:00,-49.2479,70.4931,False,False
/Volumes/Data/Work/SEALTAGS/Prydz/FLUO_LIGHT/PROCESSED/NC/ft24-920-18_all_prof_PROCESSED.nc,ft24-920-18,382,2019-08-14 03:10:00,-49.2153,70.8459,True,False
/Volumes/Data/Work/SEALTAGS/Prydz/FLUO_LIGHT/PROCESSED/NC/ft24-920-18_all_prof_PROCESSED.nc,ft24-920-18,383,2019-08-15 07:20:00,-49.408,72.8279,True,False
/Volumes/Data/Work/SEALTAGS/Prydz/FLUO_LIGHT/PROCESSED/NC/ft24-920-18_all_prof_PROCESSED.nc,ft24-920-18,384,2019-08-15 13:50:00,-49.4565,73.0298,False,False
/Volumes/Data/Work/SEALTAGS/Prydz/FLUO_LIGHT/PROCESSED/NC/ft24-920-18_all_prof_PROCESSED.nc,ft24-920-18,385,2019-08-16 01:50:00,-49.6836,73.8368,False,False
/Volumes/Data/Work/SEALTAGS/Prydz/FLUO_LIGHT/PROCESSED/NC/ft24-920-18_all_prof_PROCESSED.nc,ft24-920-18,386,2019-08-16 18:30:00,-49.8971,74.2723,False,False
/Volumes/Data/Work/SEALTAGS/Prydz/FLUO_LIGHT/PROCESSED/NC/ft24-920-18_all_prof_PROCESSED.nc,ft24-920-18,387,2019-08-17 06:10:00,-49.943,74.6088,True,False
/Volumes/Data/Work/SEALTAGS/Prydz/FLUO_LIGHT/PROCESSED/NC/ft24-920-18_all_prof_PROCESSED.nc,ft24-920-18,388,2019-08-17 20:00:00,-50.4325,75.4069,False,False
/Volumes/Data/Work/SEALTAGS/Prydz/FLUO_LIGHT/PROCESSED/NC/ft24-920-18_all_prof_PROCESSED.nc,ft24-920-18,389,2019-08-18 10:40:00,-50.8561,75.9113,True,False
/Volumes/Data/Work/SEALTAGS/Prydz/FLUO_LIGHT/PROCESSED/NC/ft24-920-18_all_prof_PROCESSED.nc,ft24-920-18,390,2019-08-18 14:00:00,-50.9728,76.1042,False,False
/Volumes/Data/Work/SEALTAGS/Prydz/FLUO_LIGHT/PROCESSED/NC/ft24-921-18_all_prof_PROCESSED.nc,ft24-921-18,1,2018-12-26 11:20:00,-49.5206,70.5087,True,False
/Volumes/Data/Work/SEALTAGS/Prydz/FLUO_LIGHT/PROCESSED/NC/ft24-921-18_all_prof_PROCESSED.nc,ft24-921-18,2,2018-12-26 20:30:00,-49.8208,70.8018,False,False
/Volumes/Data/Work/SEALTAGS/Prydz/FLUO_LIGHT/PROCESSED/NC/ft24-921-18_all_prof_PROCESSED.nc,ft24-921-18,3,2018-12-27 03:40:00,-50.097,71.1169,True,False
/Volumes/Data/Work/SEALTAGS/Prydz/FLUO_LIGHT/PROCESSED/NC/ft24-921-18_all_prof_PROCESSED.nc,ft24-921-18,4,2018-12-27 14:10:00,-50.4155,71.3735,True,False
/Volumes/Data/Work/SEALTAGS/Prydz/FLUO_LIGHT/PROCESSED/NC/ft24-921-18_all_prof_PROCESSED.nc,ft24-921-18,5,2018-12-28 02:20:00,-50.9035,71.8346,True,False
/Volumes/Data/Work/SEALTAGS/Prydz/FLUO_LIGHT/PROCESSED/NC/ft24-921-18_all_prof_PROCESSED.nc,ft24-921-18,6,2018-12-28 23:30:00,-51.6818,72.3807,True,False
/Volumes/Data/Work/SEALTAGS/Prydz/FLUO_LIGHT/PROCESSED/NC/ft24-921-18_all_prof_PROCESSED.nc,ft24-921-18,7,2018-12-29 05:40:00,-51.8811,72.6651,True,False
/Volumes/Data/Work/SEALTAGS/Prydz/FLUO_LIGHT/PROCESSED/NC/ft24-921-18_all_prof_PROCESSED.nc,ft24-921-18,8,2018-12-29 15:20:00,-52.237,72.9455,True,False
/Volumes/Data/Work/SEALTAGS/Prydz/FLUO_LIGHT/PROCESSED/NC/ft24-921-18_all_prof_PROCESSED.nc,ft24-921-18,9,2018-12-30 08:10:00,-52.8134,73.7632,True,False
/Volumes/Data/Work/SEALTAGS/Prydz/FLUO_LIGHT/PROCESSED/NC/ft24-921-18_all_prof_PROCESSED.nc,ft24-921-18,10,2018-12-30 19:50:00,-52.9756,74.7137,False,False
/Volumes/Data/Work/SEALTAGS/Prydz/FLUO_LIGHT/PROCESSED/NC/ft24-921-18_all_prof_PROCESSED.nc,ft24-921-18,11,2018-12-31 03:10:00,-53.2447,74.9244,True,False
/Volumes/Data/Work/SEALTAGS/Prydz/FLUO_LIGHT/PROCESSED/NC/ft24-921-18_all_prof_PROCESSED.nc,ft24-921-18,12,2018-12-31 23:20:00,-53.9152,75.7972,True,False
/Volumes/Data/Work/SEALTAGS/Prydz/FLUO_LIGHT/PROCESSED/NC/ft24-921-18_all_prof_PROCESSED.nc,ft24-921-18,13,2019-01-01 03:20:00,-54.0182,75.9075,True,False
/Volumes/Data/Work/SEALTAGS/Prydz/FLUO_LIGHT/PROCESSED/NC/ft24-921-18_all_prof_PROCESSED.nc,ft24-921-18,14,2019-01-01 23:30:00,-54.85,76.4903,True,False
/Volumes/Data/Work/SEALTAGS/Prydz/FLUO_LIGHT/PROCESSED/NC/ft24-921-18_all_prof_PROCESSED.nc,ft24-921-18,15,2019-01-02 05:10:00,-55.0837,76.6929,True,False
/Volumes/Data/Work/SEALTAGS/Prydz/FLUO_LIGHT/PROCESSED/NC/ft24-921-18_all_prof_PROCESSED.nc,ft24-921-18,16,2019-01-02 19:30:00,-55.5492,77.2601,False,False
/Volumes/Data/Work/SEALTAGS/Prydz/FLUO_LIGHT/PROCESSED/NC/ft24-921-18_all_prof_PROCESSED.nc,ft24-921-18,17,2019-01-03 09:00:00,-55.875,78.0775,True,False
/Volumes/Data/Work/SEALTAGS/Prydz/FLUO_LIGHT/PROCESSED/NC/ft24-921-18_all_prof_PROCESSED.nc,ft24-921-18,18,2019-01-03 15:10:00,-56.1285,78.306,True,False
/Volumes/Data/Work/SEALTAGS/Prydz/FLUO_LIGHT/PROCESSED/NC/ft24-921-18_all_prof_PROCESSED.nc,ft24-921-18,19,2019-01-04 07:30:00,-56.75,78.5451,True,False
/Volumes/Data/Work/SEALTAGS/Prydz/FLUO_LIGHT/PROCESSED/NC/ft24-921-18_all_prof_PROCESSED.nc,ft24-921-18,20,2019-01-04 19:40:00,-57.1814,79.1306,False,False
/Volumes/Data/Work/SEALTAGS/Prydz/FLUO_LIGHT/PROCESSED/NC/ft24-921-18_all_prof_PROCESSED.nc,ft24-921-18,21,2019-01-05 04:10:00,-57.54,79.2278,True,False
/Volumes/Data/Work/SEALTAGS/Prydz/FLUO_LIGHT/PROCESSED/NC/ft24-921-18_all_prof_PROCESSED.nc,ft24-921-18,22,2019-01-05 18:30:00,-58.1338,79.3039,False,False
/Volumes/Data/Work/SEALTAGS/Prydz/FLUO_LIGHT/PROCESSED/NC/ft24-921-18_all_prof_PROCESSED.nc,ft24-921-18,23,2019-01-06 03:40:00,-58.4344,79.3278,True,False
/Volumes/Data/Work/SEALTAGS/Prydz/FLUO_LIGHT/PROCESSED/NC/ft24-921-18_all_prof_PROCESSED.nc,ft24-921-18,24,2019-01-06 18:10:00,-59.0658,79.7943,False,False
/Volumes/Data/Work/SEALTAGS/Prydz/FLUO_LIGHT/PROCESSED/NC/ft24-921-18_all_prof_PROCESSED.nc,ft24-921-18,25,2019-01-07 04:10:00,-59.4198,79.9973,True,False
/Volumes/Data/Work/SEALTAGS/Prydz/FLUO_LIGHT/PROCESSED/NC/ft24-921-18_all_prof_PROCESSED.nc,ft24-921-18,26,2019-01-08 07:50:00,-60.2962,80.4342,True,False
/Volumes/Data/Work/SEALTAGS/Prydz/FLUO_LIGHT/PROCESSED/NC/ft24-921-18_all_prof_PROCESSED.nc,ft24-921-18,27,2019-01-08 19:10:00,-60.6367,80.6724,False,False
/Volumes/Data/Work/SEALTAGS/Prydz/FLUO_LIGHT/PROCESSED/NC/ft24-921-18_all_prof_PROCESSED.nc,ft24-921-18,28,2019-01-09 04:10:00,-60.9245,80.8886,True,False
/Volumes/Data/Work/SEALTAGS/Prydz/FLUO_LIGHT/PROCESSED/NC/ft24-921-18_all_prof_PROCESSED.nc,ft24-921-18,29,2019-01-09 23:50:00,-61.4015,81.3751,True,False
/Volumes/Data/Work/SEALTAGS/Prydz/FLUO_LIGHT/PROCESSED/NC/ft24-921-18_all_prof_PROCESSED.nc,ft24-921-18,30,2019-01-10 05:40:00,-61.4146,81.3933,True,False
/Volumes/Data/Work/SEALTAGS/Prydz/FLUO_LIGHT/PROCESSED/NC/ft24-921-18_all_prof_PROCESSED.nc,ft24-921-18,31,2019-01-11 03:00:00,-61.6453,81.8587,True,False
/Volumes/Data/Work/SEALTAGS/Prydz/FLUO_LIGHT/PROCESSED/NC/ft24-921-18_all_prof_PROCESSED.nc,ft24-921-18,32,2019-01-11 23:50:00,-61.9592,82.576,True,False
/Volumes/Data/Work/SEALTAGS/Prydz/FLUO_LIGHT/PROCESSED/NC/ft24-921-18_all_prof_PROCESSED.nc,ft24-921-18,33,2019-01-12 08:10:00,-62.0327,82.7046,True,False
/Volumes/Data/Work/SEALTAGS/Prydz/FLUO_LIGHT/PROCESSED/NC/ft24-921-18_all_prof_PROCESSED.nc,ft24-921-18,34,2019-01-13 00:00:00,-62.067,82.8482,True,False
/Volumes/Data/Work/SEALTAGS/Prydz/FLUO_LIGHT/PROCESSED/NC/ft24-921-18_all_prof_PROCESSED.nc,ft24-921-18,35,2019-01-13 17:30:00,-62.091,83.1197,False,False
/Volumes/Data/Work/SEALTAGS/Prydz/FLUO_LIGHT/PROCESSED/NC/ft24-921-18_all_prof_PROCESSED.nc,ft24-921-18,36,2019-01-14 08:40:00,-62.3829,83.5222,True,False
/Volumes/Data/Work/SEALTAGS/Prydz/FLUO_LIGHT/PROCESSED/NC/ft24-921-18_all_prof_PROCESSED.nc,ft24-921-18,37,2019-01-14 23:30:00,-62.8356,84.0344,True,False
/Volumes/Data/Work/SEALTAGS/Prydz/FLUO_LIGHT/PROCESSED/NC/ft24-921-18_all_prof_PROCESSED.nc,ft24-921-18,38,2019-01-15 02:50:00,-62.8553,83.953,True,False
/Volumes/Data/Work/SEALTAGS/Prydz/FLUO_LIGHT/PROCESSED/NC/ft24-921-18_all_prof_PROCESSED.nc,ft24-921-18,39,2019-01-15 21:10:00,-63.5125,84.2713,True,False
/Volumes/Data/Work/SEALTAGS/Prydz/FLUO_LIGHT/PROCESSED/NC/ft24-921-18_all_prof_PROCESSED.nc,ft24-921-18,40,2019-01-16 02:40:00,-63.7023,84.5137,True,False
/Volumes/Data/Work/SEALTAGS/Prydz/FLUO_LIGHT/PROCESSED/NC/ft24-921-18_all_prof_PROCESSED.nc,ft24-921-18,41,2019-01-16 15:10:00,-63.9863,85.3635,True,False
/Volumes/Data/Work/SEALTAGS/Prydz/FLUO_LIGHT/PROCESSED/NC/ft24-921-18_all_prof_PROCESSED.nc,ft24-921-18,42,2019-01-17 02:10:00,-64.3116,86.0848,True,False
/Volumes/Data/Work/SEALTAGS/Prydz/FLUO_LIGHT/PROCESSED/NC/ft24-921-18_all_prof_PROCESSED.nc,ft24-921-18,43,2019-01-17 14:10:00,-64.6732,86.807,True,False
/Volumes/Data/Work/SEALTAGS/Prydz/FLUO_LIGHT/PROCESSED/NC/ft24-921-18_all_prof_PROCESSED.nc,ft24-921-18,44,2019-01-18 08:40:00,-65.1573,88.1351,True,False
/Volumes/Data/Work/SEALTAGS/Prydz/FLUO_LIGHT/PROCESSED/NC/ft24-921-18_all_prof_PROCESSED.nc,ft24-921-18,45,2019-01-18 13:10:00,-65.2941,88.5242,True,False
/Volumes/Data/Work/SEALTAGS/Prydz/FLUO_LIGHT/PROCESSED/NC/ft24-921-18_all_prof_PROCESSED.nc,ft24-921-18,46,2019-01-19 07:50:00,-65.739,90.3559,True,False
/Volumes/Data/Work/SEALTAGS/Prydz/FLUO_LIGHT/PROCESSED/NC/ft24-921-18_all_prof_PROCESSED.nc,ft24-921-18,47,2019-01-19 14:50:00,-65.7687,90.5343,True,False
/Volumes/Data/Work/SEALTAGS/Prydz/FLUO_LIGHT/PROCESSED/NC/ft24-921-18_all_prof_PROCESSED.nc,ft24-921-18,48,2019-01-20 02:00:00,-65.8956,91.117,True,False
/Volumes/Data/Work/SEALTAGS/Prydz/FLUO_LIGHT/PROCESSED/NC/ft24-921-18_all_prof_PROCESSED.nc,ft24-921-18,49,2019-01-20 14:00:00,-65.8923,91.6321,True,False
/Volumes/Data/Work/SEALTAGS/Prydz/FLUO_LIGHT/PROCESSED/NC/ft24-921-18_all_prof_PROCESSED.nc,ft24-921-18,50,2019-01-21 10:20:00,-65.8555,93.1867,True,False
/Volumes/Data/Work/SEALTAGS/Prydz/FLUO_LIGHT/PROCESSED/NC/ft24-921-18_all_prof_PROCESSED.nc,ft24-921-18,51,2019-01-21 15:30:00,-65.8359,93.5713,True,False
/Volumes/Data/Work/SEALTAGS/Prydz/FLUO_LIGHT/PROCESSED/NC/ft24-921-18_all_prof_PROCESSED.nc,ft24-921-18,52,2019-01-22 04:00:00,-65.963,94.0887,True,False
/Volumes/Data/Work/SEALTAGS/Prydz/FLUO_LIGHT/PROCESSED/NC/ft24-921-18_all_prof_PROCESSED.nc,ft24-921-18,53,2019-01-22 19:50:00,-65.7678,94.6288,False,False
/Volumes/Data/Work/SEALTAGS/Prydz/FLUO_LIGHT/PROCESSED/NC/ft24-921-18_all_prof_PROCESSED.nc,ft24-921-18,54,2019-01-23 02:50:00,-65.6387,94.6249,True,False
/Volumes/Data/Work/SEALTAGS/Prydz/FLUO_LIGHT/PROCESSED/NC/ft24-921-18_all_prof_PROCESSED.nc,ft24-921-18,55,2019-01-23 20:10:00,-65.5804,94.2021,False,False
/Volumes/Data/Work/SEALTAGS/Prydz/FLUO_LIGHT/PROCESSED/NC/ft24-921-18_all_prof_PROCESSED.nc,ft24-921-18,56,2019-01-24 02:10:00,-65.5685,93.9426,True,False
/Volumes/Data/Work/SEALTAGS/Prydz/FLUO_LIGHT/PROCESSED/NC/ft24-921-18_all_prof_PROCESSED.nc,ft24-921-18,57,2019-01-24 15:10:00,-65.4799,93.7176,True,False
/Volumes/Data/Work/SEALTAGS/Prydz/FLUO_LIGHT/PROCESSED/NC/ft24-921-18_all_prof_PROCESSED.nc,ft24-921-18,58,2019-01-25 14:50:00,-65.4445,93.6812,True,False
/Volumes/Data/Work/SEALTAGS/Prydz/FLUO_LIGHT/PROCESSED/NC/ft24-921-18_all_prof_PROCESSED.nc,ft24-921-18,59,2019-01-26 12:00:00,-65.4004,93.6313,True,False
/Volumes/Data/Work/SEALTAGS/Prydz/FLUO_LIGHT/PROCESSED/NC/ft24-921-18_all_prof_PROCESSED.nc,ft24-921-18,60,2019-01-27 06:50:00,-65.3026,93.5447,True,False
/Volumes/Data/Work/SEALTAGS/Prydz/FLUO_LIGHT/PROCESSED/NC/ft24-921-18_all_prof_PROCESSED.nc,ft24-921-18,61,2019-01-27 21:30:00,-65.3225,93.7052,True,False
/Volumes/Data/Work/SEALTAGS/Prydz/FLUO_LIGHT/PROCESSED/NC/ft24-921-18_all_prof_PROCESSED.nc,ft24-921-18,62,2019-01-28 02:10:00,-65.3038,93.6642,True,False
/Volumes/Data/Work/SEALTAGS/Prydz/FLUO_LIGHT/PROCESSED/NC/ft24-921-18_all_prof_PROCESSED.nc,ft24-921-18,63,2019-01-28 14:40:00,-65.2315,93.6924,True,False
/Volumes/Data/Work/SEALTAGS/Prydz/FLUO_LIGHT/PROCESSED/NC/ft24-921-18_all_prof_PROCESSED.nc,ft24-921-18,64,2019-01-29 02:20:00,-65.2952,93.7336,True,False
/Volumes/Data/Work/SEALTAGS/Prydz/FLUO_LIGHT/PROCESSED/NC/ft24-921-18_all_prof_PROCESSED.nc,ft24-921-18,65,2019-01-29 22:10:00,-65.209,93.9971,True,False
/Volumes/Data/Work/SEALTAGS/Prydz/FLUO_LIGHT/PROCESSED/NC/ft24-921-18_all_prof_PROCESSED.nc,ft24-921-18,66,2019-01-30 04:00:00,-65.2174,94.1545,True,False
/Volumes/Data/Work/SEALTAGS/Prydz/FLUO_LIGHT/PROCESSED/NC/ft24-921-18_all_prof_PROCESSED.nc,ft24-921-18,67,2019-01-30 14:10:00,-65.2258,94.2236,True,False
/Volumes/Data/Work/SEALTAGS/Prydz/FLUO_LIGHT/PROCESSED/NC/ft24-921-18_all_prof_PROCESSED.nc,ft24-921-18,68,2019-01-31 02:00:00,-65.2063,94.3762,True,False
/Volumes/Data/Work/SEALTAGS/Prydz/FLUO_LIGHT/PROCESSED/NC/ft24-921-18_all_prof_PROCESSED.nc,ft24-921-18,69,2019-01-31 14:00:00,-65.2275,94.2828,True,False
/Volumes/Data/Work/SEALTAGS/Prydz/FLUO_LIGHT/PROCESSED/NC/ft24-921-18_all_prof_PROCESSED.nc,ft24-921-18,70,2019-02-01 02:10:00,-65.2597,94.2394,True,False
/Volumes/Data/Work/SEALTAGS/Prydz/FLUO_LIGHT/PROCESSED/NC/ft24-921-18_all_prof_PROCESSED.nc,ft24-921-18,71,2019-02-01 14:40:00,-65.2811,94.2631,True,False
/Volumes/Data/Work/SEALTAGS/Prydz/FLUO_LIGHT/PROCESSED/NC/ft24-921-18_all_prof_PROCESSED.nc,ft24-921-18,72,2019-02-02 03:10:00,-65.1039,94.6782,True,False
/Volumes/Data/Work/SEALTAGS/Prydz/FLUO_LIGHT/PROCESSED/NC/ft24-921-18_all_prof_PROCESSED.nc,ft24-921-18,73,2019-02-02 15:00:00,-65.1136,94.6971,False,False
/Volumes/Data/Work/SEALTAGS/Prydz/FLUO_LIGHT/PROCESSED/NC/ft24-921-18_all_prof_PROCESSED.nc,ft24-921-18,74,2019-02-03 03:10:00,-65.1746,94.6768,True,False
/Volumes/Data/Work/SEALTAGS/Prydz/FLUO_LIGHT/PROCESSED/NC/ft24-921-18_all_prof_PROCESSED.nc,ft24-921-18,75,2019-02-03 22:50:00,-65.0322,94.697,True,False
/Volumes/Data/Work/SEALTAGS/Prydz/FLUO_LIGHT/PROCESSED/NC/ft24-921-18_all_prof_PROCESSED.nc,ft24-921-18,76,2019-02-04 03:10:00,-65.0457,94.649,True,False
/Volumes/Data/Work/SEALTAGS/Prydz/FLUO_LIGHT/PROCESSED/NC/ft24-921-18_all_prof_PROCESSED.nc,ft24-921-18,77,2019-02-04 15:10:00,-65.0484,94.6597,False,False
/Volumes/Data/Work/SEALTAGS/Prydz/FLUO_LIGHT/PROCESSED/NC/ft24-921-18_all_prof_PROCESSED.nc,ft24-921-18,78,2019-02-05 03:20:00,-65.0908,94.5486,True,False
/Volumes/Data/Work/SEALTAGS/Prydz/FLUO_LIGHT/PROCESSED/NC/ft24-921-18_all_prof_PROCESSED.nc,ft24-921-18,79,2019-02-05 18:00:00,-65.1503,94.8881,False,False
/Volumes/Data/Work/SEALTAGS/Prydz/FLUO_LIGHT/PROCESSED/NC/ft24-921-18_all_prof_PROCESSED.nc,ft24-921-18,80,2019-02-06 03:10:00,-65.3062,94.8236,True,False
/Volumes/Data/Work/SEALTAGS/Prydz/FLUO_LIGHT/PROCESSED/NC/ft24-921-18_all_prof_PROCESSED.nc,ft24-921-18,81,2019-02-06 15:00:00,-65.2605,94.6743,False,False
/Volumes/Data/Work/SEALTAGS/Prydz/FLUO_LIGHT/PROCESSED/NC/ft24-921-18_all_prof_PROCESSED.nc,ft24-921-18,82,2019-02-07 03:00:00,-65.2592,94.8322,True,False
/Volumes/Data/Work/SEALTAGS/Prydz/FLUO_LIGHT/PROCESSED/NC/ft24-921-18_all_prof_PROCESSED.nc,ft24-921-18,83,2019-02-07 16:00:00,-65.3621,94.5471,False,False
/Volumes/Data/Work/SEALTAGS/Prydz/FLUO_LIGHT/PROCESSED/NC/ft24-921-18_all_prof_PROCESSED.nc,ft24-921-18,84,2019-02-08 01:40:00,-65.5723,94.4109,True,False
/Volumes/Data/Work/SEALTAGS/Prydz/FLUO_LIGHT/PROCESSED/NC/ft24-921-18_all_prof_PROCESSED.nc,ft24-921-18,85,2019-02-08 16:20:00,-65.7269,93.9491,False,False
/Volumes/Data/Work/SEALTAGS/Prydz/FLUO_LIGHT/PROCESSED/NC/ft24-921-18_all_prof_PROCESSED.nc,ft24-921-18,86,2019-02-09 03:20:00,-65.8676,93.2496,True,False
/Volumes/Data/Work/SEALTAGS/Prydz/FLUO_LIGHT/PROCESSED/NC/ft24-921-18_all_prof_PROCESSED.nc,ft24-921-18,87,2019-02-09 17:30:00,-65.7309,92.8078,False,False
/Volumes/Data/Work/SEALTAGS/Prydz/FLUO_LIGHT/PROCESSED/NC/ft24-921-18_all_prof_PROCESSED.nc,ft24-921-18,88,2019-02-10 03:20:00,-65.7167,92.8104,True,False
/Volumes/Data/Work/SEALTAGS/Prydz/FLUO_LIGHT/PROCESSED/NC/ft24-921-18_all_prof_PROCESSED.nc,ft24-921-18,89,2019-02-10 15:10:00,-65.6874,93.0091,False,False
/Volumes/Data/Work/SEALTAGS/Prydz/FLUO_LIGHT/PROCESSED/NC/ft24-921-18_all_prof_PROCESSED.nc,ft24-921-18,90,2019-02-11 09:20:00,-65.5129,93.2935,True,False
/Volumes/Data/Work/SEALTAGS/Prydz/FLUO_LIGHT/PROCESSED/NC/ft24-921-18_all_prof_PROCESSED.nc,ft24-921-18,91,2019-02-11 15:00:00,-65.5611,93.5133,False,False
/Volumes/Data/Work/SEALTAGS/Prydz/FLUO_LIGHT/PROCESSED/NC/ft24-921-18_all_prof_PROCESSED.nc,ft24-921-18,92,2019-02-12 05:30:00,-65.4849,93.5353,True,False
/Volumes/Data/Work/SEALTAGS/Prydz/FLUO_LIGHT/PROCESSED/NC/ft24-921-18_all_prof_PROCESSED.nc,ft24-921-18,93,2019-02-12 14:10:00,-65.3567,93.7307,True,False
/Volumes/Data/Work/SEALTAGS/Prydz/FLUO_LIGHT/PROCESSED/NC/ft24-921-18_all_prof_PROCESSED.nc,ft24-921-18,94,2019-02-13 03:10:00,-65.3375,94.204,True,False
/Volumes/Data/Work/SEALTAGS/Prydz/FLUO_LIGHT/PROCESSED/NC/ft24-921-18_all_prof_PROCESSED.nc,ft24-921-18,95,2019-02-13 14:20:00,-65.2369,94.4456,False,False
/Volumes/Data/Work/SEALTAGS/Prydz/FLUO_LIGHT/PROCESSED/NC/ft24-921-18_all_prof_PROCESSED.nc,ft24-921-18,96,2019-02-14 02:00:00,-65.3249,94.6361,True,False
/Volumes/Data/Work/SEALTAGS/Prydz/FLUO_LIGHT/PROCESSED/NC/ft24-921-18_all_prof_PROCESSED.nc,ft24-921-18,97,2019-02-14 15:00:00,-65.4256,95.0394,False,False
/Volumes/Data/Work/SEALTAGS/Prydz/FLUO_LIGHT/PROCESSED/NC/ft24-921-18_all_prof_PROCESSED.nc,ft24-921-18,98,2019-02-15 06:50:00,-65.177,95.3473,True,False
/Volumes/Data/Work/SEALTAGS/Prydz/FLUO_LIGHT/PROCESSED/NC/ft24-921-18_all_prof_PROCESSED.nc,ft24-921-18,99,2019-02-15 14:10:00,-65.0507,95.5451,False,False
/Volumes/Data/Work/SEALTAGS/Prydz/FLUO_LIGHT/PROCESSED/NC/ft24-921-18_all_prof_PROCESSED.nc,ft24-921-18,100,2019-02-16 06:40:00,-64.8488,95.9348,True,False
/Volumes/Data/Work/SEALTAGS/Prydz/FLUO_LIGHT/PROCESSED/NC/ft24-921-18_all_prof_PROCESSED.nc,ft24-921-18,101,2019-02-16 15:20:00,-64.9144,96.0805,False,False
/Volumes/Data/Work/SEALTAGS/Prydz/FLUO_LIGHT/PROCESSED/NC/ft24-921-18_all_prof_PROCESSED.nc,ft24-921-18,102,2019-02-17 02:30:00,-64.8829,95.9666,True,False
/Volumes/Data/Work/SEALTAGS/Prydz/FLUO_LIGHT/PROCESSED/NC/ft24-921-18_all_prof_PROCESSED.nc,ft24-921-18,103,2019-02-17 21:30:00,-64.9056,95.0906,False,False
/Volumes/Data/Work/SEALTAGS/Prydz/FLUO_LIGHT/PROCESSED/NC/ft24-921-18_all_prof_PROCESSED.nc,ft24-921-18,104,2019-02-18 22:00:00,-65.0077,94.6008,False,False
/Volumes/Data/Work/SEALTAGS/Prydz/FLUO_LIGHT/PROCESSED/NC/ft24-921-18_all_prof_PROCESSED.nc,ft24-921-18,105,2019-02-19 03:10:00,-65.0421,94.7267,True,False
/Volumes/Data/Work/SEALTAGS/Prydz/FLUO_LIGHT/PROCESSED/NC/ft24-921-18_all_prof_PROCESSED.nc,ft24-921-18,106,2019-02-19 17:20:00,-65.0168,94.6432,False,False
/Volumes/Data/Work/SEALTAGS/Prydz/FLUO_LIGHT/PROCESSED/NC/ft24-921-18_all_prof_PROCESSED.nc,ft24-921-18,107,2019-02-20 15:00:00,-65.151,94.4135,False,False
/Volumes/Data/Work/SEALTAGS/Prydz/FLUO_LIGHT/PROCESSED/NC/ft24-921-18_all_prof_PROCESSED.nc,ft24-921-18,108,2019-02-21 03:10:00,-65.1205,94.2415,True,False
/Volumes/Data/Work/SEALTAGS/Prydz/FLUO_LIGHT/PROCESSED/NC/ft24-921-18_all_prof_PROCESSED.nc,ft24-921-18,109,2019-02-21 14:10:00,-65.0491,94.0221,False,False
/Volumes/Data/Work/SEALTAGS/Prydz/FLUO_LIGHT/PROCESSED/NC/ft24-921-18_all_prof_PROCESSED.nc,ft24-921-18,110,2019-02-22 03:30:00,-65.0004,94.3076,True,False
/Volumes/Data/Work/SEALTAGS/Prydz/FLUO_LIGHT/PROCESSED/NC/ft24-921-18_all_prof_PROCESSED.nc,ft24-921-18,111,2019-02-22 23:00:00,-65.3089,94.1992,True,False
/Volumes/Data/Work/SEALTAGS/Prydz/FLUO_LIGHT/PROCESSED/NC/ft24-921-18_all_prof_PROCESSED.nc,ft24-921-18,112,2019-02-23 03:30:00,-65.4346,94.0868,True,False
/Volumes/Data/Work/SEALTAGS/Prydz/FLUO_LIGHT/PROCESSED/NC/ft24-921-18_all_prof_PROCESSED.nc,ft24-921-18,113,2019-02-23 13:20:00,-65.6083,94.171,True,False
/Volumes/Data/Work/SEALTAGS/Prydz/FLUO_LIGHT/PROCESSED/NC/ft24-921-18_all_prof_PROCESSED.nc,ft24-921-18,114,2019-02-24 02:30:00,-65.7859,93.3276,True,False
/Volumes/Data/Work/SEALTAGS/Prydz/FLUO_LIGHT/PROCESSED/NC/ft24-921-18_all_prof_PROCESSED.nc,ft24-921-18,115,2019-02-24 22:00:00,-66.0842,92.5081,False,False
/Volumes/Data/Work/SEALTAGS/Prydz/FLUO_LIGHT/PROCESSED/NC/ft24-921-18_all_prof_PROCESSED.nc,ft24-921-18,116,2019-02-25 11:50:00,-66.2115,92.3422,True,False
/Volumes/Data/Work/SEALTAGS/Prydz/FLUO_LIGHT/PROCESSED/NC/ft24-921-18_all_prof_PROCESSED.nc,ft24-921-18,117,2019-02-25 22:20:00,-66.3176,92.9216,False,False
/Volumes/Data/Work/SEALTAGS/Prydz/FLUO_LIGHT/PROCESSED/NC/ft24-921-18_all_prof_PROCESSED.nc,ft24-921-18,118,2019-02-26 02:20:00,-66.4179,93.0258,True,False
/Volumes/Data/Work/SEALTAGS/Prydz/FLUO_LIGHT/PROCESSED/NC/ft24-921-18_all_prof_PROCESSED.nc,ft24-921-18,119,2019-02-26 14:10:00,-66.4946,93.7918,False,False
/Volumes/Data/Work/SEALTAGS/Prydz/FLUO_LIGHT/PROCESSED/NC/ft24-921-18_all_prof_PROCESSED.nc,ft24-921-18,120,2019-02-27 03:20:00,-66.4078,94.7679,True,False
/Volumes/Data/Work/SEALTAGS/Prydz/FLUO_LIGHT/PROCESSED/NC/ft24-921-18_all_prof_PROCESSED.nc,ft24-921-18,121,2019-02-27 20:50:00,-66.3124,94.6893,False,False
/Volumes/Data/Work/SEALTAGS/Prydz/FLUO_LIGHT/PROCESSED/NC/ft24-921-18_all_prof_PROCESSED.nc,ft24-921-18,122,2019-02-28 09:10:00,-66.216,93.8226,True,False
/Volumes/Data/Work/SEALTAGS/Prydz/FLUO_LIGHT/PROCESSED/NC/ft24-921-18_all_prof_PROCESSED.nc,ft24-921-18,123,2019-02-28 16:40:00,-66.0198,93.5511,False,False
/Volumes/Data/Work/SEALTAGS/Prydz/FLUO_LIGHT/PROCESSED/NC/ft24-921-18_all_prof_PROCESSED.nc,ft24-921-18,124,2019-03-01 04:50:00,-65.8804,93.4605,True,False
/Volumes/Data/Work/SEALTAGS/Prydz/FLUO_LIGHT/PROCESSED/NC/ft24-921-18_all_prof_PROCESSED.nc,ft24-921-18,125,2019-03-01 15:20:00,-65.8731,93.2416,False,False
/Volumes/Data/Work/SEALTAGS/Prydz/FLUO_LIGHT/PROCESSED/NC/ft24-921-18_all_prof_PROCESSED.nc,ft24-921-18,126,2019-03-02 10:50:00,-65.9334,93.1391,True,False
/Volumes/Data/Work/SEALTAGS/Prydz/FLUO_LIGHT/PROCESSED/NC/ft24-921-18_all_prof_PROCESSED.nc,ft24-921-18,127,2019-03-02 15:20:00,-65.8815,92.9822,False,False
/Volumes/Data/Work/SEALTAGS/Prydz/FLUO_LIGHT/PROCESSED/NC/ft24-921-18_all_prof_PROCESSED.nc,ft24-921-18,128,2019-03-04 09:50:00,-65.4954,92.3624,True,False
/Volumes/Data/Work/SEALTAGS/Prydz/FLUO_LIGHT/PROCESSED/NC/ft24-921-18_all_prof_PROCESSED.nc,ft24-921-18,129,2019-03-05 06:20:00,-65.0609,92.5554,True,False
/Volumes/Data/Work/SEALTAGS/Prydz/FLUO_LIGHT/PROCESSED/NC/ft24-921-18_all_prof_PROCESSED.nc,ft24-921-18,130,2019-03-05 22:30:00,-64.6365,93.4568,False,False
/Volumes/Data/Work/SEALTAGS/Prydz/FLUO_LIGHT/PROCESSED/NC/ft24-921-18_all_prof_PROCESSED.nc,ft24-921-18,131,2019-03-07 10:20:00,-64.8808,95.383,True,False
/Volumes/Data/Work/SEALTAGS/Prydz/FLUO_LIGHT/PROCESSED/NC/ft24-921-18_all_prof_PROCESSED.nc,ft24-921-18,132,2019-03-08 03:20:00,-64.6386,96.4004,True,False
/Volumes/Data/Work/SEALTAGS/Prydz/FLUO_LIGHT/PROCESSED/NC/ft24-921-18_all_prof_PROCESSED.nc,ft24-921-18,133,2019-03-09 05:10:00,-64.2479,98.0412,True,False
