SEALTAG_NC_FILE,TAG_ID,PROFILE_NUM,RRS412,RRS443,RRS490,RRS555,RRS670,KD490,PAR,SATELLITE,N_VALID_PIXELS,CV_RRS,CV_KD490,CV_PAR
/Volumes/Data/Work/SEALTAGS/Prydz/FLUO_LIGHT/PROCESSED/NC/ct157-F116-20_all_prof_PROCESSED.nc,ct157-F116-20,1,0.0035203173756599,0.0040324218571186,0.0044421059520621,0.00253821125156,0.0003740011077178,0.0710319951176643,65.8855209350586,SUOMI_NPP,19,0.0349841571791814,0.0209143608808517,0.0003364357689861
/Volumes/Data/Work/SEALTAGS/Prydz/FLUO_LIGHT/PROCESSED/NC/ct157-F116-20_all_prof_PROCESSED.nc,ct157-F116-20,1,0.0029158011078834,0.0034036006778478,0.0039982009679079,0.0019796013832092,0.0003044012933969,0.0686555579304695,66.3800048828125,AQUA,10,0.0258472419856576,0.0205024443566799,0.0003464408509898
/Volumes/Data/Work/SEALTAGS/Prydz/FLUO_LIGHT/PROCESSED/NC/ct157-F116-20_all_prof_PROCESSED.nc,ct157-F116-20,20,0.0096355006098747,0.0084930006414651,0.0071917506866157,0.0022430005483329,0.0002702502533793,0.0422666668891906,63.9566650390625,AQUA,8,0.0118953998746291,0.026720929890871,0.0002355151082156
/Volumes/Data/Work/SEALTAGS/Prydz/FLUO_LIGHT/PROCESSED/NC/ct157-F116-20_all_prof_PROCESSED.nc,ct157-F116-20,37,0.0079480012257893,0.0070633341868718,0.0061040011545022,0.0031153336167335,0.0001446679234504,0.0626666620373725,61.24666976928711,SUOMI_NPP,3,0.048866718444449,0.0787952542304992,0.0041254893876612
/Volumes/Data/Work/SEALTAGS/Prydz/FLUO_LIGHT/PROCESSED/NC/ct157-F116-20_all_prof_PROCESSED.nc,ct157-F116-20,36,0.0072927373020272,0.006581053529915,0.006534737583838,0.0033316853407182,0.0003972641731563,0.0631679967045784,61.11448287963867,SUOMI_NPP,19,0.0643669092406277,0.0791498497128486,0.0031359987333416
/Volumes/Data/Work/SEALTAGS/Prydz/FLUO_LIGHT/PROCESSED/NC/ct157-F116-20_all_prof_PROCESSED.nc,ct157-F116-20,36,0.0070224221991865,0.00648947452244,0.0066681065057453,0.0030530534292522,0.0003730535115066,0.0613360032439231,61.192481994628906,NOAA_20,19,0.0707683262835245,0.0890684574842453,0.0031379801221191
/Volumes/Data/Work/SEALTAGS/Prydz/FLUO_LIGHT/PROCESSED/NC/ct157-F116-20_all_prof_PROCESSED.nc,ct157-F116-20,36,0.0069275009445846,0.0060947514139115,0.0062822508625686,0.0026702512986958,0.0003240010701119,0.0609846115112304,61.298770904541016,AQUA,8,0.0249300409502986,0.0384710431098938,0.0036393387708812
/Volumes/Data/Work/SEALTAGS/Prydz/FLUO_LIGHT/PROCESSED/NC/ct157-F116-20_all_prof_PROCESSED.nc,ct157-F116-20,39,0.0080784005423386,0.0068125339845816,0.0061206673582394,0.0030021342138449,0.0003137342631816,0.0600210502743721,60.62589263916016,SUOMI_NPP,15,0.0386260098817354,0.0289866048842668,0.0069632781669497
/Volumes/Data/Work/SEALTAGS/Prydz/FLUO_LIGHT/PROCESSED/NC/ct157-F116-20_all_prof_PROCESSED.nc,ct157-F116-20,38,0.0085753351449966,0.0069426683088143,0.0062733329832553,0.0033840015530586,0.0004546679556369,0.0664666593074798,60.843997955322266,SUOMI_NPP,3,0.1042730258279781,0.0454574301838874,0.0006242798408493
/Volumes/Data/Work/SEALTAGS/Prydz/FLUO_LIGHT/PROCESSED/NC/ct157-F118-20_all_prof_PROCESSED.nc,ct157-F118-20,7,0.0070160005022497,0.0064045894233619,0.0061248247237766,0.0036263538195806,0.0005295302938012,0.0789119973778724,62.186317443847656,NOAA_20,17,0.0166528847362115,0.023787098005414,4.786090721609071e-05
/Volumes/Data/Work/SEALTAGS/Prydz/FLUO_LIGHT/PROCESSED/NC/ct157-F118-20_all_prof_PROCESSED.nc,ct157-F118-20,7,0.0069724711425164,0.0059268244487397,0.0056843538494671,0.003154470859205,0.0004571770482203,0.0762159973382949,62.701202392578125,AQUA,17,0.0113074386670521,0.0230076611042022,0.0001842366909841
/Volumes/Data/Work/SEALTAGS/Prydz/FLUO_LIGHT/PROCESSED/NC/ct157-F118-20_all_prof_PROCESSED.nc,ct157-F118-20,17,0.0106037343541781,0.0094352006912231,0.0078964012364546,0.0025268008311589,0.0002362673481305,0.0355999991297721,59.11896133422851,SUOMI_NPP,15,0.0106944056121735,0.02034917101264,0.000154917317559
/Volumes/Data/Work/SEALTAGS/Prydz/FLUO_LIGHT/PROCESSED/NC/ct157-F118-20_all_prof_PROCESSED.nc,ct157-F118-20,17,0.0096708894189861,0.0090122233248419,0.0077781120522154,0.0024181120097637,0.0002824455085727,0.0369809493422508,59.05228042602539,NOAA_20,18,0.0177490341252355,0.1001945212483406,0.0005956123932264
/Volumes/Data/Work/SEALTAGS/Prydz/FLUO_LIGHT/PROCESSED/NC/ct157-F118-20_all_prof_PROCESSED.nc,ct157-F118-20,17,0.0098971258848905,0.0085976256523281,0.0074443761259317,0.0020142507273703,0.00025425106287,0.0342636369168758,59.52264022827149,AQUA,16,0.0101313223348421,0.0534800663590431,0.0002730436681304
/Volumes/Data/Work/SEALTAGS/Prydz/FLUO_LIGHT/PROCESSED/NC/ct157-F118-20_all_prof_PROCESSED.nc,ct157-F118-20,19,0.0104202675322691,0.0092590669790903,0.0083152011036872,0.0030834674835205,0.0003277341524759,0.042527999728918,57.9793586730957,SUOMI_NPP,15,0.0083648162507937,0.0225686468183994,0.0097945146262645
/Volumes/Data/Work/SEALTAGS/Prydz/FLUO_LIGHT/PROCESSED/NC/ct157-F118-20_all_prof_PROCESSED.nc,ct157-F118-20,19,0.0093302870435374,0.0086425718452249,0.0078968586666243,0.0028791432934147,0.0002628586121967,0.0425399988889694,58.1338005065918,SUOMI_NPP,7,0.0249566837692142,0.0518462173640728,0.0113384490832686
/Volumes/Data/Work/SEALTAGS/Prydz/FLUO_LIGHT/PROCESSED/NC/ct157-F118-20_all_prof_PROCESSED.nc,ct157-F118-20,19,0.0115710916844281,0.0100680010562593,0.0088720010085539,0.003081818873232,0.0003589110618287,0.0430499985814094,57.62825012207031,NOAA_20,11,0.0106847402488828,0.0182534605264663,0.0004501428920775
/Volumes/Data/Work/SEALTAGS/Prydz/FLUO_LIGHT/PROCESSED/NC/ct157-F118-20_all_prof_PROCESSED.nc,ct157-F118-20,19,0.0106493346393108,0.0091193340097864,0.008195667527616,0.0025565006459752,0.0002813342337807,0.0407280027866363,58.58271789550781,AQUA,12,0.0063801738138143,0.0131678143516182,0.0111581524834036
/Volumes/Data/Work/SEALTAGS/Prydz/FLUO_LIGHT/PROCESSED/NC/ct157-F118-20_all_prof_PROCESSED.nc,ct157-F118-20,19,0.0107649417922777,0.0089465894681565,0.0082603539614116,0.0027331775602172,0.0003023535451468,0.0423999987542629,59.1231803894043,AQUA,17,0.0231979982857894,0.0522945150732994,0.0129038756713271
/Volumes/Data/Work/SEALTAGS/Prydz/FLUO_LIGHT/PROCESSED/NC/ct157-F118-20_all_prof_PROCESSED.nc,ct157-F118-20,21,0.0115722676118214,0.0095956007639567,0.0090180007119973,0.0045001340409119,0.00044733385245,0.0607894733548164,55.99662780761719,SUOMI_NPP,15,0.0176625490330256,0.0117161786183714,0.0001528790307929
/Volumes/Data/Work/SEALTAGS/Prydz/FLUO_LIGHT/PROCESSED/NC/ct157-F118-20_all_prof_PROCESSED.nc,ct157-F118-20,21,0.0100844452778498,0.0087593342694971,0.0085804458293649,0.0042893340190251,0.0004086672431892,0.060879997909069,55.80733108520508,SUOMI_NPP,9,0.0074873340925278,0.0129085890948772,0.0006437026895582
/Volumes/Data/Work/SEALTAGS/Prydz/FLUO_LIGHT/PROCESSED/NC/ct157-F118-20_all_prof_PROCESSED.nc,ct157-F118-20,21,0.0114390007220208,0.0096057509072124,0.0092506257351487,0.0042892512865364,0.0004553759936243,0.0605519972741603,55.848480224609375,NOAA_20,16,0.0062924323839683,0.0093552125617861,0.0004015131562482
/Volumes/Data/Work/SEALTAGS/Prydz/FLUO_LIGHT/PROCESSED/NC/ct157-F118-20_all_prof_PROCESSED.nc,ct157-F118-20,21,0.0081646678348382,0.0082290671765804,0.0086784007648626,0.0042209334671497,0.0005465343594551,0.0639360025525093,55.836795806884766,NOAA_20,15,0.0133772322948116,0.0149030303582549,0.0014245975762605
/Volumes/Data/Work/SEALTAGS/Prydz/FLUO_LIGHT/PROCESSED/NC/ct157-F118-20_all_prof_PROCESSED.nc,ct157-F118-20,21,0.0113065724394151,0.009210715336459,0.0088728578495127,0.0039070001138108,0.0004218585257019,0.0615600012242794,56.25944519042969,AQUA,14,0.0047726183098668,0.0087659209966659,0.0005283832433633
/Volumes/Data/Work/SEALTAGS/Prydz/FLUO_LIGHT/PROCESSED/NC/ct157-F118-20_all_prof_PROCESSED.nc,ct157-F118-20,18,0.0098617788818147,0.008886334589786,0.0078494449456532,0.0027317783484856,0.0002476674401097,0.039719995111227,59.14992141723633,SUOMI_NPP,18,0.0148050810996543,0.0242529660463333,0.0012533599510788
/Volumes/Data/Work/SEALTAGS/Prydz/FLUO_LIGHT/PROCESSED/NC/ct157-F118-20_all_prof_PROCESSED.nc,ct157-F118-20,18,0.0066451435642583,0.0070500011954988,0.0068637153932026,0.0025111442165715,0.0003125720790454,0.0423999987542629,59.150760650634766,SUOMI_NPP,7,0.0240523746714548,0.0335587114095687,0.0004989688168279
/Volumes/Data/Work/SEALTAGS/Prydz/FLUO_LIGHT/PROCESSED/NC/ct157-F118-20_all_prof_PROCESSED.nc,ct157-F118-20,18,0.0100765009410679,0.0090175005607306,0.0082062506116926,0.0025202515535056,0.0002592508681118,0.0363846160471439,59.242774963378906,NOAA_20,8,0.0118460671863622,0.0317209251224994,0.0019189032027497
/Volumes/Data/Work/SEALTAGS/Prydz/FLUO_LIGHT/PROCESSED/NC/ct157-F118-20_all_prof_PROCESSED.nc,ct157-F118-20,18,0.0100453695968577,0.0092528431039107,0.0081892640967118,0.0028191583329125,0.0003438954682726,0.042272001504898,59.1128044128418,NOAA_20,19,0.0232490774055802,0.0465279333293437,0.0012330350000411
/Volumes/Data/Work/SEALTAGS/Prydz/FLUO_LIGHT/PROCESSED/NC/ct157-F118-20_all_prof_PROCESSED.nc,ct157-F118-20,18,0.0104785461656071,0.0085030919448895,0.0076377280056476,0.002183000980453,0.0002209098840301,0.0390239991247653,59.781280517578125,AQUA,22,0.0257903025021986,0.0959720611572265,0.0032282564789056
/Volumes/Data/Work/SEALTAGS/Prydz/FLUO_LIGHT/PROCESSED/NC/ct157-F118-20_all_prof_PROCESSED.nc,ct157-F118-20,18,0.0100276478949715,0.0087452949408222,0.0077743534656131,0.002381294965744,0.0002728242646245,0.0404240004718303,59.63736343383789,AQUA,17,0.009021010672736,0.0328875109553337,0.0018508962821215
/Volumes/Data/Work/SEALTAGS/Prydz/FLUO_LIGHT/PROCESSED/NC/ct157-F118-20_all_prof_PROCESSED.nc,ct157-F118-20,22,0.0113722674548625,0.0095224007964134,0.0087960007290045,0.0039910679062207,0.0003702672819296,0.0546239949762821,57.558319091796875,SUOMI_NPP,15,0.0131390246816294,0.0153715787455439,0.0001537317293696
/Volumes/Data/Work/SEALTAGS/Prydz/FLUO_LIGHT/PROCESSED/NC/ct157-F118-20_all_prof_PROCESSED.nc,ct157-F118-20,22,0.0105435562630494,0.0091255565898285,0.0086682229820224,0.0039854453255732,0.0004013335953156,0.0554399974644184,57.46943664550781,SUOMI_NPP,18,0.0092578132371965,0.0133818462491035,0.0001150065072579
/Volumes/Data/Work/SEALTAGS/Prydz/FLUO_LIGHT/PROCESSED/NC/ct157-F118-20_all_prof_PROCESSED.nc,ct157-F118-20,22,0.0115690005477517,0.0097467508167028,0.0091323759406805,0.0039026259910315,0.0004201258998364,0.0551440007984638,57.45863723754883,NOAA_20,16,0.0057521364225769,0.0147776920348405,8.845060074236244e-05
/Volumes/Data/Work/SEALTAGS/Prydz/FLUO_LIGHT/PROCESSED/NC/ct157-F118-20_all_prof_PROCESSED.nc,ct157-F118-20,22,0.0086683536715367,0.0084362360922729,0.0085017650442964,0.0038260006729294,0.0004747067304218,0.0581919997930526,57.45024108886719,NOAA_20,17,0.0261316041539766,0.0336111113429069,0.0034421740565449
/Volumes/Data/Work/SEALTAGS/Prydz/FLUO_LIGHT/PROCESSED/NC/ct157-F118-20_all_prof_PROCESSED.nc,ct157-F118-20,22,0.011883501894772,0.0086130006238818,0.0082435011863708,0.003082500770688,0.0001429999247193,0.0531666614115238,57.753997802734375,AQUA,4,0.0132267583616958,0.0571909174323082,0.0002972194633912
/Volumes/Data/Work/SEALTAGS/Prydz/FLUO_LIGHT/PROCESSED/NC/ct157-F118-20_all_prof_PROCESSED.nc,ct157-F118-20,22,0.0115931667387485,0.0093333339318633,0.0087875003616015,0.00360150107493,0.0003870002304514,0.0561520010232925,57.93415832519531,AQUA,12,0.0076635459311847,0.0076244976371526,0.0001253926457138
/Volumes/Data/Work/SEALTAGS/Prydz/FLUO_LIGHT/PROCESSED/NC/ct157-F118-20_all_prof_PROCESSED.nc,ct157-F118-20,20,0.0111591310604758,0.0097622610628604,0.0087440875561341,0.0031053921126801,0.00035060942173,0.0441279932856559,55.855918884277344,NOAA_20,23,0.0101746476108782,0.025311978533864,0.0002757846086751
/Volumes/Data/Work/SEALTAGS/Prydz/FLUO_LIGHT/PROCESSED/NC/ct157-F118-20_all_prof_PROCESSED.nc,ct157-F118-20,25,0.00955750066787,0.0087221007794141,0.0090557007119059,0.0049154007807374,0.0006264008581638,0.0668639913201332,56.299278259277344,SUOMI_NPP,20,0.0145246744405649,0.0098560899496078,0.0043080281466245
/Volumes/Data/Work/SEALTAGS/Prydz/FLUO_LIGHT/PROCESSED/NC/ct157-F118-20_all_prof_PROCESSED.nc,ct157-F118-20,25,0.0127865722669022,0.0110928581229278,0.0107811439250196,0.0052522865257092,0.0006830011095319,0.0637647062540054,56.033172607421875,NOAA_20,14,0.0222730213332373,0.0349639505147933,0.0011571152135729
/Volumes/Data/Work/SEALTAGS/Prydz/FLUO_LIGHT/PROCESSED/NC/ct157-F118-20_all_prof_PROCESSED.nc,ct157-F118-20,25,0.0092388244674486,0.0088331771685796,0.0092469418750089,0.0047249421477317,0.0006348240901442,0.067391999065876,56.36056137084961,NOAA_20,17,0.0130393753048235,0.0140828471630811,0.0052027041092514
/Volumes/Data/Work/SEALTAGS/Prydz/FLUO_LIGHT/PROCESSED/NC/ct157-F118-20_all_prof_PROCESSED.nc,ct157-F118-20,26,0.0082657150924205,0.0079832861998251,0.00874071488423,0.0051057149789163,0.0007090012409857,0.0779759958386421,55.45344161987305,NOAA_20,14,0.0114715049028034,0.0179222617298364,0.0017009761650115
/Volumes/Data/Work/SEALTAGS/Prydz/FLUO_LIGHT/PROCESSED/NC/ct157-F118-20_all_prof_PROCESSED.nc,ct157-F118-20,26,0.0093530006706714,0.0081675024703145,0.0087475012987852,0.0045445002615451,0.0005510002374649,0.0737714245915412,55.82742691040039,AQUA,4,0.0071966336801873,0.0195191446691751,0.000179331851541
/Volumes/Data/Work/SEALTAGS/Prydz/FLUO_LIGHT/PROCESSED/NC/ct157-F118-20_all_prof_PROCESSED.nc,ct157-F118-20,71,0.0049202006310224,0.0026267005130648,0.003315901197493,0.0024557003751397,0.000318201072514,0.1084159910678863,37.46407699584961,AQUA,20,0.0388077057560225,0.0301317479461431,0.0016374575207009
/Volumes/Data/Work/SEALTAGS/Prydz/FLUO_LIGHT/PROCESSED/NC/ct157-F118-20_all_prof_PROCESSED.nc,ct157-F118-20,71,0.0053025842644274,0.0037381675404806,0.0042665010939041,0.0033165006898343,0.0007196672571202,0.115056000649929,37.371681213378906,AQUA,24,0.0353761978780208,0.0426004156470298,0.0016973868478089
/Volumes/Data/Work/SEALTAGS/Prydz/FLUO_LIGHT/PROCESSED/NC/ct157-F118-20_all_prof_PROCESSED.nc,ct157-F118-20,71,0.0006420003871122,-0.0009973334769407,0.0024913338323434,0.0067580007016658,0.0035519997278849,3.125,37.486663818359375,AQUA,3,0.1598782278060621,0.3368184566497803,0.0002192632528021
/Volumes/Data/Work/SEALTAGS/Prydz/FLUO_LIGHT/PROCESSED/NC/ct157-F118-20_all_prof_PROCESSED.nc,ct157-F118-20,80,0.0039500011817405,0.0034803169730462,0.0033852640343339,0.0047308430075645,0.0012044218417845,0.2968719899654388,34.161197662353516,SUOMI_NPP,19,0.0569458125728022,0.0865881145000457,0.0026829168200492
/Volumes/Data/Work/SEALTAGS/Prydz/FLUO_LIGHT/PROCESSED/NC/ct157-F118-20_all_prof_PROCESSED.nc,ct157-F118-20,80,0.002964000403881,0.0030704006552696,0.0030128009617328,0.004619600623846,0.0012504003942012,0.3657666444778442,34.086666107177734,SUOMI_NPP,5,0.0760097551969342,0.215539738535881,0.0031743173021823
/Volumes/Data/Work/SEALTAGS/Prydz/FLUO_LIGHT/PROCESSED/NC/ct157-F118-20_all_prof_PROCESSED.nc,ct157-F118-20,80,0.0019566677510738,0.0018539999922116,0.0022880012790362,0.0039240010082721,0.0008353342612584,0.5673667192459106,34.20366287231445,NOAA_20,3,0.0437125424522397,0.0960545018315315,0.0001735235855448
/Volumes/Data/Work/SEALTAGS/Prydz/FLUO_LIGHT/PROCESSED/NC/ct157-F118-20_all_prof_PROCESSED.nc,ct157-F118-20,80,0.0044775005429983,0.0039235008880496,0.0040311008691787,0.0053833005949854,0.0012322010472416,0.2735599875450134,34.124637603759766,NOAA_20,20,0.0541365008949723,0.0649974718689918,0.0029879910871386
/Volumes/Data/Work/SEALTAGS/Prydz/FLUO_LIGHT/PROCESSED/NC/ct157-F118-20_all_prof_PROCESSED.nc,ct157-F118-20,80,0.0053020005838738,0.0033535564111338,0.0034373342576954,0.0046787789712349,0.0010613343781895,0.3112399876117706,34.46951675415039,AQUA,18,0.0335701977240808,0.0843275189399719,0.0027098394930362
/Volumes/Data/Work/SEALTAGS/Prydz/FLUO_LIGHT/PROCESSED/NC/ct157-F118-20_all_prof_PROCESSED.nc,ct157-F118-20,82,0.0057641059944504,0.0048836846100656,0.0044193697210989,0.0028148430742715,0.000344632487548,0.0855199992656707,33.770877838134766,SUOMI_NPP,19,0.0487538646332429,0.1509156674146652,0.001781016588211
/Volumes/Data/Work/SEALTAGS/Prydz/FLUO_LIGHT/PROCESSED/NC/ct157-F118-20_all_prof_PROCESSED.nc,ct157-F118-20,82,0.0052729478400004,0.0048161060794403,0.0045626322297673,0.0031794739004812,0.0004822111835605,0.0936719998717308,33.652557373046875,SUOMI_NPP,19,0.052241742875474,0.1055493876338005,0.0018022713484242
/Volumes/Data/Work/SEALTAGS/Prydz/FLUO_LIGHT/PROCESSED/NC/ct157-F118-20_all_prof_PROCESSED.nc,ct157-F118-20,82,-0.0020920000970363,0.0005206676820913,0.0019626679519812,0.00390533482035,0.0015246681869029,0.8935332894325256,33.400665283203125,SUOMI_NPP,3,0.0853563046776863,0.3008988797664642,0.0001017562462948
/Volumes/Data/Work/SEALTAGS/Prydz/FLUO_LIGHT/PROCESSED/NC/ct157-F118-20_all_prof_PROCESSED.nc,ct157-F118-20,82,0.0092353339617451,0.0071606676404674,0.0060255005955696,0.0033303344001372,0.000708334458371,0.0761699974536895,33.869197845458984,NOAA_20,12,0.0511335915061934,0.0834101885557174,0.0017020850209519
/Volumes/Data/Work/SEALTAGS/Prydz/FLUO_LIGHT/PROCESSED/NC/ct157-F118-20_all_prof_PROCESSED.nc,ct157-F118-20,82,0.006546667466561,0.0055287786655955,0.0053276674201091,0.0030452232393953,0.0004251121232906,0.0789600014686584,33.671199798583984,NOAA_20,18,0.0199991161544181,0.1031595319509506,0.0017530408222228
/Volumes/Data/Work/SEALTAGS/Prydz/FLUO_LIGHT/PROCESSED/NC/ct157-F118-20_all_prof_PROCESSED.nc,ct157-F118-20,82,0.0032895301633021,0.0037470597992925,0.0043644712251775,0.0034984713968108,0.0007236479398082,0.1169999986886978,33.62887954711914,NOAA_20,17,0.0425087975247941,0.109900563955307,0.0018610329134389
/Volumes/Data/Work/SEALTAGS/Prydz/FLUO_LIGHT/PROCESSED/NC/ct157-F118-20_all_prof_PROCESSED.nc,ct157-F118-20,82,0.0061043165624141,0.0033458959507314,0.0036100009946446,0.0019484221151,0.0001344218065864,0.0778080001473426,34.121437072753906,AQUA,19,0.0501492823193575,0.1412351876497268,0.0025559749919921
/Volumes/Data/Work/SEALTAGS/Prydz/FLUO_LIGHT/PROCESSED/NC/ct157-F118-20_all_prof_PROCESSED.nc,ct157-F118-20,82,0.006149286404252,0.0046627151646784,0.0045747155589716,0.0029910007225615,0.0005268576954092,0.0908319950103759,34.04391860961914,AQUA,14,0.0322584721529601,0.1287995278835296,0.0019141419325023
/Volumes/Data/Work/SEALTAGS/Prydz/FLUO_LIGHT/PROCESSED/NC/ct157-F118-20_all_prof_PROCESSED.nc,ct157-F118-20,82,0.001263430075986,0.0017888583242893,0.0018897141729082,0.0056025726454598,0.0021708581064428,4.546159744262695,33.997398376464844,AQUA,7,0.2239610976609742,0.4306716024875641,0.0045618065632879
/Volumes/Data/Work/SEALTAGS/Prydz/FLUO_LIGHT/PROCESSED/NC/ct157-F118-20_all_prof_PROCESSED.nc,ct157-F118-20,81,0.0044810008257627,0.0035430006682872,0.0035615004599094,0.0036080004647374,0.0006315000355243,0.1600571423768997,33.68857192993164,SUOMI_NPP,4,0.0502265170657146,0.1453319936990738,0.0001896629109978
/Volumes/Data/Work/SEALTAGS/Prydz/FLUO_LIGHT/PROCESSED/NC/ct157-F118-20_all_prof_PROCESSED.nc,ct157-F118-20,81,0.0047516673803329,0.0043363335231939,0.0040746678908665,0.0054430005451043,0.0013326667249202,0.2544999718666076,33.53739929199219,SUOMI_NPP,6,0.0731380101041143,0.319675475358963,0.0002066665183519
/Volumes/Data/Work/SEALTAGS/Prydz/FLUO_LIGHT/PROCESSED/NC/ct157-F118-20_all_prof_PROCESSED.nc,ct157-F118-20,81,-0.0018226659546295,0.0006166671713193,0.0018300004303455,0.0045546671996514,0.0017096679657697,2.174879789352417,33.350799560546875,SUOMI_NPP,6,0.0791619083330507,0.5809915065765381,0.0001424066867912
/Volumes/Data/Work/SEALTAGS/Prydz/FLUO_LIGHT/PROCESSED/NC/ct157-F118-20_all_prof_PROCESSED.nc,ct157-F118-20,81,0.0065271433975015,0.0052511441920484,0.0048737153410911,0.0042982867785862,0.00098257245762,0.2019000053405761,33.77519989013672,NOAA_20,7,0.1448318265334436,0.5340917706489563,0.0004112975148018
/Volumes/Data/Work/SEALTAGS/Prydz/FLUO_LIGHT/PROCESSED/NC/ct157-F118-20_all_prof_PROCESSED.nc,ct157-F118-20,81,0.0059870918366042,0.0049256374212828,0.0048881826752966,0.0044400004500692,0.0008361827243458,0.1554615348577499,33.585384368896484,NOAA_20,11,0.0442501606491842,0.3020858466625213,0.0001959509390871
/Volumes/Data/Work/SEALTAGS/Prydz/FLUO_LIGHT/PROCESSED/NC/ct157-F118-20_all_prof_PROCESSED.nc,ct157-F118-20,81,0.0028105724070753,0.0033760012260505,0.0043142863682338,0.0044834294489451,0.0010651435170854,0.2161000072956085,33.52739715576172,NOAA_20,7,0.0983890893514398,0.3757957518100738,0.0004464243538677
/Volumes/Data/Work/SEALTAGS/Prydz/FLUO_LIGHT/PROCESSED/NC/ct157-F118-20_all_prof_PROCESSED.nc,ct157-F118-20,81,0.0043012008070945,0.0022500004619359,0.0027332004159688,0.0031998004764318,0.0004362009465694,0.3132500052452087,34.11349868774414,AQUA,10,0.1234454754949565,0.6606102585792542,0.0016057816101238
/Volumes/Data/Work/SEALTAGS/Prydz/FLUO_LIGHT/PROCESSED/NC/ct157-F118-20_all_prof_PROCESSED.nc,ct157-F118-20,81,0.0050626670320828,0.0035466675957043,0.0036980000634988,0.005250667532285,0.0013186670839786,0.3073599934577942,33.95199966430664,AQUA,3,0.031935251088121,0.1007420718669891,0.0001118009531637
/Volumes/Data/Work/SEALTAGS/Prydz/FLUO_LIGHT/PROCESSED/NC/ct157-F118-20_all_prof_PROCESSED.nc,ct157-F118-20,81,0.0015157792303297,0.0019648898806836,0.0020660004682011,0.0064015566474861,0.0024744454357359,4.787261486053467,33.95061492919922,AQUA,9,0.1596461098535372,0.3876900672912597,0.0038451529107987
/Volumes/Data/Work/SEALTAGS/Prydz/FLUO_LIGHT/PROCESSED/NC/ct157-F118-20_all_prof_PROCESSED.nc,ct157-F118-20,87,0.0069556677093108,0.0064640007913112,0.0053203341861565,0.0029440013070901,0.0004523346821467,0.0691111087799072,31.675777435302734,SUOMI_NPP,6,0.0681130035859023,0.0387803092598915,0.0066318619064986
/Volumes/Data/Work/SEALTAGS/Prydz/FLUO_LIGHT/PROCESSED/NC/ct157-F118-20_all_prof_PROCESSED.nc,ct157-F118-20,87,0.010037999600172,0.0078379996120929,0.0059409998357295,0.002445999532938,0.0004170015454292,0.0527999997138977,31.814998626708984,NOAA_20,2,0.0152022863827229,0.0303030144423246,3.141444904031232e-05
/Volumes/Data/Work/SEALTAGS/Prydz/FLUO_LIGHT/PROCESSED/NC/ct157-F118-20_all_prof_PROCESSED.nc,ct157-F118-20,87,0.0093860009478198,0.0062462232179111,0.0046042228738466,0.0018508902026547,0.0002213339838716,0.0499833337962627,32.41166305541992,AQUA,9,0.0896989212254734,0.0989532694220542,0.0094314226880669
/Volumes/Data/Work/SEALTAGS/Prydz/FLUO_LIGHT/PROCESSED/NC/ct157-F118-20_all_prof_PROCESSED.nc,ct157-F118-20,364,0.0080291123853789,0.0059882232712374,0.0038437789513005,0.0023873344891601,0.0004464458260271,0.0849272683262825,9.594725608825684,NOAA_20,9,0.0932638202000729,0.1062095686793327,0.0044673639349639
/Volumes/Data/Work/SEALTAGS/Prydz/FLUO_LIGHT/PROCESSED/NC/ct157-F118-20_all_prof_PROCESSED.nc,ct157-F118-20,366,0.0091060008853673,0.0070949997752904,0.007056999951601,0.0037400014698505,0.0002750009298324,0.0716999992728233,9.898998260498049,AQUA,2,0.020043717280139,0.0181310977786779,0.007576601114124
/Volumes/Data/Work/SEALTAGS/Prydz/FLUO_LIGHT/PROCESSED/NC/ct157-F118-20_all_prof_PROCESSED.nc,ct157-F118-20,350,0.0118180010467767,0.0105860009789466,0.0082970019429922,0.0039290022104978,0.0004600007086992,0.056549996137619,7.865997314453125,SUOMI_NPP,2,0.0104762825339862,0.017393734306097,0.0010788225336
/Volumes/Data/Work/SEALTAGS/Prydz/FLUO_LIGHT/PROCESSED/NC/ct157-F118-20_all_prof_PROCESSED.nc,ct157-F118-20,363,0.0071453340351581,0.0082186684012413,0.007441334426403,0.0031840006510416,0.0006366670131683,0.0550666637718677,9.457329750061035,NOAA_20,3,0.1203506764868117,0.0317089632153511,0.0124721173197031
/Volumes/Data/Work/SEALTAGS/Prydz/FLUO_LIGHT/PROCESSED/NC/ct157-F118-20_all_prof_PROCESSED.nc,ct157-F118-20,378,0.0086880003412564,0.007146667689085,0.0052860006690025,0.0022220015525817,0.0005039994915326,0.0527666620910167,16.70433235168457,NOAA_20,3,0.0419572284764453,0.0551184490323066,0.000288470997475
/Volumes/Data/Work/SEALTAGS/Prydz/FLUO_LIGHT/PROCESSED/NC/ct157-F120-20_all_prof_PROCESSED.nc,ct157-F120-20,13,0.013723333676656,0.0110096676896015,0.0084900011618932,0.0029180000225702,0.0003490007172028,0.0423142835497856,60.39714431762695,NOAA_20,6,0.0263882740083726,0.0203464087098836,0.0002858823281712
/Volumes/Data/Work/SEALTAGS/Prydz/FLUO_LIGHT/PROCESSED/NC/ct157-F120-20_all_prof_PROCESSED.nc,ct157-F120-20,29,0.0105888901485337,0.0095417789287037,0.0084917785392867,0.0031728897657659,0.0004424456920888,0.0472500026226043,56.18233871459961,NOAA_20,9,0.0281900422769973,0.0406777001917362,0.0018312647007405
/Volumes/Data/Work/SEALTAGS/Prydz/FLUO_LIGHT/PROCESSED/NC/ct157-F120-20_all_prof_PROCESSED.nc,ct157-F120-20,29,0.0106520004570484,0.0089456014335155,0.0078032001852989,0.0025544010102748,0.000305201113224,0.0440500006079673,56.498497009277344,AQUA,5,0.0148165887234876,0.0169502701610326,0.0011143368901684
/Volumes/Data/Work/SEALTAGS/Prydz/FLUO_LIGHT/PROCESSED/NC/ct157-F120-20_all_prof_PROCESSED.nc,ct157-F120-20,39,0.0091250004867712,0.0083396676927804,0.0071773336579402,0.002637334788839,0.0003310001144806,0.0408444441854953,51.7575569152832,SUOMI_NPP,6,0.0325277133441568,0.1037391200661659,0.000354524643626
/Volumes/Data/Work/SEALTAGS/Prydz/FLUO_LIGHT/PROCESSED/NC/ct157-F120-20_all_prof_PROCESSED.nc,ct157-F120-20,39,0.0084966007620096,0.0080938000231981,0.0071154002100229,0.0023646004498004,0.000313600897789,0.0400666669011116,51.70933532714844,NOAA_20,10,0.0208234589725001,0.0386080592870712,0.0002481194387655
/Volumes/Data/Work/SEALTAGS/Prydz/FLUO_LIGHT/PROCESSED/NC/ct157-F120-20_all_prof_PROCESSED.nc,ct157-F120-20,39,0.008253800868988,0.0072410009801387,0.0064993999898433,0.0018296010792255,0.0002188004553318,0.0359666682779789,52.21122360229492,AQUA,10,0.0197172219793434,0.0543019510805606,0.0003483207838144
/Volumes/Data/Work/SEALTAGS/Prydz/FLUO_LIGHT/PROCESSED/NC/ct157-F120-20_all_prof_PROCESSED.nc,ct157-F120-20,43,0.0066566257737576,0.0068160004448145,0.0055021259468048,0.0013263763394206,5.362578667700291e-05,0.0259299967437982,50.09589767456055,SUOMI_NPP,16,0.0409796595363045,0.091888427734375,0.0017111548222601
/Volumes/Data/Work/SEALTAGS/Prydz/FLUO_LIGHT/PROCESSED/NC/ct157-F120-20_all_prof_PROCESSED.nc,ct157-F120-20,43,0.0074672948788194,0.0077236478819566,0.0063643538776566,0.0018095303984249,0.0001787067774464,0.0310319978743791,50.04600143432617,SUOMI_NPP,17,0.0186750348958293,0.0527284517884254,0.0010833450360223
/Volumes/Data/Work/SEALTAGS/Prydz/FLUO_LIGHT/PROCESSED/NC/ct157-F120-20_all_prof_PROCESSED.nc,ct157-F120-20,43,0.0044140014797449,0.0055140014737844,0.0043509993702173,0.0009220000356435,-4.800036549568176e-05,0.0229000002145767,50.185997009277344,NOAA_20,2,0.0508542997790893,0.0480349324643611,3.986788578913547e-05
/Volumes/Data/Work/SEALTAGS/Prydz/FLUO_LIGHT/PROCESSED/NC/ct157-F120-20_all_prof_PROCESSED.nc,ct157-F120-20,43,0.0083815013058483,0.0081347508821636,0.0066203761380165,0.0018026260659098,0.0002482507843524,0.0311040002852678,50.07575988769531,NOAA_20,16,0.0226742465944776,0.0400161482393741,0.0005849585868418
/Volumes/Data/Work/SEALTAGS/Prydz/FLUO_LIGHT/PROCESSED/NC/ct157-F120-20_all_prof_PROCESSED.nc,ct157-F120-20,43,0.0037876367568969,0.0056785460222851,0.0051285461945967,0.0014150921594012,0.0001730918884277,0.0309333316981792,50.12120056152344,NOAA_20,11,0.0513373560483656,0.1234821826219558,0.0003083398332819
/Volumes/Data/Work/SEALTAGS/Prydz/FLUO_LIGHT/PROCESSED/NC/ct157-F120-20_all_prof_PROCESSED.nc,ct157-F120-20,43,0.0088560009996096,0.0073473341763019,0.0065473330517609,0.0021880008280277,0.0011773345371087,0.0419999994337558,50.36466598510742,AQUA,3,0.2188313968493059,0.4040797054767608,0.0025811295490711
/Volumes/Data/Work/SEALTAGS/Prydz/FLUO_LIGHT/PROCESSED/NC/ct157-F120-20_all_prof_PROCESSED.nc,ct157-F120-20,43,0.0087805887793793,0.0081781183972078,0.0065578833660658,0.0016090598176507,0.00020447132342,0.0292239971458911,50.49527740478515,AQUA,17,0.0129089202949147,0.0412133336067199,0.001630900427699
/Volumes/Data/Work/SEALTAGS/Prydz/FLUO_LIGHT/PROCESSED/NC/ct157-F120-20_all_prof_PROCESSED.nc,ct157-F120-20,44,0.0071802866600808,0.0070984771563893,0.0056455248878115,0.001428096599522,0.0001181912209306,0.0264960005879402,49.1079216003418,SUOMI_NPP,21,0.0370373871014333,0.0865688025951385,0.0004795990535058
/Volumes/Data/Work/SEALTAGS/Prydz/FLUO_LIGHT/PROCESSED/NC/ct157-F120-20_all_prof_PROCESSED.nc,ct157-F120-20,44,0.0087593854046784,0.0085838471467678,0.0069500013039662,0.0021193855657027,0.0003063088426223,0.033564705401659,49.12435150146485,SUOMI_NPP,13,0.0144722262775489,0.0454824157059192,0.0006678326171822
/Volumes/Data/Work/SEALTAGS/Prydz/FLUO_LIGHT/PROCESSED/NC/ct157-F120-20_all_prof_PROCESSED.nc,ct157-F120-20,44,0.0090798899117443,0.0084482230659988,0.0068266673220528,0.0018368899408313,0.0002363338652584,0.0304239988327026,49.03135681152344,NOAA_20,18,0.0081682952489735,0.034300647675991,0.0005204135668464
/Volumes/Data/Work/SEALTAGS/Prydz/FLUO_LIGHT/PROCESSED/NC/ct157-F120-20_all_prof_PROCESSED.nc,ct157-F120-20,44,0.0044998191297054,0.0060554556548595,0.0053740008310838,0.0014529099518602,0.0002090920778838,0.0321538485586643,49.10553741455078,NOAA_20,11,0.0802159635585639,0.1413808614015579,0.0005641665775328
/Volumes/Data/Work/SEALTAGS/Prydz/FLUO_LIGHT/PROCESSED/NC/ct157-F120-20_all_prof_PROCESSED.nc,ct157-F120-20,44,0.010334001854062,0.0085020009428262,0.0074409991502761,0.0029410012066364,0.0018460005521774,0.0530399978160858,49.615196228027344,AQUA,2,0.0027355278911607,0.0099479034543037,0.0032611598726361
/Volumes/Data/Work/SEALTAGS/Prydz/FLUO_LIGHT/PROCESSED/NC/ct157-F120-20_all_prof_PROCESSED.nc,ct157-F120-20,44,0.008259067684412,0.007322267939647,0.0058366673688093,0.0012902672092119,0.0001570674280325,0.0266319997608661,49.48576354980469,AQUA,15,0.0272825570338253,0.0551721677184104,0.0005067701567895
/Volumes/Data/Work/SEALTAGS/Prydz/FLUO_LIGHT/PROCESSED/NC/ct157-F120-20_all_prof_PROCESSED.nc,ct157-F120-20,55,0.0093846681217352,0.0073900011678536,0.0054526676734288,0.0013553338746229,0.0001986672480901,0.032549999654293,44.734500885009766,AQUA,3,0.0194590515899269,0.0486485101282596,0.0005676237633451
/Volumes/Data/Work/SEALTAGS/Prydz/FLUO_LIGHT/PROCESSED/NC/ct157-F120-20_all_prof_PROCESSED.nc,ct157-F120-20,56,0.0089030019007623,0.0080490009859204,0.0062862513586878,0.0020170016214251,0.0002847509458661,0.0388399995863437,44.194801330566406,NOAA_20,8,0.0385662747490874,0.1534085720777511,0.000599066610448
/Volumes/Data/Work/SEALTAGS/Prydz/FLUO_LIGHT/PROCESSED/NC/ct157-F120-20_all_prof_PROCESSED.nc,ct157-F120-20,56,0.0081340000033378,0.0067800022661685,0.0051000006496906,0.0012240000069141,0.000119999051094,0.0271000005304813,44.68399810791016,AQUA,1,0.0,0.0378116369247436,0.0023546267766505
/Volumes/Data/Work/SEALTAGS/Prydz/FLUO_LIGHT/PROCESSED/NC/ct157-F120-20_all_prof_PROCESSED.nc,ct157-F120-20,76,0.0069882232281896,0.0068261118398772,0.0060417788724104,0.0019062227673,0.0001572231865591,0.0352559983730316,36.6845588684082,SUOMI_NPP,18,0.0161296115357136,0.0518064796924591,0.0081877568736672
/Volumes/Data/Work/SEALTAGS/Prydz/FLUO_LIGHT/PROCESSED/NC/ct157-F120-20_all_prof_PROCESSED.nc,ct157-F120-20,76,0.0037950011236327,0.0048102864197322,0.0046367152993168,0.0015655724065644,0.0001650013561759,0.0372666679322719,36.60294723510742,SUOMI_NPP,14,0.1516241357887969,0.1453536450862884,0.0083242794498801
/Volumes/Data/Work/SEALTAGS/Prydz/FLUO_LIGHT/PROCESSED/NC/ct157-F120-20_all_prof_PROCESSED.nc,ct157-F120-20,76,0.0063657509163022,0.0066047506406903,0.005878500174731,0.0018687509000301,0.0003492510877549,0.0376800000667572,36.726600646972656,NOAA_20,8,0.0292735868853975,0.0775092393159866,0.0077115232124924
/Volumes/Data/Work/SEALTAGS/Prydz/FLUO_LIGHT/PROCESSED/NC/ct157-F120-20_all_prof_PROCESSED.nc,ct157-F120-20,76,0.0078817903995513,0.0076722116454651,0.0067943167921743,0.0022891587332675,0.0002831591195181,0.041143998503685,36.5264778137207,NOAA_20,19,0.0193054543782619,0.0462487116456031,0.0062205963768064
/Volumes/Data/Work/SEALTAGS/Prydz/FLUO_LIGHT/PROCESSED/NC/ct157-F120-20_all_prof_PROCESSED.nc,ct157-F120-20,76,0.0081955567002296,0.0059660008798042,0.005784667821394,0.0015998900764518,0.0003068898287084,0.0348400026559829,37.284236907958984,AQUA,18,0.0487974767345501,0.0843056663870811,0.0079214433208107
/Volumes/Data/Work/SEALTAGS/Prydz/FLUO_LIGHT/PROCESSED/NC/ct157-F120-20_all_prof_PROCESSED.nc,ct157-F120-20,76,0.0083242361159885,0.0070737655110218,0.0064702364890014,0.0019843538894372,0.0003588247825117,0.0406240001320838,37.03663635253906,AQUA,17,0.0202324061527336,0.0547750033438205,0.0081919897347688
/Volumes/Data/Work/SEALTAGS/Prydz/FLUO_LIGHT/PROCESSED/NC/ct157-F120-20_all_prof_PROCESSED.nc,ct157-F120-20,75,0.0067157786753442,0.0066180009808805,0.0057242235375775,0.0017180010262462,0.0001271120789978,0.0329679995775222,36.88215637207031,SUOMI_NPP,18,0.0285739521001012,0.0588838309049606,0.0038364676292985
/Volumes/Data/Work/SEALTAGS/Prydz/FLUO_LIGHT/PROCESSED/NC/ct157-F120-20_all_prof_PROCESSED.nc,ct157-F120-20,75,0.0053927280347455,0.0060888195241039,0.0056259097023443,0.0019403640180826,0.0002081824297254,0.0394319966435432,36.823280334472656,SUOMI_NPP,22,0.0285832349113196,0.0488113090395927,0.003796997712925
/Volumes/Data/Work/SEALTAGS/Prydz/FLUO_LIGHT/PROCESSED/NC/ct157-F120-20_all_prof_PROCESSED.nc,ct157-F120-20,75,0.0060540001839399,0.0065352011471986,0.0061198011040687,0.0016036011278629,0.0002486009150743,0.0287333335727453,36.922401428222656,NOAA_20,10,0.0236687012517614,0.0758100822567939,0.0038660841528326
/Volumes/Data/Work/SEALTAGS/Prydz/FLUO_LIGHT/PROCESSED/NC/ct157-F120-20_all_prof_PROCESSED.nc,ct157-F120-20,75,0.0077632231016953,0.0075780008402135,0.0066263344552781,0.0021520002434651,0.000283889265524,0.0392159968614578,36.80695724487305,NOAA_20,18,0.0142244633223579,0.0375855676829814,0.0037113789003342
/Volumes/Data/Work/SEALTAGS/Prydz/FLUO_LIGHT/PROCESSED/NC/ct157-F120-20_all_prof_PROCESSED.nc,ct157-F120-20,75,-0.0001629991456866,0.0023555001243948,0.0033172504045069,0.001670500729233,0.0007495004683732,0.0630999952554702,36.843746185302734,NOAA_20,8,0.3567995341019315,0.2307864427566528,0.0038761622272431
/Volumes/Data/Work/SEALTAGS/Prydz/FLUO_LIGHT/PROCESSED/NC/ct157-F120-20_all_prof_PROCESSED.nc,ct157-F120-20,75,0.0080818953482728,0.0056628431928785,0.0053589481272195,0.0012787372658127,0.0001688429007404,0.029671998694539,37.36887741088867,AQUA,19,0.0168084222936851,0.034678753465414,0.0038459382485598
/Volumes/Data/Work/SEALTAGS/Prydz/FLUO_LIGHT/PROCESSED/NC/ct157-F120-20_all_prof_PROCESSED.nc,ct157-F120-20,75,0.0077237510122358,0.0069921256508678,0.0062972507439553,0.001853626454249,0.0003251258749514,0.0380720011889934,37.22183990478515,AQUA,16,0.0157767117729349,0.0275131613016128,0.0037809167988598
/Volumes/Data/Work/SEALTAGS/Prydz/FLUO_LIGHT/PROCESSED/NC/ct157-F120-20_all_prof_PROCESSED.nc,ct157-F120-20,133,0.0073520019650459,0.0066119991242885,0.0045079998672008,0.0013720020651817,0.0003500021994113,0.0361999981105327,17.465999603271484,NOAA_20,1,0.0,0.0,0.0
/Volumes/Data/Work/SEALTAGS/Prydz/FLUO_LIGHT/PROCESSED/NC/ct157-F120-20_all_prof_PROCESSED.nc,ct157-F120-20,165,0.0121337505988776,0.0107730007730424,0.0077327508479356,0.0029865005053579,0.0004212511703372,0.0454181768000125,18.686180114746097,SUOMI_NPP,8,0.0261340266557726,0.0469587817788124,0.0005708593525923
/Volumes/Data/Work/SEALTAGS/Prydz/FLUO_LIGHT/PROCESSED/NC/ct157-F120-20_all_prof_PROCESSED.nc,ct157-F120-20,165,0.0085568579712084,0.0073654297739267,0.0052317154726811,0.0017825724290949,0.0004038579229797,0.0420239977538585,18.60367774963379,NOAA_20,14,0.0373606412623708,0.0594470798969268,0.0006776527152396
/Volumes/Data/Work/SEALTAGS/Prydz/FLUO_LIGHT/PROCESSED/NC/ct157-F120-20_all_prof_PROCESSED.nc,ct157-F120-20,165,0.0105191434600523,0.0073705722710915,0.0056394296033041,0.0016068584684814,0.0002874292965446,0.0364159978926181,18.881837844848633,AQUA,14,0.0179748350384439,0.0296336915343999,0.0006678418722003
/Volumes/Data/Work/SEALTAGS/Prydz/FLUO_LIGHT/PROCESSED/NC/ct157-F120-20_all_prof_PROCESSED.nc,ct157-F120-20,162,0.01256800070405,0.0091679990291595,0.0049960017204284,0.0033139996230602,0.0009960010647773,0.0903999954462051,17.6719970703125,NOAA_20,1,0.0,0.0,0.0
/Volumes/Data/Work/SEALTAGS/Prydz/FLUO_LIGHT/PROCESSED/NC/ct157-F120-20_all_prof_PROCESSED.nc,ct157-F120-20,186,0.008899001404643,0.0085506675144036,0.0064850014944871,0.0026466672619183,0.0003693345934152,0.0496499985456466,19.55399703979492,SUOMI_NPP,6,0.0736356456016368,0.0778951272368431,0.0006667676498182
/Volumes/Data/Work/SEALTAGS/Prydz/FLUO_LIGHT/PROCESSED/NC/ct157-F120-20_all_prof_PROCESSED.nc,ct157-F120-20,186,0.0093859992921352,0.0064660012722015,0.0037500001490116,0.0012860000133514,0.0002319999039173,0.0421999990940094,19.62799835205078,NOAA_20,1,0.0,0.0,0.0
/Volumes/Data/Work/SEALTAGS/Prydz/FLUO_LIGHT/PROCESSED/NC/ct157-F120-20_all_prof_PROCESSED.nc,ct157-F120-20,270,0.0120470002293586,0.0068290010094642,0.0046900007873773,0.0016489997506141,0.0001060012727975,0.0466999970376491,12.248998641967772,AQUA,2,0.0133846382176834,0.0235546045005321,0.0002449391467962
/Volumes/Data/Work/SEALTAGS/Prydz/FLUO_LIGHT/PROCESSED/NC/ct157-F120-20_all_prof_PROCESSED.nc,ct157-F120-20,308,0.0064509995281696,0.0064759999513626,0.0047540012747049,0.0019579995423555,0.000144999474287,0.0477999970316886,8.663997650146484,SUOMI_NPP,2,0.0955041698298936,0.16736401617527,0.0
/Volumes/Data/Work/SEALTAGS/Prydz/FLUO_LIGHT/PROCESSED/NC/ct157-F120-20_all_prof_PROCESSED.nc,ct157-F120-20,333,0.0077830008231103,0.0056066252291202,0.0043180009815841,0.0014035012573003,0.0002257507294416,0.0421130396425724,18.479389190673828,AQUA,16,0.0486251390899674,0.0562591068446636,0.0019713637884706
/Volumes/Data/Work/SEALTAGS/Prydz/FLUO_LIGHT/PROCESSED/NC/ct160-338-20-N1_all_prof_PROCESSED.nc,ct160-338-20-N1,1,-0.0001371423048632,0.00110400095582,0.0020834298006125,0.001687715096133,-0.000121713749,0.1094599962234497,66.5156021118164,NOAA_20,7,0.1457951931366933,0.1901924312114715,0.0003083554038312
/Volumes/Data/Work/SEALTAGS/Prydz/FLUO_LIGHT/PROCESSED/NC/ct160-338-20-N1_all_prof_PROCESSED.nc,ct160-338-20-N1,1,0.0017594013363122,0.0023140009492635,0.0035980012267827,0.0020558007061481,-6.759911775588989e-05,0.1072545498609542,67.08745574951172,AQUA,10,0.6634695990942749,0.3367267847061157,0.0005025923019275
/Volumes/Data/Work/SEALTAGS/Prydz/FLUO_LIGHT/PROCESSED/NC/ct160-338-20-N1_all_prof_PROCESSED.nc,ct160-338-20-N1,2,-0.0001371423048632,0.00110400095582,0.0020834298006125,0.001687715096133,-0.000121713749,0.1094599962234497,66.5156021118164,NOAA_20,7,0.1457951931366933,0.1901924312114715,0.0003083554038312
/Volumes/Data/Work/SEALTAGS/Prydz/FLUO_LIGHT/PROCESSED/NC/ct160-338-20-N1_all_prof_PROCESSED.nc,ct160-338-20-N1,2,0.0017594013363122,0.0023140009492635,0.0035980012267827,0.0020558007061481,-6.759911775588989e-05,0.1072545498609542,67.08745574951172,AQUA,10,0.6634695990942749,0.3367267847061157,0.0005025923019275
/Volumes/Data/Work/SEALTAGS/Prydz/FLUO_LIGHT/PROCESSED/NC/ct160-338-20-N1_all_prof_PROCESSED.nc,ct160-338-20-N1,6,0.0045635004838307,0.0043638345474998,0.0042980005964636,0.0026068339745203,0.0003973341857393,0.0763999968767166,64.10082244873047,SUOMI_NPP,12,0.0158212949226628,0.0223213918507099,9.57479132921435e-05
/Volumes/Data/Work/SEALTAGS/Prydz/FLUO_LIGHT/PROCESSED/NC/ct160-338-20-N1_all_prof_PROCESSED.nc,ct160-338-20-N1,6,0.0057665562878052,0.0052964453481965,0.0049280006852414,0.0027582229425509,0.000439667660329,0.0746480002999305,64.12071990966797,NOAA_20,18,0.0326484244895828,0.0336799286305904,0.0019854586571455
/Volumes/Data/Work/SEALTAGS/Prydz/FLUO_LIGHT/PROCESSED/NC/ct160-338-20-N1_all_prof_PROCESSED.nc,ct160-338-20-N1,6,0.0039954450395372,0.0040954450766245,0.0043087789995802,0.0023985567192236,0.0003326673888497,0.0742399990558624,63.88616180419922,NOAA_20,18,0.0178779282742221,0.0179830975830554,5.934515138505958e-05
/Volumes/Data/Work/SEALTAGS/Prydz/FLUO_LIGHT/PROCESSED/NC/ct160-338-20-N1_all_prof_PROCESSED.nc,ct160-338-20-N1,6,0.0063270010054111,0.0046825006604194,0.0045365009456872,0.002310100570321,0.0003527007997035,0.0717439949512481,64.77568054199219,AQUA,20,0.0404416032134209,0.0370963476598262,0.0033218599855899
/Volumes/Data/Work/SEALTAGS/Prydz/FLUO_LIGHT/PROCESSED/NC/ct160-338-20-N1_all_prof_PROCESSED.nc,ct160-338-20-N1,6,0.0035905341307322,0.0034033343195915,0.0037758675714333,0.0020028010010719,0.0002890676259994,0.0726480036973953,64.46087646484375,AQUA,15,0.0208717184678113,0.031178556382656,0.0018777879886329
/Volumes/Data/Work/SEALTAGS/Prydz/FLUO_LIGHT/PROCESSED/NC/ct160-338-20-N1_all_prof_PROCESSED.nc,ct160-338-20-N1,7,0.0045630774245812,0.0043704627225032,0.0043133852573541,0.0025996929750992,0.0003960006512128,0.0757523700594902,64.1751480102539,SUOMI_NPP,13,0.0179437399468034,0.0271811727434396,0.0020652587991207
/Volumes/Data/Work/SEALTAGS/Prydz/FLUO_LIGHT/PROCESSED/NC/ct160-338-20-N1_all_prof_PROCESSED.nc,ct160-338-20-N1,7,0.0056427070761428,0.0052204714978442,0.004853530184311,0.0027235303731525,0.0004201185177354,0.07481599599123,64.17648315429688,NOAA_20,17,0.030364269757026,0.0329136475920677,0.0023301362525671
/Volumes/Data/Work/SEALTAGS/Prydz/FLUO_LIGHT/PROCESSED/NC/ct160-338-20-N1_all_prof_PROCESSED.nc,ct160-338-20-N1,7,0.0039850005414336,0.0041061260271817,0.0043225013650953,0.002391000976786,0.0003290006425231,0.0736479982733726,63.929439544677734,NOAA_20,16,0.0183451081580955,0.0219985973089933,0.0016627478180453
/Volumes/Data/Work/SEALTAGS/Prydz/FLUO_LIGHT/PROCESSED/NC/ct160-338-20-N1_all_prof_PROCESSED.nc,ct160-338-20-N1,7,0.0059866675486167,0.00460411194298,0.0045003342545694,0.0022713341232803,0.0003486675106816,0.07099200040102,64.8291244506836,AQUA,18,0.0337754824998595,0.0395494252443313,0.0034268810413777
/Volumes/Data/Work/SEALTAGS/Prydz/FLUO_LIGHT/PROCESSED/NC/ct160-338-20-N1_all_prof_PROCESSED.nc,ct160-338-20-N1,7,0.0035894677042961,0.003411067277193,0.0037980010112126,0.0020028010010719,0.000288267681996,0.0717999935150146,64.5199966430664,AQUA,15,0.0219193740305545,0.0377927869558334,0.0022585245314985
/Volumes/Data/Work/SEALTAGS/Prydz/FLUO_LIGHT/PROCESSED/NC/ct160-338-20-N1_all_prof_PROCESSED.nc,ct160-338-20-N1,10,0.0083236001431941,0.0064204014837741,0.0050292007625103,0.0037880010902881,0.0006480015814304,0.0991428568959236,64.47514343261719,SUOMI_NPP,5,0.0122605456828329,0.0156152239069342,0.0002266446099383
/Volumes/Data/Work/SEALTAGS/Prydz/FLUO_LIGHT/PROCESSED/NC/ct160-338-20-N1_all_prof_PROCESSED.nc,ct160-338-20-N1,10,0.0032392231126626,0.0031898893002006,0.0033565567185481,0.0029857783681816,0.0006625563320186,0.125807985663414,64.1733627319336,SUOMI_NPP,18,0.041716795065696,0.034354168921709,0.0011980436975136
/Volumes/Data/Work/SEALTAGS/Prydz/FLUO_LIGHT/PROCESSED/NC/ct160-338-20-N1_all_prof_PROCESSED.nc,ct160-338-20-N1,10,0.0033874296184097,0.0033532868006399,0.0036705719040972,0.0030837152153253,0.0006714287613119,0.1216000020503997,64.35367584228516,NOAA_20,14,0.0244103932118633,0.0111065413802862,8.864230039762333e-05
/Volumes/Data/Work/SEALTAGS/Prydz/FLUO_LIGHT/PROCESSED/NC/ct160-338-20-N1_all_prof_PROCESSED.nc,ct160-338-20-N1,10,0.0005960006266832,0.0017016012221574,0.002521401271224,0.0026682008057832,0.0005554005503654,0.1728266328573227,64.07719421386719,NOAA_20,10,0.0731014836922991,0.091824859380722,0.0005973206716589
/Volumes/Data/Work/SEALTAGS/Prydz/FLUO_LIGHT/PROCESSED/NC/ct160-338-20-N1_all_prof_PROCESSED.nc,ct160-338-20-N1,10,0.0017305007204413,0.0023363756481558,0.0032571258489042,0.0030022503342479,0.0006871265359222,0.1390240043401718,64.05799865722656,NOAA_20,16,0.0774378502826383,0.0536029711365699,0.0022203330881893
/Volumes/Data/Work/SEALTAGS/Prydz/FLUO_LIGHT/PROCESSED/NC/ct160-338-20-N1_all_prof_PROCESSED.nc,ct160-338-20-N1,12,0.0069924460517035,0.005522889809476,0.0043822228908538,0.0033788896269268,0.0005764456258879,0.1018307730555534,64.36569213867188,SUOMI_NPP,9,0.0382238492854931,0.0226811617612838,0.0010444996878504
/Volumes/Data/Work/SEALTAGS/Prydz/FLUO_LIGHT/PROCESSED/NC/ct160-338-20-N1_all_prof_PROCESSED.nc,ct160-338-20-N1,12,0.0030294746944778,0.0029862113296985,0.0031180007285193,0.0027323163261539,0.0006262109075721,0.1223919987678527,64.14352416992188,SUOMI_NPP,19,0.0346423427512182,0.0289543010294437,0.0010390195529907
/Volumes/Data/Work/SEALTAGS/Prydz/FLUO_LIGHT/PROCESSED/NC/ct160-338-20-N1_all_prof_PROCESSED.nc,ct160-338-20-N1,12,0.0033101345101992,0.0033590676883856,0.0035453336934248,0.0029328008492787,0.0006726677219072,0.1189439967274665,64.2911148071289,NOAA_20,15,0.0191320997070781,0.0154878683388233,0.0009771396871656
/Volumes/Data/Work/SEALTAGS/Prydz/FLUO_LIGHT/PROCESSED/NC/ct160-338-20-N1_all_prof_PROCESSED.nc,ct160-338-20-N1,12,0.0013324710376122,0.0020949417615638,0.0028424714418018,0.002800706993131,0.0006351777735878,0.1555416584014892,64.05608367919922,NOAA_20,17,0.0897633371960848,0.0880068987607956,0.001496561919339
/Volumes/Data/Work/SEALTAGS/Prydz/FLUO_LIGHT/PROCESSED/NC/ct160-338-20-N1_all_prof_PROCESSED.nc,ct160-338-20-N1,12,0.0009266011416912,0.0023748006671667,0.0033012010157108,0.0029730010777711,0.0006900005042552,0.1338199973106384,64.06669616699219,NOAA_20,10,0.0699392457995755,0.0490222163498401,0.0016048415564
/Volumes/Data/Work/SEALTAGS/Prydz/FLUO_LIGHT/PROCESSED/NC/ct160-338-20-N1_all_prof_PROCESSED.nc,ct160-338-20-N1,11,0.0086081673701604,0.0066203344613313,0.0050915010894338,0.003753000870347,0.0006521676356593,0.0969666615128517,64.45333099365234,SUOMI_NPP,12,0.0436529411682595,0.0262364000082016,0.0005160213331691
/Volumes/Data/Work/SEALTAGS/Prydz/FLUO_LIGHT/PROCESSED/NC/ct160-338-20-N1_all_prof_PROCESSED.nc,ct160-338-20-N1,11,0.0031524455795685,0.0030785565161042,0.0032123341742489,0.0028280005272891,0.0006487783458497,0.1239279955625534,64.17223358154297,SUOMI_NPP,18,0.0474243911216899,0.0362820029258728,0.0005495362565852
/Volumes/Data/Work/SEALTAGS/Prydz/FLUO_LIGHT/PROCESSED/NC/ct160-338-20-N1_all_prof_PROCESSED.nc,ct160-338-20-N1,11,0.0032765008509159,0.0033082510344684,0.0035957505460828,0.0030123761389404,0.0006711254827678,0.1207679957151413,64.33064270019531,NOAA_20,16,0.0217308286564948,0.0140027748420834,0.00056165602291
/Volumes/Data/Work/SEALTAGS/Prydz/FLUO_LIGHT/PROCESSED/NC/ct160-338-20-N1_all_prof_PROCESSED.nc,ct160-338-20-N1,11,0.0009789006784558,0.0019204009324312,0.0026996007189154,0.0027407009154558,0.0005937011912465,0.1650079935789108,64.06800079345703,NOAA_20,20,0.1002240353908644,0.0952218100428581,0.0010970847215503
/Volumes/Data/Work/SEALTAGS/Prydz/FLUO_LIGHT/PROCESSED/NC/ct160-338-20-N1_all_prof_PROCESSED.nc,ct160-338-20-N1,11,0.0010788757354021,0.0023685006890445,0.0032373759895563,0.0029670009389519,0.0007013757713139,0.1372880041599273,64.04871368408203,NOAA_20,16,0.0746336868727052,0.0503773167729377,0.0007902080542407
/Volumes/Data/Work/SEALTAGS/Prydz/FLUO_LIGHT/PROCESSED/NC/ct160-338-20-N1_all_prof_PROCESSED.nc,ct160-338-20-N1,13,0.0048371114664607,0.0040951118701034,0.0033797787295447,0.002592000282473,0.0004440007938279,0.1022160053253173,63.736480712890625,SUOMI_NPP,18,0.0289169450793775,0.046460784971714,0.0035101640969514
/Volumes/Data/Work/SEALTAGS/Prydz/FLUO_LIGHT/PROCESSED/NC/ct160-338-20-N1_all_prof_PROCESSED.nc,ct160-338-20-N1,13,0.0026066322859964,0.0027374742846739,0.0028298957959601,0.0024515798217371,0.0005832643885361,0.1210079938173294,63.51775741577149,SUOMI_NPP,19,0.0653712417527008,0.0650020614266395,0.0037356463726609
/Volumes/Data/Work/SEALTAGS/Prydz/FLUO_LIGHT/PROCESSED/NC/ct160-338-20-N1_all_prof_PROCESSED.nc,ct160-338-20-N1,13,0.0026966677535147,0.0029185724755128,0.0032040008476802,0.0026144773832389,0.0006185720364252,0.1168399974703788,63.765438079833984,NOAA_20,21,0.0481815050390949,0.0261173993349075,0.0036665177904069
/Volumes/Data/Work/SEALTAGS/Prydz/FLUO_LIGHT/PROCESSED/NC/ct160-338-20-N1_all_prof_PROCESSED.nc,ct160-338-20-N1,13,-5.428493022918701e-05,0.0016928581254822,0.0022825726440974,0.002456001405205,0.0006248578429222,0.1801799982786178,63.38520050048828,NOAA_20,7,0.0953601647532857,0.1374102979898452,0.0032367210369557
/Volumes/Data/Work/SEALTAGS/Prydz/FLUO_LIGHT/PROCESSED/NC/ct160-338-20-N1_all_prof_PROCESSED.nc,ct160-338-20-N1,13,0.0023770006373524,0.0020787511020898,0.0024490007199347,0.0021475004032254,0.0004590009339153,0.1193157881498336,64.1107406616211,AQUA,8,0.0346350102488689,0.1036499217152595,0.0042755715548992
/Volumes/Data/Work/SEALTAGS/Prydz/FLUO_LIGHT/PROCESSED/NC/ct160-338-20-N1_all_prof_PROCESSED.nc,ct160-338-20-N1,17,0.0103100004295508,0.008602000772953,0.0074520011742909,0.0039746686816215,0.0005180003742376,0.0656666681170463,62.85866928100586,SUOMI_NPP,3,0.0227472030313079,0.016180120408535,0.0006454781396314
/Volumes/Data/Work/SEALTAGS/Prydz/FLUO_LIGHT/PROCESSED/NC/ct160-338-20-N1_all_prof_PROCESSED.nc,ct160-338-20-N1,17,0.0082301433597292,0.0071177152650696,0.0066038577684334,0.0033365722213472,0.0003972870430776,0.0615894719958305,62.82820892333984,SUOMI_NPP,14,0.0532955073530666,0.0201138388365507,0.001797150238417
/Volumes/Data/Work/SEALTAGS/Prydz/FLUO_LIGHT/PROCESSED/NC/ct160-338-20-N1_all_prof_PROCESSED.nc,ct160-338-20-N1,17,0.0070080012083053,0.006451053250777,0.0061607378485955,0.0029886331605283,0.000361790390391,0.064128004014492,62.737674713134766,NOAA_20,19,0.0222955348392455,0.0226084254682064,0.0019234474748373
/Volumes/Data/Work/SEALTAGS/Prydz/FLUO_LIGHT/PROCESSED/NC/ct160-338-20-N1_all_prof_PROCESSED.nc,ct160-338-20-N1,17,0.0074384714312413,0.0060750603237572,0.0057376478524769,0.0025065889691605,0.0002521182246067,0.0577999986708164,63.26384353637695,AQUA,17,0.0512217382640536,0.0526133626699447,0.0014556841924786
/Volumes/Data/Work/SEALTAGS/Prydz/FLUO_LIGHT/PROCESSED/NC/ct160-338-20-N1_all_prof_PROCESSED.nc,ct160-338-20-N1,20,0.0087870005518198,0.0079420022666454,0.0071440003812313,0.0028349999338388,0.0003600008785724,0.0464999973773956,63.28099822998047,SUOMI_NPP,2,0.001439490522421,0.0021505341865122,0.0001738227874739
/Volumes/Data/Work/SEALTAGS/Prydz/FLUO_LIGHT/PROCESSED/NC/ct160-338-20-N1_all_prof_PROCESSED.nc,ct160-338-20-N1,20,0.0077234550633213,0.0074118189513683,0.0069065463136542,0.0025772746991027,0.0003370916978879,0.0462769232690334,63.257076263427734,NOAA_20,11,0.0279063730688916,0.0433023944497108,0.0002185639168601
/Volumes/Data/Work/SEALTAGS/Prydz/FLUO_LIGHT/PROCESSED/NC/ct160-338-20-N1_all_prof_PROCESSED.nc,ct160-338-20-N1,20,0.0084321834146976,0.007072910327803,0.0064183642918413,0.0020740001716397,0.0002334554764357,0.0428142808377742,63.731143951416016,AQUA,11,0.0154058945516977,0.0287670567631721,0.0008618467254564
/Volumes/Data/Work/SEALTAGS/Prydz/FLUO_LIGHT/PROCESSED/NC/ct160-338-20-N1_all_prof_PROCESSED.nc,ct160-338-20-N1,19,0.0074949990957975,0.0059450007975101,0.0055050011724233,0.0023049991577863,0.0002680011093616,0.0548999980092048,63.21799850463867,AQUA,2,0.0117119831757,0.0601092912256717,0.000126537066535
/Volumes/Data/Work/SEALTAGS/Prydz/FLUO_LIGHT/PROCESSED/NC/ct160-338-20-N1_all_prof_PROCESSED.nc,ct160-338-20-N1,18,0.0105820000171661,0.0087280012667179,0.0075860023498535,0.0040300004184246,0.0005060024559497,0.0653999969363212,62.90999984741211,SUOMI_NPP,1,0.0,0.0,0.0
/Volumes/Data/Work/SEALTAGS/Prydz/FLUO_LIGHT/PROCESSED/NC/ct160-338-20-N1_all_prof_PROCESSED.nc,ct160-338-20-N1,18,0.0082388892769813,0.0072502224809593,0.0067431127859486,0.0034220011697875,0.0004097786214616,0.0619999952614307,62.754669189453125,SUOMI_NPP,9,0.0181560848461806,0.0329495929181575,0.0003450694493949
/Volumes/Data/Work/SEALTAGS/Prydz/FLUO_LIGHT/PROCESSED/NC/ct160-338-20-N1_all_prof_PROCESSED.nc,ct160-338-20-N1,18,0.0063323341310024,0.0056080011030038,0.0055690016597509,0.0023550012459357,0.0002983342856168,0.0546000003814697,62.81733322143555,NOAA_20,6,0.0598879717285802,0.0198389161378145,0.0003296763752587
/Volumes/Data/Work/SEALTAGS/Prydz/FLUO_LIGHT/PROCESSED/NC/ct160-338-20-N1_all_prof_PROCESSED.nc,ct160-338-20-N1,18,0.0071288578744445,0.0063692866159336,0.0060604294495923,0.0028400006038802,0.0003680012055805,0.0614777728915214,62.86667251586914,NOAA_20,14,0.0390315395182908,0.0222008526325225,0.0003118825843557
/Volumes/Data/Work/SEALTAGS/Prydz/FLUO_LIGHT/PROCESSED/NC/ct160-338-20-N1_all_prof_PROCESSED.nc,ct160-338-20-N1,18,0.0070576262660324,0.006446000887081,0.0062030006665736,0.0030021257698535,0.000398876145482,0.0631119981408119,62.699920654296875,NOAA_20,16,0.0263652670299434,0.0320311225950717,0.0001167629379779
/Volumes/Data/Work/SEALTAGS/Prydz/FLUO_LIGHT/PROCESSED/NC/ct160-338-20-N1_all_prof_PROCESSED.nc,ct160-338-20-N1,18,0.0079506672918796,0.0064181342720985,0.0059232003986835,0.0024788007140159,0.0002534677584966,0.0550173930823802,63.249656677246094,AQUA,15,0.0634481833299329,0.0802466198801994,0.003360885893926
/Volumes/Data/Work/SEALTAGS/Prydz/FLUO_LIGHT/PROCESSED/NC/ct160-338-20-N1_all_prof_PROCESSED.nc,ct160-338-20-N1,21,0.0084581061413413,0.0076348428663454,0.0067395795332758,0.0024431589010514,0.000264105436049,0.0417760051786899,62.991920471191406,SUOMI_NPP,19,0.012475232815671,0.0370912365615367,0.0001203143474413
/Volumes/Data/Work/SEALTAGS/Prydz/FLUO_LIGHT/PROCESSED/NC/ct160-338-20-N1_all_prof_PROCESSED.nc,ct160-338-20-N1,21,0.0103008900251653,0.0089388891226715,0.0075940013759666,0.0025655561023288,0.0002873349520895,0.0418333299458026,63.04849624633789,NOAA_20,9,0.0242515986892789,0.0278656762093305,6.744347047060728e-05
/Volumes/Data/Work/SEALTAGS/Prydz/FLUO_LIGHT/PROCESSED/NC/ct160-338-20-N1_all_prof_PROCESSED.nc,ct160-338-20-N1,21,0.0087077505886554,0.0074252509512007,0.0065812510438263,0.0020052515901625,0.0002240007743239,0.0405285730957984,63.41814804077149,AQUA,8,0.0075180543045148,0.0515074618160724,0.0002512869541533
/Volumes/Data/Work/SEALTAGS/Prydz/FLUO_LIGHT/PROCESSED/NC/ct160-338-20-N1_all_prof_PROCESSED.nc,ct160-338-20-N1,23,0.0072560012340545,0.006826002150774,0.0059560015797615,0.0020460002124309,0.0001280009746551,0.0390000008046627,62.0359992980957,SUOMI_NPP,1,0.0,0.0,0.0
/Volumes/Data/Work/SEALTAGS/Prydz/FLUO_LIGHT/PROCESSED/NC/ct160-338-20-N1_all_prof_PROCESSED.nc,ct160-338-20-N1,23,0.0103820003569126,0.0090439990162849,0.0077139995992183,0.0026520006358623,0.0003300011157989,0.0423999987542629,62.02199935913086,NOAA_20,1,0.0,0.0,0.0
/Volumes/Data/Work/SEALTAGS/Prydz/FLUO_LIGHT/PROCESSED/NC/ct160-338-20-N1_all_prof_PROCESSED.nc,ct160-338-20-N1,28,0.0102246676882108,0.0091335006679097,0.0071460008621215,0.0022351673493782,0.0002473341301083,0.0348421037197113,61.23020553588867,SUOMI_NPP,12,0.0136675518541182,0.0404856279492378,0.0036133807152509
/Volumes/Data/Work/SEALTAGS/Prydz/FLUO_LIGHT/PROCESSED/NC/ct160-338-20-N1_all_prof_PROCESSED.nc,ct160-338-20-N1,28,0.0099138471369559,0.0088249241503385,0.0068676930207472,0.0020127703364078,0.0001995394436212,0.0317199975252151,61.0098991394043,SUOMI_NPP,13,0.0229518567439284,0.0571444630622863,0.0035654907114803
/Volumes/Data/Work/SEALTAGS/Prydz/FLUO_LIGHT/PROCESSED/NC/ct160-338-20-N1_all_prof_PROCESSED.nc,ct160-338-20-N1,29,0.012922183017839,0.0099160010841759,0.0075212733989412,0.0016960003836588,0.0002530918202616,0.0296375006437301,61.26074981689453,AQUA,11,0.0340946168185888,0.1039481088519096,0.0143814673647284
/Volumes/Data/Work/SEALTAGS/Prydz/FLUO_LIGHT/PROCESSED/NC/ct160-338-20-N1_all_prof_PROCESSED.nc,ct160-338-20-N1,30,0.0086150001734495,0.0074879992753267,0.0057149995118379,0.001757001504302,0.0002670008689165,0.0370000004768371,62.204002380371094,NOAA_20,2,0.044242569784831,0.0756756961345672,0.0002572301891632
/Volumes/Data/Work/SEALTAGS/Prydz/FLUO_LIGHT/PROCESSED/NC/ct160-338-20-N1_all_prof_PROCESSED.nc,ct160-338-20-N1,30,0.0127564457555611,0.0097673340804047,0.0074268894063101,0.0016833332677682,0.0002608895301818,0.0298857130110263,61.20256805419922,AQUA,9,0.0330588125610347,0.1089027374982833,0.0133786099031567
/Volumes/Data/Work/SEALTAGS/Prydz/FLUO_LIGHT/PROCESSED/NC/ct160-338-20-N1_all_prof_PROCESSED.nc,ct160-338-20-N1,24,0.0097740000734726,0.0085616676757733,0.0072870012372732,0.0026956672469774,0.0002973340451717,0.0424000024795532,61.500282287597656,SUOMI_NPP,6,0.0237476099415164,0.0400249101221561,0.0002539437555242
/Volumes/Data/Work/SEALTAGS/Prydz/FLUO_LIGHT/PROCESSED/NC/ct160-338-20-N1_all_prof_PROCESSED.nc,ct160-338-20-N1,24,0.0095622869474547,0.0083720008177416,0.0071931444108486,0.0024562861238207,0.0003068574837275,0.0425499975681304,61.3337516784668,NOAA_20,7,0.0525106414691418,0.0634873881936073,0.0017250531818717
/Volumes/Data/Work/SEALTAGS/Prydz/FLUO_LIGHT/PROCESSED/NC/ct160-338-20-N1_all_prof_PROCESSED.nc,ct160-338-20-N1,24,0.0116100000838438,0.0091580003499984,0.007596667855978,0.0022793350120385,0.0002220012247562,0.038533329963684,62.03466796875,AQUA,3,0.0341804065400952,0.065834954380989,0.0002935241500381
/Volumes/Data/Work/SEALTAGS/Prydz/FLUO_LIGHT/PROCESSED/NC/ct160-338-20-N1_all_prof_PROCESSED.nc,ct160-338-20-N1,24,0.0086259990930557,0.0071280002593994,0.0062399990856647,0.0018719993531703,0.0001519992947578,0.0403999984264373,61.79600143432617,AQUA,1,0.0,0.0,0.0
/Volumes/Data/Work/SEALTAGS/Prydz/FLUO_LIGHT/PROCESSED/NC/ct160-338-20-N1_all_prof_PROCESSED.nc,ct160-338-20-N1,31,0.0097680004934469,0.0088393340508143,0.0068473356465498,0.0019913353025913,0.0002173346777757,0.031599998474121,61.05159759521485,SUOMI_NPP,3,0.0275027733454666,0.0243485961109399,9.125213546212764e-05
/Volumes/Data/Work/SEALTAGS/Prydz/FLUO_LIGHT/PROCESSED/NC/ct160-338-20-N1_all_prof_PROCESSED.nc,ct160-338-20-N1,31,0.01199771463871,0.010293428919145,0.0078380017408302,0.0022754291338579,0.0003434302551405,0.0334999971091747,60.68799591064453,NOAA_20,7,0.0219874621377936,0.0721993222832679,0.0028189064469188
/Volumes/Data/Work/SEALTAGS/Prydz/FLUO_LIGHT/PROCESSED/NC/ct160-338-20-N1_all_prof_PROCESSED.nc,ct160-338-20-N1,31,0.011175500229001,0.0086665004491806,0.0067280009388923,0.0014080014079809,0.00016999989748,0.027480000630021,61.720001220703125,AQUA,4,0.0168953955387971,0.0784677192568779,0.00214673159644
/Volumes/Data/Work/SEALTAGS/Prydz/FLUO_LIGHT/PROCESSED/NC/ct160-338-20-N1_all_prof_PROCESSED.nc,ct160-338-20-N1,71,0.0122447284785184,0.0102416375143961,0.0080900012769482,0.0025936371900818,0.0003234554420817,0.0386999994516372,53.6306266784668,NOAA_20,11,0.0095274705914555,0.0222282335162162,0.0103216143324971
/Volumes/Data/Work/SEALTAGS/Prydz/FLUO_LIGHT/PROCESSED/NC/ct160-338-20-N1_all_prof_PROCESSED.nc,ct160-338-20-N1,71,0.0147331121067206,0.0112084452476766,0.0085224451290236,0.0023102230495876,0.0001993340750535,0.036333329975605,55.04492950439453,AQUA,9,0.02178926987064,0.0625254735350608,0.0126325180754065
/Volumes/Data/Work/SEALTAGS/Prydz/FLUO_LIGHT/PROCESSED/NC/ct160-338-20-N1_all_prof_PROCESSED.nc,ct160-338-20-N1,72,0.0127170011401176,0.010742001235485,0.0087320003658533,0.0031480006873607,0.0004530008882284,0.044999998062849,55.50599670410156,NOAA_20,2,0.0083976242630322,0.0088888742029666,0.0002161771844839
/Volumes/Data/Work/SEALTAGS/Prydz/FLUO_LIGHT/PROCESSED/NC/ct160-338-20-N1_all_prof_PROCESSED.nc,ct160-338-20-N1,82,0.0074660008152325,0.0059786674877007,0.0059766670068105,0.0062953345477581,0.0009759999811649,0.1635999977588653,51.69319915771485,SUOMI_NPP,3,0.0287538312346152,0.0229360256344079,0.0006586765521205
/Volumes/Data/Work/SEALTAGS/Prydz/FLUO_LIGHT/PROCESSED/NC/ct160-338-20-N1_all_prof_PROCESSED.nc,ct160-338-20-N1,82,0.0084259994328022,0.0069160014390945,0.0065720006823539,0.0066020004451274,0.0010320022702217,0.1586000025272369,51.80400085449219,NOAA_20,1,0.0,0.0,0.0
/Volumes/Data/Work/SEALTAGS/Prydz/FLUO_LIGHT/PROCESSED/NC/ct160-338-20-N1_all_prof_PROCESSED.nc,ct160-338-20-N1,81,0.0076603759080171,0.006094376090914,0.0060270009562373,0.0063545014709234,0.0010180009994655,0.1655899882316589,51.68030548095703,SUOMI_NPP,16,0.018308462451326,0.0298610031604766,0.000513740000315
/Volumes/Data/Work/SEALTAGS/Prydz/FLUO_LIGHT/PROCESSED/NC/ct160-338-20-N1_all_prof_PROCESSED.nc,ct160-338-20-N1,81,0.0080484449863433,0.00575577840209,0.0057113352749082,0.005451334019502,0.000841111358669,0.1573666632175445,52.1208381652832,AQUA,9,0.0582181629927507,0.0378327742218971,0.0003905184275936
/Volumes/Data/Work/SEALTAGS/Prydz/FLUO_LIGHT/PROCESSED/NC/ct160-338-20-N1_all_prof_PROCESSED.nc,ct160-338-20-N1,80,0.0074192009866237,0.0057832010090351,0.0054104015231132,0.0056272007524967,0.0009480006992816,0.1629333347082138,52.37932968139648,SUOMI_NPP,5,0.0724243230848595,0.0359809584915638,0.0044001652859151
/Volumes/Data/Work/SEALTAGS/Prydz/FLUO_LIGHT/PROCESSED/NC/ct160-338-20-N1_all_prof_PROCESSED.nc,ct160-338-20-N1,91,0.0100836673130591,0.0073000012586514,0.0062430010487635,0.0059483349323272,0.0010476671159267,0.1363142728805542,49.95771408081055,SUOMI_NPP,6,0.1526838475682223,0.0674858912825584,0.0003919138107448
/Volumes/Data/Work/SEALTAGS/Prydz/FLUO_LIGHT/PROCESSED/NC/ct160-338-20-N1_all_prof_PROCESSED.nc,ct160-338-20-N1,93,0.0107262004166841,0.0078366011381149,0.0069934010505676,0.0068790011107921,0.0011830009520053,0.1443636268377304,49.9658203125,SUOMI_NPP,10,0.0853607931607418,0.0551530979573726,0.0003167713584844
/Volumes/Data/Work/SEALTAGS/Prydz/FLUO_LIGHT/PROCESSED/NC/ct160-338-20-N1_all_prof_PROCESSED.nc,ct160-338-20-N1,95,0.0070826672017574,0.0057293338080247,0.0059500001370906,0.0060900002717971,0.0010013344387213,0.1565999984741211,49.33599853515625,SUOMI_NPP,3,0.0389996321611929,0.0137947089970111,0.0001193374046124
/Volumes/Data/Work/SEALTAGS/Prydz/FLUO_LIGHT/PROCESSED/NC/ct160-338-20-N1_all_prof_PROCESSED.nc,ct160-338-20-N1,95,0.0071294297065053,0.0059642860932009,0.0063797150339399,0.0062771439552307,0.0009805725089141,0.1568000018596649,49.286399841308594,NOAA_20,7,0.0236276386765586,0.0880951955914497,6.236408080440015e-05
/Volumes/Data/Work/SEALTAGS/Prydz/FLUO_LIGHT/PROCESSED/NC/ct160-338-20-N1_all_prof_PROCESSED.nc,ct160-338-20-N1,95,0.0052245017141103,0.0039665009826421,0.0045240009203553,0.0046980008482933,0.0006665010005235,0.1900800019502639,49.80919647216797,AQUA,4,0.0952609989734495,0.1807212829589843,0.0010773004032671
/Volumes/Data/Work/SEALTAGS/Prydz/FLUO_LIGHT/PROCESSED/NC/ct160-338-20-N1_all_prof_PROCESSED.nc,ct160-338-20-N1,96,0.0071110779849382,0.005985539406538,0.0064303081196088,0.0062226165945713,0.0009498470104657,0.1534588187932968,49.36176300048828,NOAA_20,13,0.0391445871558488,0.1289134919643402,0.0039141466841101
/Volumes/Data/Work/SEALTAGS/Prydz/FLUO_LIGHT/PROCESSED/NC/ct160-338-20-N1_all_prof_PROCESSED.nc,ct160-338-20-N1,96,0.0052080014720559,0.0038210009224712,0.0042695002630352,0.004927251022309,0.0007020006887614,0.2283833175897598,50.04416275024414,AQUA,8,0.0592802526263311,0.1188759207725524,0.0053314808756113
/Volumes/Data/Work/SEALTAGS/Prydz/FLUO_LIGHT/PROCESSED/NC/ct160-338-20-N1_all_prof_PROCESSED.nc,ct160-338-20-N1,98,0.0069554288472448,0.0057874295328344,0.0061140012528215,0.0063388581786836,0.0009991436132362,0.2166000008583068,49.81449890136719,NOAA_20,7,0.0260656366923119,0.6035969257354736,0.000697634590324
/Volumes/Data/Work/SEALTAGS/Prydz/FLUO_LIGHT/PROCESSED/NC/ct160-338-20-N1_all_prof_PROCESSED.nc,ct160-338-20-N1,98,0.0051918014883995,0.0037932008504867,0.0042668003588914,0.0049476008862257,0.0007090009748935,0.2303866893053054,50.03013229370117,AQUA,10,0.0574128209537854,0.1228298544883728,0.005241772159934
/Volumes/Data/Work/SEALTAGS/Prydz/FLUO_LIGHT/PROCESSED/NC/ct160-338-20-N1_all_prof_PROCESSED.nc,ct160-338-20-N1,97,0.0070786259602755,0.0059463758952915,0.0064095004927366,0.0062133762985467,0.0009508759249001,0.1758333444595337,49.42433166503906,NOAA_20,16,0.0460207245037769,0.5444530248641968,0.0050578527152538
/Volumes/Data/Work/SEALTAGS/Prydz/FLUO_LIGHT/PROCESSED/NC/ct160-338-20-N1_all_prof_PROCESSED.nc,ct160-338-20-N1,97,0.0051491676519314,0.0036801674092809,0.0043446673080325,0.0051706675440073,0.0007391677548487,0.2487294226884842,50.20399856567383,AQUA,12,0.0886350939484233,0.3744968175888061,0.004446200095117
/Volumes/Data/Work/SEALTAGS/Prydz/FLUO_LIGHT/PROCESSED/NC/ct160-338-20-N1_all_prof_PROCESSED.nc,ct160-338-20-N1,99,0.0053427503444254,0.0041367509402334,0.003999501466751,0.0034152506850659,0.0004670009948313,0.1246400028467178,49.17060089111328,NOAA_20,8,0.1150272729627025,0.0752285122871398,0.0003383886651135
/Volumes/Data/Work/SEALTAGS/Prydz/FLUO_LIGHT/PROCESSED/NC/ct160-338-20-N1_all_prof_PROCESSED.nc,ct160-338-20-N1,99,0.0115340016782283,0.0061440020799636,0.0057220011949539,0.0051440000534057,0.0006680004298686,0.1436000019311905,49.795997619628906,AQUA,1,0.0,0.0,0.0
/Volumes/Data/Work/SEALTAGS/Prydz/FLUO_LIGHT/PROCESSED/NC/ct160-338-20-N1_all_prof_PROCESSED.nc,ct160-338-20-N1,100,0.0100132510997354,0.0074902512133121,0.0067807510495185,0.0058522503823041,0.0007930011488497,0.1253111064434051,49.171775817871094,NOAA_20,8,0.1041252213111617,0.1051579415798187,0.0024816826917231
/Volumes/Data/Work/SEALTAGS/Prydz/FLUO_LIGHT/PROCESSED/NC/ct160-338-20-N1_all_prof_PROCESSED.nc,ct160-338-20-N1,100,0.0061726669470469,0.0048010013997554,0.0046976677452524,0.0040563341851035,0.0005903343359629,0.127986654639244,49.167198181152344,NOAA_20,12,0.1454442163846943,0.066749595105648,0.0004428090469446
/Volumes/Data/Work/SEALTAGS/Prydz/FLUO_LIGHT/PROCESSED/NC/ct160-338-20-N1_all_prof_PROCESSED.nc,ct160-338-20-N1,100,0.0115340016782283,0.0061440020799636,0.0057220011949539,0.0051440000534057,0.0006680004298686,0.1436000019311905,49.795997619628906,AQUA,1,0.0,0.0,0.0
/Volumes/Data/Work/SEALTAGS/Prydz/FLUO_LIGHT/PROCESSED/NC/ct160-338-20-N1_all_prof_PROCESSED.nc,ct160-338-20-N1,101,0.0137419998645782,0.0099840015172958,0.0078620016574859,0.007006000727415,0.0009540021419525,0.1253999918699264,49.18199920654297,SUOMI_NPP,1,0.0,0.0,0.0
/Volumes/Data/Work/SEALTAGS/Prydz/FLUO_LIGHT/PROCESSED/NC/ct160-338-20-N1_all_prof_PROCESSED.nc,ct160-338-20-N1,101,0.008233734468619,0.0062618672847747,0.0058109340568383,0.0059084010620911,0.0008748012284437,0.1548545360565185,49.29072570800781,SUOMI_NPP,15,0.0417185490398983,0.03597417101264,0.0001413837744621
/Volumes/Data/Work/SEALTAGS/Prydz/FLUO_LIGHT/PROCESSED/NC/ct160-338-20-N1_all_prof_PROCESSED.nc,ct160-338-20-N1,101,0.0072247507050633,0.0058042504824697,0.0059742513112723,0.0058947503566741,0.0009220014326274,0.156616672873497,49.310665130615234,NOAA_20,8,0.0552925392902685,0.0438740998506546,0.0005669455276802
/Volumes/Data/Work/SEALTAGS/Prydz/FLUO_LIGHT/PROCESSED/NC/ct160-338-20-N1_all_prof_PROCESSED.nc,ct160-338-20-N1,101,0.0115340016782283,0.0061440020799636,0.0057220011949539,0.0051440000534057,0.0006680004298686,0.1436000019311905,49.795997619628906,AQUA,1,0.0,0.0,0.0
/Volumes/Data/Work/SEALTAGS/Prydz/FLUO_LIGHT/PROCESSED/NC/ct160-338-20-N1_all_prof_PROCESSED.nc,ct160-338-20-N1,101,0.0082258346180121,0.0055840009202559,0.0054971675078074,0.0052943347642819,0.000829167664051,0.1616444289684295,49.7857780456543,AQUA,12,0.0578005058271416,0.0554229505360126,0.0006137664895504
/Volumes/Data/Work/SEALTAGS/Prydz/FLUO_LIGHT/PROCESSED/NC/ct160-338-20-N1_all_prof_PROCESSED.nc,ct160-338-20-N1,166,0.0080719999969005,0.005910001695156,0.0048100017011165,0.0048019997775554,0.0011720024049282,0.1568000018596649,32.843997955322266,NOAA_20,1,0.0,0.0,0.0
/Volumes/Data/Work/SEALTAGS/Prydz/FLUO_LIGHT/PROCESSED/NC/ct160-338-20-N1_all_prof_PROCESSED.nc,ct160-338-20-N1,183,0.0062846671789884,0.0048450014243523,0.0039320004483064,0.0039893339077631,0.0011033341288566,0.1684499979019165,29.568498611450195,SUOMI_NPP,6,0.0834926866269438,0.1860115677118301,0.0010889522964134
/Volumes/Data/Work/SEALTAGS/Prydz/FLUO_LIGHT/PROCESSED/NC/ct160-338-20-N1_all_prof_PROCESSED.nc,ct160-338-20-N1,183,0.0066173858940601,0.0050143086566374,0.0041186159046796,0.0039756928498928,0.0009956932984865,0.1737900078296661,29.5304012298584,NOAA_20,13,0.0485255145342641,0.3889083862304687,0.0008937880629673
/Volumes/Data/Work/SEALTAGS/Prydz/FLUO_LIGHT/PROCESSED/NC/ct160-338-20-N1_all_prof_PROCESSED.nc,ct160-338-20-N1,183,0.0080377510748803,0.0039727515541017,0.0031787501648068,0.0030680005438625,0.0007102508097887,0.1706909090280532,29.934724807739254,AQUA,8,0.1270445586822492,0.2271710634231567,0.0005699815810658
/Volumes/Data/Work/SEALTAGS/Prydz/FLUO_LIGHT/PROCESSED/NC/ct160-338-20-N1_all_prof_PROCESSED.nc,ct160-338-20-N1,184,0.0065514451513687,0.0047836674170361,0.0039376674426926,0.0034913339962561,0.0007708898435036,0.1301759928464889,29.63911819458008,NOAA_20,18,0.0648527910194598,0.1047369018197059,0.0004207817546557
/Volumes/Data/Work/SEALTAGS/Prydz/FLUO_LIGHT/PROCESSED/NC/ct160-338-20-N1_all_prof_PROCESSED.nc,ct160-338-20-N1,184,0.0049117159630571,0.0034325724201542,0.0025142867650304,0.0019297147435801,0.0004671434206621,0.1083333268761634,29.50577735900879,NOAA_20,7,0.093308176003538,0.0860262811183929,0.0003492278046905
/Volumes/Data/Work/SEALTAGS/Prydz/FLUO_LIGHT/PROCESSED/NC/ct160-338-20-N1_all_prof_PROCESSED.nc,ct160-338-20-N1,184,0.0076560005545616,0.0036780014634132,0.0028319992125034,0.0024299994111061,0.0005020014941692,0.1279999911785125,29.935997009277344,AQUA,1,0.0,0.0,0.0
/Volumes/Data/Work/SEALTAGS/Prydz/FLUO_LIGHT/PROCESSED/NC/ct160-338-20-N1_all_prof_PROCESSED.nc,ct160-338-20-N1,184,0.0066037905451498,0.0030535798715917,0.0006851587248475,0.0027342115185762,0.0004441057773012,4.428736686706543,29.97990608215332,AQUA,19,0.1492670267086009,0.6516162157058716,0.0033110103104263
/Volumes/Data/Work/SEALTAGS/Prydz/FLUO_LIGHT/PROCESSED/NC/ct160-338-20-N1_all_prof_PROCESSED.nc,ct160-338-20-N1,329,0.0091608340541521,0.0097896680235862,0.0102173344542582,0.0078575008859237,0.0015896682937939,0.1071679964661598,10.924158096313477,NOAA_20,12,0.0197021172218334,0.0253734719008207,0.0009071941021829
/Volumes/Data/Work/SEALTAGS/Prydz/FLUO_LIGHT/PROCESSED/NC/ct160-338-20-N1_all_prof_PROCESSED.nc,ct160-338-20-N1,330,0.0087020011352641,0.0095378578241382,0.0095725719417844,0.0073548584644283,0.0013414296720709,0.1076000034809112,11.205035209655762,NOAA_20,14,0.0193900914714056,0.0261969678103923,0.0048494795337319
/Volumes/Data/Work/SEALTAGS/Prydz/FLUO_LIGHT/PROCESSED/NC/ct160-338-20-N1_all_prof_PROCESSED.nc,ct160-338-20-N1,362,0.0069593343262871,0.006695334178706,0.0051836678758263,0.0029860008507966,0.0001620004574457,0.0702250003814697,9.301997184753418,SUOMI_NPP,12,0.1513648613165597,0.1080354452133178,0.0012234346941113
/Volumes/Data/Work/SEALTAGS/Prydz/FLUO_LIGHT/PROCESSED/NC/ct160-338-20-N1_all_prof_PROCESSED.nc,ct160-338-20-N1,362,0.0130060017108917,0.0060180015861988,0.0040119998157024,0.0006420016288757,-0.0014979988336563,0.0201999992132186,9.557998657226562,AQUA,1,0.0,0.0,0.0
/Volumes/Data/Work/SEALTAGS/Prydz/FLUO_LIGHT/PROCESSED/NC/ct160-338-20-N1_all_prof_PROCESSED.nc,ct160-338-20-N1,363,0.0058000013232231,0.0046240016818046,0.0024900026619434,0.0011240020394325,-0.000450000166893,0.0541999973356723,9.08199691772461,SUOMI_NPP,1,0.0,0.0,0.0
/Volumes/Data/Work/SEALTAGS/Prydz/FLUO_LIGHT/PROCESSED/NC/ct160-338-20-N1_all_prof_PROCESSED.nc,ct160-338-20-N1,363,0.0136828009039163,0.00653040073812,0.0044672012329101,0.0011476010084152,-0.0004131991416215,0.0303000006824731,9.56316375732422,AQUA,10,0.0385597142867765,0.2269881665706634,0.0156047046184539
/Volumes/Data/Work/SEALTAGS/Prydz/FLUO_LIGHT/PROCESSED/NC/ct160-338-20-N1_all_prof_PROCESSED.nc,ct160-338-20-N1,358,0.0173090007156133,0.0136690009385347,0.0098490007221698,0.0039099995046854,0.0006030015647411,0.0505999997258186,9.72699737548828,NOAA_20,2,0.0247859064298275,0.0118577238172292,0.0001027501784847
/Volumes/Data/Work/SEALTAGS/Prydz/FLUO_LIGHT/PROCESSED/NC/ct160-338-20-N1_all_prof_PROCESSED.nc,ct160-338-20-N1,364,0.0064366683363914,0.0062220009664694,0.0040133347113927,0.002145333836476,-0.0002146661281585,0.0644000023603439,9.326664924621582,SUOMI_NPP,3,0.1453231882870117,0.1164492815732956,0.0002022567205131
/Volumes/Data/Work/SEALTAGS/Prydz/FLUO_LIGHT/PROCESSED/NC/ct160-338-20-N1_all_prof_PROCESSED.nc,ct160-338-20-N1,407,0.0263240002095699,0.0208520013839006,0.0149580016732215,0.0083659999072551,0.0022220015525817,0.0745999962091445,8.475997924804688,NOAA_20,1,0.0,0.0,0.0
/Volumes/Data/Work/SEALTAGS/Prydz/FLUO_LIGHT/PROCESSED/NC/ct160-338-20-N1_all_prof_PROCESSED.nc,ct160-338-20-N1,416,0.0150220021605491,0.0150040015578269,0.0112340003252029,0.005790002644062,0.0011459998786449,0.0631999969482421,9.237998962402344,SUOMI_NPP,1,0.0,0.0,0.0
/Volumes/Data/Work/SEALTAGS/Prydz/FLUO_LIGHT/PROCESSED/NC/ct160-338-20-N1_all_prof_PROCESSED.nc,ct160-338-20-N1,440,0.0073160007596015,0.0063680000603199,0.0054410006850957,0.0024980008602142,0.0003800000995397,0.060199998319149,10.935997009277344,NOAA_20,2,0.0438257047280344,0.076411984860897,0.0001827818196034
/Volumes/Data/Work/SEALTAGS/Prydz/FLUO_LIGHT/PROCESSED/NC/ct160-338-20-N1_all_prof_PROCESSED.nc,ct160-338-20-N1,441,0.0074240006506443,0.0059220008552074,0.0049780011177062,0.002454001456499,0.0002360008656978,0.0648000016808509,10.933998107910156,NOAA_20,1,0.0,0.0,0.0
/Volumes/Data/Work/SEALTAGS/Prydz/FLUO_LIGHT/PROCESSED/NC/ct160-338-20-N1_all_prof_PROCESSED.nc,ct160-338-20-N1,523,0.0051106009632349,0.0052382007241249,0.0046566016972064,0.0019100006669759,0.0002790015190839,0.0535866618156433,11.049863815307615,NOAA_20,10,0.0722492109768664,0.1323595494031906,0.0056878547184169
/Volumes/Data/Work/SEALTAGS/Prydz/FLUO_LIGHT/PROCESSED/NC/ct160-338-20-N1_all_prof_PROCESSED.nc,ct160-338-20-N1,524,0.0035967379808425,0.0041090536274408,0.0040457903554565,0.0016748428736862,0.0002729484909459,0.0526239909231662,10.981597900390623,NOAA_20,19,0.0877819325296909,0.0833651348948478,0.0010619444074109
/Volumes/Data/Work/SEALTAGS/Prydz/FLUO_LIGHT/PROCESSED/NC/ct160-338-20-N2_all_prof_PROCESSED.nc,ct160-338-20-N2,42,0.0093980021774768,0.0074460009733835,0.0052186672886212,0.0021553349991639,0.0004126677910486,0.0529999993741512,20.759498596191406,NOAA_20,3,0.1393674905730763,0.0211791843175888,0.0007505257963202
/Volumes/Data/Work/SEALTAGS/Prydz/FLUO_LIGHT/PROCESSED/NC/ct160-338-20-N2_all_prof_PROCESSED.nc,ct160-338-20-N2,41,0.0096710007637739,0.0075350012630224,0.0053170006722211,0.0022300016134977,0.0004610009491443,0.0539999976754188,20.76999855041504,NOAA_20,2,0.0704135914496017,0.0037036975845694,0.0001925715187098
/Volumes/Data/Work/SEALTAGS/Prydz/FLUO_LIGHT/PROCESSED/NC/ct160-338-20-N2_all_prof_PROCESSED.nc,ct160-338-20-N2,59,0.0108846686780452,0.009197333206733,0.0068713339666525,0.0024393337468306,0.0003953340152899,0.0433999970555305,22.97149658203125,NOAA_20,3,0.0093432108335411,0.0343309976160526,0.0003764069115277
/Volumes/Data/Work/SEALTAGS/Prydz/FLUO_LIGHT/PROCESSED/NC/ct160-338-20-N2_all_prof_PROCESSED.nc,ct160-338-20-N2,69,0.0095726009458303,0.0082092009484767,0.0062948007136583,0.0025460008531808,0.0005036003887653,0.0515200048685073,24.7716007232666,NOAA_20,10,0.0238592936907461,0.0258591957390308,0.0004354671691544
/Volumes/Data/Work/SEALTAGS/Prydz/FLUO_LIGHT/PROCESSED/NC/ct160-338-20-N2_all_prof_PROCESSED.nc,ct160-338-20-N2,89,0.0086738009005785,0.0076926004141569,0.0063196007162332,0.0025410007685422,0.0006208013743162,0.0516875013709068,28.331497192382812,NOAA_20,10,0.023585234427629,0.043583869934082,0.0005470961914397
/Volumes/Data/Work/SEALTAGS/Prydz/FLUO_LIGHT/PROCESSED/NC/ct160-338-20-N2_all_prof_PROCESSED.nc,ct160-338-20-N2,109,0.0061153341084718,0.0056696670750776,0.0039136670529842,0.0011666677892208,6.500134865442912e-05,0.0285800006240606,35.46039581298828,AQUA,6,0.0455045033398084,0.115176610648632,0.0053982818499207
/Volumes/Data/Work/SEALTAGS/Prydz/FLUO_LIGHT/PROCESSED/NC/ct160-338-20-N2_all_prof_PROCESSED.nc,ct160-338-20-N2,107,0.0089242226547665,0.0077153344949086,0.0057806674804952,0.0022146668699052,0.0003411120010746,0.0451999939978122,34.652305603027344,SUOMI_NPP,9,0.024076266150227,0.0345368385314941,0.0055125481449067
/Volumes/Data/Work/SEALTAGS/Prydz/FLUO_LIGHT/PROCESSED/NC/ct160-338-20-N2_all_prof_PROCESSED.nc,ct160-338-20-N2,107,0.008186211515414,0.0071885268154897,0.0057150533324793,0.0020583170024972,0.0003351592703869,0.0452560037374496,34.51128005981445,NOAA_20,19,0.0129977553337658,0.0296987723559141,0.0049434178508818
/Volumes/Data/Work/SEALTAGS/Prydz/FLUO_LIGHT/PROCESSED/NC/ct160-338-20-N2_all_prof_PROCESSED.nc,ct160-338-20-N2,107,0.0090411254204809,0.0068756262771785,0.0051292509306222,0.0016032506246119,0.0002407513093203,0.0397749990224838,34.80133056640625,AQUA,16,0.0120443150534346,0.0287138205021619,0.0047784834168851
/Volumes/Data/Work/SEALTAGS/Prydz/FLUO_LIGHT/PROCESSED/NC/ct160-338-20-N2_all_prof_PROCESSED.nc,ct160-338-20-N2,105,0.006038000807166,0.0055340006947517,0.0043780002743005,0.0016290005296468,0.0002450011670589,0.0438499972224235,33.896995544433594,SUOMI_NPP,2,0.0126132695239042,0.0283691380172967,0.0002106512256432
/Volumes/Data/Work/SEALTAGS/Prydz/FLUO_LIGHT/PROCESSED/NC/ct160-338-20-N2_all_prof_PROCESSED.nc,ct160-338-20-N2,105,0.0062457347909609,0.0057297339042027,0.0048214673995971,0.0014214674631754,0.0001738677422205,0.0351052582263946,34.00431823730469,NOAA_20,15,0.0262701311862227,0.1114474758505821,0.0015989913372322
/Volumes/Data/Work/SEALTAGS/Prydz/FLUO_LIGHT/PROCESSED/NC/ct160-338-20-N2_all_prof_PROCESSED.nc,ct160-338-20-N2,105,0.0071702868278537,0.0045938574309859,0.0038164295256137,0.0010704294379268,0.000168429421527,0.0361684188246727,34.293155670166016,AQUA,14,0.0215972717119168,0.0820628851652145,0.0013146613491699
/Volumes/Data/Work/SEALTAGS/Prydz/FLUO_LIGHT/PROCESSED/NC/ct160-338-20-N2_all_prof_PROCESSED.nc,ct160-338-20-N2,112,0.0064780004322528,0.0060099996626377,0.0048500001430511,0.0016280002892017,0.0002240017056465,0.0377999991178512,35.43799591064453,SUOMI_NPP,1,0.0,0.0,0.0
/Volumes/Data/Work/SEALTAGS/Prydz/FLUO_LIGHT/PROCESSED/NC/ct160-338-20-N2_all_prof_PROCESSED.nc,ct160-338-20-N2,112,0.0080800019204616,0.0067920014262199,0.0054940022528171,0.0019000023603439,0.0003320015966892,0.0425999984145164,35.391998291015625,NOAA_20,1,0.0,0.0,0.0
/Volumes/Data/Work/SEALTAGS/Prydz/FLUO_LIGHT/PROCESSED/NC/ct160-338-20-N2_all_prof_PROCESSED.nc,ct160-338-20-N2,112,0.0083097508177161,0.0064502512104809,0.0048502516001462,0.0014625005424022,0.0002335011959075,0.0388307645916938,35.694766998291016,AQUA,8,0.0233768988970722,0.1005621403455734,0.0005156460101716
/Volumes/Data/Work/SEALTAGS/Prydz/FLUO_LIGHT/PROCESSED/NC/ct160-338-20-N2_all_prof_PROCESSED.nc,ct160-338-20-N2,120,0.0071307784981197,0.0063375563671191,0.0052655566897657,0.0019871120651563,0.0003356679032246,0.0475545488297939,36.68263626098633,NOAA_20,18,0.0263450502015785,0.0395329780876636,0.0005165597540326
/Volumes/Data/Work/SEALTAGS/Prydz/FLUO_LIGHT/PROCESSED/NC/ct160-338-20-N2_all_prof_PROCESSED.nc,ct160-338-20-N2,121,0.0075833338002363,0.0066400008896986,0.0054740011692047,0.002069999774297,0.0003413346906503,0.0473200008273124,36.74480056762695,NOAA_20,3,0.0090066882970811,0.0174469742923975,0.0033369422890245
/Volumes/Data/Work/SEALTAGS/Prydz/FLUO_LIGHT/PROCESSED/NC/ct160-338-20-N2_all_prof_PROCESSED.nc,ct160-338-20-N2,130,0.0071385004557669,0.0063142506405711,0.005354001186788,0.0014560003764927,0.0002010017633438,0.0314400009810924,38.10699844360352,NOAA_20,8,0.0272225398438865,0.0961717739701271,0.0031165089458227
/Volumes/Data/Work/SEALTAGS/Prydz/FLUO_LIGHT/PROCESSED/NC/ct160-338-20-N2_all_prof_PROCESSED.nc,ct160-338-20-N2,136,0.0047576679951614,0.0048486673169665,0.0041262230111493,0.0015063341706991,0.0001670012457503,0.0417679995298385,38.802635192871094,SUOMI_NPP,18,0.038499937649341,0.0670599490404129,0.0008405995904468
/Volumes/Data/Work/SEALTAGS/Prydz/FLUO_LIGHT/PROCESSED/NC/ct160-338-20-N2_all_prof_PROCESSED.nc,ct160-338-20-N2,136,0.003158106223533,0.0041583162781439,0.0039549485633247,0.0015925270946402,0.0002018956369475,0.0471279993653297,38.70247650146485,SUOMI_NPP,19,0.0595295191096424,0.0621722564101219,0.0011045938590541
/Volumes/Data/Work/SEALTAGS/Prydz/FLUO_LIGHT/PROCESSED/NC/ct160-338-20-N2_all_prof_PROCESSED.nc,ct160-338-20-N2,136,0.0061371583295495,0.0058809479600504,0.0050783169112707,0.0017396852766212,0.0002549480842916,0.0422159992158412,38.69895935058594,NOAA_20,19,0.0120391750048544,0.0325457565486431,0.0008054496138356
/Volumes/Data/Work/SEALTAGS/Prydz/FLUO_LIGHT/PROCESSED/NC/ct160-338-20-N2_all_prof_PROCESSED.nc,ct160-338-20-N2,136,0.0066363757941871,0.0055741257965564,0.0045792507007718,0.0013630005996674,0.000209875870496,0.0399440005421638,39.0501594543457,AQUA,16,0.0148855349434116,0.0217799749225378,0.0008105644374154
/Volumes/Data/Work/SEALTAGS/Prydz/FLUO_LIGHT/PROCESSED/NC/ct160-338-20-N2_all_prof_PROCESSED.nc,ct160-338-20-N2,132,0.0104446671903133,0.0086151119321584,0.0066304453131225,0.0023762229830026,0.0003381121075815,0.0447565205395221,38.392086029052734,NOAA_20,18,0.0215947505956827,0.0238270238041877,0.0032125608995556
/Volumes/Data/Work/SEALTAGS/Prydz/FLUO_LIGHT/PROCESSED/NC/ct160-338-20-N2_all_prof_PROCESSED.nc,ct160-338-20-N2,133,0.0103694290987082,0.0085322862224919,0.0065051439617361,0.0023334297750677,0.0003245723034654,0.0447636358439922,38.16727066040039,NOAA_20,7,0.011263364925627,0.0320388562977314,0.0031904226634651
/Volumes/Data/Work/SEALTAGS/Prydz/FLUO_LIGHT/PROCESSED/NC/ct160-338-20-N2_all_prof_PROCESSED.nc,ct160-338-20-N2,143,0.0085198003798723,0.007345400750637,0.0056988004595041,0.0022320006042718,0.000279401615262,0.0461230725049972,40.69230651855469,SUOMI_NPP,10,0.0144697435869318,0.0321600213646888,0.0030385747086256
/Volumes/Data/Work/SEALTAGS/Prydz/FLUO_LIGHT/PROCESSED/NC/ct160-338-20-N2_all_prof_PROCESSED.nc,ct160-338-20-N2,143,0.0080180019140243,0.0071800015866756,0.0058860015124082,0.0020850021392107,0.0003100000321865,0.0439999997615814,40.599998474121094,NOAA_20,2,0.0101930742546019,0.0272727236151695,0.003300511976704
/Volumes/Data/Work/SEALTAGS/Prydz/FLUO_LIGHT/PROCESSED/NC/ct160-338-20-N2_all_prof_PROCESSED.nc,ct160-338-20-N2,144,0.0089060008525848,0.0076076008379459,0.0059084005653858,0.0022804014384746,0.0002804018557071,0.0450857169926166,40.6099967956543,SUOMI_NPP,5,0.015014345916899,0.0206516738981008,0.0026367048267275
/Volumes/Data/Work/SEALTAGS/Prydz/FLUO_LIGHT/PROCESSED/NC/ct160-338-20-N2_all_prof_PROCESSED.nc,ct160-338-20-N2,144,0.0037346668541431,0.0042660012841224,0.0038133338093757,0.0016426679988702,0.0001526673634847,0.0511600002646446,40.41279983520508,SUOMI_NPP,3,0.0248439553754868,0.0772975459694862,0.0015604656655341
/Volumes/Data/Work/SEALTAGS/Prydz/FLUO_LIGHT/PROCESSED/NC/ct160-338-20-N2_all_prof_PROCESSED.nc,ct160-338-20-N2,144,0.0090500004589557,0.0068939998745918,0.0053100027143955,0.0015340000391006,0.0001860000193119,0.0385999977588653,40.87200164794922,AQUA,1,0.0,0.0,0.0
/Volumes/Data/Work/SEALTAGS/Prydz/FLUO_LIGHT/PROCESSED/NC/ct160-338-20-N2_all_prof_PROCESSED.nc,ct160-338-20-N2,154,0.0082153342664241,0.0072413347661495,0.0061146679023901,0.0023313338557879,0.0004386665920416,0.0481999963521957,41.74866485595703,NOAA_20,3,0.0244956546582442,0.0179273672401905,0.0001373622362734
/Volumes/Data/Work/SEALTAGS/Prydz/FLUO_LIGHT/PROCESSED/NC/ct160-338-20-N2_all_prof_PROCESSED.nc,ct160-338-20-N2,154,0.0062515565918551,0.005614445441299,0.0042937782903512,0.0012655564480357,0.0002124450272983,0.0351333357393741,42.288330078125,AQUA,9,0.0214663224473881,0.039325188845396,0.0044377301819622
/Volumes/Data/Work/SEALTAGS/Prydz/FLUO_LIGHT/PROCESSED/NC/ct160-338-20-N2_all_prof_PROCESSED.nc,ct160-338-20-N2,146,0.004050667087237,0.0042893340190251,0.0039946672817071,0.0016806684434413,0.0001573339104652,0.0520399995148181,40.463600158691406,SUOMI_NPP,3,0.0241070917537063,0.0515848249197006,0.001304876175709
/Volumes/Data/Work/SEALTAGS/Prydz/FLUO_LIGHT/PROCESSED/NC/ct160-338-20-N2_all_prof_PROCESSED.nc,ct160-338-20-N2,155,0.0065603330731391,0.0054663345217704,0.0042080003768205,0.0011250010381142,0.0002166678508122,0.0322000011801719,42.34482955932617,AQUA,6,0.0256651720012739,0.0728766620159149,0.0051167882047593
/Volumes/Data/Work/SEALTAGS/Prydz/FLUO_LIGHT/PROCESSED/NC/ct160-338-20-N2_all_prof_PROCESSED.nc,ct160-338-20-N2,157,0.0081506681938966,0.0070453348259131,0.0057686666647593,0.002054667721192,0.0002680011093616,0.0443333350121974,43.0073356628418,NOAA_20,3,0.0050150216517167,0.0042532663792371,0.0026528041344136
/Volumes/Data/Work/SEALTAGS/Prydz/FLUO_LIGHT/PROCESSED/NC/ct160-338-20-N2_all_prof_PROCESSED.nc,ct160-338-20-N2,177,0.0054280012845993,0.0052760019898414,0.0048179998993873,0.0021920017898082,0.0003620013594627,0.0548000000417232,45.858001708984375,SUOMI_NPP,1,0.0,0.0,0.0
/Volumes/Data/Work/SEALTAGS/Prydz/FLUO_LIGHT/PROCESSED/NC/ct160-338-20-N2_all_prof_PROCESSED.nc,ct160-338-20-N2,177,0.007692462263199,0.0065930783748626,0.005750923202588,0.0021941547210399,0.0003349233705263,0.0482555516064167,45.71266555786133,NOAA_20,13,0.0246115832387033,0.023396722972393,0.0061760027892887
/Volumes/Data/Work/SEALTAGS/Prydz/FLUO_LIGHT/PROCESSED/NC/ct160-338-20-N2_all_prof_PROCESSED.nc,ct160-338-20-N2,184,0.004090001185735,0.00385000060002,0.0033713343242804,0.001220000286897,-7.333233952522278e-05,0.0442499965429306,45.97850036621094,SUOMI_NPP,3,0.0307521891578057,0.1323674619197845,0.0002940029953606
/Volumes/Data/Work/SEALTAGS/Prydz/FLUO_LIGHT/PROCESSED/NC/ct160-338-20-N2_all_prof_PROCESSED.nc,ct160-338-20-N2,184,0.0063931257463991,0.0057740008924156,0.0050995009951293,0.0021596259903162,0.0002571258228272,0.0505440011620521,45.76359939575195,SUOMI_NPP,16,0.0151565691908887,0.0330781899392604,0.0014195876428857
/Volumes/Data/Work/SEALTAGS/Prydz/FLUO_LIGHT/PROCESSED/NC/ct160-338-20-N2_all_prof_PROCESSED.nc,ct160-338-20-N2,184,0.0057483757846057,0.0059913755394518,0.0056418757885694,0.0024833760689944,0.0004158758092671,0.0573679953813552,45.768558502197266,NOAA_20,16,0.0426282265133095,0.0473688766360282,0.0018371294718235
/Volumes/Data/Work/SEALTAGS/Prydz/FLUO_LIGHT/PROCESSED/NC/ct160-338-20-N2_all_prof_PROCESSED.nc,ct160-338-20-N2,184,0.007373000894274,0.0060361432177679,0.0051594299397298,0.0018561439854758,0.0002291439367192,0.0475359968841075,46.22328186035156,AQUA,14,0.0132730300534678,0.0222542285919189,0.0018502239836379
/Volumes/Data/Work/SEALTAGS/Prydz/FLUO_LIGHT/PROCESSED/NC/ct160-338-20-N2_all_prof_PROCESSED.nc,ct160-338-20-N2,183,0.004204546186057,0.0040629103102467,0.0036710920658978,0.0013374557549303,5.745549093593251e-05,0.0400666669011116,45.919063568115234,SUOMI_NPP,11,0.094924732413564,0.1898122578859329,0.0021852031350135
/Volumes/Data/Work/SEALTAGS/Prydz/FLUO_LIGHT/PROCESSED/NC/ct160-338-20-N2_all_prof_PROCESSED.nc,ct160-338-20-N2,183,0.0063481062258544,0.0057504220228446,0.005034211434816,0.0021497903293684,0.0002501057951073,0.0507359988987445,45.842559814453125,SUOMI_NPP,19,0.0185954929158743,0.0245473254472017,0.0022088987752795
/Volumes/Data/Work/SEALTAGS/Prydz/FLUO_LIGHT/PROCESSED/NC/ct160-338-20-N2_all_prof_PROCESSED.nc,ct160-338-20-N2,183,0.0056155570265319,0.0058601113657156,0.005537111726072,0.0024190011123816,0.0003915561570061,0.0569280013442039,45.83367538452149,NOAA_20,18,0.0469107443710579,0.0375881232321262,0.0023408983834087
/Volumes/Data/Work/SEALTAGS/Prydz/FLUO_LIGHT/PROCESSED/NC/ct160-338-20-N2_all_prof_PROCESSED.nc,ct160-338-20-N2,183,0.0073865006367365,0.005987667478621,0.0051371678709983,0.0018751674021283,0.0002325006450215,0.0479840002954006,46.267677307128906,AQUA,12,0.010179053625717,0.0177196767181158,0.0021653773728758
/Volumes/Data/Work/SEALTAGS/Prydz/FLUO_LIGHT/PROCESSED/NC/ct160-338-20-N2_all_prof_PROCESSED.nc,ct160-338-20-N2,182,0.0053340010344982,0.0050320004423459,0.004566000153621,0.0019973342617352,0.0002193339169025,0.0521333329379558,45.288665771484375,SUOMI_NPP,3,0.0747565664540134,0.0361691527068614,0.0002202985924668
/Volumes/Data/Work/SEALTAGS/Prydz/FLUO_LIGHT/PROCESSED/NC/ct160-338-20-N2_all_prof_PROCESSED.nc,ct160-338-20-N2,182,0.0075149419991409,0.0064477657570558,0.0057156476027825,0.0021594122928731,0.0003337656312129,0.0475727282464504,45.42890930175781,NOAA_20,17,0.0316581300889242,0.0419317446649074,0.0003894324472639
/Volumes/Data/Work/SEALTAGS/Prydz/FLUO_LIGHT/PROCESSED/NC/ct160-338-20-N2_all_prof_PROCESSED.nc,ct160-338-20-N2,182,-0.0012179990964276,0.0012582870466368,0.0025628576321261,0.0012405727590833,0.0002360013978821,0.0624333284795284,45.20283508300781,NOAA_20,7,0.118429593944216,0.1019055545330047,0.00228440342471
/Volumes/Data/Work/SEALTAGS/Prydz/FLUO_LIGHT/PROCESSED/NC/ct160-338-20-N2_all_prof_PROCESSED.nc,ct160-338-20-N2,182,0.0043465341130892,0.0040014676749706,0.003645334392786,0.001367334028085,0.0001781344413757,0.0449919998645782,45.839839935302734,AQUA,15,0.0713171100554518,0.0473701022565364,0.0033280991483479
/Volumes/Data/Work/SEALTAGS/Prydz/FLUO_LIGHT/PROCESSED/NC/ct160-338-20-N2_all_prof_PROCESSED.nc,ct160-338-20-N2,178,0.004610667626063,0.0045073342820008,0.0043380012114842,0.0018780007958412,0.0002939999103546,0.0526999980211257,45.86600112915039,SUOMI_NPP,3,0.05256427548673,0.0396670550107955,0.0001378820306854
/Volumes/Data/Work/SEALTAGS/Prydz/FLUO_LIGHT/PROCESSED/NC/ct160-338-20-N2_all_prof_PROCESSED.nc,ct160-338-20-N2,178,0.0075203539694056,0.0064609423279762,0.0056108245078255,0.002186706618351,0.000337648041108,0.0493360012769699,45.8298454284668,NOAA_20,17,0.0250206439729296,0.0287501215934753,0.0040645231492817
/Volumes/Data/Work/SEALTAGS/Prydz/FLUO_LIGHT/PROCESSED/NC/ct160-338-20-N2_all_prof_PROCESSED.nc,ct160-338-20-N2,178,0.0038640014827251,0.0039440020918846,0.0036699995398521,0.0013400018215179,0.0001920014619827,0.0443999990820884,46.1879997253418,AQUA,1,0.0,0.0,0.0
/Volumes/Data/Work/SEALTAGS/Prydz/FLUO_LIGHT/PROCESSED/NC/ct160-338-20-N2_all_prof_PROCESSED.nc,ct160-338-20-N2,179,0.0051203339050213,0.0049428343772888,0.0045336674277981,0.0019931669036547,0.0002568339308102,0.0527733340859413,45.408931732177734,SUOMI_NPP,12,0.0290466440497011,0.0292859375476837,0.000267108232947
/Volumes/Data/Work/SEALTAGS/Prydz/FLUO_LIGHT/PROCESSED/NC/ct160-338-20-N2_all_prof_PROCESSED.nc,ct160-338-20-N2,179,0.0070324453214804,0.0061282229920228,0.0053566669424374,0.0020994452966584,0.0003112229622072,0.0497360005974769,45.5408821105957,NOAA_20,18,0.0299423185039343,0.0227679852396249,0.0003358454268891
/Volumes/Data/Work/SEALTAGS/Prydz/FLUO_LIGHT/PROCESSED/NC/ct160-338-20-N2_all_prof_PROCESSED.nc,ct160-338-20-N2,179,0.0002620015293359,0.0020500011742115,0.0030990000814199,0.0015660021454095,0.0002430006861686,0.0670399963855743,45.32679748535156,NOAA_20,2,0.0436430759834914,0.0515134297311306,4.503584932535887e-05
/Volumes/Data/Work/SEALTAGS/Prydz/FLUO_LIGHT/PROCESSED/NC/ct160-338-20-N2_all_prof_PROCESSED.nc,ct160-338-20-N2,179,0.0091733336448669,0.0061526683469613,0.0050373338162899,0.0015526674687862,0.0001466684043407,0.0415333323180675,45.9046630859375,AQUA,3,0.0222203375823902,0.023699551820755,0.0023533313069492
/Volumes/Data/Work/SEALTAGS/Prydz/FLUO_LIGHT/PROCESSED/NC/ct160-338-20-N2_all_prof_PROCESSED.nc,ct160-338-20-N2,179,0.0046791773946846,0.0043488243485198,0.0039200007038957,0.0014757656437509,0.0001807070392019,0.0447304360568523,45.73503875732422,AQUA,17,0.1045262513533088,0.0546277835965156,0.0025230017490684
/Volumes/Data/Work/SEALTAGS/Prydz/FLUO_LIGHT/PROCESSED/NC/ct160-338-20-N2_all_prof_PROCESSED.nc,ct160-338-20-N2,192,0.0099920004606246,0.0082700014114379,0.0070860005915164,0.0035508006811141,0.0005752012133598,0.0659333243966102,47.77632522583008,NOAA_20,5,0.0222071664991713,0.0075665321201086,0.0010314641986042
/Volumes/Data/Work/SEALTAGS/Prydz/FLUO_LIGHT/PROCESSED/NC/ct160-338-20-N2_all_prof_PROCESSED.nc,ct160-338-20-N2,192,0.0109390007952849,0.0084906676784157,0.0069293342530727,0.00308500106136,0.0004533343017101,0.0621000006794929,48.20287322998047,AQUA,12,0.0104066105538429,0.0138523671776056,0.0006494284025393
/Volumes/Data/Work/SEALTAGS/Prydz/FLUO_LIGHT/PROCESSED/NC/ct160-338-20-N2_all_prof_PROCESSED.nc,ct160-338-20-N2,197,0.0077100011209646,0.0064726670583089,0.0056453347206115,0.0029160007834434,0.0003860009213288,0.0633333325386047,48.38533401489258,SUOMI_NPP,3,0.0206796663051078,0.0336512960493564,0.0002487822202965
/Volumes/Data/Work/SEALTAGS/Prydz/FLUO_LIGHT/PROCESSED/NC/ct160-338-20-N2_all_prof_PROCESSED.nc,ct160-338-20-N2,201,0.0076880007982254,0.0067120008170604,0.0060480013489723,0.0031439997255802,0.0005399994552135,0.063799999654293,48.63199996948242,SUOMI_NPP,1,0.0,0.0,0.0
/Volumes/Data/Work/SEALTAGS/Prydz/FLUO_LIGHT/PROCESSED/NC/ct160-338-20-N2_all_prof_PROCESSED.nc,ct160-338-20-N2,221,0.0091908338169256,0.0077171676481763,0.0066603341450293,0.0030878335237503,0.0004410004864136,0.0558624975383281,52.55524826049805,SUOMI_NPP,12,0.0294309193629162,0.0245028939098119,0.0002391255256952
/Volumes/Data/Work/SEALTAGS/Prydz/FLUO_LIGHT/PROCESSED/NC/ct160-338-20-N2_all_prof_PROCESSED.nc,ct160-338-20-N2,221,0.0098382007330656,0.0078100007027387,0.006386200711131,0.0022400006651878,0.0002164009958505,0.0488999970257282,53.01457595825195,AQUA,10,0.0275136544390432,0.016120808199048,0.0002699557517189
/Volumes/Data/Work/SEALTAGS/Prydz/FLUO_LIGHT/PROCESSED/NC/ct160-338-20-N2_all_prof_PROCESSED.nc,ct160-338-20-N2,223,0.0062184715095688,0.0055828243494033,0.0050552947556271,0.0024094127995126,0.0002335305599605,0.0580959990620613,52.923282623291016,SUOMI_NPP,17,0.0545650102277395,0.0511555410921573,0.0006205911631695
/Volumes/Data/Work/SEALTAGS/Prydz/FLUO_LIGHT/PROCESSED/NC/ct160-338-20-N2_all_prof_PROCESSED.nc,ct160-338-20-N2,223,0.0067814007401466,0.0060070011764764,0.0055425006896257,0.0023630011826753,0.0003214009106159,0.0547166652977466,52.92558288574219,NOAA_20,20,0.0249140637557875,0.0341409668326377,0.0004412355483509
/Volumes/Data/Work/SEALTAGS/Prydz/FLUO_LIGHT/PROCESSED/NC/ct160-338-20-N2_all_prof_PROCESSED.nc,ct160-338-20-N2,223,0.0071673341509368,0.0057073343131277,0.0050891120400693,0.0020026674287186,0.0002620009084542,0.0532959997653961,53.35615539550781,AQUA,18,0.0193642437273219,0.0200579855591058,0.0008022567490115
/Volumes/Data/Work/SEALTAGS/Prydz/FLUO_LIGHT/PROCESSED/NC/ct160-338-20-N2_all_prof_PROCESSED.nc,ct160-338-20-N2,227,0.0113760009407997,0.0088030006736516,0.0070010013878345,0.0030620004981756,0.0005680005997419,0.063400000333786,54.94000244140625,AQUA,2,0.0072848828594017,0.0315457172691822,0.000291240401566
/Volumes/Data/Work/SEALTAGS/Prydz/FLUO_LIGHT/PROCESSED/NC/ct160-338-20-N2_all_prof_PROCESSED.nc,ct160-338-20-N2,247,0.0060917516238987,0.0055817514657974,0.0048817507922649,0.0018552509136497,0.0001887511461973,0.0455999970436096,58.36699676513672,SUOMI_NPP,8,0.0506813911519084,0.0837937593460083,0.001237696968019
/Volumes/Data/Work/SEALTAGS/Prydz/FLUO_LIGHT/PROCESSED/NC/ct160-338-20-N2_all_prof_PROCESSED.nc,ct160-338-20-N2,247,0.0080554008483886,0.0063208017498254,0.0050686001777648,0.001630001142621,0.0002210009843111,0.0430823527276515,58.844112396240234,AQUA,10,0.0152824065477522,0.0218937173485755,0.0011912957997992
/Volumes/Data/Work/SEALTAGS/Prydz/FLUO_LIGHT/PROCESSED/NC/ct160-338-20-N2_all_prof_PROCESSED.nc,ct160-338-20-N2,248,0.0063961006700992,0.0057047009468078,0.0048984009772539,0.001914201118052,0.0002114010974764,0.0453919917345047,58.409278869628906,SUOMI_NPP,20,0.0486965159555604,0.0639165341854095,0.0009628994157537
/Volumes/Data/Work/SEALTAGS/Prydz/FLUO_LIGHT/PROCESSED/NC/ct160-338-20-N2_all_prof_PROCESSED.nc,ct160-338-20-N2,248,0.0080741826783527,0.0063490925187414,0.005096727812832,0.0016567280346697,0.000225273722952,0.0430750027298927,58.87624740600586,AQUA,11,0.0207643692374649,0.0230332296341657,0.0012412263313308
/Volumes/Data/Work/SEALTAGS/Prydz/FLUO_LIGHT/PROCESSED/NC/ct160-338-20-N2_all_prof_PROCESSED.nc,ct160-338-20-N2,259,0.0062253342734442,0.0057057783835464,0.0056450006862481,0.0028002235210604,0.0004072232792774,0.0608480013906955,59.91279602050781,SUOMI_NPP,18,0.0328336182074567,0.0332124978303909,0.0046465112827718
/Volumes/Data/Work/SEALTAGS/Prydz/FLUO_LIGHT/PROCESSED/NC/ct160-338-20-N2_all_prof_PROCESSED.nc,ct160-338-20-N2,259,0.0067006678630908,0.0057316677023967,0.0052743339911103,0.0023313344766696,0.0003036673491199,0.0558133274316787,60.03600311279297,NOAA_20,12,0.0225527498438287,0.0776357352733612,4.551762685878202e-05
/Volumes/Data/Work/SEALTAGS/Prydz/FLUO_LIGHT/PROCESSED/NC/ct160-338-20-N2_all_prof_PROCESSED.nc,ct160-338-20-N2,259,0.007119890095459,0.0059977790547741,0.0056665564576784,0.0023204446252849,0.0002888898468679,0.0570159964263439,60.13999938964844,AQUA,18,0.0295215265181291,0.0306753143668174,0.0056625255383551
/Volumes/Data/Work/SEALTAGS/Prydz/FLUO_LIGHT/PROCESSED/NC/ct160-338-20-N2_all_prof_PROCESSED.nc,ct160-338-20-N2,258,0.0058262114854235,0.0053151589083044,0.0052251590317801,0.0025252637110258,0.0003836847057468,0.0586000010371208,59.866641998291016,SUOMI_NPP,19,0.0241511546923392,0.0202490072697401,0.0041986359283328
/Volumes/Data/Work/SEALTAGS/Prydz/FLUO_LIGHT/PROCESSED/NC/ct160-338-20-N2_all_prof_PROCESSED.nc,ct160-338-20-N2,258,0.0067458193410526,0.0058063651350411,0.0052876370874318,0.0023170919580893,0.0003138187934051,0.0547066591680049,59.97359848022461,NOAA_20,11,0.0206468751026008,0.0906070470809936,0.0021981471218168
/Volumes/Data/Work/SEALTAGS/Prydz/FLUO_LIGHT/PROCESSED/NC/ct160-338-20-N2_all_prof_PROCESSED.nc,ct160-338-20-N2,258,0.0069401121387879,0.005853889716996,0.0053406670275661,0.0020808896256817,0.0002613340814908,0.0537279956042766,60.20783996582031,AQUA,18,0.0290419057820942,0.0587900802493095,0.0048023154959082
/Volumes/Data/Work/SEALTAGS/Prydz/FLUO_LIGHT/PROCESSED/NC/ct160-338-20-N2_all_prof_PROCESSED.nc,ct160-338-20-N2,267,0.0063586163406188,0.0057783086712543,0.0052987698179024,0.0022984625628361,0.0003630779683589,0.0520599968731403,60.08149337768555,SUOMI_NPP,13,0.0251863962278253,0.0376625806093215,0.0001249393826583
/Volumes/Data/Work/SEALTAGS/Prydz/FLUO_LIGHT/PROCESSED/NC/ct160-338-20-N2_all_prof_PROCESSED.nc,ct160-338-20-N2,268,0.0065125460651787,0.0059387277473102,0.0054227279668504,0.0024270916526967,0.0004047284072095,0.0533692277967929,60.08446502685547,SUOMI_NPP,11,0.0365134064689369,0.0400888733565807,0.000117618292279
/Volumes/Data/Work/SEALTAGS/Prydz/FLUO_LIGHT/PROCESSED/NC/ct160-338-20-N2_all_prof_PROCESSED.nc,ct160-338-20-N2,296,0.0115900002419948,0.0083068005740642,0.0064896009862422,0.0037336014211177,0.0005716003477573,0.0706999972462654,65.00433349609375,SUOMI_NPP,5,0.0382540807070508,0.0433578267693519,0.0011205720948055
/Volumes/Data/Work/SEALTAGS/Prydz/FLUO_LIGHT/PROCESSED/NC/ct160-338-20-N2_all_prof_PROCESSED.nc,ct160-338-20-N2,314,0.0058225265851146,0.0053656854127582,0.00544326399502,0.0029388426950103,0.0004694748081659,0.0717040002346038,65.49847412109375,NOAA_20,19,0.0154519032098069,0.0198506414890289,6.302147812675685e-05
/Volumes/Data/Work/SEALTAGS/Prydz/FLUO_LIGHT/PROCESSED/NC/ct160-338-20-N2_all_prof_PROCESSED.nc,ct160-338-20-N2,313,0.005566737565555,0.0051176849948732,0.0051868432446529,0.0028700007027701,0.000466632607736,0.0732319951057434,65.56631469726562,NOAA_20,19,0.0226344857787755,0.0208946261554956,0.0012722334358841
/Volumes/Data/Work/SEALTAGS/Prydz/FLUO_LIGHT/PROCESSED/NC/ct160-338-20-N2_all_prof_PROCESSED.nc,ct160-338-20-N2,315,0.0038131258916109,0.0034927509259432,0.0035343752242624,0.0025368758942931,0.0004450008273124,0.0938640013337135,65.6849594116211,SUOMI_NPP,16,0.0295577694326951,0.0408512577414512,0.0023706820793449
/Volumes/Data/Work/SEALTAGS/Prydz/FLUO_LIGHT/PROCESSED/NC/ct160-338-20-N2_all_prof_PROCESSED.nc,ct160-338-20-N2,316,0.0036546676937076,0.0033120005908939,0.003371889806456,0.0025326673769288,0.0004283340854777,0.0994560047984123,65.68376159667969,SUOMI_NPP,18,0.0286640879914859,0.0260493606328964,0.0007081618532538
/Volumes/Data/Work/SEALTAGS/Prydz/FLUO_LIGHT/PROCESSED/NC/ct160-338-20-N2_all_prof_PROCESSED.nc,ct160-338-20-N2,317,0.0087100006639957,0.0067149996757507,0.0052899997681379,0.0034120008349418,0.0005670022219419,0.0873000025749206,65.33999633789062,NOAA_20,2,0.0472279364024335,0.0240550059825181,6.124303035903722e-05
/Volumes/Data/Work/SEALTAGS/Prydz/FLUO_LIGHT/PROCESSED/NC/ct160-338-20-N2_all_prof_PROCESSED.nc,ct160-338-20-N2,320,0.0034740008413791,0.0027940012514591,0.0027920007705688,0.0029500015079975,0.0007440000772476,0.1656000018119812,66.8740005493164,SUOMI_NPP,1,0.0,0.0,0.0
/Volumes/Data/Work/SEALTAGS/Prydz/FLUO_LIGHT/PROCESSED/NC/ct160-338-20-N2_all_prof_PROCESSED.nc,ct160-338-20-N2,320,0.0016345009207725,0.0011575007811188,0.0015390012413263,0.0018360009416937,0.0004330007359385,0.2451111227273941,66.89866638183594,AQUA,4,0.0379058822841054,0.0808726921677589,0.0001314552937401
/Volumes/Data/Work/SEALTAGS/Prydz/FLUO_LIGHT/PROCESSED/NC/ct160-338-20-N2_all_prof_PROCESSED.nc,ct160-338-20-N2,319,0.0033100005239248,0.0027535017579793,0.002777500078082,0.0025675008073449,0.0006205011159181,0.1339000016450882,66.67066955566406,SUOMI_NPP,4,0.0185007560553037,0.017667869105935,0.0031042860355228
/Volumes/Data/Work/SEALTAGS/Prydz/FLUO_LIGHT/PROCESSED/NC/ct160-338-20-N2_all_prof_PROCESSED.nc,ct160-338-20-N2,319,0.001494001597166,0.0018760003149509,0.0021959990262985,0.0022160001099109,0.000484000891447,0.1597999930381775,66.3499984741211,NOAA_20,1,0.0,0.0,0.0
/Volumes/Data/Work/SEALTAGS/Prydz/FLUO_LIGHT/PROCESSED/NC/ct160-338-20-N2_all_prof_PROCESSED.nc,ct160-338-20-N2,319,0.00149966776371,0.0011330004781484,0.001531334593892,0.0017816678931315,0.0003903346757094,0.2183166295289993,67.2681655883789,AQUA,6,0.0320327233012134,0.063858687877655,0.0017035759519785
/Volumes/Data/Work/SEALTAGS/Prydz/FLUO_LIGHT/PROCESSED/NC/ct160-338-20-N2_all_prof_PROCESSED.nc,ct160-338-20-N2,318,0.0036130537720103,0.0030923166165226,0.003128737995499,0.0029328430169507,0.0007060009397958,0.1358909010887146,66.76618194580078,SUOMI_NPP,19,0.0520887747204329,0.0386875011026859,0.0009622591896913
/Volumes/Data/Work/SEALTAGS/Prydz/FLUO_LIGHT/PROCESSED/NC/ct160-338-20-N2_all_prof_PROCESSED.nc,ct160-338-20-N2,318,0.0014511431966509,0.0019200002508504,0.0025562867522239,0.0026071438831942,0.000558857939073,0.1605800092220306,66.74959564208984,NOAA_20,7,0.114346397809517,0.0676871463656425,0.0008907266892492
/Volumes/Data/Work/SEALTAGS/Prydz/FLUO_LIGHT/PROCESSED/NC/ct160-338-20-N2_all_prof_PROCESSED.nc,ct160-338-20-N2,318,0.0016653339068094,0.0013793346782525,0.0018580009539922,0.0019760007659594,0.0004006686309973,0.1928666681051254,67.24533081054688,AQUA,3,0.0874646577394843,0.1364134550094604,0.0007922404329292
/Volumes/Data/Work/SEALTAGS/Prydz/FLUO_LIGHT/PROCESSED/NC/ct160-339-20_all_prof_PROCESSED.nc,ct160-339-20,10,0.0043488245676545,0.0039221179835936,0.0039662365965983,0.0031322361353565,0.0005741187316529,0.1055280044674873,66.15847778320312,SUOMI_NPP,17,0.0223136386281495,0.0209326986223459,0.0010507913539186
/Volumes/Data/Work/SEALTAGS/Prydz/FLUO_LIGHT/PROCESSED/NC/ct160-339-20_all_prof_PROCESSED.nc,ct160-339-20,10,0.0033494292625359,0.0032301433384418,0.0034968581582818,0.0028372859316212,0.000532857541527,0.1158315762877464,66.2884292602539,NOAA_20,14,0.0224535037049889,0.024891085922718,0.0011147430632263
/Volumes/Data/Work/SEALTAGS/Prydz/FLUO_LIGHT/PROCESSED/NC/ct160-339-20_all_prof_PROCESSED.nc,ct160-339-20,10,0.0030181824483654,0.0032570914111354,0.0036305460062893,0.0029903643510558,0.0005549100989645,0.1182266548275947,66.0666732788086,NOAA_20,11,0.0265967757676481,0.026380356401205,0.001060530077666
/Volumes/Data/Work/SEALTAGS/Prydz/FLUO_LIGHT/PROCESSED/NC/ct160-339-20_all_prof_PROCESSED.nc,ct160-339-20,10,0.0034310007467865,0.0029300010452667,0.0033925008028745,0.0025875009596347,0.000458834071954,0.1102639958262443,66.60655975341797,AQUA,12,0.0136634646547327,0.0253973361104726,0.0013112587621435
/Volumes/Data/Work/SEALTAGS/Prydz/FLUO_LIGHT/PROCESSED/NC/ct160-339-20_all_prof_PROCESSED.nc,ct160-339-20,9,0.0043768245069419,0.0039271773660884,0.0039802360184052,0.0030623534146477,0.0005461187923655,0.1025199890136718,66.05775451660156,SUOMI_NPP,17,0.0222650566267962,0.0204903110861778,4.7146371798589826e-05
/Volumes/Data/Work/SEALTAGS/Prydz/FLUO_LIGHT/PROCESSED/NC/ct160-339-20_all_prof_PROCESSED.nc,ct160-339-20,9,0.00336293404301,0.0032286673784255,0.0034798669318358,0.0027576006948947,0.0004937338332335,0.1119904667139053,66.20008850097656,NOAA_20,15,0.027656760361435,0.0266343466937541,0.0001044400705723
/Volumes/Data/Work/SEALTAGS/Prydz/FLUO_LIGHT/PROCESSED/NC/ct160-339-20_all_prof_PROCESSED.nc,ct160-339-20,9,0.0030186012387275,0.0032808002084493,0.0036786012351512,0.0029432009905576,0.0005324009805917,0.1123599931597709,65.9670639038086,NOAA_20,10,0.0266244880404911,0.0445600673556327,0.0008284361683763
/Volumes/Data/Work/SEALTAGS/Prydz/FLUO_LIGHT/PROCESSED/NC/ct160-339-20_all_prof_PROCESSED.nc,ct160-339-20,9,0.0033520004497124,0.0029232315719127,0.0033963081928399,0.0024696932389185,0.0004163080683121,0.1037359908223152,66.499755859375,AQUA,13,0.0213960200074462,0.0445448011159896,3.736977669177577e-05
/Volumes/Data/Work/SEALTAGS/Prydz/FLUO_LIGHT/PROCESSED/NC/ct160-339-20_all_prof_PROCESSED.nc,ct160-339-20,11,0.003807000350207,0.0034277508966624,0.0035931260790675,0.0031423759646713,0.0006478754803538,0.1220479905605316,65.73839569091797,SUOMI_NPP,16,0.0237395419252386,0.016525886952877,5.017486182623543e-05
/Volumes/Data/Work/SEALTAGS/Prydz/FLUO_LIGHT/PROCESSED/NC/ct160-339-20_all_prof_PROCESSED.nc,ct160-339-20,11,0.0051450002938508,0.0043250005692243,0.0039350017905235,0.0032790005207061,0.0006040018051862,0.1199999973177909,65.98699951171875,NOAA_20,2,0.0195647325311369,0.0166666395962238,0.0001364312047371
/Volumes/Data/Work/SEALTAGS/Prydz/FLUO_LIGHT/PROCESSED/NC/ct160-339-20_all_prof_PROCESSED.nc,ct160-339-20,11,0.003003412967219,0.003269059693112,0.0036904713248505,0.0031423540238071,0.0006440010140923,0.1232319921255111,65.64440155029297,NOAA_20,17,0.0259957908273988,0.0206654034554958,3.8567104638786986e-05
/Volumes/Data/Work/SEALTAGS/Prydz/FLUO_LIGHT/PROCESSED/NC/ct160-339-20_all_prof_PROCESSED.nc,ct160-339-20,11,0.0029292232874366,0.0027647788325945,0.0032115566233793,0.0026792231947183,0.0005151118255323,0.1230319887399673,66.19639587402344,AQUA,18,0.0171627870999695,0.0227056834846735,0.0002995760587509
/Volumes/Data/Work/SEALTAGS/Prydz/FLUO_LIGHT/PROCESSED/NC/ct160-339-20_all_prof_PROCESSED.nc,ct160-339-20,26,0.0076778756920248,0.007676625624299,0.0071558761410415,0.0026547503657639,0.0004578754305839,0.0467439927160739,64.89056396484375,NOAA_20,16,0.0385330944663293,0.0560159422457218,0.002133366651833
/Volumes/Data/Work/SEALTAGS/Prydz/FLUO_LIGHT/PROCESSED/NC/ct160-339-20_all_prof_PROCESSED.nc,ct160-339-20,30,0.005714800581336,0.0051084004342556,0.0046092011034488,0.0025152001529932,0.0003842007368803,0.0772823542356491,62.97576522827149,AQUA,10,0.0253113447254061,0.0353173986077308,0.0152232088148593
/Volumes/Data/Work/SEALTAGS/Prydz/FLUO_LIGHT/PROCESSED/NC/ct160-339-20_all_prof_PROCESSED.nc,ct160-339-20,31,0.0054530017077922,0.0051970016211271,0.0045769996941089,0.0024900007992982,0.0003940016031265,0.0777999982237815,65.26499938964844,AQUA,2,0.0198589510545528,0.005141379777342,4.5941193093312904e-05
/Volumes/Data/Work/SEALTAGS/Prydz/FLUO_LIGHT/PROCESSED/NC/ct160-339-20_all_prof_PROCESSED.nc,ct160-339-20,41,0.0070165561305152,0.0055006674180428,0.0044480007555749,0.002631111898356,0.0002878896064228,0.0726719945669174,62.64215850830078,SUOMI_NPP,18,0.0411882343955405,0.0736486986279487,0.0054713021963834
/Volumes/Data/Work/SEALTAGS/Prydz/FLUO_LIGHT/PROCESSED/NC/ct160-339-20_all_prof_PROCESSED.nc,ct160-339-20,41,0.0041720010340213,0.0037230011075735,0.003680502064526,0.0023030005395412,0.0003160014748573,0.0788000002503395,62.504859924316406,SUOMI_NPP,4,0.0145895298862052,0.0142932645976543,0.0066643790341913
/Volumes/Data/Work/SEALTAGS/Prydz/FLUO_LIGHT/PROCESSED/NC/ct160-339-20_all_prof_PROCESSED.nc,ct160-339-20,41,0.0042967783908049,0.0039366678231292,0.003935667582684,0.0022994455777936,0.0003410006562868,0.0786761865019798,62.4099006652832,NOAA_20,18,0.0607080905384877,0.0722142457962036,0.0005315114976838
/Volumes/Data/Work/SEALTAGS/Prydz/FLUO_LIGHT/PROCESSED/NC/ct160-339-20_all_prof_PROCESSED.nc,ct160-339-20,54,0.0057106663783391,0.0053973346948623,0.0055486671626567,0.0030353342493375,0.0004560003678003,0.0675333365797996,61.60866928100586,SUOMI_NPP,3,0.0102569948375587,0.0050335670821368,8.095996599877253e-05
/Volumes/Data/Work/SEALTAGS/Prydz/FLUO_LIGHT/PROCESSED/NC/ct160-339-20_all_prof_PROCESSED.nc,ct160-339-20,54,0.0061875004321336,0.0057512507773935,0.0056965011171996,0.002883500419557,0.0003917510621249,0.0672199949622154,61.48560333251953,NOAA_20,8,0.0209714296220146,0.0254366882145404,0.0021960642188787
/Volumes/Data/Work/SEALTAGS/Prydz/FLUO_LIGHT/PROCESSED/NC/ct160-339-20_all_prof_PROCESSED.nc,ct160-339-20,54,0.0064702869525977,0.0055657151554312,0.005462286727769,0.002261143709932,0.0002520009875297,0.0586999952793121,61.81340408325195,AQUA,7,0.0329010037429091,0.0292400550097227,0.0010112373856827
/Volumes/Data/Work/SEALTAGS/Prydz/FLUO_LIGHT/PROCESSED/NC/ct160-339-20_all_prof_PROCESSED.nc,ct160-339-20,58,0.0065489479977833,0.0060265274032166,0.0055891587153861,0.002545895741174,0.0003092639932506,0.0544363595545291,60.99772644042969,SUOMI_NPP,19,0.0249811897094768,0.05783336982131,0.0033891019411385
/Volumes/Data/Work/SEALTAGS/Prydz/FLUO_LIGHT/PROCESSED/NC/ct160-339-20_all_prof_PROCESSED.nc,ct160-339-20,58,0.0066260006278753,0.0060130003839731,0.0057640001177787,0.0021070018410682,0.0003080014139413,0.0516000017523765,61.66100311279297,AQUA,2,0.0039984654067056,0.0193798467516899,0.0001783895713742
/Volumes/Data/Work/SEALTAGS/Prydz/FLUO_LIGHT/PROCESSED/NC/ct160-339-20_all_prof_PROCESSED.nc,ct160-339-20,57,0.0048223348955313,0.0049786679446697,0.0052246668686469,0.0026236673196156,0.0004233332971731,0.0609499961137771,61.71324920654297,SUOMI_NPP,6,0.0128732316418674,0.0155433071777224,2.7782885808846913e-05
/Volumes/Data/Work/SEALTAGS/Prydz/FLUO_LIGHT/PROCESSED/NC/ct160-339-20_all_prof_PROCESSED.nc,ct160-339-20,57,0.0068560019135475,0.0063240006566047,0.0059440024197101,0.0026280023157596,0.0002900026738643,0.0573999993503093,61.4640007019043,NOAA_20,1,0.0,0.0,0.0
/Volumes/Data/Work/SEALTAGS/Prydz/FLUO_LIGHT/PROCESSED/NC/ct160-339-20_all_prof_PROCESSED.nc,ct160-339-20,67,0.0112765002995729,0.010203500278294,0.0093565005809068,0.0037650009617209,0.0003915010020136,0.0476666688919067,60.96599960327149,SUOMI_NPP,4,0.023273411913683,0.0115331718698143,0.0002403172838967
/Volumes/Data/Work/SEALTAGS/Prydz/FLUO_LIGHT/PROCESSED/NC/ct160-339-20_all_prof_PROCESSED.nc,ct160-339-20,68,0.0111760006596644,0.0101193338632583,0.0092346674452225,0.0037320014089345,0.0003973338752985,0.0479999966919422,60.96400451660156,SUOMI_NPP,6,0.0124972739417882,0.0174580663442611,0.0001756483979988
/Volumes/Data/Work/SEALTAGS/Prydz/FLUO_LIGHT/PROCESSED/NC/ct160-339-20_all_prof_PROCESSED.nc,ct160-339-20,68,0.0112960003316402,0.0093539990484714,0.0084980018436908,0.0028560012578964,0.0002560019493103,0.0438000001013278,60.2859992980957,AQUA,1,0.0,0.0,0.0
/Volumes/Data/Work/SEALTAGS/Prydz/FLUO_LIGHT/PROCESSED/NC/ct160-339-20_all_prof_PROCESSED.nc,ct160-339-20,69,0.0110123163383258,0.0099121063555541,0.0089117906203395,0.0035864216716665,0.0003927379454437,0.0473760031163692,60.6703987121582,SUOMI_NPP,19,0.0313757742506972,0.0270790439099073,0.0085287196561694
/Volumes/Data/Work/SEALTAGS/Prydz/FLUO_LIGHT/PROCESSED/NC/ct160-339-20_all_prof_PROCESSED.nc,ct160-339-20,69,0.0115040019154548,0.0103719998151063,0.0092940013855695,0.0031339991837739,0.0004300009459257,0.0455999970436096,60.33300018310547,AQUA,2,0.0027311845998757,0.0394736602902412,4.969671863364056e-05
/Volumes/Data/Work/SEALTAGS/Prydz/FLUO_LIGHT/PROCESSED/NC/ct160-339-20_all_prof_PROCESSED.nc,ct160-339-20,69,0.0126800015568733,0.0098740011453628,0.0091679990291595,0.0030560009181499,0.0002240017056465,0.0443999990820884,60.44200134277344,AQUA,1,0.0,0.0,0.0
/Volumes/Data/Work/SEALTAGS/Prydz/FLUO_LIGHT/PROCESSED/NC/ct160-339-20_all_prof_PROCESSED.nc,ct160-339-20,143,0.0128119997680187,0.0106246682504812,0.0092606681088606,0.0024820007383823,0.0002113344768683,0.0355333350598812,49.89799880981445,AQUA,3,0.0575505193633394,0.0106132170185446,0.0003858542768284
/Volumes/Data/Work/SEALTAGS/Prydz/FLUO_LIGHT/PROCESSED/NC/ct160-339-20_all_prof_PROCESSED.nc,ct160-339-20,142,0.0128119997680187,0.0106246682504812,0.0092606681088606,0.0024820007383823,0.0002113344768683,0.0355333350598812,49.89799880981445,AQUA,3,0.0575505193633394,0.0106132170185446,0.0003858542768284
/Volumes/Data/Work/SEALTAGS/Prydz/FLUO_LIGHT/PROCESSED/NC/ct160-339-20_all_prof_PROCESSED.nc,ct160-339-20,137,0.0110176677505175,0.0102663344393173,0.0093330008288224,0.0031790010010202,0.0004391676435867,0.0419875010848045,50.87587356567383,NOAA_20,12,0.0176892986397726,0.0297692660242319,0.0041448981501162
/Volumes/Data/Work/SEALTAGS/Prydz/FLUO_LIGHT/PROCESSED/NC/ct160-339-20_all_prof_PROCESSED.nc,ct160-339-20,149,0.0103509419542901,0.0098296478390693,0.00884670632727,0.00300694213194,0.0003157656858949,0.0387519970536232,48.263282775878906,SUOMI_NPP,17,0.0081871954209446,0.01910444162786,0.0019250024342909
/Volumes/Data/Work/SEALTAGS/Prydz/FLUO_LIGHT/PROCESSED/NC/ct160-339-20_all_prof_PROCESSED.nc,ct160-339-20,149,0.0072731121132771,0.0078951120376586,0.0077193342149257,0.0026633342107137,0.0002335564543803,0.0392083339393138,48.225830078125,SUOMI_NPP,18,0.0476169283586595,0.0738682299852371,0.002227178774774
/Volumes/Data/Work/SEALTAGS/Prydz/FLUO_LIGHT/PROCESSED/NC/ct160-339-20_all_prof_PROCESSED.nc,ct160-339-20,149,0.0093458892984522,0.0092100010563929,0.0085950007455216,0.0027733345826466,0.0003316673553652,0.0389599986374378,48.200801849365234,NOAA_20,18,0.0113610720591324,0.021438006311655,0.0022133192978799
/Volumes/Data/Work/SEALTAGS/Prydz/FLUO_LIGHT/PROCESSED/NC/ct160-339-20_all_prof_PROCESSED.nc,ct160-339-20,149,0.0149873333672682,0.012468667080005,0.0104480013251304,0.0029340001444021,0.0003273350497086,0.0370666645467281,48.88800048828125,AQUA,3,0.0317575715749094,0.0283237714320421,0.0002190424129366
/Volumes/Data/Work/SEALTAGS/Prydz/FLUO_LIGHT/PROCESSED/NC/ct160-339-20_all_prof_PROCESSED.nc,ct160-339-20,164,0.0103685271583105,0.0100117902222432,0.0088221060210152,0.0030157903307362,0.0003826329974751,0.0388239994645118,45.117523193359375,SUOMI_NPP,19,0.016399120464643,0.0402293726801872,0.000231975573115
/Volumes/Data/Work/SEALTAGS/Prydz/FLUO_LIGHT/PROCESSED/NC/ct160-339-20_all_prof_PROCESSED.nc,ct160-339-20,164,0.0113500021398067,0.0097200013697147,0.0083200000226497,0.002284001559019,0.0002700015902519,0.0351999998092651,45.503997802734375,AQUA,1,0.0,0.0,0.0
/Volumes/Data/Work/SEALTAGS/Prydz/FLUO_LIGHT/PROCESSED/NC/ct160-339-20_all_prof_PROCESSED.nc,ct160-339-20,160,0.0098811435912336,0.0094977159585271,0.0084760002791881,0.0027902866048472,0.0002848569835935,0.0372599996626377,46.93299865722656,SUOMI_NPP,7,0.0117816244554458,0.0257481224834918,0.0002558606793172
/Volumes/Data/Work/SEALTAGS/Prydz/FLUO_LIGHT/PROCESSED/NC/ct160-339-20_all_prof_PROCESSED.nc,ct160-339-20,160,0.0110563344011704,0.010186334244079,0.0089938895155986,0.0026997785187429,0.0003373343497514,0.035471998155117,46.9835205078125,NOAA_20,18,0.025473652347775,0.0225462298840284,0.0001725079928291
/Volumes/Data/Work/SEALTAGS/Prydz/FLUO_LIGHT/PROCESSED/NC/ct160-339-20_all_prof_PROCESSED.nc,ct160-339-20,160,0.0081816675762335,0.0083780015508333,0.0077246675888697,0.002422334626317,0.000288667778174,0.0375000014901161,46.90959930419922,NOAA_20,6,0.0182907192550968,0.0353169813752174,0.0002577798441052
/Volumes/Data/Work/SEALTAGS/Prydz/FLUO_LIGHT/PROCESSED/NC/ct160-339-20_all_prof_PROCESSED.nc,ct160-339-20,151,0.0096597653978011,0.0093952949871035,0.0085603535613592,0.0029012946521534,0.0003209420863319,0.0381679981946945,48.73575592041016,SUOMI_NPP,17,0.008673648794841,0.0191345158964395,0.0001742364984238
/Volumes/Data/Work/SEALTAGS/Prydz/FLUO_LIGHT/PROCESSED/NC/ct160-339-20_all_prof_PROCESSED.nc,ct160-339-20,151,0.0080265460366552,0.0084810924123634,0.0079972727054899,0.0028941827741536,0.0002881823615594,0.0408400036394596,48.74159622192383,SUOMI_NPP,11,0.0328227832926127,0.0596891120076179,0.002594445599243
/Volumes/Data/Work/SEALTAGS/Prydz/FLUO_LIGHT/PROCESSED/NC/ct160-339-20_all_prof_PROCESSED.nc,ct160-339-20,151,0.0094687374014603,0.0092445270795571,0.0085573692462946,0.0027470535745746,0.0003252641150825,0.0387680009007453,48.69087219238281,NOAA_20,19,0.0147670809699264,0.0369336493313312,0.0001916308829095
/Volumes/Data/Work/SEALTAGS/Prydz/FLUO_LIGHT/PROCESSED/NC/ct160-339-20_all_prof_PROCESSED.nc,ct160-339-20,151,0.0127437343200047,0.0108177341520786,0.0095144008596738,0.0026946678757667,0.0003032006323337,0.0364782623946666,49.21791076660156,AQUA,15,0.0139077697279459,0.0147062838077545,0.0007890939596109
/Volumes/Data/Work/SEALTAGS/Prydz/FLUO_LIGHT/PROCESSED/NC/ct160-341-20_all_prof_PROCESSED.nc,ct160-341-20,5,0.0033246676127115,0.0033215569953123,0.0033355562223328,0.0026095567478073,0.0003484454419877,0.1092727184295654,68.4023666381836,NOAA_20,9,0.0645058595466652,0.0772838741540908,0.0002361561491852
/Volumes/Data/Work/SEALTAGS/Prydz/FLUO_LIGHT/PROCESSED/NC/ct160-341-20_all_prof_PROCESSED.nc,ct160-341-20,25,0.0086793336603376,0.0077766672604613,0.0069420006540086,0.0029726674159367,0.000403222731418,0.0508079975843429,66.43128204345703,SUOMI_NPP,18,0.0156661364384034,0.0243542566895484,0.0033762876410037
/Volumes/Data/Work/SEALTAGS/Prydz/FLUO_LIGHT/PROCESSED/NC/ct160-341-20_all_prof_PROCESSED.nc,ct160-341-20,25,0.0086828581988811,0.0076211440776075,0.0068642866930791,0.0024310004498277,0.0003571435809135,0.0474159941077232,66.93630981445312,AQUA,14,0.0082143280205774,0.0195277668535709,0.0035419506020843
/Volumes/Data/Work/SEALTAGS/Prydz/FLUO_LIGHT/PROCESSED/NC/ct160-341-20_all_prof_PROCESSED.nc,ct160-341-20,26,0.0090075301773407,0.0079858835567446,0.0070745892384473,0.0030423543032477,0.0004202366313513,0.0509359985589981,65.67015838623047,SUOMI_NPP,17,0.0136715232118879,0.0183739867061376,0.002398966345936
/Volumes/Data/Work/SEALTAGS/Prydz/FLUO_LIGHT/PROCESSED/NC/ct160-341-20_all_prof_PROCESSED.nc,ct160-341-20,26,0.0083276375450871,0.0075761824846267,0.0069818188520995,0.0027872730385173,0.0004372738979079,0.0508080013096332,65.51840209960938,NOAA_20,11,0.0089004258728257,0.0123720215633511,0.0002992217778228
/Volumes/Data/Work/SEALTAGS/Prydz/FLUO_LIGHT/PROCESSED/NC/ct160-341-20_all_prof_PROCESSED.nc,ct160-341-20,26,0.0087296006580193,0.0077076005438963,0.0068938672542572,0.002425867319107,0.0003550676008065,0.0472559966146945,66.29424285888672,AQUA,15,0.0068147475714455,0.0146375270560383,0.0035394204314798
/Volumes/Data/Work/SEALTAGS/Prydz/FLUO_LIGHT/PROCESSED/NC/ct160-341-20_all_prof_PROCESSED.nc,ct160-341-20,50,0.0071366672714551,0.0062573343515396,0.0060858676830927,0.0029912009835243,0.0003565343717734,0.0604181848466396,62.4501838684082,SUOMI_NPP,15,0.0391760715025636,0.0429512485861778,0.0054930415935814
/Volumes/Data/Work/SEALTAGS/Prydz/FLUO_LIGHT/PROCESSED/NC/ct160-341-20_all_prof_PROCESSED.nc,ct160-341-20,50,0.007965078147558,0.0069746163028937,0.0067295394837856,0.0032098468106526,0.0003940004568833,0.0622899904847145,62.73099899291992,NOAA_20,13,0.0098415241773678,0.0411992520093917,0.0071257227100431
/Volumes/Data/Work/SEALTAGS/Prydz/FLUO_LIGHT/PROCESSED/NC/ct160-341-20_all_prof_PROCESSED.nc,ct160-341-20,50,0.0075865006074309,0.006589001044631,0.0065220007672905,0.0029070004820823,0.0003280006349086,0.0602749958634376,63.454002380371094,AQUA,4,0.01047450142904,0.0276589933782815,0.0094957444816827
/Volumes/Data/Work/SEALTAGS/Prydz/FLUO_LIGHT/PROCESSED/NC/ct160-341-20_all_prof_PROCESSED.nc,ct160-341-20,51,0.0082288895630174,0.0072260004364781,0.006918778643012,0.0032810010015964,0.0003826680282751,0.0573652163147926,62.8261833190918,SUOMI_NPP,18,0.0186838173367372,0.0163738802075386,0.0055124582722783
/Volumes/Data/Work/SEALTAGS/Prydz/FLUO_LIGHT/PROCESSED/NC/ct160-341-20_all_prof_PROCESSED.nc,ct160-341-20,51,0.0082320012152194,0.0072622513398528,0.0070413758512586,0.0031126260291785,0.0003991259727627,0.0570879988372325,62.8509635925293,NOAA_20,16,0.0094107657163641,0.0177002791315317,0.0054338132031261
/Volumes/Data/Work/SEALTAGS/Prydz/FLUO_LIGHT/PROCESSED/NC/ct160-341-20_all_prof_PROCESSED.nc,ct160-341-20,51,0.0075790010392665,0.0061410006135702,0.006062800809741,0.0025172013789415,0.0003174006938934,0.0576333291828632,63.295169830322266,AQUA,10,0.0719899329885191,0.0564880482852458,0.0061571807600557
/Volumes/Data/Work/SEALTAGS/Prydz/FLUO_LIGHT/PROCESSED/NC/ct160-341-20_all_prof_PROCESSED.nc,ct160-341-20,52,0.0091600000858306,0.0078948013484478,0.0074684016406536,0.0032692015171051,0.0004236005246639,0.0565799959003925,63.472999572753906,NOAA_20,5,0.0078585419332557,0.0164625402539968,0.0042202533222734
/Volumes/Data/Work/SEALTAGS/Prydz/FLUO_LIGHT/PROCESSED/NC/ct160-341-20_all_prof_PROCESSED.nc,ct160-341-20,52,0.0078946674863497,0.0066380016505718,0.0065786677102247,0.002740000685056,0.000354000677665,0.0578666664659976,64.29467010498047,AQUA,3,0.0156271454023879,0.009071422740817,9.613877773517744e-05
/Volumes/Data/Work/SEALTAGS/Prydz/FLUO_LIGHT/PROCESSED/NC/ct160-341-20_all_prof_PROCESSED.nc,ct160-341-20,53,0.0079908757470548,0.0068595006596297,0.00636325054802,0.0022830003872513,0.0002781257499009,0.0489181838929653,63.32718276977539,AQUA,16,0.0283544366624975,0.0505061782896518,0.0011803365778177
/Volumes/Data/Work/SEALTAGS/Prydz/FLUO_LIGHT/PROCESSED/NC/ct160-341-20_all_prof_PROCESSED.nc,ct160-341-20,54,0.008292334464689,0.0069341675067941,0.0064270005871852,0.0022025005891919,0.0002738339826464,0.0471999943256378,63.06389236450195,AQUA,12,0.0129054194386149,0.0453670211136341,0.0039871600456535
/Volumes/Data/Work/SEALTAGS/Prydz/FLUO_LIGHT/PROCESSED/NC/ct160-341-20_all_prof_PROCESSED.nc,ct160-341-20,78,0.0066691434809139,0.0056917151170117,0.0056662868176187,0.003282857792718,0.0003560015133449,0.070816658437252,60.28750228881836,SUOMI_NPP,7,0.032849022063239,0.0541953332722187,0.0053595793433487
/Volumes/Data/Work/SEALTAGS/Prydz/FLUO_LIGHT/PROCESSED/NC/ct160-341-20_all_prof_PROCESSED.nc,ct160-341-20,78,0.0089085335532824,0.0072692009309927,0.0070965344707171,0.0035338679949442,0.0004436006148656,0.0647652149200439,60.34626007080078,NOAA_20,15,0.0185781960014121,0.0574679188430309,0.0054005342535674
/Volumes/Data/Work/SEALTAGS/Prydz/FLUO_LIGHT/PROCESSED/NC/ct160-341-20_all_prof_PROCESSED.nc,ct160-341-20,78,0.0074276372113011,0.0063169100745157,0.0063714554364031,0.0032852739095687,0.0004040006209503,0.0678352862596511,60.17247009277344,NOAA_20,11,0.014838244436546,0.0264138765633106,0.0053494698368012
/Volumes/Data/Work/SEALTAGS/Prydz/FLUO_LIGHT/PROCESSED/NC/ct160-341-20_all_prof_PROCESSED.nc,ct160-341-20,78,0.0078112006187438,0.0058720007538795,0.0059810012578964,0.0025432009249925,0.0002718012779951,0.0560249984264373,60.79412460327149,AQUA,10,0.0475210775318925,0.1227114424109458,0.0058345259167253
/Volumes/Data/Work/SEALTAGS/Prydz/FLUO_LIGHT/PROCESSED/NC/ct160-341-20_all_prof_PROCESSED.nc,ct160-341-20,83,0.0091079995036125,0.0078600011765956,0.0066040009260177,0.0020739994943141,0.0002700015902519,0.0377999991178512,58.87200164794922,NOAA_20,1,0.0,0.0,0.0
/Volumes/Data/Work/SEALTAGS/Prydz/FLUO_LIGHT/PROCESSED/NC/ct160-341-20_all_prof_PROCESSED.nc,ct160-341-20,83,0.0076340005866118,0.0074957151498113,0.006290857813188,0.0020154299480574,0.0003040007182529,0.0377999991178512,58.98377990722656,NOAA_20,7,0.0381916589995369,0.093988798558712,0.0011291713453829
/Volumes/Data/Work/SEALTAGS/Prydz/FLUO_LIGHT/PROCESSED/NC/ct160-341-20_all_prof_PROCESSED.nc,ct160-341-20,83,0.0094957005232572,0.0076408011838793,0.0062141004949808,0.0016553008928894,0.000195300579071,0.0295217372477054,59.48051834106445,AQUA,20,0.0328508748990467,0.094164177775383,0.0022587645798921
/Volumes/Data/Work/SEALTAGS/Prydz/FLUO_LIGHT/PROCESSED/NC/ct160-341-20_all_prof_PROCESSED.nc,ct160-341-20,91,0.0045060012489557,0.0030520018190145,0.0021810010075569,0.003260999917984,0.0009330008178949,0.3527999818325043,57.698997497558594,SUOMI_NPP,2,0.056383719271749,0.059523805975914,5.1998478738823906e-05
/Volumes/Data/Work/SEALTAGS/Prydz/FLUO_LIGHT/PROCESSED/NC/ct160-341-20_all_prof_PROCESSED.nc,ct160-341-20,91,0.0029678759165108,0.0024755008053034,0.0022200006060302,0.0034411258529871,0.0011147509794682,0.4100320041179657,57.59815979003906,SUOMI_NPP,16,0.0716925081391279,0.178102046251297,0.0004963243263773
/Volumes/Data/Work/SEALTAGS/Prydz/FLUO_LIGHT/PROCESSED/NC/ct160-341-20_all_prof_PROCESSED.nc,ct160-341-20,91,0.0013161674141883,0.0018951678648591,0.0020195006703337,0.003750167787075,0.0014316672459244,0.6817412376403809,57.535648345947266,SUOMI_NPP,12,0.2397163586556142,0.4624625444412231,0.004525186959654
/Volumes/Data/Work/SEALTAGS/Prydz/FLUO_LIGHT/PROCESSED/NC/ct160-341-20_all_prof_PROCESSED.nc,ct160-341-20,91,0.0032775718718767,0.0026034292365823,0.0023552865854331,0.0034781436302832,0.0008775722235441,0.3455359935760498,57.60184097290039,NOAA_20,14,0.0306739043110776,0.0886107459664344,0.0001057265180861
/Volumes/Data/Work/SEALTAGS/Prydz/FLUO_LIGHT/PROCESSED/NC/ct160-341-20_all_prof_PROCESSED.nc,ct160-341-20,91,0.0024724006652832,0.0024286679923534,0.0024613340695699,0.0036496010919411,0.0010490680734316,0.4087904989719391,57.61751937866211,NOAA_20,15,0.0897312563782028,0.323091447353363,0.0029980293475091
/Volumes/Data/Work/SEALTAGS/Prydz/FLUO_LIGHT/PROCESSED/NC/ct160-341-20_all_prof_PROCESSED.nc,ct160-341-20,91,0.0007106680423021,0.002258778653211,0.0028722232414616,0.0045886677172448,0.0014137787123521,0.5302960276603699,57.36575698852539,NOAA_20,18,0.1599934911791275,0.5616634488105774,0.0032888073474168
/Volumes/Data/Work/SEALTAGS/Prydz/FLUO_LIGHT/PROCESSED/NC/ct160-341-20_all_prof_PROCESSED.nc,ct160-341-20,91,0.0042547066422069,0.0026217655223958,0.0021504713770221,0.0030635301681125,0.0006916479152791,0.3382272720336914,58.16127014160156,AQUA,17,0.0575423245531535,0.1140612512826919,0.0027811860200017
/Volumes/Data/Work/SEALTAGS/Prydz/FLUO_LIGHT/PROCESSED/NC/ct160-341-20_all_prof_PROCESSED.nc,ct160-341-20,92,0.0029128015041351,0.0024352006614208,0.0022668004035949,0.0028400003910064,0.0007032006978988,0.2391999810934066,57.89644241333008,SUOMI_NPP,5,0.0888701515416454,0.1615066677331924,0.0025780210271477
/Volumes/Data/Work/SEALTAGS/Prydz/FLUO_LIGHT/PROCESSED/NC/ct160-341-20_all_prof_PROCESSED.nc,ct160-341-20,92,0.0047190006822347,0.0036230009049177,0.0030410006642341,0.0029156010597944,0.0006134007126092,0.1485333293676376,57.83893966674805,NOAA_20,10,0.0347602071390731,0.0473300814628601,0.0001556045754114
/Volumes/Data/Work/SEALTAGS/Prydz/FLUO_LIGHT/PROCESSED/NC/ct160-341-20_all_prof_PROCESSED.nc,ct160-341-20,93,0.0055220006033778,0.0045835003256797,0.003829501569271,0.00475550070405,0.0015735002234578,0.3046799898147583,57.894798278808594,NOAA_20,4,0.1097117406565179,0.449346125125885,8.629872172605246e-05
/Volumes/Data/Work/SEALTAGS/Prydz/FLUO_LIGHT/PROCESSED/NC/ct160-341-20_all_prof_PROCESSED.nc,ct160-341-20,113,0.0051860014597574,0.0046540014445781,0.0038706672688325,0.0042286664247512,0.0013286682466665,0.1728000044822693,53.133331298828125,NOAA_20,3,0.0324204229357741,0.0800370350480079,0.0009855681564658
/Volumes/Data/Work/SEALTAGS/Prydz/FLUO_LIGHT/PROCESSED/NC/ct160-341-20_all_prof_PROCESSED.nc,ct160-341-20,113,0.006479000672698,0.0042580012232065,0.0036380011588335,0.0041230004280805,0.0019160006195306,0.1952999979257583,53.89900207519531,AQUA,2,0.0459946356909518,0.0957501456141471,0.0036179074086248
/Volumes/Data/Work/SEALTAGS/Prydz/FLUO_LIGHT/PROCESSED/NC/ct160-341-20_all_prof_PROCESSED.nc,ct160-341-20,114,0.0053500011563301,0.0046720020473003,0.003720000386238,0.0043499991297721,0.0011980012059211,0.2079999893903732,53.52000045776367,NOAA_20,1,0.0,0.0,0.0
/Volumes/Data/Work/SEALTAGS/Prydz/FLUO_LIGHT/PROCESSED/NC/ct160-341-20_all_prof_PROCESSED.nc,ct160-341-20,125,0.0032720007002353,0.002714527476775,0.0022944217841876,0.0027412640813149,0.0008030533790588,0.2071439921855926,51.23568344116211,SUOMI_NPP,19,0.0418534648990373,0.0851594805717468,0.0001927211123984
/Volumes/Data/Work/SEALTAGS/Prydz/FLUO_LIGHT/PROCESSED/NC/ct160-341-20_all_prof_PROCESSED.nc,ct160-341-20,125,0.0017675390610328,0.0020175392811114,0.0019016933555786,0.0027749234667191,0.0009363084458387,0.3302932977676391,51.29453659057617,SUOMI_NPP,13,0.0808197119497055,0.2362795621156692,0.0002684219798538
/Volumes/Data/Work/SEALTAGS/Prydz/FLUO_LIGHT/PROCESSED/NC/ct160-341-20_all_prof_PROCESSED.nc,ct160-341-20,125,0.0055105720779725,0.0039444294359002,0.0031207150646618,0.0029275723333869,0.0006371441164187,0.1443919986486435,51.31288146972656,NOAA_20,14,0.0276121473744943,0.0812982842326164,0.0003589312254916
/Volumes/Data/Work/SEALTAGS/Prydz/FLUO_LIGHT/PROCESSED/NC/ct160-341-20_all_prof_PROCESSED.nc,ct160-341-20,125,0.003206364471804,0.0029672736471349,0.002788728272373,0.003032910214229,0.0007745467803694,0.1803874969482422,51.25699615478515,NOAA_20,11,0.060589010149084,0.0460095107555389,0.0001926394907059
/Volumes/Data/Work/SEALTAGS/Prydz/FLUO_LIGHT/PROCESSED/NC/ct160-341-20_all_prof_PROCESSED.nc,ct160-341-20,125,0.0036913339669505,0.0026306674505273,0.0024311672896146,0.0030688342327872,0.0010285014286637,0.5107294321060181,51.838348388671875,AQUA,12,0.2158135939565256,1.4649564027786257,0.0007429750403389
/Volumes/Data/Work/SEALTAGS/Prydz/FLUO_LIGHT/PROCESSED/NC/ct160-341-20_all_prof_PROCESSED.nc,ct160-341-20,127,0.0058341544981186,0.0042153854782764,0.002828462765767,0.0032467701687262,0.0009460005049522,0.1929599940776825,51.39860153198242,SUOMI_NPP,13,0.02339134488883,0.0416965708136558,0.0001414232392562
/Volumes/Data/Work/SEALTAGS/Prydz/FLUO_LIGHT/PROCESSED/NC/ct160-341-20_all_prof_PROCESSED.nc,ct160-341-20,127,0.0032620007172226,0.00261110085994,0.002194700948894,0.0028598006814718,0.0008944010362029,0.2512159943580627,51.23800277709961,SUOMI_NPP,20,0.0640382258711406,0.087290421128273,0.0001131294411607
/Volumes/Data/Work/SEALTAGS/Prydz/FLUO_LIGHT/PROCESSED/NC/ct160-341-20_all_prof_PROCESSED.nc,ct160-341-20,127,0.0093666687607765,0.0064393344024817,0.0036986668904622,0.0036306679248809,0.0006566680967807,0.1542000025510788,51.503997802734375,NOAA_20,3,0.095060566648103,0.0614499785006046,0.000167772421264
/Volumes/Data/Work/SEALTAGS/Prydz/FLUO_LIGHT/PROCESSED/NC/ct160-341-20_all_prof_PROCESSED.nc,ct160-341-20,127,0.0040604293878589,0.003069286633815,0.0025071437869753,0.0029451439955404,0.0007625725120306,0.2112479954957962,51.298152923583984,NOAA_20,14,0.0188322952755733,0.0382003709673881,0.0001276210241485
/Volumes/Data/Work/SEALTAGS/Prydz/FLUO_LIGHT/PROCESSED/NC/ct160-341-20_all_prof_PROCESSED.nc,ct160-341-20,127,0.0031587504781782,0.0028105007950216,0.0026031257584691,0.0031172507442533,0.0008116262033581,0.218608021736145,51.26215362548828,NOAA_20,16,0.0446027675136813,0.0652680248022079,0.0001373482809867
/Volumes/Data/Work/SEALTAGS/Prydz/FLUO_LIGHT/PROCESSED/NC/ct160-341-20_all_prof_PROCESSED.nc,ct160-341-20,128,0.0057902008295059,0.0041556008160114,0.0027862008661031,0.0032146010547876,0.0009482003748416,0.195250004529953,51.39769744873047,SUOMI_NPP,10,0.0207559559005491,0.0463046878576278,0.000129216859932
/Volumes/Data/Work/SEALTAGS/Prydz/FLUO_LIGHT/PROCESSED/NC/ct160-341-20_all_prof_PROCESSED.nc,ct160-341-20,128,0.0031171116150087,0.0024938900023698,0.002113334627615,0.0028410005486673,0.0008713342249393,0.2669280171394348,51.244239807128906,SUOMI_NPP,18,0.0681728503923495,0.0993622094392776,9.057381248567252e-05
/Volumes/Data/Work/SEALTAGS/Prydz/FLUO_LIGHT/PROCESSED/NC/ct160-341-20_all_prof_PROCESSED.nc,ct160-341-20,128,0.0018217507749795,0.0019977507181465,0.0018455008976161,0.0028957515023648,0.0009887497872114,0.396259993314743,51.29119873046875,SUOMI_NPP,8,0.1021130965324453,0.2396847456693649,8.753150177653879e-05
/Volumes/Data/Work/SEALTAGS/Prydz/FLUO_LIGHT/PROCESSED/NC/ct160-341-20_all_prof_PROCESSED.nc,ct160-341-20,128,0.0116726014763116,0.0083956014364957,0.0055858008563518,0.0046498011797666,0.0011936008930206,0.119446150958538,51.43784713745117,NOAA_20,10,0.1806313093667382,0.0223503541201353,0.0018702807137742
/Volumes/Data/Work/SEALTAGS/Prydz/FLUO_LIGHT/PROCESSED/NC/ct160-341-20_all_prof_PROCESSED.nc,ct160-341-20,128,0.0040844216158515,0.003098211594318,0.0025226328718034,0.0029569481940645,0.0007634749145884,0.2091040015220642,51.302398681640625,NOAA_20,19,0.0291333417896464,0.0489215888082981,0.0001266869076061
/Volumes/Data/Work/SEALTAGS/Prydz/FLUO_LIGHT/PROCESSED/NC/ct160-341-20_all_prof_PROCESSED.nc,ct160-341-20,128,0.0032862675686677,0.0029170677065849,0.0027020007371902,0.0032232011357943,0.0008384011685848,0.2168319821357727,51.263916015625,NOAA_20,15,0.0449951971786767,0.0738952308893203,0.0001216217933688
/Volumes/Data/Work/SEALTAGS/Prydz/FLUO_LIGHT/PROCESSED/NC/ct160-341-20_all_prof_PROCESSED.nc,ct160-341-20,128,0.0104041345417499,0.0050956008334954,0.0039409344395001,0.0036321341991424,0.001270801325639,0.1534117460250854,51.818939208984375,AQUA,15,0.1009474760172382,0.1130405738949775,0.0025596523191779
/Volumes/Data/Work/SEALTAGS/Prydz/FLUO_LIGHT/PROCESSED/NC/ct160-341-20_all_prof_PROCESSED.nc,ct160-341-20,128,0.0036310013383626,0.0026833003386855,0.0024857006967067,0.0030945008620619,0.0007770013064146,0.6934239268302917,51.75472259521485,AQUA,20,0.1416119578304524,2.1435818672180176,0.0024463438894599
/Volumes/Data/Work/SEALTAGS/Prydz/FLUO_LIGHT/PROCESSED/NC/ct160-341-20_all_prof_PROCESSED.nc,ct160-341-20,131,0.0008700005710124,0.0025140009820461,0.0023079998791217,0.0044060014188289,0.0017080008983612,0.7195999622344971,49.97800064086914,SUOMI_NPP,1,0.0,0.0,0.0
/Volumes/Data/Work/SEALTAGS/Prydz/FLUO_LIGHT/PROCESSED/NC/ct160-341-20_all_prof_PROCESSED.nc,ct160-341-20,137,-0.000264998525381,0.0001530013978481,0.0005530007183551,0.0010750014334917,0.00033900141716,0.8075999021530151,48.74799728393555,NOAA_20,2,0.0402754022424639,0.2127444297075271,0.0006771332700736
/Volumes/Data/Work/SEALTAGS/Prydz/FLUO_LIGHT/PROCESSED/NC/ct160-341-20_all_prof_PROCESSED.nc,ct160-341-20,137,0.0033667005598545,0.0018790010362863,0.0015476008877158,0.0014855010434985,0.0003445010632276,0.1579750031232834,49.10183334350586,AQUA,20,0.3535842709769054,0.2278522849082946,0.0024847139138728
/Volumes/Data/Work/SEALTAGS/Prydz/FLUO_LIGHT/PROCESSED/NC/ct160-341-20_all_prof_PROCESSED.nc,ct160-341-20,136,0.0030810004100203,0.0025535002350807,0.0020365007221698,0.0025355005636811,0.0007810005918145,0.2417999804019928,49.43971633911133,SUOMI_NPP,4,0.0437794409363527,0.1161529868841171,0.000564866233617
/Volumes/Data/Work/SEALTAGS/Prydz/FLUO_LIGHT/PROCESSED/NC/ct160-341-20_all_prof_PROCESSED.nc,ct160-341-20,136,0.0024200878713441,0.0021406967678795,0.0018804358399432,0.0026386964904225,0.0008871312374654,0.346343994140625,49.36655807495117,SUOMI_NPP,23,0.1301071781627601,0.5675668716430664,0.0005087996250949
/Volumes/Data/Work/SEALTAGS/Prydz/FLUO_LIGHT/PROCESSED/NC/ct160-341-20_all_prof_PROCESSED.nc,ct160-341-20,136,0.0027822235392199,0.0028586677379078,0.0021375570860173,0.0035160010059674,0.0014362231724792,0.5000307559967041,49.33553695678711,SUOMI_NPP,9,0.1119276206740609,0.2942886650562286,0.0017479803645983
/Volumes/Data/Work/SEALTAGS/Prydz/FLUO_LIGHT/PROCESSED/NC/ct160-341-20_all_prof_PROCESSED.nc,ct160-341-20,136,0.0033746007829904,0.0027814012020826,0.0024978008121252,0.0028040006756782,0.0007644012570381,0.1975499987602234,49.36199951171875,NOAA_20,10,0.0522413012762443,0.0966106951236724,0.0003274919872637
/Volumes/Data/Work/SEALTAGS/Prydz/FLUO_LIGHT/PROCESSED/NC/ct160-341-20_all_prof_PROCESSED.nc,ct160-341-20,136,0.0023168586194515,0.0026511432869093,0.0025122868163245,0.0031128573630537,0.0009385719895362,0.2315999716520309,49.38479995727539,NOAA_20,7,0.1045772733611698,0.1665879040956497,0.0001308614737354
/Volumes/Data/Work/SEALTAGS/Prydz/FLUO_LIGHT/PROCESSED/NC/ct160-341-20_all_prof_PROCESSED.nc,ct160-341-20,136,0.0029854007065296,0.0016564007848501,0.0015210006386041,0.0020614001899957,0.0005956009030342,0.8023384809494019,49.882774353027344,AQUA,10,0.107526431152375,2.01605486869812,0.0007175038917921
/Volumes/Data/Work/SEALTAGS/Prydz/FLUO_LIGHT/PROCESSED/NC/ct160-341-20_all_prof_PROCESSED.nc,ct160-341-20,136,0.004789200425148,0.0033888004720211,0.0027444012463092,0.0035724006593227,0.0011940002441406,0.3840499818325043,49.93574905395508,AQUA,5,0.1312074666293045,0.7714091539382935,0.0020921337418258
/Volumes/Data/Work/SEALTAGS/Prydz/FLUO_LIGHT/PROCESSED/NC/ct160-341-20_all_prof_PROCESSED.nc,ct160-341-20,134,0.0040890015661716,0.0032740011811256,0.0025870017707347,0.0028850007802248,0.0009530000388622,0.1847999989986419,49.50699615478515,SUOMI_NPP,2,0.2016786609961615,0.0465367771685123,0.000504971423652
/Volumes/Data/Work/SEALTAGS/Prydz/FLUO_LIGHT/PROCESSED/NC/ct160-341-20_all_prof_PROCESSED.nc,ct160-341-20,134,0.0026754289865493,0.0022677151220185,0.0020085722208023,0.0027245724839823,0.0008885716753346,0.2800222635269165,49.30733108520508,SUOMI_NPP,7,0.0531379207843728,0.1332740038633346,0.002541032154113
/Volumes/Data/Work/SEALTAGS/Prydz/FLUO_LIGHT/PROCESSED/NC/ct160-341-20_all_prof_PROCESSED.nc,ct160-341-20,134,0.0031400000055631,0.0031346666316191,0.0024233348667621,0.0037526686986287,0.0014686671396096,0.3966666758060455,49.0620002746582,SUOMI_NPP,3,0.1200148151010594,0.1723781675100326,5.765504829469137e-05
/Volumes/Data/Work/SEALTAGS/Prydz/FLUO_LIGHT/PROCESSED/NC/ct160-341-20_all_prof_PROCESSED.nc,ct160-341-20,134,0.0034677785717778,0.0028413343760702,0.0025643337931897,0.0028754449966881,0.0008140007654825,0.1952869445085525,49.36408233642578,NOAA_20,18,0.0474170215896096,0.0719622820615768,0.0013258517719805
/Volumes/Data/Work/SEALTAGS/Prydz/FLUO_LIGHT/PROCESSED/NC/ct160-341-20_all_prof_PROCESSED.nc,ct160-341-20,134,0.0025668583278145,0.0027521433574812,0.0026162862777709,0.0031260012515953,0.0009052865207195,0.3119375109672546,49.34049987792969,NOAA_20,14,0.1618736756762508,1.000164270401001,0.0022015147842466
/Volumes/Data/Work/SEALTAGS/Prydz/FLUO_LIGHT/PROCESSED/NC/ct160-341-20_all_prof_PROCESSED.nc,ct160-341-20,134,0.0038501679276426,0.0021900006880362,0.0019231674571832,0.0022805016487836,0.0006243341291944,0.2857199907302856,49.87639999389648,AQUA,12,0.0547675791729553,0.5158500075340271,0.0007583226542919
/Volumes/Data/Work/SEALTAGS/Prydz/FLUO_LIGHT/PROCESSED/NC/ct160-341-20_all_prof_PROCESSED.nc,ct160-341-20,134,0.0043112009763717,0.0031236000359058,0.0028400003910064,0.0037760011851787,0.0015771999955177,0.424174964427948,49.89225006103515,AQUA,5,0.1871691728468762,0.7191638946533203,0.0023110061883926
/Volumes/Data/Work/SEALTAGS/Prydz/FLUO_LIGHT/PROCESSED/NC/ct160-341-20_all_prof_PROCESSED.nc,ct160-341-20,139,0.0001270920038223,0.0004269098016348,0.0007070919329469,0.0011074559932405,0.00033127381043,0.4339199662208557,48.75252914428711,NOAA_20,11,0.2752498550479502,0.3711260855197906,0.0012509889202192
/Volumes/Data/Work/SEALTAGS/Prydz/FLUO_LIGHT/PROCESSED/NC/ct160-341-20_all_prof_PROCESSED.nc,ct160-341-20,139,0.0043602865189313,0.002764858039362,0.0023068580776453,0.002169001049229,0.0004397149064711,0.1399333178997039,49.118995666503906,AQUA,14,0.2006998443471979,0.0526823811233043,0.0028800615109503
/Volumes/Data/Work/SEALTAGS/Prydz/FLUO_LIGHT/PROCESSED/NC/ct160-341-20_all_prof_PROCESSED.nc,ct160-341-20,138,-6.199894206864493e-05,0.0003345720469951,0.0006645726306097,0.0011117160320281,0.0003385724765913,0.5070199966430664,48.74599838256836,NOAA_20,7,0.0717466224343232,0.2920124232769012,0.0015126138459891
/Volumes/Data/Work/SEALTAGS/Prydz/FLUO_LIGHT/PROCESSED/NC/ct160-341-20_all_prof_PROCESSED.nc,ct160-341-20,138,0.0043602865189313,0.002764858039362,0.0023068580776453,0.002169001049229,0.0004397149064711,0.1399333178997039,49.118995666503906,AQUA,14,0.2006998443471979,0.0526823811233043,0.0028800615109503
/Volumes/Data/Work/SEALTAGS/Prydz/FLUO_LIGHT/PROCESSED/NC/ct160-341-20_all_prof_PROCESSED.nc,ct160-341-20,153,0.0009810011833906,0.0009380020201206,0.0007620006799697,0.0017510000616312,0.0003940016031265,1.4395999908447266,46.24599838256836,SUOMI_NPP,2,0.0435386495464811,0.1899138689041137,0.0
/Volumes/Data/Work/SEALTAGS/Prydz/FLUO_LIGHT/PROCESSED/NC/ct160-341-20_all_prof_PROCESSED.nc,ct160-341-20,153,0.0034256851986834,0.0028622117089597,0.0024160009465719,0.0028238957257647,0.0007246322929859,0.2022639811038971,46.32463836669922,SUOMI_NPP,19,0.0483428803954012,0.066736027598381,0.0017281862674281
/Volumes/Data/Work/SEALTAGS/Prydz/FLUO_LIGHT/PROCESSED/NC/ct160-341-20_all_prof_PROCESSED.nc,ct160-341-20,153,0.0031683345635732,0.0026856673260529,0.0026083346456289,0.002672333891193,0.0005600011597077,0.1659400016069412,46.389400482177734,NOAA_20,6,0.0424826609935215,0.0797712206840515,7.47576923458837e-05
/Volumes/Data/Work/SEALTAGS/Prydz/FLUO_LIGHT/PROCESSED/NC/ct160-341-20_all_prof_PROCESSED.nc,ct160-341-20,153,0.0036966258194297,0.0019612507894635,0.0018526262138038,0.0021710006985813,0.0004303753376007,0.2267999798059463,46.715118408203125,AQUA,16,0.0352404575897626,0.0727602466940879,0.0022985318209975
/Volumes/Data/Work/SEALTAGS/Prydz/FLUO_LIGHT/PROCESSED/NC/ct160-341-20_all_prof_PROCESSED.nc,ct160-341-20,147,0.002445143780538,0.0020862868321793,0.0018387154809066,0.0025357146348272,0.0006691435618059,0.3140235245227813,47.542118072509766,SUOMI_NPP,14,0.096194452884536,0.2987601459026336,0.0024153001140803
/Volumes/Data/Work/SEALTAGS/Prydz/FLUO_LIGHT/PROCESSED/NC/ct160-341-20_all_prof_PROCESSED.nc,ct160-341-20,147,0.003124002367258,0.0027220025658607,0.002614002674818,0.0030940026044845,0.0008560009300708,0.2129999995231628,47.75,NOAA_20,1,0.0,0.0,0.0
/Volumes/Data/Work/SEALTAGS/Prydz/FLUO_LIGHT/PROCESSED/NC/ct160-341-20_all_prof_PROCESSED.nc,ct160-341-20,171,0.0037170015275478,0.003048000857234,0.0024500004947185,0.0027639996260404,0.0007530003786087,0.1872999966144561,42.21199798583984,SUOMI_NPP,2,0.0381327926424022,0.0229578129947185,4.735386755783111e-05
/Volumes/Data/Work/SEALTAGS/Prydz/FLUO_LIGHT/PROCESSED/NC/ct160-341-20_all_prof_PROCESSED.nc,ct160-341-20,171,0.0037482865154743,0.0030405718301023,0.0025445723107882,0.0029228579785142,0.0007471436900751,0.1887111067771911,42.15488815307617,SUOMI_NPP,7,0.1187399357653822,0.2337674349546432,0.0002721958444453
/Volumes/Data/Work/SEALTAGS/Prydz/FLUO_LIGHT/PROCESSED/NC/ct160-341-20_all_prof_PROCESSED.nc,ct160-341-20,171,0.0038262237277295,0.0033000008099608,0.0030171121988031,0.0029662226637204,0.0006917789578437,0.1523272693157196,42.149452209472656,NOAA_20,9,0.0721749465116159,0.0988086313009262,0.0005229678936302
/Volumes/Data/Work/SEALTAGS/Prydz/FLUO_LIGHT/PROCESSED/NC/ct160-341-20_all_prof_PROCESSED.nc,ct160-341-20,171,0.0040988344699144,0.0023211675385634,0.0020833341404795,0.0022826675946513,0.0005250008155902,0.1846400052309036,42.57360076904297,AQUA,12,0.064034279836276,0.1828232109546661,0.0007035625749267
/Volumes/Data/Work/SEALTAGS/Prydz/FLUO_LIGHT/PROCESSED/NC/ct160-341-20_all_prof_PROCESSED.nc,ct160-341-20,172,0.0043689999729394,0.0035030003637075,0.0027940012514591,0.0025290008634328,0.0003760010004043,0.1288999915122985,42.222999572753906,SUOMI_NPP,2,0.0482686217644356,0.0550814419984817,0.000118399009807
/Volumes/Data/Work/SEALTAGS/Prydz/FLUO_LIGHT/PROCESSED/NC/ct160-341-20_all_prof_PROCESSED.nc,ct160-341-20,172,0.0041866675019264,0.0035646675775448,0.0028556678444147,0.0028840011606613,0.0006200013061364,0.1647666692733764,42.15933609008789,SUOMI_NPP,6,0.0926508393781219,0.2386206686496734,0.0002460013201925
/Volumes/Data/Work/SEALTAGS/Prydz/FLUO_LIGHT/PROCESSED/NC/ct160-341-20_all_prof_PROCESSED.nc,ct160-341-20,172,0.0040695015341043,0.0034995013847947,0.0031822510063648,0.003023250028491,0.0006940015591681,0.1419090926647186,42.152000427246094,NOAA_20,8,0.0616132992523461,0.1321917474269867,0.0004821731999982
/Volumes/Data/Work/SEALTAGS/Prydz/FLUO_LIGHT/PROCESSED/NC/ct160-341-20_all_prof_PROCESSED.nc,ct160-341-20,172,0.0047024011611938,0.0027133340636889,0.0024244007964928,0.0022509346405665,0.0004152007400989,0.1757529377937317,42.58211517333984,AQUA,15,0.1404545756499637,0.3102293312549591,0.000919172365684
/Volumes/Data/Work/SEALTAGS/Prydz/FLUO_LIGHT/PROCESSED/NC/ct160-341-20_all_prof_PROCESSED.nc,ct160-341-20,173,0.0038660019636154,0.0031480006873607,0.0025679990649223,0.0028639994561672,0.0008120015263557,0.1829999983310699,42.21399688720703,SUOMI_NPP,1,0.0,0.0,0.0
/Volumes/Data/Work/SEALTAGS/Prydz/FLUO_LIGHT/PROCESSED/NC/ct160-341-20_all_prof_PROCESSED.nc,ct160-341-20,173,0.0036960002034902,0.0031869998201727,0.002840501256287,0.0029400009661912,0.0007465006783604,0.1618999987840652,42.17649841308594,NOAA_20,4,0.0237847533638997,0.0582343861460685,0.0012487190542742
/Volumes/Data/Work/SEALTAGS/Prydz/FLUO_LIGHT/PROCESSED/NC/ct160-341-20_all_prof_PROCESSED.nc,ct160-341-20,173,0.0039926674216985,0.0022380004326502,0.002037334566315,0.0022320008526245,0.0005453340709209,0.1955142766237259,42.61285781860352,AQUA,6,0.0234832645863363,0.0506621934473514,0.0013397658476606
/Volumes/Data/Work/SEALTAGS/Prydz/FLUO_LIGHT/PROCESSED/NC/ct160-341-20_all_prof_PROCESSED.nc,ct160-341-20,303,0.0147900003939867,0.0069820005446672,0.0026545012369751,0.0027955016121268,0.0005630003288388,0.1311499923467636,22.000497817993164,AQUA,4,0.1678615939078852,0.3087547123432159,0.000442470278358
/Volumes/Data/Work/SEALTAGS/Prydz/FLUO_LIGHT/PROCESSED/NC/ct160-341-20_all_prof_PROCESSED.nc,ct160-341-20,355,0.0055035563806692,0.0049787790824969,0.0044786669313907,0.0023176674213674,0.0004203340245617,0.069031998515129,21.944238662719727,NOAA_20,18,0.0342133588229058,0.0400919914245605,0.0032685087062418
/Volumes/Data/Work/SEALTAGS/Prydz/FLUO_LIGHT/PROCESSED/NC/ct160-341-20_all_prof_PROCESSED.nc,ct160-341-20,355,0.007768167493244,0.0045726678023735,0.0035478342324495,0.0016588342065612,0.0003516677146156,0.0658624917268753,22.20912170410156,AQUA,12,0.0427781374589912,0.0382410250604152,0.0043828687630593
/Volumes/Data/Work/SEALTAGS/Prydz/FLUO_LIGHT/PROCESSED/NC/ct160-341-20_all_prof_PROCESSED.nc,ct160-341-20,362,0.0046541182433857,0.0046234124285333,0.0040562361040536,0.002175177064012,0.0003268241005785,0.0657839998602867,22.15215492248535,SUOMI_NPP,17,0.0220815571279695,0.0310989134013652,0.0004226569726597
/Volumes/Data/Work/SEALTAGS/Prydz/FLUO_LIGHT/PROCESSED/NC/ct160-341-20_all_prof_PROCESSED.nc,ct160-341-20,362,0.0039197340607643,0.0040570678810278,0.0039486676454544,0.0018285346527894,0.0002944009999434,0.0600799992680549,22.248395919799805,NOAA_20,15,0.0325004687563875,0.047181136906147,0.0005308842519298
/Volumes/Data/Work/SEALTAGS/Prydz/FLUO_LIGHT/PROCESSED/NC/ct160-341-20_all_prof_PROCESSED.nc,ct160-341-20,362,0.005185334632794,0.000599334637324,0.0017453345159689,0.0005973341564337,7.33335812886556e-05,0.0563142858445644,22.5242862701416,AQUA,3,0.0249330933771004,0.0481695123016834,0.0025923941284418
/Volumes/Data/Work/SEALTAGS/Prydz/FLUO_LIGHT/PROCESSED/NC/ct160-341-20_all_prof_PROCESSED.nc,ct160-341-20,364,0.0062082361649064,0.0060195296126253,0.0051997652386917,0.0021232951651601,0.0002845891696565,0.0478160008788108,22.23855781555176,SUOMI_NPP,17,0.0238001479634813,0.0367681980133056,0.0031489010434597
/Volumes/Data/Work/SEALTAGS/Prydz/FLUO_LIGHT/PROCESSED/NC/ct160-341-20_all_prof_PROCESSED.nc,ct160-341-20,364,3.290064632892609e-05,0.0032202009111642,0.0030528005212545,0.0031481012701988,0.0004978006705641,0.9424799084663392,22.098398208618164,SUOMI_NPP,20,0.3462314927924828,2.1424472332000732,0.0037323930300772
/Volumes/Data/Work/SEALTAGS/Prydz/FLUO_LIGHT/PROCESSED/NC/ct160-341-20_all_prof_PROCESSED.nc,ct160-341-20,364,0.0057189098813317,0.0058589100160382,0.005360546098514,0.0020972734147852,0.00019290975549,0.050135999917984,22.239280700683594,NOAA_20,11,0.0218023845575326,0.0452830120921134,0.0033120901789516
/Volumes/Data/Work/SEALTAGS/Prydz/FLUO_LIGHT/PROCESSED/NC/ct160-341-20_all_prof_PROCESSED.nc,ct160-341-20,364,0.0086701546724026,0.0057335389921298,0.0051095391122194,0.0017503090202808,0.0002609239174769,0.0449279993772506,22.540796279907227,AQUA,13,0.0181799624131806,0.0284030921757221,0.0034493207931518
/Volumes/Data/Work/SEALTAGS/Prydz/FLUO_LIGHT/PROCESSED/NC/ct160-342-20_all_prof_PROCESSED.nc,ct160-342-20,3,0.0016290014609694,0.0017175003886222,0.0021410016342997,0.0023539997637271,0.0006060004234313,0.1701666712760925,65.8586654663086,SUOMI_NPP,4,0.1667122344437895,0.1909213066101074,0.0003791479102801
/Volumes/Data/Work/SEALTAGS/Prydz/FLUO_LIGHT/PROCESSED/NC/ct160-342-20_all_prof_PROCESSED.nc,ct160-342-20,7,0.0100293345749378,0.0089313338200251,0.0082906670868396,0.0032893332342306,0.0003286674618721,0.0465333312749862,64.87733459472656,SUOMI_NPP,3,0.0161064067440243,0.0040521812625229,5.242155020823702e-05
/Volumes/Data/Work/SEALTAGS/Prydz/FLUO_LIGHT/PROCESSED/NC/ct160-342-20_all_prof_PROCESSED.nc,ct160-342-20,7,0.0102400009830792,0.0091453343629837,0.0086953329543272,0.0030573333303133,0.0003273338079452,0.0434399992227554,64.9448013305664,NOAA_20,3,0.0091869734342209,0.0163168143481016,0.0002208760997746
/Volumes/Data/Work/SEALTAGS/Prydz/FLUO_LIGHT/PROCESSED/NC/ct160-342-20_all_prof_PROCESSED.nc,ct160-342-20,23,0.0116060003638267,0.0089280009269714,0.0072120018303394,0.0019280016422271,0.0001320019364356,0.0359999984502792,64.7699966430664,AQUA,1,0.0,0.0,0.0
/Volumes/Data/Work/SEALTAGS/Prydz/FLUO_LIGHT/PROCESSED/NC/ct160-342-20_all_prof_PROCESSED.nc,ct160-342-20,22,0.0092202508822083,0.008614876307547,0.007564375642687,0.0026470008306205,0.0003067508805543,0.0439760014414787,64.11503601074219,NOAA_20,16,0.0215260581279828,0.0478432327508926,0.0023208868224173
/Volumes/Data/Work/SEALTAGS/Prydz/FLUO_LIGHT/PROCESSED/NC/ct160-342-20_all_prof_PROCESSED.nc,ct160-342-20,22,0.0113114453852176,0.0090194452140066,0.0076925566212998,0.0022916677925321,0.0002452230287922,0.038966666907072,64.57050323486328,AQUA,18,0.0264303449150826,0.0277059637010097,0.0019162984099239
/Volumes/Data/Work/SEALTAGS/Prydz/FLUO_LIGHT/PROCESSED/NC/ct160-342-20_all_prof_PROCESSED.nc,ct160-342-20,59,0.0103490017354488,0.0097110010683536,0.0086129996925592,0.0029470007866621,0.0003120005130767,0.0388999991118907,58.55899810791016,SUOMI_NPP,2,0.0053797689553251,0.0179948769509792,1.7067413864424452e-05
/Volumes/Data/Work/SEALTAGS/Prydz/FLUO_LIGHT/PROCESSED/NC/ct160-342-20_all_prof_PROCESSED.nc,ct160-342-20,59,0.0121907508000731,0.0110427509061992,0.0095412507653236,0.0031635011546313,0.0004540015943348,0.0399333350360393,58.690670013427734,NOAA_20,8,0.0158017701961069,0.0269190408289432,0.0001336754939984
/Volumes/Data/Work/SEALTAGS/Prydz/FLUO_LIGHT/PROCESSED/NC/ct160-342-20_all_prof_PROCESSED.nc,ct160-342-20,59,0.0095128756947815,0.0096773761324584,0.0087523753754794,0.0028415007982403,0.0003812508657574,0.0394320003688335,58.543121337890625,NOAA_20,16,0.0164794739737123,0.0454263016581535,0.0002484407450538
/Volumes/Data/Work/SEALTAGS/Prydz/FLUO_LIGHT/PROCESSED/NC/ct160-342-20_all_prof_PROCESSED.nc,ct160-342-20,59,0.0110400021076202,0.0100900009274482,0.0087920017540454,0.0024220012128353,0.0003280006349086,0.0357199981808662,59.15599822998047,AQUA,1,0.0,0.0152722941711544,8.001160313142464e-05
/Volumes/Data/Work/SEALTAGS/Prydz/FLUO_LIGHT/PROCESSED/NC/ct160-342-20_all_prof_PROCESSED.nc,ct160-342-20,58,0.0102760009467601,0.0097223340223232,0.0087033342570066,0.0029940009117126,0.0003660004585981,0.0388857126235961,58.58400344848633,SUOMI_NPP,6,0.0095821091430962,0.0188188925385475,0.000398136122385
/Volumes/Data/Work/SEALTAGS/Prydz/FLUO_LIGHT/PROCESSED/NC/ct160-342-20_all_prof_PROCESSED.nc,ct160-342-20,58,0.0096025887657614,0.0097951775088029,0.0089205886949511,0.0029164717039641,0.0003914127455038,0.0395279973745346,58.45183944702149,NOAA_20,17,0.0169133983249986,0.0397598892450332,0.0025951100979
/Volumes/Data/Work/SEALTAGS/Prydz/FLUO_LIGHT/PROCESSED/NC/ct160-342-20_all_prof_PROCESSED.nc,ct160-342-20,58,0.0109940022230148,0.0100720003247261,0.0088980011641979,0.0024120025336742,0.0003200024366378,0.0356799997389316,59.15679931640625,AQUA,1,0.0,0.0148727325722575,7.885732338763773e-05
/Volumes/Data/Work/SEALTAGS/Prydz/FLUO_LIGHT/PROCESSED/NC/ct160-342-20_all_prof_PROCESSED.nc,ct160-342-20,63,0.0110208012163639,0.010300400853157,0.0090680010616779,0.0027808010578155,0.0003412008285522,0.0363428555428981,57.54542922973633,NOAA_20,5,0.0110790839586736,0.0157625451683998,0.0001374155835947
/Volumes/Data/Work/SEALTAGS/Prydz/FLUO_LIGHT/PROCESSED/NC/ct160-342-20_all_prof_PROCESSED.nc,ct160-342-20,57,0.0102613344788551,0.0097186677157878,0.0086740007003148,0.002994667738676,0.0003786670664946,0.0391600020229816,58.59440231323242,SUOMI_NPP,3,0.0055010193626968,0.0165966097265481,0.0003226739354431
/Volumes/Data/Work/SEALTAGS/Prydz/FLUO_LIGHT/PROCESSED/NC/ct160-342-20_all_prof_PROCESSED.nc,ct160-342-20,57,0.0096645005978643,0.0098105010110884,0.0089435004629194,0.0029372512362897,0.0003917510621249,0.0397759974002838,58.47416687011719,NOAA_20,16,0.0145951983529927,0.0409804508090019,0.0025076100137084
/Volumes/Data/Work/SEALTAGS/Prydz/FLUO_LIGHT/PROCESSED/NC/ct160-342-20_all_prof_PROCESSED.nc,ct160-342-20,64,0.0111140012741088,0.0104733345409234,0.0092088898850811,0.0028317794203758,0.0003477786150243,0.0367499962449073,57.53366470336914,NOAA_20,9,0.012478877327454,0.031664952635765,0.0017179418355226
/Volumes/Data/Work/SEALTAGS/Prydz/FLUO_LIGHT/PROCESSED/NC/ct160-342-20_all_prof_PROCESSED.nc,ct160-342-20,67,0.0097795004645983,0.0094361671557029,0.0084535010779897,0.0026670008276899,0.0002803346142172,0.0352533347904682,57.25905990600586,SUOMI_NPP,12,0.0349486594326861,0.0348163023591041,0.0004917930928058
/Volumes/Data/Work/SEALTAGS/Prydz/FLUO_LIGHT/PROCESSED/NC/ct160-342-20_all_prof_PROCESSED.nc,ct160-342-20,67,0.0105247785233789,0.0091985561367538,0.0081331119355228,0.0022770007037454,0.000279445408119,0.0347999967634677,57.702396392822266,AQUA,18,0.029559707609347,0.022406430914998,0.0005480352556332
/Volumes/Data/Work/SEALTAGS/Prydz/FLUO_LIGHT/PROCESSED/NC/ct160-342-20_all_prof_PROCESSED.nc,ct160-342-20,68,0.0099851585140353,0.0096052639970653,0.0085664217017198,0.0026997900322863,0.0002649489201997,0.0351679995656013,57.097442626953125,SUOMI_NPP,19,0.0195478740459298,0.0328343696892261,0.0011986029567196
/Volumes/Data/Work/SEALTAGS/Prydz/FLUO_LIGHT/PROCESSED/NC/ct160-342-20_all_prof_PROCESSED.nc,ct160-342-20,68,0.0110182675222555,0.0097660010059674,0.008636267731587,0.0023702673614025,0.0002826678256193,0.0341679975390434,57.579044342041016,AQUA,15,0.0170690154948614,0.0181120000779628,0.0018371044425293
/Volumes/Data/Work/SEALTAGS/Prydz/FLUO_LIGHT/PROCESSED/NC/ct160-342-20_all_prof_PROCESSED.nc,ct160-342-20,75,0.0148931433047567,0.0128131439643246,0.0103928579815796,0.0036465722535337,0.0004805720278194,0.0399499982595443,56.22975158691406,SUOMI_NPP,7,0.0224877166931447,0.0230437573045492,0.0005627744249068
/Volumes/Data/Work/SEALTAGS/Prydz/FLUO_LIGHT/PROCESSED/NC/ct160-342-20_all_prof_PROCESSED.nc,ct160-342-20,76,0.0145776675393184,0.0125467791739437,0.010173667429222,0.0035315561625692,0.0004725561787684,0.0396416671574115,56.244415283203125,SUOMI_NPP,18,0.0149627292864687,0.0262551996856927,0.0009196170722134
/Volumes/Data/Work/SEALTAGS/Prydz/FLUO_LIGHT/PROCESSED/NC/ct160-342-20_all_prof_PROCESSED.nc,ct160-342-20,82,0.0115550011396408,0.0100378004834055,0.0088016007095575,0.0023351008072495,0.0002741007134318,0.0334319993853569,55.567684173583984,AQUA,20,0.0401920440454663,0.0172289814800024,0.0012043890310451
/Volumes/Data/Work/SEALTAGS/Prydz/FLUO_LIGHT/PROCESSED/NC/ct160-342-20_all_prof_PROCESSED.nc,ct160-342-20,81,0.0122870004011525,0.0111202229228284,0.0094300005584955,0.0032030002524455,0.0003724456247356,0.0384083315730094,55.41925048828125,SUOMI_NPP,18,0.0257466983280343,0.0216521583497524,0.0001035573295666
/Volumes/Data/Work/SEALTAGS/Prydz/FLUO_LIGHT/PROCESSED/NC/ct160-342-20_all_prof_PROCESSED.nc,ct160-342-20,81,0.0106090009212493,0.0098460000008344,0.0086240004748106,0.0027809999883174,0.0003950018435716,0.0389999970793724,55.62799835205078,NOAA_20,2,0.012283425116312,0.0051282444037497,7.190103497123346e-05
/Volumes/Data/Work/SEALTAGS/Prydz/FLUO_LIGHT/PROCESSED/NC/ct160-342-20_all_prof_PROCESSED.nc,ct160-342-20,81,0.010615000501275,0.0088415015488863,0.0078570004552602,0.0020140009000897,0.0001965006813406,0.033840000629425,55.8712043762207,AQUA,4,0.0322989059587489,0.0468955971300601,0.0032531740143895
/Volumes/Data/Work/SEALTAGS/Prydz/FLUO_LIGHT/PROCESSED/NC/ct160-342-20_all_prof_PROCESSED.nc,ct160-342-20,89,0.0129940003777543,0.0116805008923014,0.0101850011075536,0.0032870008920629,0.0005630009497205,0.0390210524201393,54.2354736328125,NOAA_20,12,0.0141028261110222,0.0186583511531353,0.0014053161721676
/Volumes/Data/Work/SEALTAGS/Prydz/FLUO_LIGHT/PROCESSED/NC/ct160-342-20_all_prof_PROCESSED.nc,ct160-342-20,97,0.010275400802493,0.0092673009261488,0.0081548005342483,0.0028183009475469,0.0004333009943366,0.0424240007996559,52.3936767578125,NOAA_20,20,0.0158307870653888,0.0270429085940122,0.0002849721349775
/Volumes/Data/Work/SEALTAGS/Prydz/FLUO_LIGHT/PROCESSED/NC/ct160-342-20_all_prof_PROCESSED.nc,ct160-342-20,97,0.0130773348112901,0.0108000015219052,0.0089880004525184,0.0027766674757003,0.0004820004105567,0.041799996048212,52.7660026550293,AQUA,3,0.0031619672614285,0.0140857202932238,0.0024929926730692
/Volumes/Data/Work/SEALTAGS/Prydz/FLUO_LIGHT/PROCESSED/NC/ct160-342-20_all_prof_PROCESSED.nc,ct160-342-20,96,0.0101848427010209,0.0091773691145997,0.0081025271823531,0.0028298955998922,0.0004485273047497,0.043319996446371,52.375762939453125,NOAA_20,19,0.0203270247821537,0.0283999294042587,0.0014390378491953
/Volumes/Data/Work/SEALTAGS/Prydz/FLUO_LIGHT/PROCESSED/NC/ct160-342-20_all_prof_PROCESSED.nc,ct160-342-20,96,0.0130820013582706,0.0108439996838569,0.0090200006961822,0.0027780011296272,0.0004779994487762,0.0425999984145164,52.95199966430664,AQUA,1,0.0,0.0,0.0
/Volumes/Data/Work/SEALTAGS/Prydz/FLUO_LIGHT/PROCESSED/NC/ct160-342-20_all_prof_PROCESSED.nc,ct160-342-20,110,0.0096340005596478,0.0093460008502006,0.0084693344930807,0.0028000014523665,0.0004166675110658,0.0402666665613651,51.39599609375,NOAA_20,3,0.028248487335353,0.0247791856527328,0.0001455806777812
/Volumes/Data/Work/SEALTAGS/Prydz/FLUO_LIGHT/PROCESSED/NC/ct160-342-20_all_prof_PROCESSED.nc,ct160-342-20,121,0.0112162112797561,0.0103676850466351,0.0092080008042486,0.0031522110496696,0.0005364220001195,0.042079996317625,50.028564453125,NOAA_20,19,0.0079284677887554,0.0251137726008892,0.0041481270454823
/Volumes/Data/Work/SEALTAGS/Prydz/FLUO_LIGHT/PROCESSED/NC/ct160-342-20_all_prof_PROCESSED.nc,ct160-342-20,121,0.0109780008594195,0.009882666170597,0.0086993339161078,0.0026820016403992,0.0004233345389366,0.0392000004649162,49.91533279418945,AQUA,3,0.0094180680431689,0.0208289977163076,0.0001972141471924
/Volumes/Data/Work/SEALTAGS/Prydz/FLUO_LIGHT/PROCESSED/NC/ct160-342-20_all_prof_PROCESSED.nc,ct160-342-20,120,0.0112266675051715,0.0103787788086467,0.0092167786012093,0.0031572226434946,0.0005387785947985,0.0421680025756359,49.91367721557617,NOAA_20,18,0.0079261162938094,0.0253000613301992,0.0054850839078426
/Volumes/Data/Work/SEALTAGS/Prydz/FLUO_LIGHT/PROCESSED/NC/ct160-342-20_all_prof_PROCESSED.nc,ct160-342-20,120,0.0109780008594195,0.009882666170597,0.0086993339161078,0.0026820016403992,0.0004233345389366,0.0392000004649162,49.91533279418945,AQUA,3,0.0094180680431689,0.0208289977163076,0.0001972141471924
/Volumes/Data/Work/SEALTAGS/Prydz/FLUO_LIGHT/PROCESSED/NC/ct160-342-20_all_prof_PROCESSED.nc,ct160-342-20,133,0.0093707509804517,0.0088947510812431,0.0078001257497817,0.0024465003516525,0.0002423757687211,0.0345919989049434,47.770957946777344,SUOMI_NPP,16,0.0125548660471083,0.0210364405065774,0.0001436269812984
/Volumes/Data/Work/SEALTAGS/Prydz/FLUO_LIGHT/PROCESSED/NC/ct160-342-20_all_prof_PROCESSED.nc,ct160-342-20,133,0.0100781258661299,0.0087570007890462,0.007705501280725,0.0021210010163486,0.0002552510704845,0.0349280014634132,48.10527801513672,AQUA,16,0.0132359468586163,0.0174343455582857,9.68878302956e-05
/Volumes/Data/Work/SEALTAGS/Prydz/FLUO_LIGHT/PROCESSED/NC/ct160-342-20_all_prof_PROCESSED.nc,ct160-342-20,134,0.0092795012518763,0.0088073009625077,0.0077288007363677,0.0024088004603981,0.0002224007621407,0.0345040000975132,47.77687454223633,SUOMI_NPP,20,0.010798244390767,0.0308953523635864,0.0001619538961676
/Volumes/Data/Work/SEALTAGS/Prydz/FLUO_LIGHT/PROCESSED/NC/ct160-342-20_all_prof_PROCESSED.nc,ct160-342-20,134,0.0094560012221336,0.0089620016515254,0.0076679997146129,0.002284001559019,0.000144001096487,0.032600000500679,47.7859992980957,SUOMI_NPP,1,0.0,0.0,0.0
/Volumes/Data/Work/SEALTAGS/Prydz/FLUO_LIGHT/PROCESSED/NC/ct160-342-20_all_prof_PROCESSED.nc,ct160-342-20,134,0.010125200698773,0.0087388006349404,0.0076630674302577,0.0021020005146662,0.0002545344332853,0.0350239984691143,48.113521575927734,AQUA,15,0.0120307492914486,0.0160151235759258,0.000262719579041
/Volumes/Data/Work/SEALTAGS/Prydz/FLUO_LIGHT/PROCESSED/NC/ct160-342-20_all_prof_PROCESSED.nc,ct160-342-20,137,0.0145510006695985,0.0125890001654624,0.0100530013442039,0.0032299999147653,0.0002570021897554,0.0368999987840652,47.30999755859375,SUOMI_NPP,2,0.013032592207336,0.0348109081387519,0.0004383199557196
/Volumes/Data/Work/SEALTAGS/Prydz/FLUO_LIGHT/PROCESSED/NC/ct160-342-20_all_prof_PROCESSED.nc,ct160-342-20,137,0.0167860010017951,0.012973000605901,0.0105490007748206,0.0029800006498893,0.0004536677151918,0.0371428541839122,47.65885543823242,AQUA,6,0.0307319903454846,0.0472685918211936,0.0012412016512826
/Volumes/Data/Work/SEALTAGS/Prydz/FLUO_LIGHT/PROCESSED/NC/ct160-342-20_all_prof_PROCESSED.nc,ct160-342-20,138,0.0147280022501945,0.012763999402523,0.0102140009403228,0.0032339990139007,0.0002580024302005,0.0351999998092651,47.34199905395508,SUOMI_NPP,1,0.0,0.0,0.0
/Volumes/Data/Work/SEALTAGS/Prydz/FLUO_LIGHT/PROCESSED/NC/ct160-342-20_all_prof_PROCESSED.nc,ct160-342-20,138,0.0167940016835927,0.012661000713706,0.0101600009948015,0.0027660001069307,0.0003850013017654,0.0363999977707862,47.71799850463867,AQUA,2,0.0266397538484486,0.0604395642876625,0.0008801671792753
/Volumes/Data/Work/SEALTAGS/Prydz/FLUO_LIGHT/PROCESSED/NC/ct160-342-20_all_prof_PROCESSED.nc,ct160-342-20,160,0.0096920020878314,0.0077739991247653,0.006470002233982,0.0016820020973682,0.0001960024237632,0.0359999984502792,45.194000244140625,AQUA,1,0.0,0.0,0.0
/Volumes/Data/Work/SEALTAGS/Prydz/FLUO_LIGHT/PROCESSED/NC/ct160-342-20_all_prof_PROCESSED.nc,ct160-342-20,159,0.0089340023696422,0.0079540014266967,0.0066340006887912,0.0024439990520477,0.0003100000321865,0.0425999984145164,44.83599853515625,SUOMI_NPP,1,0.0,0.0,0.0
/Volumes/Data/Work/SEALTAGS/Prydz/FLUO_LIGHT/PROCESSED/NC/ct160-342-20_all_prof_PROCESSED.nc,ct160-342-20,159,0.0096920020878314,0.0077739991247653,0.006470002233982,0.0016820020973682,0.0001960024237632,0.0359999984502792,45.194000244140625,AQUA,1,0.0,0.0,0.0
/Volumes/Data/Work/SEALTAGS/Prydz/FLUO_LIGHT/PROCESSED/NC/ct160-342-20_all_prof_PROCESSED.nc,ct160-342-20,180,0.0084614296044622,0.0081260007406984,0.0070097153740269,0.0024868574525628,0.0002937151917389,0.0407199934124946,41.663795471191406,SUOMI_NPP,7,0.026164938252368,0.0514288619160652,0.0019283273722976
/Volumes/Data/Work/SEALTAGS/Prydz/FLUO_LIGHT/PROCESSED/NC/ct160-342-20_all_prof_PROCESSED.nc,ct160-342-20,180,0.0103265000507235,0.0092645017430186,0.0077665001153945,0.0025500012561678,0.000377501361072,0.0390499979257583,41.532501220703125,NOAA_20,4,0.0152533829439478,0.0511362962424755,0.0016255046939477
/Volumes/Data/Work/SEALTAGS/Prydz/FLUO_LIGHT/PROCESSED/NC/ct160-342-20_all_prof_PROCESSED.nc,ct160-342-20,180,0.0072800007959206,0.0078720015784104,0.0069573335349559,0.0021820006271203,0.0002633345623811,0.037666667252779,41.4900016784668,NOAA_20,3,0.031401729121319,0.0500606670975685,0.0001574610068928
/Volumes/Data/Work/SEALTAGS/Prydz/FLUO_LIGHT/PROCESSED/NC/ct160-342-20_all_prof_PROCESSED.nc,ct160-342-20,180,0.0106003334124883,0.0085830005506674,0.0072663345684607,0.0019476674497127,0.0002533340205748,0.0344615392386913,41.92615509033203,AQUA,6,0.0126764798219515,0.0290967430919408,0.0021495583932846
/Volumes/Data/Work/SEALTAGS/Prydz/FLUO_LIGHT/PROCESSED/NC/ct160-342-20_all_prof_PROCESSED.nc,ct160-342-20,182,0.0115880016237497,0.0102640017867088,0.0090370010584592,0.0031150020658969,0.0005810000002384,0.0424999967217445,40.92900085449219,NOAA_20,2,0.0043855063741248,0.0023529373575001,0.0019301832653582
/Volumes/Data/Work/SEALTAGS/Prydz/FLUO_LIGHT/PROCESSED/NC/ct160-342-20_all_prof_PROCESSED.nc,ct160-342-20,182,0.0101382009685039,0.0085978008806705,0.0075016003102064,0.0022748008370399,0.0004286006093025,0.0397519990801811,41.1998405456543,AQUA,10,0.0087969678233958,0.0282565057277679,0.0021417401731014
/Volumes/Data/Work/SEALTAGS/Prydz/FLUO_LIGHT/PROCESSED/NC/ct160-342-20_all_prof_PROCESSED.nc,ct160-342-20,238,0.003830000758171,0.0054180026054382,0.0048880018293857,0.0021180026233196,0.0002480000257492,0.0561999976634979,31.312000274658203,NOAA_20,1,0.0,0.0,0.0
/Volumes/Data/Work/SEALTAGS/Prydz/FLUO_LIGHT/PROCESSED/NC/ct160-342-20_all_prof_PROCESSED.nc,ct160-342-20,238,0.0078239999711513,0.0061920012036959,0.0049913339316844,0.0013440002997716,8.06686778863271e-05,0.0307333320379257,31.443998336791992,AQUA,3,0.0307458747542246,0.1084165051579475,0.0002748044207692
/Volumes/Data/Work/SEALTAGS/Prydz/FLUO_LIGHT/PROCESSED/NC/ct160-342-20_all_prof_PROCESSED.nc,ct160-342-20,250,0.0073652010411024,0.0066075006499886,0.0058868005871772,0.0028030011802911,0.000428301282227,0.0578880012035369,28.67327880859375,SUOMI_NPP,20,0.0332144857258568,0.049578957259655,0.0024819746613502
/Volumes/Data/Work/SEALTAGS/Prydz/FLUO_LIGHT/PROCESSED/NC/ct160-342-20_all_prof_PROCESSED.nc,ct160-342-20,250,0.0062560010701417,0.0058080010736982,0.0057126674801111,0.0023273347566525,0.0004123346880078,0.0518080033361911,28.568159103393555,NOAA_20,12,0.0125384566478254,0.0409782491624355,0.001607451820746
/Volumes/Data/Work/SEALTAGS/Prydz/FLUO_LIGHT/PROCESSED/NC/ct160-342-20_all_prof_PROCESSED.nc,ct160-342-20,250,0.0083946672578652,0.0056696005165576,0.0052858675519625,0.0020573345323403,0.0003801340858141,0.0516720004379749,28.930479049682617,AQUA,15,0.0180215513710643,0.0349103845655918,0.0027626957744359
/Volumes/Data/Work/SEALTAGS/Prydz/FLUO_LIGHT/PROCESSED/NC/ct160-342-20_all_prof_PROCESSED.nc,ct160-342-20,251,0.0073866324597283,0.0066120008888997,0.0058907378268869,0.0028461066907957,0.0004525274822586,0.0584480017423629,28.622238159179688,SUOMI_NPP,19,0.0330213952782789,0.0458708889782428,0.0005177660495974
/Volumes/Data/Work/SEALTAGS/Prydz/FLUO_LIGHT/PROCESSED/NC/ct160-342-20_all_prof_PROCESSED.nc,ct160-342-20,251,0.0061712313729983,0.0057293855800078,0.0056021545942013,0.0023118472443177,0.0004224628210067,0.0528399981558322,28.545839309692383,NOAA_20,13,0.0131151582450608,0.0266782902181148,0.0002925278386101
/Volumes/Data/Work/SEALTAGS/Prydz/FLUO_LIGHT/PROCESSED/NC/ct160-342-20_all_prof_PROCESSED.nc,ct160-342-20,251,0.0083800005416075,0.0056940004229545,0.0052816006044546,0.0020358674228191,0.0003797344863414,0.0529280006885528,28.867918014526367,AQUA,15,0.0163663637631095,0.0145322987809777,0.0004869423573836
/Volumes/Data/Work/SEALTAGS/Prydz/FLUO_LIGHT/PROCESSED/NC/ct160-342-20_all_prof_PROCESSED.nc,ct160-342-20,248,0.0076796851660075,0.0068809484180651,0.0062051586022502,0.0026671588420867,0.0004995798594073,0.0560079962015152,29.25063705444336,NOAA_20,19,0.018167889634828,0.0313831605017185,0.0003062166797462
/Volumes/Data/Work/SEALTAGS/Prydz/FLUO_LIGHT/PROCESSED/NC/ct160-342-20_all_prof_PROCESSED.nc,ct160-342-20,247,0.0070360004901885,0.0062816008925437,0.0059332005679607,0.0026584014296531,0.0005048014223575,0.0587714277207851,29.135711669921875,NOAA_20,5,0.0298144575186844,0.0252982247620821,0.0007451478159055
/Volumes/Data/Work/SEALTAGS/Prydz/FLUO_LIGHT/PROCESSED/NC/ct160-342-20_all_prof_PROCESSED.nc,ct160-342-20,279,0.0063982856060777,0.004902858287096,0.0034282862075737,0.0013080010456698,0.000265144343887,0.0494333356618881,22.28483009338379,NOAA_20,7,0.0719193934844288,0.0594578385353088,0.0016391596291214
/Volumes/Data/Work/SEALTAGS/Prydz/FLUO_LIGHT/PROCESSED/NC/ct160-918BAT-18_all_prof_PROCESSED.nc,ct160-918BAT-18,3,0.0069940003256003,0.006236000607411,0.0057493336498737,0.0030553353329499,0.0004520018895467,0.0653999969363212,66.59600067138672,SUOMI_NPP,3,0.0383671487923093,0.0155933508649468,0.0003243971441406
/Volumes/Data/Work/SEALTAGS/Prydz/FLUO_LIGHT/PROCESSED/NC/ct160-918BAT-18_all_prof_PROCESSED.nc,ct160-918BAT-18,3,0.0041112009435892,0.0042414009571075,0.0042840007692575,0.0021118003875017,0.0003182008862495,0.0647066608071327,66.61319732666016,NOAA_20,10,0.0283649526517606,0.0871447920799255,0.0012688329443335
/Volumes/Data/Work/SEALTAGS/Prydz/FLUO_LIGHT/PROCESSED/NC/ct160-918BAT-18_all_prof_PROCESSED.nc,ct160-918BAT-18,13,0.0085790008306503,0.0079050008207559,0.0071980003267526,0.0029010009020566,0.0005630012601613,0.0521499961614608,64.27749633789062,NOAA_20,2,0.0112215468300731,0.014945788308978,1.3465958545566536e-05
/Volumes/Data/Work/SEALTAGS/Prydz/FLUO_LIGHT/PROCESSED/NC/ct160-918BAT-18_all_prof_PROCESSED.nc,ct160-918BAT-18,19,0.0078684219012134,0.0070636856712793,0.0065927376088343,0.0031449484981988,0.0004236851083604,0.0577519983053207,63.81975555419922,SUOMI_NPP,19,0.0134861190047458,0.0153404884040355,0.0008736202144064
/Volumes/Data/Work/SEALTAGS/Prydz/FLUO_LIGHT/PROCESSED/NC/ct160-918BAT-18_all_prof_PROCESSED.nc,ct160-918BAT-18,19,0.0062703649428757,0.005885819142515,0.0057923644781112,0.0027123649011958,0.0003560009327801,0.0562266670167446,63.63640213012695,SUOMI_NPP,11,0.0273986610093064,0.0385270193219184,0.0001793407573131
/Volumes/Data/Work/SEALTAGS/Prydz/FLUO_LIGHT/PROCESSED/NC/ct160-918BAT-18_all_prof_PROCESSED.nc,ct160-918BAT-18,19,0.0073201062255784,0.0066098957077453,0.0064167376411588,0.0028592636318583,0.0003968432153526,0.0578400008380413,63.7036018371582,NOAA_20,19,0.0106035539158445,0.0125628635287284,0.0009695384069345
/Volumes/Data/Work/SEALTAGS/Prydz/FLUO_LIGHT/PROCESSED/NC/ct160-918BAT-18_all_prof_PROCESSED.nc,ct160-918BAT-18,19,0.0044495010127623,0.0052641673634449,0.0056170004730423,0.0027491673827171,0.0004065008834004,0.0639733374118805,63.677738189697266,NOAA_20,12,0.0406461542805107,0.0411417298018932,0.0010907775722444
/Volumes/Data/Work/SEALTAGS/Prydz/FLUO_LIGHT/PROCESSED/NC/ct160-918BAT-18_all_prof_PROCESSED.nc,ct160-918BAT-18,19,0.0072450004518032,0.0064260009676218,0.0063080005347728,0.0025660004466772,0.0003570020198822,0.0559000000357627,64.36299896240234,AQUA,2,0.0033491830875729,0.0089445281773805,4.658502803067677e-05
/Volumes/Data/Work/SEALTAGS/Prydz/FLUO_LIGHT/PROCESSED/NC/ct160-918BAT-18_all_prof_PROCESSED.nc,ct160-918BAT-18,19,0.007218001037836,0.0054444015026092,0.0057428009808063,0.0024892002344131,0.0002784013748168,0.0555999986827373,64.0875015258789,AQUA,5,0.0165668179823604,0.0354275442659854,0.003109001321718
/Volumes/Data/Work/SEALTAGS/Prydz/FLUO_LIGHT/PROCESSED/NC/ct160-918BAT-18_all_prof_PROCESSED.nc,ct160-918BAT-18,21,0.0075997006148099,0.0068275012075901,0.0065633008256554,0.0031905010342597,0.0003877008333802,0.0592160038650035,62.1346435546875,SUOMI_NPP,20,0.025466625251443,0.0180476792156696,0.0033069995697587
/Volumes/Data/Work/SEALTAGS/Prydz/FLUO_LIGHT/PROCESSED/NC/ct160-918BAT-18_all_prof_PROCESSED.nc,ct160-918BAT-18,21,0.0082221673801541,0.0073271673172712,0.0070600009833772,0.0032901676992575,0.0005031675100326,0.0608133301138877,62.41160583496094,NOAA_20,12,0.0110116921861784,0.0199674163013696,0.0022491535637527
/Volumes/Data/Work/SEALTAGS/Prydz/FLUO_LIGHT/PROCESSED/NC/ct160-918BAT-18_all_prof_PROCESSED.nc,ct160-918BAT-18,21,0.0059652317028779,0.0059638473276908,0.0061060006801898,0.0029472316113802,0.0003927699648416,0.063230000436306,62.37320709228515,NOAA_20,13,0.0321804058920117,0.0317611545324325,0.0038182826247066
/Volumes/Data/Work/SEALTAGS/Prydz/FLUO_LIGHT/PROCESSED/NC/ct160-918BAT-18_all_prof_PROCESSED.nc,ct160-918BAT-18,20,0.0080081823874603,0.007118364626711,0.0067225464365699,0.0033203644508665,0.0004603646018288,0.0600352920591831,63.00882339477539,SUOMI_NPP,11,0.013649804693576,0.0367826521396636,0.004606429953128
/Volumes/Data/Work/SEALTAGS/Prydz/FLUO_LIGHT/PROCESSED/NC/ct160-918BAT-18_all_prof_PROCESSED.nc,ct160-918BAT-18,20,0.0061521120369434,0.0057690011130438,0.0059265560574001,0.0029590007745557,0.0004178894062836,0.0602640025317668,62.91680145263672,SUOMI_NPP,18,0.0315013228513006,0.0610770545899868,0.0048291534185409
/Volumes/Data/Work/SEALTAGS/Prydz/FLUO_LIGHT/PROCESSED/NC/ct160-918BAT-18_all_prof_PROCESSED.nc,ct160-918BAT-18,20,0.0069476013382275,0.0063737340271472,0.0063624007006486,0.0029246670504411,0.0004200011491775,0.0602880008518695,62.86479949951172,NOAA_20,15,0.018159044531673,0.0406631603837013,0.004811187274754
/Volumes/Data/Work/SEALTAGS/Prydz/FLUO_LIGHT/PROCESSED/NC/ct160-918BAT-18_all_prof_PROCESSED.nc,ct160-918BAT-18,20,0.0063214674592018,0.0057532014946142,0.0059398673474788,0.0024414673447608,0.0003290670613447,0.0572399981319904,63.575199127197266,AQUA,15,0.0154538661311927,0.0504404753446579,0.0048073036596179
/Volumes/Data/Work/SEALTAGS/Prydz/FLUO_LIGHT/PROCESSED/NC/ct160-918BAT-18_all_prof_PROCESSED.nc,ct160-918BAT-18,20,0.0062620006501674,0.0054499991238117,0.0057980008423328,0.0024280026555061,0.0002759993076324,0.0538999997079372,63.50450134277344,AQUA,1,0.0,0.0279527362436056,0.0021772265899926
/Volumes/Data/Work/SEALTAGS/Prydz/FLUO_LIGHT/PROCESSED/NC/ct160-918BAT-18_all_prof_PROCESSED.nc,ct160-918BAT-18,22,0.0087522501125931,0.0074505005031824,0.0070270006544888,0.0036230008117854,0.0005157515406608,0.0633555501699447,62.72200012207031,SUOMI_NPP,8,0.0412617222124141,0.0223108269274234,0.0035941128153353
/Volumes/Data/Work/SEALTAGS/Prydz/FLUO_LIGHT/PROCESSED/NC/ct160-918BAT-18_all_prof_PROCESSED.nc,ct160-918BAT-18,22,0.0117860008031129,0.0086130015552043,0.0077140014618635,0.0033309999853372,0.0004930011928081,0.0616999976336956,63.02199935913086,AQUA,2,0.0078326641706804,0.0081037441268563,0.0029513633344322
/Volumes/Data/Work/SEALTAGS/Prydz/FLUO_LIGHT/PROCESSED/NC/ct160-918BAT-18_all_prof_PROCESSED.nc,ct160-918BAT-18,26,0.0080390914597294,0.0067136372354897,0.0066512738439169,0.0043630918318575,0.0005341825837438,0.0836933329701423,60.56427383422851,SUOMI_NPP,11,0.0173872198133283,0.0174706242978572,0.0001091044832719
/Volumes/Data/Work/SEALTAGS/Prydz/FLUO_LIGHT/PROCESSED/NC/ct160-918BAT-18_all_prof_PROCESSED.nc,ct160-918BAT-18,26,0.0079646675537029,0.0068026681741078,0.0069280012200276,0.0041846682627995,0.0005336683243513,0.081959992647171,60.661399841308594,NOAA_20,6,0.0124675485675823,0.0213794074952602,0.0001285822509089
/Volumes/Data/Work/SEALTAGS/Prydz/FLUO_LIGHT/PROCESSED/NC/ct160-918BAT-18_all_prof_PROCESSED.nc,ct160-918BAT-18,26,0.0095032948781462,0.0078435303533778,0.0075155299376038,0.0045043536845375,0.0005554129533907,0.0806173905730247,60.599830627441406,NOAA_20,17,0.0206398392017185,0.0144270872697234,0.0002456168585922
/Volumes/Data/Work/SEALTAGS/Prydz/FLUO_LIGHT/PROCESSED/NC/ct160-918BAT-18_all_prof_PROCESSED.nc,ct160-918BAT-18,25,0.0111340008676052,0.0090742014348506,0.0078674003481864,0.0042142007499933,0.000466401129961,0.0656615421175956,61.71738052368164,SUOMI_NPP,10,0.0291517628740607,0.0219119098037481,0.000143458135426
/Volumes/Data/Work/SEALTAGS/Prydz/FLUO_LIGHT/PROCESSED/NC/ct160-918BAT-18_all_prof_PROCESSED.nc,ct160-918BAT-18,25,0.0090871124217907,0.0075930011355214,0.007057334192925,0.0037406676759322,0.0004502232703897,0.0651120021939277,61.52399826049805,SUOMI_NPP,18,0.0143728878642636,0.0148732922971248,0.0009405902237631
/Volumes/Data/Work/SEALTAGS/Prydz/FLUO_LIGHT/PROCESSED/NC/ct160-918BAT-18_all_prof_PROCESSED.nc,ct160-918BAT-18,27,0.0112248010933399,0.0091180011630058,0.0080004006624221,0.0042932011187076,0.0003940008580684,0.0665750056505203,60.96549987792969,SUOMI_NPP,5,0.0329828427589036,0.0553004443645477,0.0024042520672082
/Volumes/Data/Work/SEALTAGS/Prydz/FLUO_LIGHT/PROCESSED/NC/ct160-918BAT-18_all_prof_PROCESSED.nc,ct160-918BAT-18,27,0.0093540015319983,0.0080266669392585,0.0075646663705507,0.0040220009783903,0.0004900010923544,0.0697999969124794,60.8656005859375,NOAA_20,3,0.013879862800502,0.0289384089410305,0.0007103488896973
/Volumes/Data/Work/SEALTAGS/Prydz/FLUO_LIGHT/PROCESSED/NC/ct160-918BAT-18_all_prof_PROCESSED.nc,ct160-918BAT-18,27,0.0101213343441486,0.0084700000782807,0.0078886685272057,0.0042753343780835,0.0005146687229474,0.0720666646957397,60.73866653442383,NOAA_20,3,0.0093261442241213,0.0079577146098017,0.0001270442880922
/Volumes/Data/Work/SEALTAGS/Prydz/FLUO_LIGHT/PROCESSED/NC/ct160-918BAT-18_all_prof_PROCESSED.nc,ct160-918BAT-18,27,0.0088804006576538,0.007311001047492,0.007013601437211,0.0035606008023023,0.0003982011228799,0.0688266605138778,61.3466682434082,AQUA,10,0.0089419170173654,0.0276461765170097,0.0008709627436473
/Volumes/Data/Work/SEALTAGS/Prydz/FLUO_LIGHT/PROCESSED/NC/ct160-918BAT-18_all_prof_PROCESSED.nc,ct160-918BAT-18,28,0.0088400021195411,0.0075760018080472,0.0072350017726421,0.0043970011174678,0.0005070008337497,0.0763999968767166,61.446998596191406,SUOMI_NPP,2,0.0293142782949531,0.0445025935769081,1.6265248632407747e-05
/Volumes/Data/Work/SEALTAGS/Prydz/FLUO_LIGHT/PROCESSED/NC/ct160-918BAT-18_all_prof_PROCESSED.nc,ct160-918BAT-18,28,0.008492572499173,0.0074485726654529,0.0073280004518372,0.0038560006235327,0.0004402867385319,0.0691733360290527,61.132930755615234,NOAA_20,7,0.008652801182857,0.0341917127370834,0.0080134961754083
/Volumes/Data/Work/SEALTAGS/Prydz/FLUO_LIGHT/PROCESSED/NC/ct160-918BAT-18_all_prof_PROCESSED.nc,ct160-918BAT-18,33,0.0056318014860153,0.0045572016388177,0.0050136007368564,0.006495800986886,0.0011576008051633,0.2453332990407943,59.636268615722656,SUOMI_NPP,10,0.0248353451848171,0.0745280981063842,0.0043920846655964
/Volumes/Data/Work/SEALTAGS/Prydz/FLUO_LIGHT/PROCESSED/NC/ct160-918BAT-18_all_prof_PROCESSED.nc,ct160-918BAT-18,33,0.0057720020413398,0.0044459998607635,0.0042419992387294,0.0046400018036365,0.0006860010325908,0.1833999902009964,59.65800094604492,NOAA_20,1,0.0,0.0,0.0
/Volumes/Data/Work/SEALTAGS/Prydz/FLUO_LIGHT/PROCESSED/NC/ct160-918BAT-18_all_prof_PROCESSED.nc,ct160-918BAT-18,33,0.0054740009500699,0.0047095308409017,0.0052304714918136,0.0069608243511003,0.0011971770402263,0.2827039957046509,59.516319274902344,NOAA_20,17,0.0694997623585137,0.1741925179958343,0.0058999694883823
/Volumes/Data/Work/SEALTAGS/Prydz/FLUO_LIGHT/PROCESSED/NC/ct160-918BAT-18_all_prof_PROCESSED.nc,ct160-918BAT-18,33,0.0061486673851807,0.0044626680513223,0.0048680019875367,0.0059113341073195,0.0009473351140817,0.2721199989318847,59.7672004699707,AQUA,3,0.0285757738704046,0.1331505626440048,0.0066419248469173
/Volumes/Data/Work/SEALTAGS/Prydz/FLUO_LIGHT/PROCESSED/NC/ct160-918BAT-18_all_prof_PROCESSED.nc,ct160-918BAT-18,50,0.008282000819842,0.0063520011802514,0.0048693343997001,0.0041186685363451,0.0010520008703072,0.1221999898552894,53.41600036621094,NOAA_20,3,0.059399334464715,0.0613693483173847,0.0001332506217295
/Volumes/Data/Work/SEALTAGS/Prydz/FLUO_LIGHT/PROCESSED/NC/ct160-918BAT-18_all_prof_PROCESSED.nc,ct160-918BAT-18,50,0.0063530001789331,0.0057200007140636,0.0047150012105703,0.0049520004540681,0.001545000821352,0.1718333214521408,53.57133102416992,NOAA_20,2,0.0160205397203738,0.035807691514492,0.0046295258216559
/Volumes/Data/Work/SEALTAGS/Prydz/FLUO_LIGHT/PROCESSED/NC/ct160-918BAT-18_all_prof_PROCESSED.nc,ct160-918BAT-18,51,0.0104235719357218,0.0072585727487291,0.0051550005695649,0.0044494295226676,0.000872144209487,0.126341164112091,54.26176452636719,NOAA_20,14,0.063631713440429,0.0574003159999847,0.0040891775861382
/Volumes/Data/Work/SEALTAGS/Prydz/FLUO_LIGHT/PROCESSED/NC/ct160-918BAT-18_all_prof_PROCESSED.nc,ct160-918BAT-18,51,0.0060524009168148,0.0053604006767272,0.0045100010931491,0.0051416009664535,0.0015640012919902,0.2026199996471405,54.14460372924805,NOAA_20,5,0.0190234862467975,0.0817487016320228,0.0021588443778455
/Volumes/Data/Work/SEALTAGS/Prydz/FLUO_LIGHT/PROCESSED/NC/ct160-918BAT-18_all_prof_PROCESSED.nc,ct160-918BAT-18,51,0.0171650005504488,0.0114465011283755,0.0076540010049939,0.0058010015636682,0.001626000739634,0.1112571433186531,54.639427185058594,AQUA,4,0.0295779617830725,0.0235702134668827,0.0046548335812985
/Volumes/Data/Work/SEALTAGS/Prydz/FLUO_LIGHT/PROCESSED/NC/ct160-918BAT-18_all_prof_PROCESSED.nc,ct160-918BAT-18,58,0.013362000696361,0.009800000116229,0.0067457505501806,0.0049650007858872,0.0011882511898875,0.0963600054383277,50.13880157470703,SUOMI_NPP,8,0.0556624681827772,0.0316791720688343,0.0003064935444854
/Volumes/Data/Work/SEALTAGS/Prydz/FLUO_LIGHT/PROCESSED/NC/ct160-918BAT-18_all_prof_PROCESSED.nc,ct160-918BAT-18,58,0.0189948011189699,0.0132632009685039,0.0091056019067764,0.00580800101161,0.0013856008648872,0.0856571346521377,50.23257064819336,NOAA_20,5,0.0175794899926797,0.0132501889020204,0.0003597294271457
/Volumes/Data/Work/SEALTAGS/Prydz/FLUO_LIGHT/PROCESSED/NC/ct160-918BAT-18_all_prof_PROCESSED.nc,ct160-918BAT-18,58,0.0116039998829364,0.0088540017604827,0.0067239999771118,0.0049079991877079,0.0013439990580081,0.1011999994516372,50.13800048828125,NOAA_20,1,0.0,0.0,0.0
/Volumes/Data/Work/SEALTAGS/Prydz/FLUO_LIGHT/PROCESSED/NC/ct160-918BAT-18_all_prof_PROCESSED.nc,ct160-918BAT-18,58,0.0105905001983046,0.0081254998221993,0.0061465017497539,0.0046970015391707,0.001630000770092,0.1111599951982498,51.50239944458008,AQUA,4,0.0414800372267917,0.0293309520930051,0.014253981411457
/Volumes/Data/Work/SEALTAGS/Prydz/FLUO_LIGHT/PROCESSED/NC/ct160-918BAT-18_all_prof_PROCESSED.nc,ct160-918BAT-18,59,0.0198600012809038,0.0140300020575523,0.0092560015618801,0.0071440003812313,0.0020520016551017,0.1023999974131584,49.51799774169922,SUOMI_NPP,1,0.0,0.0,0.0
/Volumes/Data/Work/SEALTAGS/Prydz/FLUO_LIGHT/PROCESSED/NC/ct160-918BAT-18_all_prof_PROCESSED.nc,ct160-918BAT-18,59,0.0276640001684427,0.0188160017132759,0.01256800070405,0.0079880021512508,0.002140000462532,0.085999995470047,49.58399963378906,NOAA_20,1,0.0,0.0,0.0
/Volumes/Data/Work/SEALTAGS/Prydz/FLUO_LIGHT/PROCESSED/NC/ct160-918BAT-18_all_prof_PROCESSED.nc,ct160-918BAT-18,59,0.0153690017759799,0.0113660022616386,0.0078700017184019,0.0059300009161233,0.0022270008921623,0.1110999956727027,51.07599639892578,AQUA,2,0.0082621746238908,0.0117011675611138,0.0226329434663057
/Volumes/Data/Work/SEALTAGS/Prydz/FLUO_LIGHT/PROCESSED/NC/ct160-918BAT-18_all_prof_PROCESSED.nc,ct160-918BAT-18,63,0.0234230011701583,0.0161660015583038,0.0101190004497766,0.0065160021185874,0.0013970006257295,0.0815999954938888,48.678001403808594,SUOMI_NPP,2,0.0549139366383441,0.0098039507865905,8.216669812100008e-05
/Volumes/Data/Work/SEALTAGS/Prydz/FLUO_LIGHT/PROCESSED/NC/ct160-918BAT-18_all_prof_PROCESSED.nc,ct160-918BAT-18,63,0.0234606675803661,0.0153780008355776,0.0097926681240399,0.0054140004018942,0.0017480005820592,0.0788000002503395,49.73600006103515,AQUA,3,0.0265099267444511,0.0053840749897062,0.0130096822977066
/Volumes/Data/Work/SEALTAGS/Prydz/FLUO_LIGHT/PROCESSED/NC/ct160-918BAT-18_all_prof_PROCESSED.nc,ct160-918BAT-18,62,0.0172480006630604,0.0117016927554057,0.0070143086979022,0.0045824621159296,0.0008644624971426,0.0826083347201347,48.91749954223633,SUOMI_NPP,13,0.0416371058282212,0.0487403944134712,0.0109275327995419
/Volumes/Data/Work/SEALTAGS/Prydz/FLUO_LIGHT/PROCESSED/NC/ct160-918BAT-18_all_prof_PROCESSED.nc,ct160-918BAT-18,66,0.0152449999004602,0.0109289996325969,0.0074080005288124,0.0053420010954141,0.001307001337409,0.0937999933958053,47.44900131225586,SUOMI_NPP,2,0.0195390459201077,0.0149253485724329,0.0001475261669838
/Volumes/Data/Work/SEALTAGS/Prydz/FLUO_LIGHT/PROCESSED/NC/ct160-918BAT-18_all_prof_PROCESSED.nc,ct160-918BAT-18,66,0.0207720013956228,0.0144180009762446,0.009762001534303,0.0057560006777445,0.0012666682402292,0.079066663980484,47.47999954223633,NOAA_20,3,0.02569715188577,0.0051976628601551,0.0003875688998959
/Volumes/Data/Work/SEALTAGS/Prydz/FLUO_LIGHT/PROCESSED/NC/ct160-918BAT-18_all_prof_PROCESSED.nc,ct160-918BAT-18,66,0.0205130008980631,0.0138620007783174,0.0084269996732473,0.0041460022330284,0.0008700005710124,0.0733999982476234,47.97699737548828,AQUA,2,0.1233877850199403,0.0272479113191366,0.0004794113629031
/Volumes/Data/Work/SEALTAGS/Prydz/FLUO_LIGHT/PROCESSED/NC/ct160-918BAT-18_all_prof_PROCESSED.nc,ct160-918BAT-18,66,0.0145939998328685,0.0102859996259212,0.0073879994451999,0.0049220025539398,0.0019519999623298,0.0967999994754791,47.900001525878906,AQUA,1,0.0,0.0,0.0
/Volumes/Data/Work/SEALTAGS/Prydz/FLUO_LIGHT/PROCESSED/NC/ct160-918BAT-18_all_prof_PROCESSED.nc,ct160-918BAT-18,64,0.0227700009082372,0.0159586163667532,0.0104146164197188,0.0066898470887771,0.001561385507767,0.0812941193580627,49.23211669921875,SUOMI_NPP,13,0.0617335499949158,0.0186624247580766,0.0015637835022062
/Volumes/Data/Work/SEALTAGS/Prydz/FLUO_LIGHT/PROCESSED/NC/ct160-918BAT-18_all_prof_PROCESSED.nc,ct160-918BAT-18,64,0.0311780006935199,0.022291333725055,0.0148213344315687,0.009442001581192,0.0026386665801207,0.0795499980449676,49.11799621582031,SUOMI_NPP,3,0.0131793656925801,0.0267478600144386,0.0008699919562786
/Volumes/Data/Work/SEALTAGS/Prydz/FLUO_LIGHT/PROCESSED/NC/ct160-918BAT-18_all_prof_PROCESSED.nc,ct160-918BAT-18,64,0.0227990007648865,0.0162950009107589,0.0114943341662486,0.0069351671263575,0.0019690009454886,0.081287495791912,49.212371826171875,NOAA_20,12,0.0614470524306097,0.0270639955997467,0.00039249760448
/Volumes/Data/Work/SEALTAGS/Prydz/FLUO_LIGHT/PROCESSED/NC/ct160-918BAT-18_all_prof_PROCESSED.nc,ct160-918BAT-18,64,0.0524860024452209,0.0373400002717971,0.0256940014660358,0.0148460008203983,0.0047079995274543,0.0771999955177307,48.42399978637695,NOAA_20,1,0.0,0.0,0.0
/Volumes/Data/Work/SEALTAGS/Prydz/FLUO_LIGHT/PROCESSED/NC/ct160-918BAT-18_all_prof_PROCESSED.nc,ct160-918BAT-18,64,0.0235962506849318,0.0167830009013414,0.0112885008566081,0.0064350008033216,0.0021615005098283,0.0838545486330986,49.62545394897461,AQUA,8,0.0613831361578138,0.1452680081129074,0.004355875775218
/Volumes/Data/Work/SEALTAGS/Prydz/FLUO_LIGHT/PROCESSED/NC/ct160-918BAT-18_all_prof_PROCESSED.nc,ct160-918BAT-18,74,0.0030486666493945,0.0025028900967703,0.0018308899468845,0.0021857784854041,0.0003804452717304,0.2769999802112579,46.160831451416016,SUOMI_NPP,9,0.0941884648401597,0.5274340510368347,0.0023198053240776
/Volumes/Data/Work/SEALTAGS/Prydz/FLUO_LIGHT/PROCESSED/NC/ct160-918BAT-18_all_prof_PROCESSED.nc,ct160-918BAT-18,74,0.0035762864031961,0.002948858109968,0.002566144402538,0.002643286915762,0.0004832867000784,0.1671999990940094,46.12849807739258,NOAA_20,14,0.0649151726871129,0.1180198267102241,0.0030608663801103
/Volumes/Data/Work/SEALTAGS/Prydz/FLUO_LIGHT/PROCESSED/NC/ct160-918BAT-18_all_prof_PROCESSED.nc,ct160-918BAT-18,74,0.0043388338138659,0.0036911678810914,0.0033083340773979,0.0030236678818861,0.0006440011784434,0.1350583285093307,46.0890007019043,NOAA_20,12,0.0233154165513399,0.0928034856915474,0.0020555856171995
/Volumes/Data/Work/SEALTAGS/Prydz/FLUO_LIGHT/PROCESSED/NC/ct160-918BAT-18_all_prof_PROCESSED.nc,ct160-918BAT-18,74,0.004508800804615,0.0022190012037754,0.0020354010164737,0.0022406004369258,0.0004474010318517,0.1841199994087219,46.54920196533203,AQUA,10,0.0392278493571182,0.2092674076557159,0.0030873245559632
/Volumes/Data/Work/SEALTAGS/Prydz/FLUO_LIGHT/PROCESSED/NC/ct160-918BAT-18_all_prof_PROCESSED.nc,ct160-918BAT-18,74,0.0041455722280911,0.0027717152344329,0.0023894291371107,0.0024460003312144,0.000522429389613,0.1638842076063156,46.529258728027344,AQUA,14,0.0779472575588296,0.1842001974582672,0.0032114493660628
/Volumes/Data/Work/SEALTAGS/Prydz/FLUO_LIGHT/PROCESSED/NC/ct160-918BAT-18_all_prof_PROCESSED.nc,ct160-918BAT-18,77,0.0028216850600744,0.0026593694561406,0.0027760010408727,0.0028602116202053,0.0006910535065751,0.1675565093755722,45.606956481933594,NOAA_20,19,0.0578783603504844,0.0527631305158138,0.0012685332912951
/Volumes/Data/Work/SEALTAGS/Prydz/FLUO_LIGHT/PROCESSED/NC/ct160-918BAT-18_all_prof_PROCESSED.nc,ct160-918BAT-18,77,0.003643300756812,0.0022235009819269,0.0022757006809115,0.0023872004821896,0.0005752012133598,0.1841333359479904,46.07408142089844,AQUA,20,0.0754206427716664,0.081381008028984,0.001327529316768
/Volumes/Data/Work/SEALTAGS/Prydz/FLUO_LIGHT/PROCESSED/NC/ct160-918BAT-18_all_prof_PROCESSED.nc,ct160-918BAT-18,76,0.0022054298647812,0.0018657158528055,0.0016162869121347,0.0020300006227833,0.00050971444164,0.2535199820995331,45.58879852294922,SUOMI_NPP,7,0.1002698034015901,0.2644819319248199,0.0035747315268963
/Volumes/Data/Work/SEALTAGS/Prydz/FLUO_LIGHT/PROCESSED/NC/ct160-918BAT-18_all_prof_PROCESSED.nc,ct160-918BAT-18,76,0.0021059997379779,0.0021700002253055,0.0023740008473396,0.0022980011999607,0.0005640015006065,0.149399995803833,45.67399978637695,NOAA_20,1,0.0,0.0,0.0
/Volumes/Data/Work/SEALTAGS/Prydz/FLUO_LIGHT/PROCESSED/NC/ct160-918BAT-18_all_prof_PROCESSED.nc,ct160-918BAT-18,75,0.0025572009384632,0.002139601111412,0.0019546009600162,0.0025350008159875,0.0006654005497694,0.2557999789714813,46.18756866455078,SUOMI_NPP,10,0.0870873489333143,0.1862862110137939,0.0002215151325799
/Volumes/Data/Work/SEALTAGS/Prydz/FLUO_LIGHT/PROCESSED/NC/ct160-918BAT-18_all_prof_PROCESSED.nc,ct160-918BAT-18,75,0.0008074006065726,0.0011378007009625,0.0013215014711022,0.0023089008405804,0.0007059006020426,0.5873919725418091,46.23191833496094,SUOMI_NPP,20,0.1853556334542607,0.3325604796409607,0.0009722282993607
/Volumes/Data/Work/SEALTAGS/Prydz/FLUO_LIGHT/PROCESSED/NC/ct160-918BAT-18_all_prof_PROCESSED.nc,ct160-918BAT-18,75,0.0026896012326081,0.0022506676614284,0.0020994673172632,0.0025954673687616,0.0005754676957925,0.223390907049179,46.2603645324707,NOAA_20,15,0.0807238534679216,0.1674975156784057,0.0009274905896745
/Volumes/Data/Work/SEALTAGS/Prydz/FLUO_LIGHT/PROCESSED/NC/ct160-918BAT-18_all_prof_PROCESSED.nc,ct160-918BAT-18,75,0.0036257786883248,0.0031724450074964,0.0029037787268559,0.0031831119623449,0.0007420010450813,0.1847999989986419,46.1513557434082,NOAA_20,18,0.0241630135076915,0.0591237992048263,0.0005210059462115
/Volumes/Data/Work/SEALTAGS/Prydz/FLUO_LIGHT/PROCESSED/NC/ct160-918BAT-18_all_prof_PROCESSED.nc,ct160-918BAT-18,75,0.0036297343671321,0.0019156006475289,0.0018184006214141,0.0022601343691349,0.0005089340110619,0.2368521243333816,46.6753044128418,AQUA,15,0.0473938136738217,0.1836991161108017,0.0022446743678301
/Volumes/Data/Work/SEALTAGS/Prydz/FLUO_LIGHT/PROCESSED/NC/ct160-918BAT-18_all_prof_PROCESSED.nc,ct160-918BAT-18,75,0.0031924004356066,0.0019273343185583,0.0017497343321641,0.0023401344815889,0.0005626678466796,0.2975272834300995,46.66191101074219,AQUA,15,0.0682132593265353,0.1801279932260513,0.0018362058326601
/Volumes/Data/Work/SEALTAGS/Prydz/FLUO_LIGHT/PROCESSED/NC/ct171-338-BAT-20_all_prof_PROCESSED.nc,ct171-338-BAT-20,54,0.0038834556259892,0.0040652738376097,0.0044632740318775,0.0028874555772001,0.0004330920902165,0.087141178548336,64.9767074584961,NOAA_20,11,0.0653328664259147,0.0835151597857475,0.0011990474304184
/Volumes/Data/Work/SEALTAGS/Prydz/FLUO_LIGHT/PROCESSED/NC/ct171-338-BAT-20_all_prof_PROCESSED.nc,ct171-338-BAT-20,54,0.005043001845479,0.0046015004627406,0.0049605011008679,0.0025770016945898,0.000331500545144,0.0728166624903678,65.47450256347656,AQUA,8,0.0734517605403349,0.0985183268785476,0.0010016267187893
/Volumes/Data/Work/SEALTAGS/Prydz/FLUO_LIGHT/PROCESSED/NC/ct171-338-BAT-20_all_prof_PROCESSED.nc,ct171-338-BAT-20,59,0.0086686015129089,0.0067662011831998,0.0061182010918855,0.0041036006063222,0.0006738010793924,0.0915200039744377,64.77679443359375,NOAA_20,10,0.0118378128683107,0.0160547643899917,0.0006173723377287
/Volumes/Data/Work/SEALTAGS/Prydz/FLUO_LIGHT/PROCESSED/NC/ct171-338-BAT-20_all_prof_PROCESSED.nc,ct171-338-BAT-20,60,0.01159454645081,0.0097398188981142,0.0085321827368302,0.0035283646800301,0.0005623644048517,0.0529411770403385,64.57564544677734,NOAA_20,11,0.0111922516029571,0.0171788018196821,0.0021022020373493
/Volumes/Data/Work/SEALTAGS/Prydz/FLUO_LIGHT/PROCESSED/NC/ct171-338-BAT-20_all_prof_PROCESSED.nc,ct171-338-BAT-20,86,0.0055328895234399,0.0050155563900868,0.0048951119598415,0.002798000557555,0.0003921118461423,0.0701439976692199,62.60184097290039,SUOMI_NPP,18,0.0540314065815183,0.0780126228928566,0.0003257971839047
/Volumes/Data/Work/SEALTAGS/Prydz/FLUO_LIGHT/PROCESSED/NC/ct171-338-BAT-20_all_prof_PROCESSED.nc,ct171-338-BAT-20,86,0.0040998952953439,0.0042128431561746,0.0045498956583048,0.0024975795102746,0.0003503163002039,0.0707840025424957,62.50263595581055,NOAA_20,19,0.0725672267560433,0.1281814873218536,0.0004879583138972
/Volumes/Data/Work/SEALTAGS/Prydz/FLUO_LIGHT/PROCESSED/NC/ct171-338-BAT-20_all_prof_PROCESSED.nc,ct171-338-BAT-20,86,0.0095913348098595,0.0078206670780976,0.0066480003297328,0.0023220007618268,0.0002473344405492,0.0507600009441375,63.272804260253906,AQUA,3,0.0291145802799612,0.0897930338978767,0.0005956080858595
/Volumes/Data/Work/SEALTAGS/Prydz/FLUO_LIGHT/PROCESSED/NC/ct171-338-BAT-20_all_prof_PROCESSED.nc,ct171-338-BAT-20,86,0.0034445887979339,0.0030680011738749,0.0036665891461512,0.0018554123885491,0.0002323535873609,0.0684799998998642,63.000640869140625,AQUA,17,0.2699098398284368,0.2366180568933487,0.0004703328595496
/Volumes/Data/Work/SEALTAGS/Prydz/FLUO_LIGHT/PROCESSED/NC/ct171-338-BAT-20_all_prof_PROCESSED.nc,ct171-338-BAT-20,87,0.006102667748928,0.006637334326903,0.0071537343164285,0.0033196009695529,0.0004140006999174,0.0559157878160476,62.5681037902832,SUOMI_NPP,15,0.0452687200357095,0.0157975498586893,0.0002113959781127
/Volumes/Data/Work/SEALTAGS/Prydz/FLUO_LIGHT/PROCESSED/NC/ct171-338-BAT-20_all_prof_PROCESSED.nc,ct171-338-BAT-20,87,0.0039980001747608,0.0042586686710516,0.0053046668569246,0.0022353343665599,0.0002166678508122,0.0485199987888336,62.49720001220703,SUOMI_NPP,3,0.1033795496597654,0.0823824778199195,7.994060433702543e-05
/Volumes/Data/Work/SEALTAGS/Prydz/FLUO_LIGHT/PROCESSED/NC/ct171-338-BAT-20_all_prof_PROCESSED.nc,ct171-338-BAT-20,87,0.0067285719726766,0.0070492387527511,0.0075816196345147,0.0032076198785077,0.0003983820123331,0.054615993052721,62.6952018737793,NOAA_20,21,0.0611210627124304,0.0190679375082254,0.0002138978306902
/Volumes/Data/Work/SEALTAGS/Prydz/FLUO_LIGHT/PROCESSED/NC/ct171-338-BAT-20_all_prof_PROCESSED.nc,ct171-338-BAT-20,87,0.004296572258075,0.0056398104698885,0.0066535245804559,0.0029520960081191,0.0003760960840043,0.0576000027358531,62.500877380371094,NOAA_20,21,0.0775701860448946,0.0195187088102102,0.0009526234935037
/Volumes/Data/Work/SEALTAGS/Prydz/FLUO_LIGHT/PROCESSED/NC/ct171-338-BAT-20_all_prof_PROCESSED.nc,ct171-338-BAT-20,87,0.0078546161261888,0.0076006163771335,0.007935692771123,0.0032101542903826,0.0003821548934166,0.0560874976217746,63.32474899291992,AQUA,13,0.072354671739596,0.0226217247545719,0.001794759533368
/Volumes/Data/Work/SEALTAGS/Prydz/FLUO_LIGHT/PROCESSED/NC/ct171-338-BAT-20_all_prof_PROCESSED.nc,ct171-338-BAT-20,87,0.0035216671725114,0.0041481117821402,0.0055977786994642,0.0021573340313302,0.000244112064441,0.0529999956488609,63.0588264465332,AQUA,18,0.1367765720582476,0.0374776758253574,0.0023260647431015
/Volumes/Data/Work/SEALTAGS/Prydz/FLUO_LIGHT/PROCESSED/NC/ct171-338-BAT-20_all_prof_PROCESSED.nc,ct171-338-BAT-20,93,0.0047444015741348,0.0040160007774829,0.0041252017021179,0.0026680007576942,0.0004304014146327,0.083028569817543,62.235145568847656,SUOMI_NPP,5,0.0818134676852363,0.0281334314495325,7.052823639241979e-05
/Volumes/Data/Work/SEALTAGS/Prydz/FLUO_LIGHT/PROCESSED/NC/ct171-338-BAT-20_all_prof_PROCESSED.nc,ct171-338-BAT-20,136,0.0066872226695219,0.0060203344457679,0.0055230009473032,0.0022870008316304,0.0002960001842843,0.0528239980340004,55.35895538330078,NOAA_20,18,0.0146606971942216,0.0416039302945137,0.0002218016015831
/Volumes/Data/Work/SEALTAGS/Prydz/FLUO_LIGHT/PROCESSED/NC/ct171-338-BAT-20_all_prof_PROCESSED.nc,ct171-338-BAT-20,135,0.0043735566238562,0.0045090013494094,0.0046777787307898,0.0021458899395333,0.0003428897923893,0.0552639998495578,56.11151885986328,SUOMI_NPP,18,0.0385340231985937,0.02611137740314,0.0054366779513657
/Volumes/Data/Work/SEALTAGS/Prydz/FLUO_LIGHT/PROCESSED/NC/ct171-338-BAT-20_all_prof_PROCESSED.nc,ct171-338-BAT-20,134,0.0043652233564191,0.0045491121709346,0.0047600008547306,0.0022072233259677,0.0003665565616554,0.055952001363039,56.3602409362793,SUOMI_NPP,18,0.0287759083347765,0.0245425812900066,0.000227403405006
/Volumes/Data/Work/SEALTAGS/Prydz/FLUO_LIGHT/PROCESSED/NC/ct171-338-BAT-20_all_prof_PROCESSED.nc,ct171-338-BAT-20,161,0.0087353856517718,0.0073181548370764,0.0066938471908752,0.0025455392897129,0.0003747699352411,0.0519083328545093,52.46066665649414,AQUA,13,0.0153174075450679,0.0454933084547519,0.0002469919563736
/Volumes/Data/Work/SEALTAGS/Prydz/FLUO_LIGHT/PROCESSED/NC/ct171-338-BAT-20_all_prof_PROCESSED.nc,ct171-338-BAT-20,168,0.0057139057843458,0.0053284774933542,0.0052880958787032,0.0026417151093482,0.0003459054444517,0.0608079992234706,49.88224029541016,SUOMI_NPP,21,0.024781685643939,0.0314990580081939,0.0025528310798108
/Volumes/Data/Work/SEALTAGS/Prydz/FLUO_LIGHT/PROCESSED/NC/ct171-338-BAT-20_all_prof_PROCESSED.nc,ct171-338-BAT-20,168,0.007098800688982,0.0063920006155967,0.0061920017004013,0.0028464011847972,0.0003808014094829,0.0603999979794025,49.88825225830078,NOAA_20,5,0.0241229963358351,0.0206124167889356,0.0008770409040153
/Volumes/Data/Work/SEALTAGS/Prydz/FLUO_LIGHT/PROCESSED/NC/ct171-338-BAT-20_all_prof_PROCESSED.nc,ct171-338-BAT-20,168,0.0055517659467809,0.0050071775913238,0.0050924711805932,0.0022135306807125,0.0002890592988799,0.0607680045068264,50.39927673339844,AQUA,17,0.0217530935784741,0.0230041891336441,0.0025889868848025
/Volumes/Data/Work/SEALTAGS/Prydz/FLUO_LIGHT/PROCESSED/NC/ct171-338-BAT-20_all_prof_PROCESSED.nc,ct171-338-BAT-20,164,0.0078513342887163,0.0071410009016593,0.006689444805185,0.0026970011078649,0.000449667374293,0.0514799989759922,50.75831985473633,NOAA_20,18,0.0214971117635938,0.0231801662594079,0.0046282429248094
/Volumes/Data/Work/SEALTAGS/Prydz/FLUO_LIGHT/PROCESSED/NC/ct171-338-BAT-20_all_prof_PROCESSED.nc,ct171-338-BAT-20,169,0.0069969239143224,0.0066916933999611,0.0065129238825577,0.00265861589175,0.0003620010729019,0.0528818108141422,50.34463882446289,NOAA_20,13,0.0154255641162651,0.0307180490344762,0.0001119683074648
/Volumes/Data/Work/SEALTAGS/Prydz/FLUO_LIGHT/PROCESSED/NC/ct171-338-BAT-20_all_prof_PROCESSED.nc,ct171-338-BAT-20,169,0.006646001090606,0.005986334135135,0.0058878340447942,0.0023013340930143,0.0002898337940375,0.0534479953348636,50.7374382019043,AQUA,12,0.013121721475755,0.0205304808914661,0.000110661945655
/Volumes/Data/Work/SEALTAGS/Prydz/FLUO_LIGHT/PROCESSED/NC/ct171-338-BAT-20_all_prof_PROCESSED.nc,ct171-338-BAT-20,165,0.0077898006886243,0.0071365013718605,0.0066736003383994,0.0026870008558034,0.0004319006577134,0.0515120029449462,50.851200103759766,NOAA_20,20,0.0192525553913826,0.0206057000905275,0.0037093863356858
/Volumes/Data/Work/SEALTAGS/Prydz/FLUO_LIGHT/PROCESSED/NC/ct171-338-BAT-20_all_prof_PROCESSED.nc,ct171-338-BAT-20,172,0.0045992513187229,0.0048390002921223,0.0050637507811188,0.0022127507254481,0.000272000208497,0.0567999966442585,49.59000015258789,NOAA_20,8,0.0274536822492998,0.0330311059951782,0.0007222817512229
/Volumes/Data/Work/SEALTAGS/Prydz/FLUO_LIGHT/PROCESSED/NC/ct171-338-BAT-20_all_prof_PROCESSED.nc,ct171-338-BAT-20,172,0.0045223642479289,0.0040010918270457,0.0044241832061247,0.0018049095841971,0.0002270913259549,0.0542625002562999,49.95425033569336,AQUA,11,0.0239216945370217,0.0375814475119113,0.0008795532048679
/Volumes/Data/Work/SEALTAGS/Prydz/FLUO_LIGHT/PROCESSED/NC/ct171-338-BAT-20_all_prof_PROCESSED.nc,ct171-338-BAT-20,171,0.004646364938129,0.0048570914024656,0.0050765462219715,0.0022367279637943,0.0002734549343585,0.0572399981319904,49.59093475341797,NOAA_20,11,0.029593211882059,0.0322565771639347,0.000619716127403
/Volumes/Data/Work/SEALTAGS/Prydz/FLUO_LIGHT/PROCESSED/NC/ct171-338-BAT-20_all_prof_PROCESSED.nc,ct171-338-BAT-20,171,0.0044848344599207,0.0039748344570398,0.0043873342995842,0.0018106674154599,0.0002270002538959,0.0547444447875022,49.96299743652344,AQUA,12,0.0243668738314778,0.0433434695005416,0.0007168593583628
/Volumes/Data/Work/SEALTAGS/Prydz/FLUO_LIGHT/PROCESSED/NC/ft24-917-18_all_prof_PROCESSED.nc,ft24-917-18,6,0.0024350012342135,0.0021123339732488,0.0018963341911633,0.0015466672678788,0.0003083342065413,0.1107000038027763,65.39933013916016,SUOMI_NPP,6,0.1321309589556114,0.0796769559383392,0.000320581078995
/Volumes/Data/Work/SEALTAGS/Prydz/FLUO_LIGHT/PROCESSED/NC/ft24-917-18_all_prof_PROCESSED.nc,ft24-917-18,6,0.0025154555385762,0.0025230917063626,0.0025021826679056,0.0018840015611865,0.0004354552789167,0.1120210587978363,66.16799926757812,AQUA,11,0.0594489643949614,0.1284204721450805,0.0015911468071863
/Volumes/Data/Work/SEALTAGS/Prydz/FLUO_LIGHT/PROCESSED/NC/ft24-917-18_all_prof_PROCESSED.nc,ft24-917-18,40,0.0108860004693269,0.0090430012593666,0.0083423343797524,0.005247668052713,0.0008716682593027,0.0791555494070053,57.78644561767578,SUOMI_NPP,6,0.0122166585741366,0.0164083540439605,0.0029919876251369
/Volumes/Data/Work/SEALTAGS/Prydz/FLUO_LIGHT/PROCESSED/NC/ft24-917-18_all_prof_PROCESSED.nc,ft24-917-18,40,0.0099186677899625,0.0083493344071838,0.0079015557550721,0.0046553342706627,0.0007496672785944,0.0788399949669838,57.84880447387695,NOAA_20,18,0.0135967823961764,0.0170851871371269,0.0026428732089698
/Volumes/Data/Work/SEALTAGS/Prydz/FLUO_LIGHT/PROCESSED/NC/ft24-917-18_all_prof_PROCESSED.nc,ft24-917-18,40,0.0101167513057589,0.0082210004329681,0.0076355012133717,0.0041680005379021,0.0006377510726451,0.0773166641592979,58.30983352661133,AQUA,8,0.0188036045985854,0.017108479514718,0.0030023443978279
/Volumes/Data/Work/SEALTAGS/Prydz/FLUO_LIGHT/PROCESSED/NC/ft24-917-18_all_prof_PROCESSED.nc,ft24-917-18,55,0.0115293338894844,0.0098160008589426,0.0089560014506181,0.0038800003627936,0.0004933339854081,0.0516666658222675,54.97599792480469,SUOMI_NPP,3,0.0159396658213516,0.012773553840816,0.0002589389914646
/Volumes/Data/Work/SEALTAGS/Prydz/FLUO_LIGHT/PROCESSED/NC/ft24-917-18_all_prof_PROCESSED.nc,ft24-917-18,55,0.0117600001394748,0.0097360014915466,0.0089260004460811,0.0035560019314289,0.0004520006477832,0.0507999993860721,54.939998626708984,NOAA_20,1,0.0,0.0,0.0
/Volumes/Data/Work/SEALTAGS/Prydz/FLUO_LIGHT/PROCESSED/NC/ft24-917-18_all_prof_PROCESSED.nc,ft24-917-18,55,0.011251800507307,0.0090218007564544,0.0082766007632017,0.0030304014682769,0.0003826010972261,0.0486142821609973,55.40943145751953,AQUA,10,0.0281865184656802,0.0615428239107131,0.0012710612500086
/Volumes/Data/Work/SEALTAGS/Prydz/FLUO_LIGHT/PROCESSED/NC/ft24-917-18_all_prof_PROCESSED.nc,ft24-917-18,63,0.0134100019931793,0.0104200020432472,0.0079080015420913,0.0034280009567737,0.00059400126338,0.0517999976873397,51.599998474121094,SUOMI_NPP,1,0.0,0.0,0.0
/Volumes/Data/Work/SEALTAGS/Prydz/FLUO_LIGHT/PROCESSED/NC/ft24-917-18_all_prof_PROCESSED.nc,ft24-917-18,76,0.0069662233193715,0.0056264458431137,0.0060606677499082,0.0052728893028365,0.0009428896009922,0.1215384528040885,48.48415756225586,SUOMI_NPP,9,0.0220890655959532,0.0187888368964195,0.000223298324272
/Volumes/Data/Work/SEALTAGS/Prydz/FLUO_LIGHT/PROCESSED/NC/ft24-917-18_all_prof_PROCESSED.nc,ft24-917-18,76,0.0066013055975022,0.0054188702741394,0.0061672182510728,0.0048556528661562,0.0007828707280366,0.1148799881339073,48.526641845703125,NOAA_20,23,0.0189127662131321,0.1618545353412628,0.002118301577866
/Volumes/Data/Work/SEALTAGS/Prydz/FLUO_LIGHT/PROCESSED/NC/ft24-917-18_all_prof_PROCESSED.nc,ft24-917-18,76,0.0080526374619115,0.0067276370457627,0.0069621828469363,0.0055377281863581,0.0009718191894617,0.1158559992909431,48.485599517822266,NOAA_20,22,0.0264168531463052,0.1044689714908599,0.0020935190841555
/Volumes/Data/Work/SEALTAGS/Prydz/FLUO_LIGHT/PROCESSED/NC/ft24-917-18_all_prof_PROCESSED.nc,ft24-917-18,76,0.0063440007468064,0.0045357336600621,0.005386400471131,0.0042965345084667,0.0007034676770369,0.12114118039608,48.939998626708984,AQUA,15,0.012733067449611,0.0379860028624534,0.0014584376476705
/Volumes/Data/Work/SEALTAGS/Prydz/FLUO_LIGHT/PROCESSED/NC/ft24-917-18_all_prof_PROCESSED.nc,ft24-917-18,75,0.0075294295591967,0.0061607158609798,0.0063008578228099,0.0062355723764215,0.0012225721563611,0.1492639929056167,48.34439468383789,SUOMI_NPP,14,0.0153931559672281,0.0364685803651809,0.0003126578812953
/Volumes/Data/Work/SEALTAGS/Prydz/FLUO_LIGHT/PROCESSED/NC/ft24-917-18_all_prof_PROCESSED.nc,ft24-917-18,75,0.0068615302443504,0.005738001097651,0.0062278833459405,0.0058400006416965,0.0010752945261843,0.142207995057106,48.40919876098633,NOAA_20,17,0.0158224361959997,0.0386273488402366,0.0001473454904044
/Volumes/Data/Work/SEALTAGS/Prydz/FLUO_LIGHT/PROCESSED/NC/ft24-917-18_all_prof_PROCESSED.nc,ft24-917-18,75,0.0061480006203055,0.0045210011303424,0.0052728006616234,0.0050272008404135,0.0008819008246064,0.1501199901103973,48.8818359375,AQUA,20,0.0161385123543111,0.0911691784858703,0.0020849402062594
/Volumes/Data/Work/SEALTAGS/Prydz/FLUO_LIGHT/PROCESSED/NC/ft24-917-18_all_prof_PROCESSED.nc,ft24-917-18,77,0.0066343760117888,0.0059756259433925,0.0058428759220987,0.0027331262826919,0.0003466266207396,0.0567519962787628,48.4050407409668,SUOMI_NPP,16,0.0260835107247907,0.0446800924837589,0.0001322767348028
/Volumes/Data/Work/SEALTAGS/Prydz/FLUO_LIGHT/PROCESSED/NC/ft24-917-18_all_prof_PROCESSED.nc,ft24-917-18,77,0.0062828900085555,0.0058066675232516,0.0059020005994372,0.00247155668007,0.0003220008479224,0.0531733371317386,48.471458435058594,NOAA_20,9,0.0271202854356537,0.0717983916401863,0.0001171623080153
/Volumes/Data/Work/SEALTAGS/Prydz/FLUO_LIGHT/PROCESSED/NC/ft24-917-18_all_prof_PROCESSED.nc,ft24-917-18,77,0.0076622672379016,0.0069929343958695,0.0066614677508672,0.0029929339885711,0.0004148006439208,0.0593360029160976,48.386474609375,NOAA_20,15,0.0179353340931262,0.0436022095382213,0.0001691311335889
/Volumes/Data/Work/SEALTAGS/Prydz/FLUO_LIGHT/PROCESSED/NC/ft24-917-18_all_prof_PROCESSED.nc,ft24-917-18,77,0.0098606683313846,0.0092346680661042,0.0082993345956007,0.0045786686241626,0.0008200009663899,0.0740000009536743,48.30120086669922,NOAA_20,3,0.0216240389748136,0.0202251616865396,0.0001495074684498
/Volumes/Data/Work/SEALTAGS/Prydz/FLUO_LIGHT/PROCESSED/NC/ft24-917-18_all_prof_PROCESSED.nc,ft24-917-18,77,0.0068713693242324,0.0056808428152611,0.0056857903929133,0.0023112642137627,0.0003223166261848,0.0562639981508255,48.88679504394531,AQUA,19,0.0277220990357398,0.045485571026802,0.0001426513917976
/Volumes/Data/Work/SEALTAGS/Prydz/FLUO_LIGHT/PROCESSED/NC/ft24-917-18_all_prof_PROCESSED.nc,ft24-917-18,77,0.0080766962922137,0.0067433922187141,0.0066994789825833,0.0032807833150677,0.0005133051587187,0.0637599974870681,48.84479904174805,AQUA,23,0.0387480383965259,0.0667769536375999,0.0028550117276608
/Volumes/Data/Work/SEALTAGS/Prydz/FLUO_LIGHT/PROCESSED/NC/ft24-917-18_all_prof_PROCESSED.nc,ft24-917-18,104,0.0208473342160383,0.0149133342007795,0.0086480006575584,0.0064460014303525,0.0012046682337919,0.1025428548455238,37.38314056396485,SUOMI_NPP,3,0.0596070669038565,0.0735464915633201,0.0021533197723329
/Volumes/Data/Work/SEALTAGS/Prydz/FLUO_LIGHT/PROCESSED/NC/ft24-917-18_all_prof_PROCESSED.nc,ft24-917-18,111,0.0083977505564689,0.0069177509285509,0.0055120009928941,0.0025290013290941,0.000405000988394,0.0616400018334388,34.955596923828125,SUOMI_NPP,8,0.0715482855415521,0.2338388562202453,0.002099101897329
/Volumes/Data/Work/SEALTAGS/Prydz/FLUO_LIGHT/PROCESSED/NC/ft24-917-18_all_prof_PROCESSED.nc,ft24-917-18,111,0.0076094008982181,0.006639801338315,0.0054150003939867,0.002445600926876,0.0003186009824275,0.0597999952733516,34.81907653808594,SUOMI_NPP,10,0.0251275819678688,0.2466279715299606,0.0018337353831157
/Volumes/Data/Work/SEALTAGS/Prydz/FLUO_LIGHT/PROCESSED/NC/ft24-917-18_all_prof_PROCESSED.nc,ft24-917-18,111,0.0252862229115433,0.0225393339577648,0.0150033347308635,0.0079868891172938,0.0024902232819133,0.0596500039100647,33.04899597167969,SUOMI_NPP,9,0.0827145208116921,0.5156955718994141,0.0034180989023298
/Volumes/Data/Work/SEALTAGS/Prydz/FLUO_LIGHT/PROCESSED/NC/ft24-917-18_all_prof_PROCESSED.nc,ft24-917-18,111,0.0067311440195356,0.0053908574794019,0.0047360009380749,0.0025365719837801,0.0004671434206621,0.0709799975156784,34.85820388793945,NOAA_20,7,0.2027131921640524,0.2584041655063629,0.0025921347551047
/Volumes/Data/Work/SEALTAGS/Prydz/FLUO_LIGHT/PROCESSED/NC/ft24-917-18_all_prof_PROCESSED.nc,ft24-917-18,111,0.0096312311406318,0.0080492307360355,0.0065669242579203,0.0028747704166632,0.0004421549920852,0.0597857162356376,34.81357192993164,NOAA_20,13,0.0311286425727893,0.1881593912839889,0.0017955655930563
/Volumes/Data/Work/SEALTAGS/Prydz/FLUO_LIGHT/PROCESSED/NC/ft24-917-18_all_prof_PROCESSED.nc,ft24-917-18,111,0.0177122868065323,0.0126411441181387,0.0087734295853546,0.0055611436920506,0.001094858029059,0.0860600024461746,34.69880294799805,NOAA_20,7,0.0577694251154971,0.0801483169198036,0.000193238898646
/Volumes/Data/Work/SEALTAGS/Prydz/FLUO_LIGHT/PROCESSED/NC/ft24-917-18_all_prof_PROCESSED.nc,ft24-917-18,111,0.0076540009333537,0.0048489238207156,0.0045120008289813,0.0015881548707301,0.000235385619677,0.0510666705667972,35.33133316040039,AQUA,13,0.1175204738845162,0.2621531784534454,0.0015517183346673
/Volumes/Data/Work/SEALTAGS/Prydz/FLUO_LIGHT/PROCESSED/NC/ft24-917-18_all_prof_PROCESSED.nc,ft24-917-18,111,0.0167458189482038,0.0118561823937025,0.0083261829885569,0.0045009099624373,0.0009441829540512,0.0612266659736633,35.26319885253906,AQUA,11,0.0591822466346289,0.0768379569053649,0.0019077851902693
/Volumes/Data/Work/SEALTAGS/Prydz/FLUO_LIGHT/PROCESSED/NC/ft24-918-18_lr1_prof_PROCESSED.nc,ft24-918-18,5,0.0050434289234025,0.005170573081289,0.0049465724400111,0.0028500008795942,0.0004177152046135,0.0776999965310096,67.53699493408203,NOAA_20,7,0.0375471769418237,0.053167350590229,0.0015552642289549
/Volumes/Data/Work/SEALTAGS/Prydz/FLUO_LIGHT/PROCESSED/NC/ft24-918-18_lr1_prof_PROCESSED.nc,ft24-918-18,6,0.008007467786471,0.0073866677780946,0.0064809342225392,0.0025082672635714,0.0002802677452564,0.045399997383356,67.2760009765625,SUOMI_NPP,15,0.0231616450991164,0.0483992174267768,0.0009759098757058
/Volumes/Data/Work/SEALTAGS/Prydz/FLUO_LIGHT/PROCESSED/NC/ft24-918-18_lr1_prof_PROCESSED.nc,ft24-918-18,18,0.0174909101968461,0.0151829099790616,0.0131649100645021,0.0055965462868863,0.0005618194964799,0.0505428574979305,66.96700286865234,SUOMI_NPP,11,0.0385198266026488,0.022405793890357,0.0064254994504153
/Volumes/Data/Work/SEALTAGS/Prydz/FLUO_LIGHT/PROCESSED/NC/ft24-918-18_lr1_prof_PROCESSED.nc,ft24-918-18,21,0.0096700005233287,0.0092040002346038,0.009120000526309,0.0034090001136064,0.0005580000579357,0.0469999983906745,66.71700286865234,NOAA_20,2,0.0203439898867548,0.0085106240585446,1.4980449122958817e-05
/Volumes/Data/Work/SEALTAGS/Prydz/FLUO_LIGHT/PROCESSED/NC/ft24-918-18_lr1_prof_PROCESSED.nc,ft24-918-18,21,0.0135882864040987,0.0114691433097634,0.0098525727433817,0.0034974291920661,0.0003928584711892,0.0483999997377395,67.51978302001953,AQUA,7,0.0125624420425961,0.0103075988590717,0.0031103969085961
/Volumes/Data/Work/SEALTAGS/Prydz/FLUO_LIGHT/PROCESSED/NC/ft24-918-18_lr1_prof_PROCESSED.nc,ft24-918-18,23,0.0100842006504535,0.0094912007451057,0.0082934007048606,0.00287920050323,0.0002930011600255,0.0394666641950607,67.01559448242188,SUOMI_NPP,10,0.0214733907418124,0.053363412618637,0.005694868043065
/Volumes/Data/Work/SEALTAGS/Prydz/FLUO_LIGHT/PROCESSED/NC/ft24-918-18_lr1_prof_PROCESSED.nc,ft24-918-18,23,0.0113274549896066,0.0095550915734334,0.0083149095827882,0.0024580003863031,0.0002849102020263,0.0406400002539157,67.5899887084961,AQUA,11,0.0189150905553974,0.0412212386727333,0.0052006286568939
/Volumes/Data/Work/SEALTAGS/Prydz/FLUO_LIGHT/PROCESSED/NC/ft24-918-18_lr1_prof_PROCESSED.nc,ft24-918-18,62,0.0076460000127553,0.0074980007484555,0.0065460000187158,0.0020505003631114,0.0001505007967352,0.0355999991297721,59.54279708862305,SUOMI_NPP,4,0.0290999214838508,0.05136688798666,6.228950951481238e-05
/Volumes/Data/Work/SEALTAGS/Prydz/FLUO_LIGHT/PROCESSED/NC/ft24-918-18_lr1_prof_PROCESSED.nc,ft24-918-18,62,0.0096070021390914,0.0084910001605749,0.007268002256751,0.0019960012286901,0.0001999996602535,0.0342999994754791,60.05400085449219,AQUA,2,0.0233540076413625,0.0728863403201103,0.0001332355459453
/Volumes/Data/Work/SEALTAGS/Prydz/FLUO_LIGHT/PROCESSED/NC/ft24-918-18_lr1_prof_PROCESSED.nc,ft24-918-18,76,0.0104089098220521,0.0094490918246182,0.0083454552699219,0.002854182977568,0.0003827281973578,0.0421571396291255,56.209285736083984,NOAA_20,11,0.017215411581522,0.0135589409619569,6.936516001587734e-05
/Volumes/Data/Work/SEALTAGS/Prydz/FLUO_LIGHT/PROCESSED/NC/ft24-918-18_lr1_prof_PROCESSED.nc,ft24-918-18,76,0.0120675014331936,0.0100145004689693,0.009023000486195,0.0028030006214976,0.00038150139153,0.0419199988245964,56.63199996948242,AQUA,4,0.0069194577467872,0.0264090783894062,0.0004450334527064
/Volumes/Data/Work/SEALTAGS/Prydz/FLUO_LIGHT/PROCESSED/NC/ft24-918-18_lr1_prof_PROCESSED.nc,ft24-918-18,84,0.0139920003712177,0.0119310021400451,0.0098460018634796,0.0029090009629726,0.0003549996763467,0.0395999997854232,54.990997314453125,AQUA,2,0.0173521750228341,0.0050504966638982,5.455911377794109e-05
/Volumes/Data/Work/SEALTAGS/Prydz/FLUO_LIGHT/PROCESSED/NC/ft24-918-18_lr1_prof_PROCESSED.nc,ft24-918-18,95,0.0119360010657045,0.0110945567074749,0.0098284451911846,0.0032690012206633,0.0004142230997482,0.0404560007154941,52.60991668701172,NOAA_20,18,0.0139908448721956,0.0234192982316017,0.0001301358861383
/Volumes/Data/Work/SEALTAGS/Prydz/FLUO_LIGHT/PROCESSED/NC/ft24-918-18_lr1_prof_PROCESSED.nc,ft24-918-18,95,0.0128070775132912,0.0114800018759874,0.0100178469259005,0.0029396933431808,0.0003824623731466,0.0385217368602752,53.15800094604492,AQUA,13,0.0075860537626923,0.0277588106691837,0.0009947465732693
/Volumes/Data/Work/SEALTAGS/Prydz/FLUO_LIGHT/PROCESSED/NC/ft24-918-18_lr1_prof_PROCESSED.nc,ft24-918-18,108,0.0137613341212272,0.0119993338982264,0.0096353342135747,0.0033140008648236,0.0004740009705225,0.0418666638433933,50.302001953125,NOAA_20,3,0.0178846558401791,0.032711211591959,0.0001988012809306
/Volumes/Data/Work/SEALTAGS/Prydz/FLUO_LIGHT/PROCESSED/NC/ft24-918-18_lr1_prof_PROCESSED.nc,ft24-918-18,108,0.0099383755587041,0.009194626007229,0.0081058752257376,0.0026660007424652,0.0003108757082372,0.0399280041456222,50.168399810791016,NOAA_20,16,0.0113034653315824,0.0152510991320014,0.0001691359939286
/Volumes/Data/Work/SEALTAGS/Prydz/FLUO_LIGHT/PROCESSED/NC/ft24-918-18_lr1_prof_PROCESSED.nc,ft24-918-18,108,0.0106792312401991,0.0091015392771134,0.0080300010740756,0.0023453851731923,0.00025492390761,0.0381439998745918,50.67560195922851,AQUA,13,0.0145023704940717,0.0162132065743207,0.0007053022272884
/Volumes/Data/Work/SEALTAGS/Prydz/FLUO_LIGHT/PROCESSED/NC/ft24-918-18_lr1_prof_PROCESSED.nc,ft24-918-18,108,0.0101000005379319,0.0089886258356273,0.0079516260884702,0.002475625835359,0.0003120007459074,0.0396720021963119,50.60063934326172,AQUA,16,0.0178545955206964,0.0160615500062704,0.0008694572024978
/Volumes/Data/Work/SEALTAGS/Prydz/FLUO_LIGHT/PROCESSED/NC/ft24-918-18_lr1_prof_PROCESSED.nc,ft24-918-18,107,0.0097251116401619,0.0088376673973268,0.0078331120312213,0.0026245566291941,0.0003146674070093,0.0410559996962547,50.234161376953125,NOAA_20,18,0.0102205897968876,0.0170718654990196,0.0001506308617535
/Volumes/Data/Work/SEALTAGS/Prydz/FLUO_LIGHT/PROCESSED/NC/ft24-918-18_lr1_prof_PROCESSED.nc,ft24-918-18,107,0.0105265006422996,0.0089382510632276,0.0079195008147507,0.0023427512496709,0.0002576259430497,0.0390559956431388,50.75927734375,AQUA,16,0.0126497232378166,0.0122490273788571,0.0012132060946896
/Volumes/Data/Work/SEALTAGS/Prydz/FLUO_LIGHT/PROCESSED/NC/ft24-918-18_lr1_prof_PROCESSED.nc,ft24-918-18,107,0.0099821341534455,0.0088172008593877,0.0078081337114175,0.0024556008478005,0.0003129348158836,0.0409840010106563,50.695919036865234,AQUA,15,0.0112311819626473,0.0158531758934259,0.0011397671187296
/Volumes/Data/Work/SEALTAGS/Prydz/FLUO_LIGHT/PROCESSED/NC/ft24-918-18_lr1_prof_PROCESSED.nc,ft24-918-18,101,0.0141262509860098,0.0129600008949637,0.0108865005895495,0.0035691261291503,0.0005387512501329,0.0399619042873382,51.77019500732422,NOAA_20,16,0.0150845677936178,0.0287551283836364,0.0016318548005074
/Volumes/Data/Work/SEALTAGS/Prydz/FLUO_LIGHT/PROCESSED/NC/ft24-918-18_lr1_prof_PROCESSED.nc,ft24-918-18,105,0.0101173339145524,0.0091568577502455,0.0079250484704971,0.0029553341723623,0.0003245726582549,0.0431359969079494,51.101444244384766,SUOMI_NPP,21,0.0174323150751572,0.0183464884757995,0.0010980706429108
/Volumes/Data/Work/SEALTAGS/Prydz/FLUO_LIGHT/PROCESSED/NC/ft24-918-18_lr1_prof_PROCESSED.nc,ft24-918-18,105,0.009478667543994,0.0088695565031634,0.0078966677602794,0.0027742230643828,0.0003822234769662,0.0437039993703365,51.03327941894531,NOAA_20,18,0.014290639976668,0.0184925459325313,0.0013153793988749
/Volumes/Data/Work/SEALTAGS/Prydz/FLUO_LIGHT/PROCESSED/NC/ft24-918-18_lr1_prof_PROCESSED.nc,ft24-918-18,105,0.0091003541122464,0.0081504717030945,0.007244001416599,0.0022354130359256,0.0003063540686579,0.0416559986770153,51.44007873535156,AQUA,17,0.0139205353859349,0.0158088076859712,0.0010621887631714
/Volumes/Data/Work/SEALTAGS/Prydz/FLUO_LIGHT/PROCESSED/NC/ft24-918-18_lr1_prof_PROCESSED.nc,ft24-918-18,112,0.0235850915990092,0.0187001827765594,0.0141241828149015,0.0054278194227001,0.0006672736595977,0.0446749962866306,49.125999450683594,SUOMI_NPP,11,0.0224132685962562,0.026289140805602,0.0035807029344141
/Volumes/Data/Work/SEALTAGS/Prydz/FLUO_LIGHT/PROCESSED/NC/ft24-918-18_lr1_prof_PROCESSED.nc,ft24-918-18,112,0.0118310008198022,0.0106366015970706,0.0089910004287958,0.0031862009316682,0.0003874007612466,0.040213331580162,49.46533203125,SUOMI_NPP,10,0.0100478659592599,0.0255197435617446,0.000300625746604
/Volumes/Data/Work/SEALTAGS/Prydz/FLUO_LIGHT/PROCESSED/NC/ft24-918-18_lr1_prof_PROCESSED.nc,ft24-918-18,111,0.0121250010561198,0.0107435011304914,0.0091876257210969,0.0031533758156001,0.0004541259258985,0.042216669768095,49.23066329956055,NOAA_20,16,0.0094998526220879,0.0213587656617164,0.0012932451209053
/Volumes/Data/Work/SEALTAGS/Prydz/FLUO_LIGHT/PROCESSED/NC/ft24-918-18_lr1_prof_PROCESSED.nc,ft24-918-18,117,0.0107972010970115,0.0099826008081436,0.0084292009472846,0.0028932005167007,0.0003528010100126,0.0384400002658367,47.65693283081055,SUOMI_NPP,10,0.0122470663912321,0.0351957120001316,0.0011393249733373
/Volumes/Data/Work/SEALTAGS/Prydz/FLUO_LIGHT/PROCESSED/NC/ft24-918-18_lr1_prof_PROCESSED.nc,ft24-918-18,117,0.0093680010842425,0.009332286460059,0.0080435725727251,0.0027132861848388,0.0003481438117367,0.0386400036513805,47.672000885009766,SUOMI_NPP,14,0.0286319332408439,0.0601602829992771,0.0033216888550668
/Volumes/Data/Work/SEALTAGS/Prydz/FLUO_LIGHT/PROCESSED/NC/ft24-918-18_lr1_prof_PROCESSED.nc,ft24-918-18,117,0.0101500004529953,0.0094738832729704,0.0081275304888977,0.0025158835684551,0.0003351777353707,0.0369120016694068,47.55247497558594,NOAA_20,17,0.0107887683772052,0.0281367413699626,0.0014079792890697
/Volumes/Data/Work/SEALTAGS/Prydz/FLUO_LIGHT/PROCESSED/NC/ft24-918-18_lr1_prof_PROCESSED.nc,ft24-918-18,128,0.0099353343248367,0.0095799999932448,0.0080986668666203,0.0030120015144348,0.0004660015304883,0.0423999987542629,44.16250228881836,SUOMI_NPP,3,0.0080235815945251,0.027301512658596,1.963670911209192e-05
/Volumes/Data/Work/SEALTAGS/Prydz/FLUO_LIGHT/PROCESSED/NC/ft24-918-18_lr1_prof_PROCESSED.nc,ft24-918-18,136,0.0087121118687921,0.0083423341727919,0.0076677786807219,0.0028476679904593,0.0005897790607478,0.0469360016286373,42.09064102172851,NOAA_20,18,0.0117692276303247,0.0422469489276409,0.0002462478878442
/Volumes/Data/Work/SEALTAGS/Prydz/FLUO_LIGHT/PROCESSED/NC/ft24-918-18_lr1_prof_PROCESSED.nc,ft24-918-18,140,0.0079252730039033,0.0073863647200844,0.0065063644539226,0.0026669099249623,0.000390182503245,0.0485999956727027,41.03693771362305,SUOMI_NPP,11,0.0194297674518961,0.0259118918329477,0.0010322572197765
/Volumes/Data/Work/SEALTAGS/Prydz/FLUO_LIGHT/PROCESSED/NC/ft24-918-18_lr1_prof_PROCESSED.nc,ft24-918-18,148,0.0108745004981756,0.0089505016803741,0.0069525009021162,0.00265350099653,0.0003500003367662,0.0485333316028118,39.482330322265625,NOAA_20,4,0.0164570149240151,0.0294930096715688,0.0001639192632865
/Volumes/Data/Work/SEALTAGS/Prydz/FLUO_LIGHT/PROCESSED/NC/ft24-918-18_lr1_prof_PROCESSED.nc,ft24-918-18,150,0.013391999527812,0.0107209999114274,0.0083280000835657,0.0033589992672204,0.00059400126338,0.0516000017523765,38.40699768066406,NOAA_20,2,0.0057150732785624,0.0155038852244615,0.0005988678894937
/Volumes/Data/Work/SEALTAGS/Prydz/FLUO_LIGHT/PROCESSED/NC/ft24-918-18_lr1_prof_PROCESSED.nc,ft24-918-18,159,0.014750889605946,0.0117302234801981,0.0087148894866307,0.0035180006590154,0.0004108891718917,0.0476833321154117,36.63783264160156,SUOMI_NPP,9,0.0106973012763294,0.0309860240668058,0.0024575185962021
/Volumes/Data/Work/SEALTAGS/Prydz/FLUO_LIGHT/PROCESSED/NC/ft24-918-18_lr1_prof_PROCESSED.nc,ft24-918-18,163,0.0052974559366703,0.005115637386387,0.0046930915930054,0.0019623640586029,0.0001443644816225,0.0496533326804637,34.994529724121094,SUOMI_NPP,11,0.0853616768769685,0.0676158666610717,0.0011696816654875
/Volumes/Data/Work/SEALTAGS/Prydz/FLUO_LIGHT/PROCESSED/NC/ft24-918-18_lr1_prof_PROCESSED.nc,ft24-918-18,163,0.0063192949575536,0.0059881181839634,0.0053864710909478,0.002225883085938,0.0002362362163908,0.0485519990324974,34.9250373840332,SUOMI_NPP,17,0.0301089805806837,0.0414603315293788,0.001727636787109
/Volumes/Data/Work/SEALTAGS/Prydz/FLUO_LIGHT/PROCESSED/NC/ft24-918-18_lr1_prof_PROCESSED.nc,ft24-918-18,163,0.0065233341107765,0.0060635562986135,0.0055254449446996,0.0020562232368522,0.0002743343098296,0.0465919971466064,34.971839904785156,NOAA_20,18,0.0239069974669198,0.0286924391984939,0.002537426771596
/Volumes/Data/Work/SEALTAGS/Prydz/FLUO_LIGHT/PROCESSED/NC/ft24-918-18_lr1_prof_PROCESSED.nc,ft24-918-18,163,0.0069538466632366,0.0060776930588942,0.0054803083722408,0.0019976938000092,0.0002990777675922,0.049271997064352,35.31855773925781,AQUA,13,0.0150195864529874,0.0202753525227308,0.0033234271686524
/Volumes/Data/Work/SEALTAGS/Prydz/FLUO_LIGHT/PROCESSED/NC/ft24-918-18_lr1_prof_PROCESSED.nc,ft24-918-18,187,0.0059339011088013,0.0058480011299252,0.0040659008547663,0.00279400087893,0.0006250007078051,0.0888239964842796,16.028236389160156,SUOMI_NPP,20,0.0935476016792684,0.0750100165605545,0.0007439399487338
/Volumes/Data/Work/SEALTAGS/Prydz/FLUO_LIGHT/PROCESSED/NC/ft24-918-18_lr1_prof_PROCESSED.nc,ft24-918-18,187,0.0051695717764752,0.0044217152254922,0.0031751434185675,0.002232000497835,0.0004857147910765,0.0828079953789711,16.2973575592041,AQUA,14,0.0839030612913599,0.1459683328866958,0.0007025878294371
/Volumes/Data/Work/SEALTAGS/Prydz/FLUO_LIGHT/PROCESSED/NC/ft24-918-18_lr1_prof_PROCESSED.nc,ft24-918-18,203,0.011069889490803,0.0087925559944576,0.0065103340893983,0.0026781120234065,0.0005526673048734,0.0530960001051425,14.793038368225098,NOAA_20,18,0.0246454760424693,0.0280692353844642,0.0028315510135143
/Volumes/Data/Work/SEALTAGS/Prydz/FLUO_LIGHT/PROCESSED/NC/ft24-918-18_lr1_prof_PROCESSED.nc,ft24-918-18,199,0.0097470004111528,0.0074570005138715,0.0044443334142367,0.0019120015203952,0.0002956675986448,0.0505499988794326,15.391998291015623,SUOMI_NPP,6,0.1051794656848946,0.0602226890623569,0.0004773867840413
/Volumes/Data/Work/SEALTAGS/Prydz/FLUO_LIGHT/PROCESSED/NC/ft24-918-18_lr1_prof_PROCESSED.nc,ft24-918-18,223,0.0090459994971752,0.0088680014014244,0.0059760026633739,0.0026019997894763,0.0001400001347064,0.0519999973475933,11.953998565673828,SUOMI_NPP,1,0.0,0.0,0.0
/Volumes/Data/Work/SEALTAGS/Prydz/FLUO_LIGHT/PROCESSED/NC/ft24-918-18_lr1_prof_PROCESSED.nc,ft24-918-18,238,0.0074768579964126,0.0067891438624688,0.005249858168619,0.0014925721500601,0.0004078580864838,0.0311919972300529,11.098555564880373,NOAA_20,14,0.02306383831757,0.1263971477746963,0.0011218929430469
/Volumes/Data/Work/SEALTAGS/Prydz/FLUO_LIGHT/PROCESSED/NC/ft24-918-18_lr1_prof_PROCESSED.nc,ft24-918-18,238,0.0076897654901532,0.0032725892961025,0.0020474125357235,0.0011636481127318,0.0001971772050156,0.0703199952840805,11.353597640991213,AQUA,17,0.0385527810436105,0.0761762857437133,0.0015202697832137
/Volumes/Data/Work/SEALTAGS/Prydz/FLUO_LIGHT/PROCESSED/NC/ft24-918-18_lr1_prof_PROCESSED.nc,ft24-918-18,260,0.00994400131075,0.0085338956039202,0.0051396849908326,0.0026512638126548,0.0004837903145112,0.0623199976980686,12.110556602478027,SUOMI_NPP,19,0.0392797729010404,0.064600721001625,0.0007393094128929
/Volumes/Data/Work/SEALTAGS/Prydz/FLUO_LIGHT/PROCESSED/NC/ft24-918-18_lr1_prof_PROCESSED.nc,ft24-918-18,261,0.0096170010252131,0.0082991121129857,0.0049905567947361,0.0025470006383127,0.000430445290274,0.061951994895935,12.10911750793457,SUOMI_NPP,18,0.0721521093359202,0.0460848398506641,0.0007298366981558
/Volumes/Data/Work/SEALTAGS/Prydz/FLUO_LIGHT/PROCESSED/NC/ft24-918-18_lr1_prof_PROCESSED.nc,ft24-918-18,267,0.0062220003455877,0.0068340003490448,0.0057510007172822,0.0025990009307861,3.5000964999198914e-05,0.0472999997437,11.941997528076172,SUOMI_NPP,2,0.1003214253388102,0.1715602576732635,0.0024868620093911
/Volumes/Data/Work/SEALTAGS/Prydz/FLUO_LIGHT/PROCESSED/NC/ft24-918-18_lr1_prof_PROCESSED.nc,ft24-918-18,267,0.0083356011658906,0.0074694015085697,0.0058446008712053,0.0021358009427785,0.0003874003887176,0.0451375022530555,12.08187198638916,NOAA_20,10,0.0344876997919437,0.0865830853581428,0.0025701445993036
/Volumes/Data/Work/SEALTAGS/Prydz/FLUO_LIGHT/PROCESSED/NC/ft24-918-18_lr1_prof_PROCESSED.nc,ft24-918-18,267,0.0094805724386658,0.0061340007398809,0.0041620012904916,0.0015214293130806,0.0003161438341651,0.0420960001647472,12.232397079467772,AQUA,14,0.0292583520879266,0.060844849795103,0.0028738740365952
/Volumes/Data/Work/SEALTAGS/Prydz/FLUO_LIGHT/PROCESSED/NC/ft24-918-18_lr1_prof_PROCESSED.nc,ft24-918-18,270,0.0102722509764134,0.0077252499759197,0.0046792514622211,0.0021682512015104,0.0002637514844536,0.0572461523115634,12.271228790283203,SUOMI_NPP,8,0.0954169175896973,0.1215755417943,0.0041795298457145
/Volumes/Data/Work/SEALTAGS/Prydz/FLUO_LIGHT/PROCESSED/NC/ft24-918-18_lr1_prof_PROCESSED.nc,ft24-918-18,270,0.0137100008626778,0.0088810008019208,0.0061793345957994,0.0019760001450777,0.0002016673485438,0.0384249985218048,12.5469970703125,AQUA,6,0.0546678552569521,0.1078829914331436,0.000522650196217
/Volumes/Data/Work/SEALTAGS/Prydz/FLUO_LIGHT/PROCESSED/NC/ft24-918-18_lr1_prof_PROCESSED.nc,ft24-918-18,266,0.0053979996591806,0.0055560003966093,0.0039870012551546,0.001749999821186,-0.0001129992306232,0.0551500022411346,11.972497940063477,SUOMI_NPP,2,0.0899252101143339,0.1692901700735092,0.0002170377847505
/Volumes/Data/Work/SEALTAGS/Prydz/FLUO_LIGHT/PROCESSED/NC/ft24-918-18_lr1_prof_PROCESSED.nc,ft24-918-18,266,0.0080218575894832,0.007105000849281,0.0054771439837557,0.0019371440368039,0.0003408582082816,0.0443999953567981,12.046914100646973,NOAA_20,14,0.0351481199301811,0.0738106817007064,0.0025517384056001
/Volumes/Data/Work/SEALTAGS/Prydz/FLUO_LIGHT/PROCESSED/NC/ft24-918-18_lr1_prof_PROCESSED.nc,ft24-918-18,266,0.0094944716376416,0.0060208244797061,0.0041602361289893,0.0015217659666257,0.0003029419218792,0.0449680052697658,12.21639919281006,AQUA,17,0.0440948632123269,0.0566322766244411,0.0022022768389433
/Volumes/Data/Work/SEALTAGS/Prydz/FLUO_LIGHT/PROCESSED/NC/ft24-918-18_lr1_prof_PROCESSED.nc,ft24-918-18,271,0.0098442010581493,0.0079288009554147,0.0053036004304885,0.0023368012160062,0.000348201021552,0.0514999963343143,12.282330513000488,SUOMI_NPP,10,0.0723599947135215,0.077483594417572,0.0001860457996372
/Volumes/Data/Work/SEALTAGS/Prydz/FLUO_LIGHT/PROCESSED/NC/ft24-918-18_lr1_prof_PROCESSED.nc,ft24-918-18,271,0.0122675008606165,0.0070543754845857,0.0049142509233206,0.0015850013587623,0.0001838756725192,0.0365759991109371,12.500636100769045,AQUA,16,0.0282360611594118,0.0837927609682083,0.001726530957967
/Volumes/Data/Work/SEALTAGS/Prydz/FLUO_LIGHT/PROCESSED/NC/ft24-918-18_lr1_prof_PROCESSED.nc,ft24-918-18,284,0.0123480008915066,0.0088835004717111,0.0055165002122521,0.0023640012368559,0.0003504995256662,0.057228572666645,12.897139549255373,NOAA_20,4,0.0330719072400319,0.0608308315277099,0.0014940490946173
/Volumes/Data/Work/SEALTAGS/Prydz/FLUO_LIGHT/PROCESSED/NC/ft24-918-18_lr1_prof_PROCESSED.nc,ft24-918-18,285,0.0154191436512129,0.0112851432391575,0.0075462854334286,0.0029785728880337,0.0004542863794735,0.0516399964690208,12.795196533203123,NOAA_20,7,0.0541031285100601,0.0577786453068256,0.0048441402614116
/Volumes/Data/Work/SEALTAGS/Prydz/FLUO_LIGHT/PROCESSED/NC/ft24-918-18_lr1_prof_PROCESSED.nc,ft24-918-18,298,0.0087132006883621,0.0083612009882926,0.0060200005769729,0.0031628005206584,0.0006460011005401,0.0652222260832786,13.197108268737791,SUOMI_NPP,5,0.0307855526125921,0.034190583974123,0.0012781794648617
/Volumes/Data/Work/SEALTAGS/Prydz/FLUO_LIGHT/PROCESSED/NC/ft24-918-18_lr1_prof_PROCESSED.nc,ft24-918-18,312,0.0130232013761997,0.0101524010300636,0.0070500008761882,0.003303600847721,0.0007904015481472,0.0599666647613048,15.189997673034668,NOAA_20,5,0.132088313862623,0.0577483922243118,0.0016071749851107
/Volumes/Data/Work/SEALTAGS/Prydz/FLUO_LIGHT/PROCESSED/NC/ft24-918-18_lr1_prof_PROCESSED.nc,ft24-918-18,321,0.0047372640355637,0.0046653694620257,0.003926632827834,0.0018626329930205,0.0003293695810594,0.0578240007162094,16.211036682128906,SUOMI_NPP,19,0.0279600782983223,0.0434245467185974,0.0019563685636967
/Volumes/Data/Work/SEALTAGS/Prydz/FLUO_LIGHT/PROCESSED/NC/ft24-918-18_lr1_prof_PROCESSED.nc,ft24-918-18,321,0.0038028346995512,0.0044071674346923,0.0037525010605653,0.0019161673262715,0.0003215006242195,0.0675679966807365,16.203996658325195,NOAA_20,12,0.0302790143471599,0.0443616509437561,0.0018436337122693
/Volumes/Data/Work/SEALTAGS/Prydz/FLUO_LIGHT/PROCESSED/NC/ft24-918-18_lr1_prof_PROCESSED.nc,ft24-918-18,321,0.0036325007677078,0.0012890016660094,0.0020860005170106,0.0006085019558668,0.0001760004088282,0.0471799969673156,16.496997833251953,AQUA,4,0.0483632742620197,0.0412064306437969,0.0020055200438946
/Volumes/Data/Work/SEALTAGS/Prydz/FLUO_LIGHT/PROCESSED/NC/ft24-918-18_lr1_prof_PROCESSED.nc,ft24-918-18,321,0.0024937503039836,0.0027287504635751,0.0023507517762482,0.0023400010541081,0.0002467506565153,0.0747799947857856,16.396198272705078,AQUA,8,0.1725908234793082,0.158282533288002,0.0030976475682109
/Volumes/Data/Work/SEALTAGS/Prydz/FLUO_LIGHT/PROCESSED/NC/ft24-918-18_lr1_prof_PROCESSED.nc,ft24-918-18,322,0.0048845565567413,0.0048203346216016,0.0039347786870267,0.0018552227152718,0.0003185566100809,0.0563439987599849,16.205997467041016,SUOMI_NPP,18,0.0349264345191441,0.0472568869590759,0.0037474583368748
/Volumes/Data/Work/SEALTAGS/Prydz/FLUO_LIGHT/PROCESSED/NC/ft24-918-18_lr1_prof_PROCESSED.nc,ft24-918-18,322,0.0039088341097037,0.0044253344337145,0.0036988345285256,0.0018890003363291,0.000300667869548,0.0674399957060813,16.21607780456543,NOAA_20,12,0.0302583952884323,0.0566732175648212,0.0039237271994352
/Volumes/Data/Work/SEALTAGS/Prydz/FLUO_LIGHT/PROCESSED/NC/ft24-918-18_lr1_prof_PROCESSED.nc,ft24-918-18,322,0.0054200006028016,0.0018917781611283,0.0022282236152225,0.0007464451094468,0.0001286678016185,0.0449529439210891,16.524232864379883,AQUA,9,0.0400337540064931,0.0611464865505695,0.0033013520296663
/Volumes/Data/Work/SEALTAGS/Prydz/FLUO_LIGHT/PROCESSED/NC/ft24-918-18_lr1_prof_PROCESSED.nc,ft24-918-18,322,0.002029200643301,0.0021440014243125,0.002105601131916,0.0020436003804206,0.0001024007797241,0.062066663056612,16.45899772644043,AQUA,5,0.096895243665255,0.1171867549419403,0.0039784028194844
/Volumes/Data/Work/SEALTAGS/Prydz/FLUO_LIGHT/PROCESSED/NC/ft24-918-18_lr1_prof_PROCESSED.nc,ft24-918-18,343,0.004474668453137,0.0036373337109883,0.0029660003880659,0.0011006668210029,0.0002420010666052,0.0422666668891906,18.87799835205078,AQUA,3,0.0694180281718058,0.1045540422201156,0.0005190595984458
/Volumes/Data/Work/SEALTAGS/Prydz/FLUO_LIGHT/PROCESSED/NC/ft24-918-18_lr1_prof_PROCESSED.nc,ft24-918-18,355,0.0034439004957675,0.0030926009640097,0.0027287006378173,0.0017973005771636,0.000297400727868,0.0778720006346702,19.55135726928711,SUOMI_NPP,20,0.127278053528618,0.1968100219964981,0.0037474886048585
/Volumes/Data/Work/SEALTAGS/Prydz/FLUO_LIGHT/PROCESSED/NC/ft24-918-18_lr1_prof_PROCESSED.nc,ft24-918-18,355,0.00040780082345,0.0019040007144212,0.0019848011434078,0.001690001040697,0.0003156010061502,0.2119466513395309,19.460264205932617,SUOMI_NPP,10,0.3949896732673756,0.9693447351455688,0.0032667985651642
/Volumes/Data/Work/SEALTAGS/Prydz/FLUO_LIGHT/PROCESSED/NC/ft24-918-18_lr1_prof_PROCESSED.nc,ft24-918-18,355,0.0042614128221483,0.0038377660162308,0.0034884718411109,0.0020129422054571,0.0003988241009852,0.0776479989290237,19.44479751586914,NOAA_20,17,0.0484451684188238,0.0863672420382499,0.0024097168352454
/Volumes/Data/Work/SEALTAGS/Prydz/FLUO_LIGHT/PROCESSED/NC/ft24-918-18_lr1_prof_PROCESSED.nc,ft24-918-18,349,0.0137573341942495,0.0107753343052334,0.0076435564292801,0.0028034458971685,0.0005665566358301,0.0462857186794281,19.35123634338379,NOAA_20,18,0.0437387356509429,0.0333257056772708,0.0026174683589488
/Volumes/Data/Work/SEALTAGS/Prydz/FLUO_LIGHT/PROCESSED/NC/ft24-918-18_lr1_prof_PROCESSED.nc,ft24-918-18,351,0.0068352640067276,0.00599305331707,0.0043326324146044,0.0017683172696515,0.0002495801370394,0.0479280054569244,19.158157348632812,SUOMI_NPP,19,0.1111655927459773,0.0784055292606353,0.0011351024731993
/Volumes/Data/Work/SEALTAGS/Prydz/FLUO_LIGHT/PROCESSED/NC/ft24-918-18_lr1_prof_PROCESSED.nc,ft24-918-18,351,0.0068317507393658,0.0051642502658069,0.0031842510215938,0.0015297508798539,8.875085040926933e-05,0.038690909743309,19.422542572021484,AQUA,8,0.0633263990538177,0.1963959485292434,0.0014456745702773
/Volumes/Data/Work/SEALTAGS/Prydz/FLUO_LIGHT/PROCESSED/NC/ft24-918-18_lr1_prof_PROCESSED.nc,ft24-918-18,363,0.0048792953876888,0.0043036475339356,0.0039260010508929,0.0019008241155568,0.0003932951127781,0.0640799924731254,21.880876541137695,NOAA_20,17,0.0258690415505807,0.0398621968924999,0.0003488519869279
/Volumes/Data/Work/SEALTAGS/Prydz/FLUO_LIGHT/PROCESSED/NC/ft24-918-18_lr1_prof_PROCESSED.nc,ft24-918-18,362,0.004923500586301,0.004332500975579,0.0039110006764531,0.002035750541836,0.0004212511703372,0.0678666606545448,21.75099754333496,NOAA_20,8,0.0405102008751155,0.0482037216424942,0.0003981381596531
/Volumes/Data/Work/SEALTAGS/Prydz/FLUO_LIGHT/PROCESSED/NC/ft24-918-18_lr1_prof_PROCESSED.nc,ft24-918-18,382,0.004655001219362,0.0044717504642903,0.0044382507912814,0.0018942509777843,0.0003372514620423,0.055813331156969,25.97346305847168,NOAA_20,8,0.0204102988701564,0.0457301065325737,0.0012569550890475
/Volumes/Data/Work/SEALTAGS/Prydz/FLUO_LIGHT/PROCESSED/NC/ft24-918-18_lr1_prof_PROCESSED.nc,ft24-918-18,382,0.0055656678353746,0.0043438343952099,0.0039513340840737,0.001789001127084,0.000337834469974,0.0569519959390163,26.13815689086914,AQUA,12,0.0269740431782491,0.039184097200632,0.0017452361062169
/Volumes/Data/Work/SEALTAGS/Prydz/FLUO_LIGHT/PROCESSED/NC/ft24-918-18_lr1_prof_PROCESSED.nc,ft24-918-18,378,0.0054261258337646,0.0048901257105171,0.0043611256405711,0.0020111256744712,0.0003431253135204,0.0599599964916706,24.879838943481445,NOAA_20,16,0.0229488062548076,0.0394668504595756,0.0009866199688985
/Volumes/Data/Work/SEALTAGS/Prydz/FLUO_LIGHT/PROCESSED/NC/ft24-918-18_lr1_prof_PROCESSED.nc,ft24-918-18,383,0.0074140007297197,0.0044660009443759,0.0039240010082721,0.0015180011590321,0.0001506681243578,0.0538666658103466,26.195999145507812,AQUA,3,0.0297474783066943,0.0227534286677837,0.0045897690579295
/Volumes/Data/Work/SEALTAGS/Prydz/FLUO_LIGHT/PROCESSED/NC/ft24-918-18_lr1_prof_PROCESSED.nc,ft24-918-18,391,0.0033429100770841,0.0035314554856582,0.0032967283305796,0.0013474554500796,8.500062606551431e-05,0.0480079986155033,29.258079528808594,SUOMI_NPP,22,0.0841383573525304,0.0949438139796257,0.000577914470341
/Volumes/Data/Work/SEALTAGS/Prydz/FLUO_LIGHT/PROCESSED/NC/ft24-918-18_lr1_prof_PROCESSED.nc,ft24-918-18,391,0.0063602361170684,0.005763647310874,0.0051082359517321,0.0019142362563049,0.0002763536484802,0.0471039973199367,29.212797164916992,NOAA_20,17,0.0147904118628357,0.0380548499524593,0.0003269156150054
/Volumes/Data/Work/SEALTAGS/Prydz/FLUO_LIGHT/PROCESSED/NC/ft24-918-18_lr1_prof_PROCESSED.nc,ft24-918-18,391,0.0064980015158653,0.00501050055027,0.0042230002582073,0.0019115004688501,0.0002585006877779,0.0466571412980556,29.674571990966797,AQUA,4,0.020323197701854,0.0356964766979217,0.0008778141345828
/Volumes/Data/Work/SEALTAGS/Prydz/FLUO_LIGHT/PROCESSED/NC/ft24-918-18_lr1_prof_PROCESSED.nc,ft24-918-18,401,0.004553000209853,0.0044700005091726,0.0043243765830993,0.0021926260087639,0.0003162503708153,0.0613428577780723,33.93447494506836,SUOMI_NPP,16,0.0431490898547121,0.0603042878210544,0.0002049077302217
/Volumes/Data/Work/SEALTAGS/Prydz/FLUO_LIGHT/PROCESSED/NC/ft24-918-18_lr1_prof_PROCESSED.nc,ft24-918-18,401,0.0056946157262875,0.0051110776571127,0.0047113855297748,0.0019630781159951,0.0002701546137149,0.0536960028111934,33.901519775390625,NOAA_20,13,0.0201390530491041,0.0484507568180561,0.0002586366608738
/Volumes/Data/Work/SEALTAGS/Prydz/FLUO_LIGHT/PROCESSED/NC/ft24-918-18_lr1_prof_PROCESSED.nc,ft24-918-18,402,0.0049460008740425,0.00475599989295,0.0045079998672008,0.0023580007255077,0.0003800019621849,0.0641999989748001,33.92799758911133,SUOMI_NPP,1,0.0,0.0,0.0
/Volumes/Data/Work/SEALTAGS/Prydz/FLUO_LIGHT/PROCESSED/NC/ft24-918-18_lr1_prof_PROCESSED.nc,ft24-918-18,402,0.0056425340473651,0.0049958676099777,0.0044677341977755,0.0019722672800223,0.000280001014471,0.0573439970612525,33.86887741088867,NOAA_20,15,0.0149006831846942,0.0264795199036598,0.0002582386659923
/Volumes/Data/Work/SEALTAGS/Prydz/FLUO_LIGHT/PROCESSED/NC/ft24-918-18_lr1_prof_PROCESSED.nc,ft24-918-18,406,0.0044694292758192,0.0039925724267959,0.0039494293076651,0.0023502867136682,0.0003562862319605,0.0804444402456283,33.67133331298828,NOAA_20,7,0.0655129789579785,0.0867974981665611,0.0006755178328603
/Volumes/Data/Work/SEALTAGS/Prydz/FLUO_LIGHT/PROCESSED/NC/ft24-918-18_lr1_prof_PROCESSED.nc,ft24-918-18,406,0.0054923339436451,0.0039908342684308,0.0037770010530948,0.0020325006917119,0.0003096675500273,0.0740090906620025,33.94218063354492,AQUA,12,0.0439256045547434,0.0716532468795776,0.0005218739970587
/Volumes/Data/Work/SEALTAGS/Prydz/FLUO_LIGHT/PROCESSED/NC/ft24-918-18_lr1_prof_PROCESSED.nc,ft24-918-18,403,0.0079720001667737,0.006556000560522,0.0054640006273984,0.0026230011135339,0.0003580003976821,0.0581999979913234,33.981998443603516,SUOMI_NPP,2,0.0108506915998363,0.0034364203456789,0.0007062050863169
/Volumes/Data/Work/SEALTAGS/Prydz/FLUO_LIGHT/PROCESSED/NC/ft24-918-18_lr1_prof_PROCESSED.nc,ft24-918-18,405,0.0059675012404719,0.0043336671466628,0.0040143333996335,0.0020165011907617,0.0003138336663444,0.0684842094779014,34.19894790649414,AQUA,12,0.0603431388301156,0.0588998198509216,0.0006007240735925
/Volumes/Data/Work/SEALTAGS/Prydz/FLUO_LIGHT/PROCESSED/NC/ft24-918-18_lr1_prof_PROCESSED.nc,ft24-918-18,404,0.0083060003817081,0.0069539994001388,0.0056180022656917,0.002955999225378,0.0004700012505054,0.0645999982953071,33.94999694824219,SUOMI_NPP,1,0.0,0.0,0.0
/Volumes/Data/Work/SEALTAGS/Prydz/FLUO_LIGHT/PROCESSED/NC/ft24-918-18_lr1_prof_PROCESSED.nc,ft24-918-18,407,0.007116666684548,0.005301333963871,0.0045313338438669,0.0024706671635309,0.0003806675473848,0.0690666660666465,34.27933120727539,AQUA,3,0.0252276315133269,0.0361936911940574,0.0021183122880756
/Volumes/Data/Work/SEALTAGS/Prydz/FLUO_LIGHT/PROCESSED/NC/ft24-918-18_lr1_prof_PROCESSED.nc,ft24-918-18,440,0.0074871435229267,0.0064952865775142,0.0055138580501079,0.0026152868356023,0.0003935718642813,0.057527270168066,40.38981628417969,SUOMI_NPP,14,0.0207531897777897,0.0303001590073108,0.0003063077747356
/Volumes/Data/Work/SEALTAGS/Prydz/FLUO_LIGHT/PROCESSED/NC/ft24-918-18_lr1_prof_PROCESSED.nc,ft24-918-18,452,0.0062773339450359,0.0053973334530989,0.0049220013121763,0.0027786667148272,0.0004786675175031,0.0799714252352714,43.71085739135742,NOAA_20,3,0.024725686607052,0.0768206343054771,0.0015429166378453
/Volumes/Data/Work/SEALTAGS/Prydz/FLUO_LIGHT/PROCESSED/NC/ft24-918-18_lr1_prof_PROCESSED.nc,ft24-918-18,460,0.002802401036024,0.0024768007919192,0.0024254009127616,0.0019892007112503,0.0003879008814692,0.1116319969296455,45.42591857910156,SUOMI_NPP,20,0.0851847727859547,0.0596937723457813,0.0001823784114094
/Volumes/Data/Work/SEALTAGS/Prydz/FLUO_LIGHT/PROCESSED/NC/ft24-918-18_lr1_prof_PROCESSED.nc,ft24-918-18,460,0.0043848582676478,0.0035368581967694,0.0030748583376407,0.0020557147051606,0.0003122862960611,0.093815378844738,45.504764556884766,NOAA_20,7,0.0149949406768239,0.0952453762292862,8.537976100342348e-05
/Volumes/Data/Work/SEALTAGS/Prydz/FLUO_LIGHT/PROCESSED/NC/ft24-918-18_lr1_prof_PROCESSED.nc,ft24-918-18,460,0.0046791773946846,0.003585647791624,0.0029814124983899,0.0018652949263067,0.0002737652291269,0.0883454605937004,45.82963562011719,AQUA,17,0.0313332341503232,0.0482950583100318,0.0020133149810135
/Volumes/Data/Work/SEALTAGS/Prydz/FLUO_LIGHT/PROCESSED/NC/ft24-918-18_lr1_prof_PROCESSED.nc,ft24-918-18,461,0.004016001150012,0.0033434014767408,0.0030544005334377,0.0024582009762525,0.0004970010370016,0.1081999987363815,45.02159881591797,SUOMI_NPP,10,0.0278874838051329,0.0306118242442607,0.0007996431668289
/Volumes/Data/Work/SEALTAGS/Prydz/FLUO_LIGHT/PROCESSED/NC/ft24-918-18_lr1_prof_PROCESSED.nc,ft24-918-18,461,0.0043358005583286,0.0034846011549234,0.0030002009123563,0.0021682016551494,0.0003776006400585,0.1028666719794273,45.07786560058594,NOAA_20,10,0.0261757823731541,0.095509797334671,0.0002188391226809
/Volumes/Data/Work/SEALTAGS/Prydz/FLUO_LIGHT/PROCESSED/NC/ft24-918-18_lr1_prof_PROCESSED.nc,ft24-918-18,461,0.004141572064587,0.0032192865120513,0.0027474295347929,0.0017747155257633,0.0002687147685459,0.0891545414924621,45.39990997314453,AQUA,14,0.0301655898515912,0.0458639487624168,0.0013973424211144
/Volumes/Data/Work/SEALTAGS/Prydz/FLUO_LIGHT/PROCESSED/NC/ft24-918-18_lr1_prof_PROCESSED.nc,ft24-918-18,454,0.0069605004973709,0.0061235008761286,0.005273250862956,0.0022757509723305,0.000333250965923,0.0517599955201149,44.250999450683594,SUOMI_NPP,8,0.0144179960966294,0.0245477352291345,0.0002112620568368
/Volumes/Data/Work/SEALTAGS/Prydz/FLUO_LIGHT/PROCESSED/NC/ft24-918-18_lr1_prof_PROCESSED.nc,ft24-918-18,454,0.0017580008134245,0.0029005007818341,0.003239001147449,0.0016480013728141,0.0002015009522438,0.064079999923706,44.090797424316406,SUOMI_NPP,4,0.1240467307425982,0.0861468613147735,0.0018540462478995
/Volumes/Data/Work/SEALTAGS/Prydz/FLUO_LIGHT/PROCESSED/NC/ft24-918-18_lr1_prof_PROCESSED.nc,ft24-918-18,454,0.006965001512851,0.0062831438013485,0.0054948580052171,0.0022097152790852,0.0003244296780654,0.0516842119395732,44.16747283935547,NOAA_20,14,0.0304439105186935,0.0350033082067966,0.0009322888217866
/Volumes/Data/Work/SEALTAGS/Prydz/FLUO_LIGHT/PROCESSED/NC/ft24-918-18_lr1_prof_PROCESSED.nc,ft24-918-18,468,0.0036723006516695,0.0031518008559942,0.0031570011749863,0.0024705007672309,0.0004444008693099,0.1075280010700225,46.23103332519531,SUOMI_NPP,20,0.106023318357633,0.1112596541643142,0.0012079094303771
/Volumes/Data/Work/SEALTAGS/Prydz/FLUO_LIGHT/PROCESSED/NC/ft24-918-18_lr1_prof_PROCESSED.nc,ft24-918-18,468,0.0042706674763134,0.0035443816866193,0.0033415247287069,0.0024143815750167,0.0004059056795778,0.1026239991188049,46.342559814453125,NOAA_20,21,0.1089501878554944,0.1221652850508689,0.0009900612058117
/Volumes/Data/Work/SEALTAGS/Prydz/FLUO_LIGHT/PROCESSED/NC/ft24-918-18_lr1_prof_PROCESSED.nc,ft24-918-18,468,0.0029964007437229,0.0024305008351802,0.0026701007038354,0.0019460007548332,0.0003299007192254,0.1061359867453575,46.71832656860352,AQUA,20,0.1751606645208965,0.1319963783025741,0.0011030455352738
/Volumes/Data/Work/SEALTAGS/Prydz/FLUO_LIGHT/PROCESSED/NC/ft24-918-18_lr1_prof_PROCESSED.nc,ft24-918-18,468,0.0036723006516695,0.0031518008559942,0.0031570011749863,0.0024705007672309,0.0004444008693099,0.1075280010700225,46.23103332519531,SUOMI_NPP,20,0.106023318357633,0.1112596541643142,0.0012079094303771
/Volumes/Data/Work/SEALTAGS/Prydz/FLUO_LIGHT/PROCESSED/NC/ft24-918-18_lr1_prof_PROCESSED.nc,ft24-918-18,468,0.0042706674763134,0.0035443816866193,0.0033415247287069,0.0024143815750167,0.0004059056795778,0.1026239991188049,46.342559814453125,NOAA_20,21,0.1089501878554944,0.1221652850508689,0.0009900612058117
/Volumes/Data/Work/SEALTAGS/Prydz/FLUO_LIGHT/PROCESSED/NC/ft24-918-18_lr1_prof_PROCESSED.nc,ft24-918-18,468,0.0029964007437229,0.0024305008351802,0.0026701007038354,0.0019460007548332,0.0003299007192254,0.1061359867453575,46.71832656860352,AQUA,20,0.1751606645208965,0.1319963783025741,0.0011030455352738
/Volumes/Data/Work/SEALTAGS/Prydz/FLUO_LIGHT/PROCESSED/NC/ft24-918-18_lr1_prof_PROCESSED.nc,ft24-918-18,474,0.0047640006401036,0.0038443164605843,0.0034166325471903,0.0024801059380957,0.0004112642062337,0.099831998348236,47.65903854370117,NOAA_20,19,0.0416516572267215,0.0395457632839679,0.002514534862712
/Volumes/Data/Work/SEALTAGS/Prydz/FLUO_LIGHT/PROCESSED/NC/ft24-918-18_lr1_prof_PROCESSED.nc,ft24-918-18,474,0.0049970019608736,0.0036240015178918,0.0029410012066364,0.002029001712799,0.0003340020775794,0.0930000022053718,48.04359817504883,AQUA,2,0.0081302819156005,0.0587691180408,0.001764100510627
/Volumes/Data/Work/SEALTAGS/Prydz/FLUO_LIGHT/PROCESSED/NC/ft24-918-18_lr1_prof_PROCESSED.nc,ft24-918-18,474,0.0047640006401036,0.0038443164605843,0.0034166325471903,0.0024801059380957,0.0004112642062337,0.099831998348236,47.65903854370117,NOAA_20,19,0.0416516572267215,0.0395457632839679,0.002514534862712
/Volumes/Data/Work/SEALTAGS/Prydz/FLUO_LIGHT/PROCESSED/NC/ft24-918-18_lr1_prof_PROCESSED.nc,ft24-918-18,474,0.0049970019608736,0.0036240015178918,0.0029410012066364,0.002029001712799,0.0003340020775794,0.0930000022053718,48.04359817504883,AQUA,2,0.0081302819156005,0.0587691180408,0.001764100510627
/Volumes/Data/Work/SEALTAGS/Prydz/FLUO_LIGHT/PROCESSED/NC/ft24-918-18_lr1_prof_PROCESSED.nc,ft24-918-18,498,0.0066056673725446,0.0058730010771089,0.0052120006746715,0.0020258894397152,0.0002656672149896,0.0493739172816276,53.95661163330078,NOAA_20,18,0.0201126823035664,0.0280210860073566,0.0002899000537581
/Volumes/Data/Work/SEALTAGS/Prydz/FLUO_LIGHT/PROCESSED/NC/ft24-918-18_lr1_prof_PROCESSED.nc,ft24-918-18,498,0.0060560015792196,0.0053498192944309,0.0047469101846218,0.0016745460981672,0.0002027282660657,0.0470533333718776,54.457332611083984,AQUA,11,0.0307873877742659,0.0666929110884666,0.0004817792796529
/Volumes/Data/Work/SEALTAGS/Prydz/FLUO_LIGHT/PROCESSED/NC/ft24-918-18_lr1_prof_PROCESSED.nc,ft24-918-18,492,0.0105193331837654,0.0077273336549599,0.0059020022551218,0.0026420007149378,0.0004080012440681,0.0582999996840953,53.01199722290039,NOAA_20,3,0.0259461791836474,0.0101476507261395,0.0002707435342017
/Volumes/Data/Work/SEALTAGS/Prydz/FLUO_LIGHT/PROCESSED/NC/ft24-918-18_lr1_prof_PROCESSED.nc,ft24-918-18,494,0.004730666677157,0.004110001027584,0.0040160007774829,0.0023540010054906,0.0004293334980805,0.0791199952363967,53.54560089111328,NOAA_20,3,0.0250340660480295,0.0240659806877374,0.0002009903255384
/Volumes/Data/Work/SEALTAGS/Prydz/FLUO_LIGHT/PROCESSED/NC/ft24-918-18_lr1_prof_PROCESSED.nc,ft24-918-18,494,0.0045730680227279,0.0042896014948685,0.0043548010289669,0.0026256004969278,0.0004121345778306,0.081069990992546,53.34560012817383,NOAA_20,15,0.0242693119853512,0.0222205072641372,0.0001588977029314
/Volumes/Data/Work/SEALTAGS/Prydz/FLUO_LIGHT/PROCESSED/NC/ft24-918-18_lr1_prof_PROCESSED.nc,ft24-918-18,500,0.0063840001821517,0.0055560003966093,0.0048600006848573,0.0020160004496574,0.0001970008015632,0.0493999943137168,53.39519500732422,SUOMI_NPP,2,0.021781275291015,0.0301884245127439,2.99809908028692e-05
/Volumes/Data/Work/SEALTAGS/Prydz/FLUO_LIGHT/PROCESSED/NC/ft24-918-18_lr1_prof_PROCESSED.nc,ft24-918-18,500,0.0064115565684106,0.0059408901466263,0.0053212226678927,0.0022932228942712,0.0002871120555533,0.0514159947633743,53.21592330932617,SUOMI_NPP,18,0.0308330144637644,0.0376960635185241,0.0012514354893937
/Volumes/Data/Work/SEALTAGS/Prydz/FLUO_LIGHT/PROCESSED/NC/ft24-918-18_lr1_prof_PROCESSED.nc,ft24-918-18,500,0.0067902867283139,0.0055985724819558,0.0050102863460779,0.001659571858389,0.0002100004681519,0.0443439967930316,53.8795166015625,AQUA,14,0.0157897092240671,0.0200699027627706,0.0030900894198566
/Volumes/Data/Work/SEALTAGS/Prydz/FLUO_LIGHT/PROCESSED/NC/ft24-918-18_lr1_prof_PROCESSED.nc,ft24-918-18,500,0.0071756012737751,0.006099467476209,0.0052837342023849,0.0018696007629235,0.0002349339425563,0.0467600002884864,53.7376823425293,AQUA,15,0.0210840894161148,0.0245853029191494,0.0029682889580726
/Volumes/Data/Work/SEALTAGS/Prydz/FLUO_LIGHT/PROCESSED/NC/ft24-918-18_lr1_prof_PROCESSED.nc,ft24-918-18,494,0.004730666677157,0.004110001027584,0.0040160007774829,0.0023540010054906,0.0004293334980805,0.0791199952363967,53.54560089111328,NOAA_20,3,0.0250340660480295,0.0240659806877374,0.0002009903255384
/Volumes/Data/Work/SEALTAGS/Prydz/FLUO_LIGHT/PROCESSED/NC/ft24-918-18_lr1_prof_PROCESSED.nc,ft24-918-18,494,0.0045730680227279,0.0042896014948685,0.0043548010289669,0.0026256004969278,0.0004121345778306,0.081069990992546,53.34560012817383,NOAA_20,15,0.0242693119853512,0.0222205072641372,0.0001588977029314
/Volumes/Data/Work/SEALTAGS/Prydz/FLUO_LIGHT/PROCESSED/NC/ft24-918-18_lr1_prof_PROCESSED.nc,ft24-918-18,496,0.0064920011688681,0.005496824708055,0.0050192950841258,0.0029408250223187,0.0005237657357664,0.0727652236819267,53.819828033447266,SUOMI_NPP,17,0.0302082562046011,0.0225293859839439,0.0002863722038455
/Volumes/Data/Work/SEALTAGS/Prydz/FLUO_LIGHT/PROCESSED/NC/ft24-918-18_lr1_prof_PROCESSED.nc,ft24-918-18,496,0.0062240026891231,0.005460999906063,0.0051080007106065,0.0026010014116764,0.0004200022667646,0.0671999976038932,53.654998779296875,NOAA_20,2,0.0176968021339946,0.0089286118745803,1.862735371105373e-05
/Volumes/Data/Work/SEALTAGS/Prydz/FLUO_LIGHT/PROCESSED/NC/ft24-918-18_lr1_prof_PROCESSED.nc,ft24-918-18,492,0.0105193331837654,0.0077273336549599,0.0059020022551218,0.0026420007149378,0.0004080012440681,0.0582999996840953,53.01199722290039,NOAA_20,3,0.0259461791836474,0.0101476507261395,0.0002707435342017
/Volumes/Data/Work/SEALTAGS/Prydz/FLUO_LIGHT/PROCESSED/NC/ft24-918-18_lr1_prof_PROCESSED.nc,ft24-918-18,498,0.0066056673725446,0.0058730010771089,0.0052120006746715,0.0020258894397152,0.0002656672149896,0.0493739172816276,53.95661163330078,NOAA_20,18,0.0201126823035664,0.0280210860073566,0.0002899000537581
/Volumes/Data/Work/SEALTAGS/Prydz/FLUO_LIGHT/PROCESSED/NC/ft24-918-18_lr1_prof_PROCESSED.nc,ft24-918-18,498,0.0060560015792196,0.0053498192944309,0.0047469101846218,0.0016745460981672,0.0002027282660657,0.0470533333718776,54.457332611083984,AQUA,11,0.0307873877742659,0.0666929110884666,0.0004817792796529
/Volumes/Data/Work/SEALTAGS/Prydz/FLUO_LIGHT/PROCESSED/NC/ft24-918-18_lr1_prof_PROCESSED.nc,ft24-918-18,500,0.0063840001821517,0.0055560003966093,0.0048600006848573,0.0020160004496574,0.0001970008015632,0.0493999943137168,53.39519500732422,SUOMI_NPP,2,0.021781275291015,0.0301884245127439,2.99809908028692e-05
/Volumes/Data/Work/SEALTAGS/Prydz/FLUO_LIGHT/PROCESSED/NC/ft24-918-18_lr1_prof_PROCESSED.nc,ft24-918-18,500,0.0064115565684106,0.0059408901466263,0.0053212226678927,0.0022932228942712,0.0002871120555533,0.0514159947633743,53.21592330932617,SUOMI_NPP,18,0.0308330144637644,0.0376960635185241,0.0012514354893937
/Volumes/Data/Work/SEALTAGS/Prydz/FLUO_LIGHT/PROCESSED/NC/ft24-918-18_lr1_prof_PROCESSED.nc,ft24-918-18,500,0.0067902867283139,0.0055985724819558,0.0050102863460779,0.001659571858389,0.0002100004681519,0.0443439967930316,53.8795166015625,AQUA,14,0.0157897092240671,0.0200699027627706,0.0030900894198566
/Volumes/Data/Work/SEALTAGS/Prydz/FLUO_LIGHT/PROCESSED/NC/ft24-918-18_lr1_prof_PROCESSED.nc,ft24-918-18,500,0.0071756012737751,0.006099467476209,0.0052837342023849,0.0018696007629235,0.0002349339425563,0.0467600002884864,53.7376823425293,AQUA,15,0.0210840894161148,0.0245853029191494,0.0029682889580726
/Volumes/Data/Work/SEALTAGS/Prydz/FLUO_LIGHT/PROCESSED/NC/ft24-918-18_lr1_prof_PROCESSED.nc,ft24-918-18,496,0.0064920011688681,0.005496824708055,0.0050192950841258,0.0029408250223187,0.0005237657357664,0.0727652236819267,53.819828033447266,SUOMI_NPP,17,0.0302082562046011,0.0225293859839439,0.0002863722038455
/Volumes/Data/Work/SEALTAGS/Prydz/FLUO_LIGHT/PROCESSED/NC/ft24-918-18_lr1_prof_PROCESSED.nc,ft24-918-18,496,0.0062240026891231,0.005460999906063,0.0051080007106065,0.0026010014116764,0.0004200022667646,0.0671999976038932,53.654998779296875,NOAA_20,2,0.0176968021339946,0.0089286118745803,1.862735371105373e-05
/Volumes/Data/Work/SEALTAGS/Prydz/FLUO_LIGHT/PROCESSED/NC/ft24-919-18_all_prof_PROCESSED.nc,ft24-919-18,15,0.0064035011455416,0.006683001294732,0.0077885007485747,0.0056300014257431,0.0006440002471208,0.0999999940395355,64.77300262451172,NOAA_20,4,0.0350478156203048,0.0048990021459758,0.0068099671043455
/Volumes/Data/Work/SEALTAGS/Prydz/FLUO_LIGHT/PROCESSED/NC/ft24-919-18_all_prof_PROCESSED.nc,ft24-919-18,5,0.0069110534693065,0.0060353696738418,0.005479158539521,0.0028476854296107,0.000433579871529,0.0638640001416206,66.94512176513672,SUOMI_NPP,19,0.0290253569410836,0.0221214517951011,4.7853358410065994e-05
/Volumes/Data/Work/SEALTAGS/Prydz/FLUO_LIGHT/PROCESSED/NC/ft24-919-18_all_prof_PROCESSED.nc,ft24-919-18,10,0.012803333501021,0.0103233344852924,0.0085446673134962,0.0045806678632895,0.0006800008316834,0.0660666674375534,65.73799896240234,SUOMI_NPP,3,0.0251043437079065,0.0175359454005956,2.48272863245802e-05
/Volumes/Data/Work/SEALTAGS/Prydz/FLUO_LIGHT/PROCESSED/NC/ft24-919-18_all_prof_PROCESSED.nc,ft24-919-18,10,0.0086749097840352,0.0071752735159613,0.006501454859972,0.0030712739310481,0.0003618191589008,0.0645000040531158,66.16975402832031,AQUA,11,0.0536709448183069,0.0663323178887367,0.0012248472776263
/Volumes/Data/Work/SEALTAGS/Prydz/FLUO_LIGHT/PROCESSED/NC/ft24-919-18_all_prof_PROCESSED.nc,ft24-919-18,6,0.009026002138853,0.0076959989964962,0.0067359991371631,0.0031800009310245,0.0003520026803016,0.0571999996900558,66.90399932861328,SUOMI_NPP,1,0.0,0.0,0.0
/Volumes/Data/Work/SEALTAGS/Prydz/FLUO_LIGHT/PROCESSED/NC/ft24-919-18_all_prof_PROCESSED.nc,ft24-919-18,16,0.0064080022275447,0.0066119991242885,0.0076499991118907,0.0056239999830722,0.0006120018661022,0.1019999980926513,65.20999908447266,NOAA_20,1,0.0,0.0,0.0
/Volumes/Data/Work/SEALTAGS/Prydz/FLUO_LIGHT/PROCESSED/NC/ft24-919-18_all_prof_PROCESSED.nc,ft24-919-18,13,0.0089898342266678,0.0077451669300595,0.0072236672664682,0.0036905007436871,0.0004313336685299,0.0627100020647049,65.82080078125,SUOMI_NPP,12,0.0171504890760831,0.0325787402689456,5.5515673011541367e-05
/Volumes/Data/Work/SEALTAGS/Prydz/FLUO_LIGHT/PROCESSED/NC/ft24-919-18_all_prof_PROCESSED.nc,ft24-919-18,13,0.0070720016956329,0.0064340010285377,0.0060780011117458,0.0030080005526542,0.0003780014812946,0.060199998319149,65.6780014038086,SUOMI_NPP,1,0.0,0.0,0.0
/Volumes/Data/Work/SEALTAGS/Prydz/FLUO_LIGHT/PROCESSED/NC/ft24-919-18_all_prof_PROCESSED.nc,ft24-919-18,13,0.0095311771420871,0.008013412794646,0.0074981183690183,0.0031074125538854,0.0004020011162056,0.057472001761198,66.2203140258789,AQUA,17,0.0189377833364227,0.040831372141838,0.0025712193455547
/Volumes/Data/Work/SEALTAGS/Prydz/FLUO_LIGHT/PROCESSED/NC/ft24-919-18_all_prof_PROCESSED.nc,ft24-919-18,15,0.0064035011455416,0.006683001294732,0.0077885007485747,0.0056300014257431,0.0006440002471208,0.0999999940395355,64.77300262451172,NOAA_20,4,0.0350478156203048,0.0048990021459758,0.0068099671043455
/Volumes/Data/Work/SEALTAGS/Prydz/FLUO_LIGHT/PROCESSED/NC/ft24-919-18_all_prof_PROCESSED.nc,ft24-919-18,5,0.0069110534693065,0.0060353696738418,0.005479158539521,0.0028476854296107,0.000433579871529,0.0638640001416206,66.94512176513672,SUOMI_NPP,19,0.0290253569410836,0.0221214517951011,4.7853358410065994e-05
/Volumes/Data/Work/SEALTAGS/Prydz/FLUO_LIGHT/PROCESSED/NC/ft24-919-18_all_prof_PROCESSED.nc,ft24-919-18,6,0.009026002138853,0.0076959989964962,0.0067359991371631,0.0031800009310245,0.0003520026803016,0.0571999996900558,66.90399932861328,SUOMI_NPP,1,0.0,0.0,0.0
/Volumes/Data/Work/SEALTAGS/Prydz/FLUO_LIGHT/PROCESSED/NC/ft24-919-18_all_prof_PROCESSED.nc,ft24-919-18,16,0.0064080022275447,0.0066119991242885,0.0076499991118907,0.0056239999830722,0.0006120018661022,0.1019999980926513,65.20999908447266,NOAA_20,1,0.0,0.0,0.0
/Volumes/Data/Work/SEALTAGS/Prydz/FLUO_LIGHT/PROCESSED/NC/ft24-919-18_all_prof_PROCESSED.nc,ft24-919-18,10,0.012803333501021,0.0103233344852924,0.0085446673134962,0.0045806678632895,0.0006800008316834,0.0660666674375534,65.73799896240234,SUOMI_NPP,3,0.0251043437079065,0.0175359454005956,2.48272863245802e-05
/Volumes/Data/Work/SEALTAGS/Prydz/FLUO_LIGHT/PROCESSED/NC/ft24-919-18_all_prof_PROCESSED.nc,ft24-919-18,10,0.0086749097840352,0.0071752735159613,0.006501454859972,0.0030712739310481,0.0003618191589008,0.0645000040531158,66.16975402832031,AQUA,11,0.0536709448183069,0.0663323178887367,0.0012248472776263
/Volumes/Data/Work/SEALTAGS/Prydz/FLUO_LIGHT/PROCESSED/NC/ft24-919-18_all_prof_PROCESSED.nc,ft24-919-18,13,0.0089898342266678,0.0077451669300595,0.0072236672664682,0.0036905007436871,0.0004313336685299,0.0627100020647049,65.82080078125,SUOMI_NPP,12,0.0171504890760831,0.0325787402689456,5.5515673011541367e-05
/Volumes/Data/Work/SEALTAGS/Prydz/FLUO_LIGHT/PROCESSED/NC/ft24-919-18_all_prof_PROCESSED.nc,ft24-919-18,13,0.0070720016956329,0.0064340010285377,0.0060780011117458,0.0030080005526542,0.0003780014812946,0.060199998319149,65.6780014038086,SUOMI_NPP,1,0.0,0.0,0.0
/Volumes/Data/Work/SEALTAGS/Prydz/FLUO_LIGHT/PROCESSED/NC/ft24-919-18_all_prof_PROCESSED.nc,ft24-919-18,13,0.0095311771420871,0.008013412794646,0.0074981183690183,0.0031074125538854,0.0004020011162056,0.057472001761198,66.2203140258789,AQUA,17,0.0189377833364227,0.040831372141838,0.0025712193455547
/Volumes/Data/Work/SEALTAGS/Prydz/FLUO_LIGHT/PROCESSED/NC/ft24-919-18_all_prof_PROCESSED.nc,ft24-919-18,80,0.0104080010205507,0.0088460016995668,0.0081920009106397,0.0028010010719299,0.0003050025552511,0.048200000077486,50.44599914550781,AQUA,2,0.0218281408733046,0.0497925244271755,0.01078378316015
/Volumes/Data/Work/SEALTAGS/Prydz/FLUO_LIGHT/PROCESSED/NC/ft24-919-18_all_prof_PROCESSED.nc,ft24-919-18,94,0.0092564217354121,0.0079540006424251,0.0068304221096791,0.0030253694245689,0.0004038955820234,0.053176000714302,47.74007797241211,SUOMI_NPP,19,0.020774077008755,0.0157901514321565,0.0016750899376347
/Volumes/Data/Work/SEALTAGS/Prydz/FLUO_LIGHT/PROCESSED/NC/ft24-919-18_all_prof_PROCESSED.nc,ft24-919-18,94,0.0081420008093118,0.0070122014731168,0.0061676006764173,0.0022900007665157,0.0003158010542392,0.0518588237464427,48.0424690246582,AQUA,10,0.0112401644068288,0.0117398826405406,0.001992690609768
/Volumes/Data/Work/SEALTAGS/Prydz/FLUO_LIGHT/PROCESSED/NC/ft24-919-18_all_prof_PROCESSED.nc,ft24-919-18,96,0.0150780007243156,0.0113980025053024,0.0087620019912719,0.0032560005784034,0.0004200004041194,0.0502000004053115,48.31399917602539,AQUA,1,0.0,0.0,0.0
/Volumes/Data/Work/SEALTAGS/Prydz/FLUO_LIGHT/PROCESSED/NC/ft24-919-18_all_prof_PROCESSED.nc,ft24-919-18,80,0.0104080010205507,0.0088460016995668,0.0081920009106397,0.0028010010719299,0.0003050025552511,0.048200000077486,50.44599914550781,AQUA,2,0.0218281408733046,0.0497925244271755,0.01078378316015
/Volumes/Data/Work/SEALTAGS/Prydz/FLUO_LIGHT/PROCESSED/NC/ft24-919-18_all_prof_PROCESSED.nc,ft24-919-18,96,0.0150780007243156,0.0113980025053024,0.0087620019912719,0.0032560005784034,0.0004200004041194,0.0502000004053115,48.31399917602539,AQUA,1,0.0,0.0,0.0
/Volumes/Data/Work/SEALTAGS/Prydz/FLUO_LIGHT/PROCESSED/NC/ft24-919-18_all_prof_PROCESSED.nc,ft24-919-18,94,0.0092564217354121,0.0079540006424251,0.0068304221096791,0.0030253694245689,0.0004038955820234,0.053176000714302,47.74007797241211,SUOMI_NPP,19,0.020774077008755,0.0157901514321565,0.0016750899376347
/Volumes/Data/Work/SEALTAGS/Prydz/FLUO_LIGHT/PROCESSED/NC/ft24-919-18_all_prof_PROCESSED.nc,ft24-919-18,94,0.0081420008093118,0.0070122014731168,0.0061676006764173,0.0022900007665157,0.0003158010542392,0.0518588237464427,48.0424690246582,AQUA,10,0.0112401644068288,0.0117398826405406,0.001992690609768
/Volumes/Data/Work/SEALTAGS/Prydz/FLUO_LIGHT/PROCESSED/NC/ft24-919-18_all_prof_PROCESSED.nc,ft24-919-18,103,0.0086820008499281,0.0081304293125867,0.0075754297098943,0.0030910008187804,0.0003932858152048,0.0483058840036392,46.781883239746094,SUOMI_NPP,14,0.0165083965970099,0.0264581087976694,0.0043349317274987
/Volumes/Data/Work/SEALTAGS/Prydz/FLUO_LIGHT/PROCESSED/NC/ft24-919-18_all_prof_PROCESSED.nc,ft24-919-18,103,0.0116274298301764,0.0102368577250412,0.0090382865497044,0.0033131438706602,0.0004445724189281,0.0460444428026676,46.91400146484375,NOAA_20,7,0.0335066908593034,0.0103960698470473,0.0040966221131384
/Volumes/Data/Work/SEALTAGS/Prydz/FLUO_LIGHT/PROCESSED/NC/ft24-919-18_all_prof_PROCESSED.nc,ft24-919-18,115,0.0078243168168946,0.0070573691474763,0.0063365274354031,0.0027285269216487,0.0003384220364846,0.0513039976358413,44.23191452026367,SUOMI_NPP,19,0.0224326156355125,0.0266029611229896,0.0001034924134728
/Volumes/Data/Work/SEALTAGS/Prydz/FLUO_LIGHT/PROCESSED/NC/ft24-919-18_all_prof_PROCESSED.nc,ft24-919-18,115,0.0114050013944506,0.0094857509247958,0.0077395006082952,0.0030890004709362,0.0004002512432634,0.0501538477838039,44.35384368896485,NOAA_20,8,0.0166711748934034,0.052814207971096,0.0001068072233465
/Volumes/Data/Work/SEALTAGS/Prydz/FLUO_LIGHT/PROCESSED/NC/ft24-919-18_all_prof_PROCESSED.nc,ft24-919-18,115,0.006901333729426,0.0069258346532781,0.0064431677261988,0.0025988339136044,0.000353501488765,0.0521466694772243,44.244667053222656,NOAA_20,12,0.0358689066312525,0.0421181283891201,0.0001900915813166
/Volumes/Data/Work/SEALTAGS/Prydz/FLUO_LIGHT/PROCESSED/NC/ft24-919-18_all_prof_PROCESSED.nc,ft24-919-18,123,0.0125179998576641,0.0104380026459693,0.0086419992148876,0.0034420005977153,0.0005239993333816,0.0507999993860721,41.327999114990234,NOAA_20,1,0.0,0.0,0.0
/Volumes/Data/Work/SEALTAGS/Prydz/FLUO_LIGHT/PROCESSED/NC/ft24-919-18_all_prof_PROCESSED.nc,ft24-919-18,103,0.0086820008499281,0.0081304293125867,0.0075754297098943,0.0030910008187804,0.0003932858152048,0.0483058840036392,46.781883239746094,SUOMI_NPP,14,0.0165083965970099,0.0264581087976694,0.0043349317274987
/Volumes/Data/Work/SEALTAGS/Prydz/FLUO_LIGHT/PROCESSED/NC/ft24-919-18_all_prof_PROCESSED.nc,ft24-919-18,103,0.0116274298301764,0.0102368577250412,0.0090382865497044,0.0033131438706602,0.0004445724189281,0.0460444428026676,46.91400146484375,NOAA_20,7,0.0335066908593034,0.0103960698470473,0.0040966221131384
/Volumes/Data/Work/SEALTAGS/Prydz/FLUO_LIGHT/PROCESSED/NC/ft24-919-18_all_prof_PROCESSED.nc,ft24-919-18,115,0.0078243168168946,0.0070573691474763,0.0063365274354031,0.0027285269216487,0.0003384220364846,0.0513039976358413,44.23191452026367,SUOMI_NPP,19,0.0224326156355125,0.0266029611229896,0.0001034924134728
/Volumes/Data/Work/SEALTAGS/Prydz/FLUO_LIGHT/PROCESSED/NC/ft24-919-18_all_prof_PROCESSED.nc,ft24-919-18,115,0.0114050013944506,0.0094857509247958,0.0077395006082952,0.0030890004709362,0.0004002512432634,0.0501538477838039,44.35384368896485,NOAA_20,8,0.0166711748934034,0.052814207971096,0.0001068072233465
/Volumes/Data/Work/SEALTAGS/Prydz/FLUO_LIGHT/PROCESSED/NC/ft24-919-18_all_prof_PROCESSED.nc,ft24-919-18,115,0.006901333729426,0.0069258346532781,0.0064431677261988,0.0025988339136044,0.000353501488765,0.0521466694772243,44.244667053222656,NOAA_20,12,0.0358689066312525,0.0421181283891201,0.0001900915813166
/Volumes/Data/Work/SEALTAGS/Prydz/FLUO_LIGHT/PROCESSED/NC/ft24-919-18_all_prof_PROCESSED.nc,ft24-919-18,123,0.0125179998576641,0.0104380026459693,0.0086419992148876,0.0034420005977153,0.0005239993333816,0.0507999993860721,41.327999114990234,NOAA_20,1,0.0,0.0,0.0
/Volumes/Data/Work/SEALTAGS/Prydz/FLUO_LIGHT/PROCESSED/NC/ft24-919-18_all_prof_PROCESSED.nc,ft24-919-18,140,0.0133663649586114,0.0112180012193593,0.0091454556042497,0.0032834556292403,0.0004796368831937,0.0444666631519794,37.74506378173828,NOAA_20,11,0.0246004143029963,0.0261575058102607,0.0001252093934454
/Volumes/Data/Work/SEALTAGS/Prydz/FLUO_LIGHT/PROCESSED/NC/ft24-919-18_all_prof_PROCESSED.nc,ft24-919-18,134,0.0084066167473793,0.0072469241344011,0.006109231366561,0.0019732318245447,0.0003395395783277,0.0428666658699512,39.611236572265625,AQUA,13,0.0180964343795886,0.0273696817457675,0.005124379415065
/Volumes/Data/Work/SEALTAGS/Prydz/FLUO_LIGHT/PROCESSED/NC/ft24-919-18_all_prof_PROCESSED.nc,ft24-919-18,146,0.010912001132965,0.0090740025043487,0.0070680007338523,0.002930000424385,0.0003300011157989,0.0489999987185001,36.57999801635742,SUOMI_NPP,1,0.0,0.0,0.0
/Volumes/Data/Work/SEALTAGS/Prydz/FLUO_LIGHT/PROCESSED/NC/ft24-919-18_all_prof_PROCESSED.nc,ft24-919-18,134,0.0084066167473793,0.0072469241344011,0.006109231366561,0.0019732318245447,0.0003395395783277,0.0428666658699512,39.611236572265625,AQUA,13,0.0180964343795886,0.0273696817457675,0.005124379415065
/Volumes/Data/Work/SEALTAGS/Prydz/FLUO_LIGHT/PROCESSED/NC/ft24-919-18_all_prof_PROCESSED.nc,ft24-919-18,140,0.0133663649586114,0.0112180012193593,0.0091454556042497,0.0032834556292403,0.0004796368831937,0.0444666631519794,37.74506378173828,NOAA_20,11,0.0246004143029963,0.0261575058102607,0.0001252093934454
/Volumes/Data/Work/SEALTAGS/Prydz/FLUO_LIGHT/PROCESSED/NC/ft24-919-18_all_prof_PROCESSED.nc,ft24-919-18,164,0.0077745011076331,0.0070846008136868,0.0061379011720418,0.0024171005934476,0.000220800563693,0.0466319993138313,31.063438415527344,SUOMI_NPP,20,0.0271843030623446,0.0440180785953998,0.0003861153381876
/Volumes/Data/Work/SEALTAGS/Prydz/FLUO_LIGHT/PROCESSED/NC/ft24-919-18_all_prof_PROCESSED.nc,ft24-919-18,164,0.0083391432251249,0.006665286208902,0.0061018578708171,0.0021057152854544,0.0002638577882732,0.045472003519535,31.335920333862305,AQUA,14,0.0120492719318467,0.0170063953846693,0.0004289013158995
/Volumes/Data/Work/SEALTAGS/Prydz/FLUO_LIGHT/PROCESSED/NC/ft24-919-18_all_prof_PROCESSED.nc,ft24-919-18,146,0.010912001132965,0.0090740025043487,0.0070680007338523,0.002930000424385,0.0003300011157989,0.0489999987185001,36.57999801635742,SUOMI_NPP,1,0.0,0.0,0.0
/Volumes/Data/Work/SEALTAGS/Prydz/FLUO_LIGHT/PROCESSED/NC/ft24-919-18_all_prof_PROCESSED.nc,ft24-919-18,164,0.0077745011076331,0.0070846008136868,0.0061379011720418,0.0024171005934476,0.000220800563693,0.0466319993138313,31.063438415527344,SUOMI_NPP,20,0.0271843030623446,0.0440180785953998,0.0003861153381876
/Volumes/Data/Work/SEALTAGS/Prydz/FLUO_LIGHT/PROCESSED/NC/ft24-919-18_all_prof_PROCESSED.nc,ft24-919-18,164,0.0083391432251249,0.006665286208902,0.0061018578708171,0.0021057152854544,0.0002638577882732,0.045472003519535,31.335920333862305,AQUA,14,0.0120492719318467,0.0170063953846693,0.0004289013158995
/Volumes/Data/Work/SEALTAGS/Prydz/FLUO_LIGHT/PROCESSED/NC/ft24-919-18_all_prof_PROCESSED.nc,ft24-919-18,188,0.0065405720046588,0.005462857229369,0.0048151441982814,0.0023977144488266,0.0003668580736432,0.0662888810038566,14.02177619934082,NOAA_20,7,0.041962170171499,0.0401300527155399,0.0066839354112744
/Volumes/Data/Work/SEALTAGS/Prydz/FLUO_LIGHT/PROCESSED/NC/ft24-919-18_all_prof_PROCESSED.nc,ft24-919-18,188,0.0043433345854282,0.0016653351485729,0.0022273349265257,0.0010726675391197,0.0001426674425601,0.067500002682209,14.3594970703125,AQUA,3,0.0135082844686792,0.0491575077176094,6.027715789969079e-05
/Volumes/Data/Work/SEALTAGS/Prydz/FLUO_LIGHT/PROCESSED/NC/ft24-919-18_all_prof_PROCESSED.nc,ft24-919-18,188,0.0065405720046588,0.005462857229369,0.0048151441982814,0.0023977144488266,0.0003668580736432,0.0662888810038566,14.02177619934082,NOAA_20,7,0.041962170171499,0.0401300527155399,0.0066839354112744
/Volumes/Data/Work/SEALTAGS/Prydz/FLUO_LIGHT/PROCESSED/NC/ft24-919-18_all_prof_PROCESSED.nc,ft24-919-18,188,0.0043433345854282,0.0016653351485729,0.0022273349265257,0.0010726675391197,0.0001426674425601,0.067500002682209,14.3594970703125,AQUA,3,0.0135082844686792,0.0491575077176094,6.027715789969079e-05
/Volumes/Data/Work/SEALTAGS/Prydz/FLUO_LIGHT/PROCESSED/NC/ft24-919-18_all_prof_PROCESSED.nc,ft24-919-18,213,0.0132230011125405,0.0081140001614888,0.0058470014482736,0.0026253337661425,0.000588667889436,0.0577333308756351,12.026219367980955,AQUA,6,0.0459459198561268,0.0351767800748348,0.0002765708195511
/Volumes/Data/Work/SEALTAGS/Prydz/FLUO_LIGHT/PROCESSED/NC/ft24-919-18_all_prof_PROCESSED.nc,ft24-919-18,217,0.0068582510575652,0.0076970010995864,0.0065145003609359,0.0040067508816719,0.0013025016523897,0.0769499987363815,11.54133129119873,SUOMI_NPP,8,0.0535157973845468,0.0701122432947158,0.0011781291104853
/Volumes/Data/Work/SEALTAGS/Prydz/FLUO_LIGHT/PROCESSED/NC/ft24-919-18_all_prof_PROCESSED.nc,ft24-919-18,217,0.0068582510575652,0.0076970010995864,0.0065145003609359,0.0040067508816719,0.0013025016523897,0.0769499987363815,11.54133129119873,SUOMI_NPP,8,0.0535157973845468,0.0701122432947158,0.0011781291104853
/Volumes/Data/Work/SEALTAGS/Prydz/FLUO_LIGHT/PROCESSED/NC/ft24-919-18_all_prof_PROCESSED.nc,ft24-919-18,213,0.0132230011125405,0.0081140001614888,0.0058470014482736,0.0026253337661425,0.000588667889436,0.0577333308756351,12.026219367980955,AQUA,6,0.0459459198561268,0.0351767800748348,0.0002765708195511
/Volumes/Data/Work/SEALTAGS/Prydz/FLUO_LIGHT/PROCESSED/NC/ft24-919-18_all_prof_PROCESSED.nc,ft24-919-18,239,0.003609294838765,0.0039561187081477,0.0033449423225486,0.0017112947123892,0.000301648150472,0.0609439983963966,11.025357246398926,SUOMI_NPP,17,0.0618538740827473,0.0843672752380371,0.0009904862381517
/Volumes/Data/Work/SEALTAGS/Prydz/FLUO_LIGHT/PROCESSED/NC/ft24-919-18_all_prof_PROCESSED.nc,ft24-919-18,255,0.0092639997601509,0.0077160000801086,0.0049699991941452,0.0026450026780366,0.0004980005323886,0.0650999993085861,9.971996307373049,SUOMI_NPP,2,0.0687051516134954,0.0752688348293304,0.0
/Volumes/Data/Work/SEALTAGS/Prydz/FLUO_LIGHT/PROCESSED/NC/ft24-919-18_all_prof_PROCESSED.nc,ft24-919-18,239,0.003609294838765,0.0039561187081477,0.0033449423225486,0.0017112947123892,0.000301648150472,0.0609439983963966,11.025357246398926,SUOMI_NPP,17,0.0618538740827473,0.0843672752380371,0.0009904862381517
/Volumes/Data/Work/SEALTAGS/Prydz/FLUO_LIGHT/PROCESSED/NC/ft24-919-18_all_prof_PROCESSED.nc,ft24-919-18,259,0.0088871446038995,0.0073217148227351,0.0052105725875922,0.002638286777905,0.0005174289856638,0.0656444430351257,10.491775512695312,NOAA_20,7,0.0382107750806005,0.0622534677386283,0.0007101171067915
/Volumes/Data/Work/SEALTAGS/Prydz/FLUO_LIGHT/PROCESSED/NC/ft24-919-18_all_prof_PROCESSED.nc,ft24-919-18,255,0.0092639997601509,0.0077160000801086,0.0049699991941452,0.0026450026780366,0.0004980005323886,0.0650999993085861,9.971996307373049,SUOMI_NPP,2,0.0687051516134954,0.0752688348293304,0.0
/Volumes/Data/Work/SEALTAGS/Prydz/FLUO_LIGHT/PROCESSED/NC/ft24-919-18_all_prof_PROCESSED.nc,ft24-919-18,259,0.0088871446038995,0.0073217148227351,0.0052105725875922,0.002638286777905,0.0005174289856638,0.0656444430351257,10.491775512695312,NOAA_20,7,0.0382107750806005,0.0622534677386283,0.0007101171067915
/Volumes/Data/Work/SEALTAGS/Prydz/FLUO_LIGHT/PROCESSED/NC/ft24-919-18_all_prof_PROCESSED.nc,ft24-919-18,272,0.0095932734283533,0.0085090916942466,0.0064972733909433,0.002673636783253,0.0006374554200605,0.0529599972069263,11.044398307800291,NOAA_20,11,0.0260082456761488,0.0719071328639984,0.0024963156320154
/Volumes/Data/Work/SEALTAGS/Prydz/FLUO_LIGHT/PROCESSED/NC/ft24-919-18_all_prof_PROCESSED.nc,ft24-919-18,272,0.0095932734283533,0.0085090916942466,0.0064972733909433,0.002673636783253,0.0006374554200605,0.0529599972069263,11.044398307800291,NOAA_20,11,0.0260082456761488,0.0719071328639984,0.0024963156320154
/Volumes/Data/Work/SEALTAGS/Prydz/FLUO_LIGHT/PROCESSED/NC/ft24-919-18_all_prof_PROCESSED.nc,ft24-919-18,340,0.0056212511844933,0.0057882498949766,0.0045912507921457,0.0023977509699761,0.000395250506699,0.063773326575756,18.50426483154297,SUOMI_NPP,8,0.0448448348675771,0.0291251055896282,0.000332228053594
/Volumes/Data/Work/SEALTAGS/Prydz/FLUO_LIGHT/PROCESSED/NC/ft24-919-18_all_prof_PROCESSED.nc,ft24-919-18,340,0.0071915006265044,0.0066395010799169,0.005460999906063,0.0021410007029771,0.0004080012440681,0.0497249998152256,18.529497146606445,NOAA_20,4,0.0163960560885277,0.0411623083055019,0.0004171548062004
/Volumes/Data/Work/SEALTAGS/Prydz/FLUO_LIGHT/PROCESSED/NC/ft24-919-18_all_prof_PROCESSED.nc,ft24-919-18,344,0.0067660026252269,0.0057520009577274,0.004535999149084,0.0021000020205974,0.0004760026931762,0.0557999983429908,19.565998077392575,SUOMI_NPP,1,0.0,0.0,0.0
/Volumes/Data/Work/SEALTAGS/Prydz/FLUO_LIGHT/PROCESSED/NC/ft24-919-18_all_prof_PROCESSED.nc,ft24-919-18,350,0.0069812510628253,0.0065380006562918,0.0055136256851255,0.0021426258608698,0.0004247510805726,0.0491679944097995,21.744157791137695,NOAA_20,16,0.0171917187054009,0.0436389744281768,0.0004689333727583
/Volumes/Data/Work/SEALTAGS/Prydz/FLUO_LIGHT/PROCESSED/NC/ft24-919-18_all_prof_PROCESSED.nc,ft24-919-18,350,0.0071640007875182,0.0057121826843781,0.0046554553237828,0.0016072734513066,0.0003180009397593,0.0433919988572597,21.97039794921875,AQUA,11,0.0188148117111532,0.0453757047653198,0.0069003463722765
/Volumes/Data/Work/SEALTAGS/Prydz/FLUO_LIGHT/PROCESSED/NC/ft24-919-18_all_prof_PROCESSED.nc,ft24-919-18,340,0.0056212511844933,0.0057882498949766,0.0045912507921457,0.0023977509699761,0.000395250506699,0.063773326575756,18.50426483154297,SUOMI_NPP,8,0.0448448348675771,0.0291251055896282,0.000332228053594
/Volumes/Data/Work/SEALTAGS/Prydz/FLUO_LIGHT/PROCESSED/NC/ft24-919-18_all_prof_PROCESSED.nc,ft24-919-18,340,0.0071915006265044,0.0066395010799169,0.005460999906063,0.0021410007029771,0.0004080012440681,0.0497249998152256,18.529497146606445,NOAA_20,4,0.0163960560885277,0.0411623083055019,0.0004171548062004
/Volumes/Data/Work/SEALTAGS/Prydz/FLUO_LIGHT/PROCESSED/NC/ft24-919-18_all_prof_PROCESSED.nc,ft24-919-18,344,0.0067660026252269,0.0057520009577274,0.004535999149084,0.0021000020205974,0.0004760026931762,0.0557999983429908,19.565998077392575,SUOMI_NPP,1,0.0,0.0,0.0
/Volumes/Data/Work/SEALTAGS/Prydz/FLUO_LIGHT/PROCESSED/NC/ft24-919-18_all_prof_PROCESSED.nc,ft24-919-18,348,0.0092860005795955,0.008177334566911,0.0063453348974386,0.0027652010321617,0.0004505343735218,0.0521272681653499,20.50109100341797,SUOMI_NPP,15,0.0187076676741075,0.0329958572983741,0.0044121746905148
/Volumes/Data/Work/SEALTAGS/Prydz/FLUO_LIGHT/PROCESSED/NC/ft24-919-18_all_prof_PROCESSED.nc,ft24-919-18,350,0.0069812510628253,0.0065380006562918,0.0055136256851255,0.0021426258608698,0.0004247510805726,0.0491679944097995,21.744157791137695,NOAA_20,16,0.0171917187054009,0.0436389744281768,0.0004689333727583
/Volumes/Data/Work/SEALTAGS/Prydz/FLUO_LIGHT/PROCESSED/NC/ft24-919-18_all_prof_PROCESSED.nc,ft24-919-18,350,0.0071640007875182,0.0057121826843781,0.0046554553237828,0.0016072734513066,0.0003180009397593,0.0433919988572597,21.97039794921875,AQUA,11,0.0188148117111532,0.0453757047653198,0.0069003463722765
/Volumes/Data/Work/SEALTAGS/Prydz/FLUO_LIGHT/PROCESSED/NC/ft24-919-18_all_prof_PROCESSED.nc,ft24-919-18,370,0.0088390000164508,0.0076200012117624,0.0056010000407695,0.0022990014404058,0.0002939999103546,0.0478499978780746,28.435998916625977,SUOMI_NPP,2,0.0116519123363157,0.0360009111464023,0.0055212681181728
/Volumes/Data/Work/SEALTAGS/Prydz/FLUO_LIGHT/PROCESSED/NC/ft24-919-18_all_prof_PROCESSED.nc,ft24-919-18,348,0.0092860005795955,0.008177334566911,0.0063453348974386,0.0027652010321617,0.0004505343735218,0.0521272681653499,20.50109100341797,SUOMI_NPP,15,0.0187076676741075,0.0329958572983741,0.0044121746905148
/Volumes/Data/Work/SEALTAGS/Prydz/FLUO_LIGHT/PROCESSED/NC/ft24-919-18_all_prof_PROCESSED.nc,ft24-919-18,374,0.0094682509079575,0.0081677511334419,0.006341001484543,0.0023670000955462,0.0004205014556646,0.0466363653540611,29.86290740966797,NOAA_20,8,0.0249854128382415,0.0460369177162647,0.0005031074979342
/Volumes/Data/Work/SEALTAGS/Prydz/FLUO_LIGHT/PROCESSED/NC/ft24-919-18_all_prof_PROCESSED.nc,ft24-919-18,370,0.0088390000164508,0.0076200012117624,0.0056010000407695,0.0022990014404058,0.0002939999103546,0.0478499978780746,28.435998916625977,SUOMI_NPP,2,0.0116519123363157,0.0360009111464023,0.0055212681181728
/Volumes/Data/Work/SEALTAGS/Prydz/FLUO_LIGHT/PROCESSED/NC/ft24-919-18_all_prof_PROCESSED.nc,ft24-919-18,378,0.0092329482891057,0.0080111587518139,0.0062536852140175,0.0025957897305488,0.000434948229476,0.0491599924862384,29.571115493774418,SUOMI_NPP,19,0.0204902913530704,0.0258075762540102,0.002309943549335
/Volumes/Data/Work/SEALTAGS/Prydz/FLUO_LIGHT/PROCESSED/NC/ft24-919-18_all_prof_PROCESSED.nc,ft24-919-18,378,0.0080488899515734,0.007069333973858,0.0055048896206749,0.0021742234627405,0.0004195558528105,0.0487200021743774,29.616395950317383,NOAA_20,9,0.0214917672286748,0.0833350121974945,0.0008898390224203
/Volumes/Data/Work/SEALTAGS/Prydz/FLUO_LIGHT/PROCESSED/NC/ft24-919-18_all_prof_PROCESSED.nc,ft24-919-18,378,0.0127912007272243,0.0104514010250568,0.007566400617361,0.0031854003667831,0.000602801144123,0.0533200018107891,29.58786392211914,NOAA_20,10,0.0510463060724474,0.0535180419683456,0.0023990925401449
/Volumes/Data/Work/SEALTAGS/Prydz/FLUO_LIGHT/PROCESSED/NC/ft24-919-18_all_prof_PROCESSED.nc,ft24-919-18,378,0.0091693755239248,0.0072888757567852,0.0055258760694414,0.0018305010162293,0.0003288758452981,0.0435599982738494,29.84579849243164,AQUA,16,0.0400106235660301,0.0478824898600578,0.0031083831563591
/Volumes/Data/Work/SEALTAGS/Prydz/FLUO_LIGHT/PROCESSED/NC/ft24-919-18_all_prof_PROCESSED.nc,ft24-919-18,374,0.0094682509079575,0.0081677511334419,0.006341001484543,0.0023670000955462,0.0004205014556646,0.0466363653540611,29.86290740966797,NOAA_20,8,0.0249854128382415,0.0460369177162647,0.0005031074979342
/Volumes/Data/Work/SEALTAGS/Prydz/FLUO_LIGHT/PROCESSED/NC/ft24-919-18_all_prof_PROCESSED.nc,ft24-919-18,393,0.0086822866329125,0.0074494289500372,0.0055285724146025,0.0020240007766655,0.0002565719187259,0.042299997061491,31.680795669555664,SUOMI_NPP,7,0.0184684642774812,0.0372443497180938,0.0036991136148571
/Volumes/Data/Work/SEALTAGS/Prydz/FLUO_LIGHT/PROCESSED/NC/ft24-919-18_all_prof_PROCESSED.nc,ft24-919-18,393,0.0089460002879301,0.0061925010134776,0.0047088336820403,0.0012108335892359,7.133310039838155e-05,0.0334124974906444,32.09474563598633,AQUA,12,0.0387293917540738,0.1859025359153747,0.0052500134333968
/Volumes/Data/Work/SEALTAGS/Prydz/FLUO_LIGHT/PROCESSED/NC/ft24-919-18_all_prof_PROCESSED.nc,ft24-919-18,378,0.0092329482891057,0.0080111587518139,0.0062536852140175,0.0025957897305488,0.000434948229476,0.0491599924862384,29.571115493774418,SUOMI_NPP,19,0.0204902913530704,0.0258075762540102,0.002309943549335
/Volumes/Data/Work/SEALTAGS/Prydz/FLUO_LIGHT/PROCESSED/NC/ft24-919-18_all_prof_PROCESSED.nc,ft24-919-18,378,0.0080488899515734,0.007069333973858,0.0055048896206749,0.0021742234627405,0.0004195558528105,0.0487200021743774,29.616395950317383,NOAA_20,9,0.0214917672286748,0.0833350121974945,0.0008898390224203
/Volumes/Data/Work/SEALTAGS/Prydz/FLUO_LIGHT/PROCESSED/NC/ft24-919-18_all_prof_PROCESSED.nc,ft24-919-18,378,0.0127912007272243,0.0104514010250568,0.007566400617361,0.0031854003667831,0.000602801144123,0.0533200018107891,29.58786392211914,NOAA_20,10,0.0510463060724474,0.0535180419683456,0.0023990925401449
/Volumes/Data/Work/SEALTAGS/Prydz/FLUO_LIGHT/PROCESSED/NC/ft24-919-18_all_prof_PROCESSED.nc,ft24-919-18,378,0.0091693755239248,0.0072888757567852,0.0055258760694414,0.0018305010162293,0.0003288758452981,0.0435599982738494,29.84579849243164,AQUA,16,0.0400106235660301,0.0478824898600578,0.0031083831563591
/Volumes/Data/Work/SEALTAGS/Prydz/FLUO_LIGHT/PROCESSED/NC/ft24-919-18_all_prof_PROCESSED.nc,ft24-919-18,391,0.0090290009975433,0.0077170021831989,0.0057920012623071,0.0022730007767677,0.0003430023789405,0.0457499995827674,31.431495666503903,SUOMI_NPP,2,0.0230419798945335,0.0608400739729404,0.0001136001519626
/Volumes/Data/Work/SEALTAGS/Prydz/FLUO_LIGHT/PROCESSED/NC/ft24-919-18_all_prof_PROCESSED.nc,ft24-919-18,403,0.0068914671738942,0.0063205343981583,0.0049936001499493,0.0018162680168946,0.0002650680641333,0.0421679988503456,33.676239013671875,SUOMI_NPP,15,0.0165354826778805,0.0273179728537797,0.0003536704462021
/Volumes/Data/Work/SEALTAGS/Prydz/FLUO_LIGHT/PROCESSED/NC/ft24-919-18_all_prof_PROCESSED.nc,ft24-919-18,403,0.0073518475087789,0.0058783086446615,0.0046984624977295,0.0013378468843606,0.0002395396049206,0.0367040000855922,34.013919830322266,AQUA,13,0.0118377830356494,0.0244231838732957,0.0006958261947147
/Volumes/Data/Work/SEALTAGS/Prydz/FLUO_LIGHT/PROCESSED/NC/ft24-919-18_all_prof_PROCESSED.nc,ft24-919-18,393,0.0086822866329125,0.0074494289500372,0.0055285724146025,0.0020240007766655,0.0002565719187259,0.042299997061491,31.680795669555664,SUOMI_NPP,7,0.0184684642774812,0.0372443497180938,0.0036991136148571
/Volumes/Data/Work/SEALTAGS/Prydz/FLUO_LIGHT/PROCESSED/NC/ft24-919-18_all_prof_PROCESSED.nc,ft24-919-18,393,0.0089460002879301,0.0061925010134776,0.0047088336820403,0.0012108335892359,7.133310039838155e-05,0.0334124974906444,32.09474563598633,AQUA,12,0.0387293917540738,0.1859025359153747,0.0052500134333968
/Volumes/Data/Work/SEALTAGS/Prydz/FLUO_LIGHT/PROCESSED/NC/ft24-919-18_all_prof_PROCESSED.nc,ft24-919-18,403,0.0068914671738942,0.0063205343981583,0.0049936001499493,0.0018162680168946,0.0002650680641333,0.0421679988503456,33.676239013671875,SUOMI_NPP,15,0.0165354826778805,0.0273179728537797,0.0003536704462021
/Volumes/Data/Work/SEALTAGS/Prydz/FLUO_LIGHT/PROCESSED/NC/ft24-919-18_all_prof_PROCESSED.nc,ft24-919-18,403,0.0073518475087789,0.0058783086446615,0.0046984624977295,0.0013378468843606,0.0002395396049206,0.0367040000855922,34.013919830322266,AQUA,13,0.0118377830356494,0.0244231838732957,0.0006958261947147
/Volumes/Data/Work/SEALTAGS/Prydz/FLUO_LIGHT/PROCESSED/NC/ft24-919-18_all_prof_PROCESSED.nc,ft24-919-18,409,0.0095498673617839,0.0078676005204518,0.0058204010128974,0.0022594675421714,0.0002502674857775,0.045157890766859,35.40904998779297,SUOMI_NPP,15,0.0388240461207782,0.0729525610804557,0.0002974034869112
/Volumes/Data/Work/SEALTAGS/Prydz/FLUO_LIGHT/PROCESSED/NC/ft24-919-18_all_prof_PROCESSED.nc,ft24-919-18,409,0.0080258672436078,0.0068626674513022,0.0054506674408912,0.0017744007209936,0.0002602676550547,0.0395279973745346,35.404319763183594,NOAA_20,15,0.0104402494290928,0.0448663160204887,0.0002335702738491
/Volumes/Data/Work/SEALTAGS/Prydz/FLUO_LIGHT/PROCESSED/NC/ft24-919-18_all_prof_PROCESSED.nc,ft24-919-18,409,0.0095884622289584,0.007373077651629,0.0054235392465041,0.0016001546039031,0.0002203082235959,0.0388470590114593,35.71564483642578,AQUA,13,0.0211860348193376,0.0832503661513328,0.0010248884791508
/Volumes/Data/Work/SEALTAGS/Prydz/FLUO_LIGHT/PROCESSED/NC/ft24-919-18_all_prof_PROCESSED.nc,ft24-919-18,391,0.0090290009975433,0.0077170021831989,0.0057920012623071,0.0022730007767677,0.0003430023789405,0.0457499995827674,31.431495666503903,SUOMI_NPP,2,0.0230419798945335,0.0608400739729404,0.0001136001519626
/Volumes/Data/Work/SEALTAGS/Prydz/FLUO_LIGHT/PROCESSED/NC/ft24-919-18_all_prof_PROCESSED.nc,ft24-919-18,409,0.0095498673617839,0.0078676005204518,0.0058204010128974,0.0022594675421714,0.0002502674857775,0.045157890766859,35.40904998779297,SUOMI_NPP,15,0.0388240461207782,0.0729525610804557,0.0002974034869112
/Volumes/Data/Work/SEALTAGS/Prydz/FLUO_LIGHT/PROCESSED/NC/ft24-919-18_all_prof_PROCESSED.nc,ft24-919-18,409,0.0080258672436078,0.0068626674513022,0.0054506674408912,0.0017744007209936,0.0002602676550547,0.0395279973745346,35.404319763183594,NOAA_20,15,0.0104402494290928,0.0448663160204887,0.0002335702738491
/Volumes/Data/Work/SEALTAGS/Prydz/FLUO_LIGHT/PROCESSED/NC/ft24-919-18_all_prof_PROCESSED.nc,ft24-919-18,409,0.0095884622289584,0.007373077651629,0.0054235392465041,0.0016001546039031,0.0002203082235959,0.0388470590114593,35.71564483642578,AQUA,13,0.0211860348193376,0.0832503661513328,0.0010248884791508
/Volumes/Data/Work/SEALTAGS/Prydz/FLUO_LIGHT/PROCESSED/NC/ft24-919-18_all_prof_PROCESSED.nc,ft24-919-18,419,0.0060304712285013,0.0057905892677166,0.0047475305550238,0.0016881188049035,0.0001970597488038,0.041143998503685,38.30119705200195,SUOMI_NPP,17,0.027510025268781,0.0466556437313556,0.0055434657260775
/Volumes/Data/Work/SEALTAGS/Prydz/FLUO_LIGHT/PROCESSED/NC/ft24-919-18_all_prof_PROCESSED.nc,ft24-919-18,419,0.0066787505056709,0.0060998760163784,0.0050225008744746,0.0016038762405514,0.0002635007258504,0.0391272753477096,38.38690948486328,NOAA_20,16,0.0155382657198157,0.0587783902883529,0.0051387534476816
/Volumes/Data/Work/SEALTAGS/Prydz/FLUO_LIGHT/PROCESSED/NC/ft24-919-18_all_prof_PROCESSED.nc,ft24-919-18,419,0.0068105560623937,0.0059596678862969,0.0047293344719542,0.0013945564213726,0.0002115563386016,0.0353839993476867,38.653839111328125,AQUA,18,0.0226805981763142,0.0314875729382038,0.0033608090598136
/Volumes/Data/Work/SEALTAGS/Prydz/FLUO_LIGHT/PROCESSED/NC/ft24-919-18_all_prof_PROCESSED.nc,ft24-919-18,419,0.0060304712285013,0.0057905892677166,0.0047475305550238,0.0016881188049035,0.0001970597488038,0.041143998503685,38.30119705200195,SUOMI_NPP,17,0.027510025268781,0.0466556437313556,0.0055434657260775
/Volumes/Data/Work/SEALTAGS/Prydz/FLUO_LIGHT/PROCESSED/NC/ft24-919-18_all_prof_PROCESSED.nc,ft24-919-18,419,0.0066787505056709,0.0060998760163784,0.0050225008744746,0.0016038762405514,0.0002635007258504,0.0391272753477096,38.38690948486328,NOAA_20,16,0.0155382657198157,0.0587783902883529,0.0051387534476816
/Volumes/Data/Work/SEALTAGS/Prydz/FLUO_LIGHT/PROCESSED/NC/ft24-919-18_all_prof_PROCESSED.nc,ft24-919-18,419,0.0068105560623937,0.0059596678862969,0.0047293344719542,0.0013945564213726,0.0002115563386016,0.0353839993476867,38.653839111328125,AQUA,18,0.0226805981763142,0.0314875729382038,0.0033608090598136
/Volumes/Data/Work/SEALTAGS/Prydz/FLUO_LIGHT/PROCESSED/NC/ft24-919-18_all_prof_PROCESSED.nc,ft24-919-18,426,0.011933334171772,0.0097693341473738,0.0072520015140374,0.0026766670246918,0.0005026683211326,0.0463333316147327,39.61333084106445,NOAA_20,3,0.016739871285834,0.0307926964014768,0.0001560559467179
/Volumes/Data/Work/SEALTAGS/Prydz/FLUO_LIGHT/PROCESSED/NC/ft24-919-18_all_prof_PROCESSED.nc,ft24-919-18,441,0.0084852501749992,0.0074132508598268,0.0057430011220276,0.0021042502485215,0.0002642511390149,0.0425199978053569,44.645999908447266,SUOMI_NPP,8,0.0766795302837487,0.0565693117678165,0.000580629624892
/Volumes/Data/Work/SEALTAGS/Prydz/FLUO_LIGHT/PROCESSED/NC/ft24-919-18_all_prof_PROCESSED.nc,ft24-919-18,426,0.011933334171772,0.0097693341473738,0.0072520015140374,0.0026766670246918,0.0005026683211326,0.0463333316147327,39.61333084106445,NOAA_20,3,0.016739871285834,0.0307926964014768,0.0001560559467179
/Volumes/Data/Work/SEALTAGS/Prydz/FLUO_LIGHT/PROCESSED/NC/ft24-919-18_all_prof_PROCESSED.nc,ft24-919-18,444,0.013603600859642,0.0109486009925603,0.0082748010754585,0.0030844006687402,0.0005930013954639,0.0468857176601886,45.280426025390625,NOAA_20,10,0.0148423573899951,0.0214932244271039,0.0006143456557765
/Volumes/Data/Work/SEALTAGS/Prydz/FLUO_LIGHT/PROCESSED/NC/ft24-919-18_all_prof_PROCESSED.nc,ft24-919-18,444,0.014334000647068,0.0111999996006488,0.0079290010035038,0.0025090016424655,0.0004249997437,0.0421999990940094,45.720001220703125,AQUA,2,0.0153390205636266,0.0284360162913799,0.0
/Volumes/Data/Work/SEALTAGS/Prydz/FLUO_LIGHT/PROCESSED/NC/ft24-919-18_all_prof_PROCESSED.nc,ft24-919-18,433,0.0087706670165061,0.0075620015462239,0.0058593352635701,0.0018560017148653,0.0002406674126784,0.0375333316624164,41.47599792480469,NOAA_20,3,0.0134766773139122,0.0267611257731914,0.0031200584489852
/Volumes/Data/Work/SEALTAGS/Prydz/FLUO_LIGHT/PROCESSED/NC/ft24-919-18_all_prof_PROCESSED.nc,ft24-919-18,441,0.0084852501749992,0.0074132508598268,0.0057430011220276,0.0021042502485215,0.0002642511390149,0.0425199978053569,44.645999908447266,SUOMI_NPP,8,0.0766795302837487,0.0565693117678165,0.000580629624892
/Volumes/Data/Work/SEALTAGS/Prydz/FLUO_LIGHT/PROCESSED/NC/ft24-919-18_all_prof_PROCESSED.nc,ft24-919-18,433,0.0087706670165061,0.0075620015462239,0.0058593352635701,0.0018560017148653,0.0002406674126784,0.0375333316624164,41.47599792480469,NOAA_20,3,0.0134766773139122,0.0267611257731914,0.0031200584489852
/Volumes/Data/Work/SEALTAGS/Prydz/FLUO_LIGHT/PROCESSED/NC/ft24-919-18_all_prof_PROCESSED.nc,ft24-919-18,444,0.013603600859642,0.0109486009925603,0.0082748010754585,0.0030844006687402,0.0005930013954639,0.0468857176601886,45.280426025390625,NOAA_20,10,0.0148423573899951,0.0214932244271039,0.0006143456557765
/Volumes/Data/Work/SEALTAGS/Prydz/FLUO_LIGHT/PROCESSED/NC/ft24-919-18_all_prof_PROCESSED.nc,ft24-919-18,444,0.014334000647068,0.0111999996006488,0.0079290010035038,0.0025090016424655,0.0004249997437,0.0421999990940094,45.720001220703125,AQUA,2,0.0153390205636266,0.0284360162913799,0.0
/Volumes/Data/Work/SEALTAGS/Prydz/FLUO_LIGHT/PROCESSED/NC/ft24-919-18_all_prof_PROCESSED.nc,ft24-919-18,452,0.0073274008929729,0.006700000539422,0.0055680006742477,0.002020800486207,0.0002688005566596,0.0419285707175731,49.86143112182617,SUOMI_NPP,10,0.0159084359147091,0.025977186858654,0.0001449603005312
/Volumes/Data/Work/SEALTAGS/Prydz/FLUO_LIGHT/PROCESSED/NC/ft24-919-18_all_prof_PROCESSED.nc,ft24-919-18,454,0.0093308009207248,0.0081092009941736,0.0065885342657566,0.0026238682369391,0.0004354678094387,0.0469279959797859,50.614479064941406,SUOMI_NPP,15,0.0169284990474254,0.0213222000747919,0.0019049793481826
/Volumes/Data/Work/SEALTAGS/Prydz/FLUO_LIGHT/PROCESSED/NC/ft24-919-18_all_prof_PROCESSED.nc,ft24-919-18,454,0.0084541340668996,0.0072161341706911,0.0055760006109873,0.0016793340444564,0.0003137337664763,0.0404842086136341,50.96052551269531,AQUA,15,0.0777460245408956,0.0491233877837657,0.003084720345214
/Volumes/Data/Work/SEALTAGS/Prydz/FLUO_LIGHT/PROCESSED/NC/ft24-920-18_all_prof_PROCESSED.nc,ft24-920-18,3,0.0062301259022206,0.0056490006390959,0.0053942513186484,0.0025571261066943,0.0003146261442452,0.0659840032458305,67.5622329711914,AQUA,16,0.0173776954973528,0.0195292942225933,0.0019742418080568
/Volumes/Data/Work/SEALTAGS/Prydz/FLUO_LIGHT/PROCESSED/NC/ft24-919-18_all_prof_PROCESSED.nc,ft24-919-18,452,0.0073274008929729,0.006700000539422,0.0055680006742477,0.002020800486207,0.0002688005566596,0.0419285707175731,49.86143112182617,SUOMI_NPP,10,0.0159084359147091,0.025977186858654,0.0001449603005312
/Volumes/Data/Work/SEALTAGS/Prydz/FLUO_LIGHT/PROCESSED/NC/ft24-919-18_all_prof_PROCESSED.nc,ft24-919-18,454,0.0093308009207248,0.0081092009941736,0.0065885342657566,0.0026238682369391,0.0004354678094387,0.0469279959797859,50.614479064941406,SUOMI_NPP,15,0.0169284990474254,0.0213222000747919,0.0019049793481826
/Volumes/Data/Work/SEALTAGS/Prydz/FLUO_LIGHT/PROCESSED/NC/ft24-919-18_all_prof_PROCESSED.nc,ft24-919-18,454,0.0084541340668996,0.0072161341706911,0.0055760006109873,0.0016793340444564,0.0003137337664763,0.0404842086136341,50.96052551269531,AQUA,15,0.0777460245408956,0.0491233877837657,0.003084720345214
/Volumes/Data/Work/SEALTAGS/Prydz/FLUO_LIGHT/PROCESSED/NC/ft24-920-18_all_prof_PROCESSED.nc,ft24-920-18,3,0.006230125902220607,0.0056490006390959024,0.0053942513186484575,0.0025571261066943407,0.0003146261442452669,0.06598400324583054,67.5622329711914,AQUA,16,0.017377695497352866,0.019529294222593307,0.0019742418080568314
