SEALTAG_NC_FILE,TAG_ID,PROFILE_NUM,DATE,LATITUDE,LONGITUDE,ISDAYTIME,PROCESSED
/Volumes/Data/Work/SEALTAGS/Prydz/ct182/v5_20251106/PROCESSED/NC/ct182-865F-24_hr1_prof_PROCESSED.nc,ct182-865F-24,1,2025-01-24 10:00:00,-49.5598,70.3596,True,True
/Volumes/Data/Work/SEALTAGS/Prydz/ct182/v5_20251106/PROCESSED/NC/ct182-865F-24_hr1_prof_PROCESSED.nc,ct182-865F-24,2,2025-01-24 11:10:00,-49.58,70.3964,True,True
/Volumes/Data/Work/SEALTAGS/Prydz/ct182/v5_20251106/PROCESSED/NC/ct182-865F-24_hr1_prof_PROCESSED.nc,ct182-865F-24,3,2025-01-24 15:50:00,-49.9602,70.6291,False,True
/Volumes/Data/Work/SEALTAGS/Prydz/ct182/v5_20251106/PROCESSED/NC/ct182-865F-24_hr1_prof_PROCESSED.nc,ct182-865F-24,4,2025-01-24 17:50:00,-50.0175,70.6724,False,True
/Volumes/Data/Work/SEALTAGS/Prydz/ct182/v5_20251106/PROCESSED/NC/ct182-865F-24_hr1_prof_PROCESSED.nc,ct182-865F-24,5,2025-01-24 19:30:00,-50.0387,70.7835,False,True
/Volumes/Data/Work/SEALTAGS/Prydz/ct182/v5_20251106/PROCESSED/NC/ct182-865F-24_hr1_prof_PROCESSED.nc,ct182-865F-24,6,2025-01-25 02:40:00,-50.4035,70.9532,True,True
/Volumes/Data/Work/SEALTAGS/Prydz/ct182/v5_20251106/PROCESSED/NC/ct182-865F-24_hr1_prof_PROCESSED.nc,ct182-865F-24,7,2025-01-25 14:50:00,-50.7647,71.6812,True,True
/Volumes/Data/Work/SEALTAGS/Prydz/ct182/v5_20251106/PROCESSED/NC/ct182-865F-24_hr1_prof_PROCESSED.nc,ct182-865F-24,8,2025-01-26 02:10:00,-51.1433,72.1528,True,True
/Volumes/Data/Work/SEALTAGS/Prydz/ct182/v5_20251106/PROCESSED/NC/ct182-865F-24_hr1_prof_PROCESSED.nc,ct182-865F-24,9,2025-01-26 20:10:00,-51.9319,73.1725,False,True
/Volumes/Data/Work/SEALTAGS/Prydz/ct182/v5_20251106/PROCESSED/NC/ct182-865F-24_hr1_prof_PROCESSED.nc,ct182-865F-24,10,2025-01-26 20:30:00,-51.9496,73.193,False,True
/Volumes/Data/Work/SEALTAGS/Prydz/ct182/v5_20251106/PROCESSED/NC/ct182-865F-24_hr1_prof_PROCESSED.nc,ct182-865F-24,11,2025-01-27 03:10:00,-52.1673,73.5113,True,True
/Volumes/Data/Work/SEALTAGS/Prydz/ct182/v5_20251106/PROCESSED/NC/ct182-865F-24_hr1_prof_PROCESSED.nc,ct182-865F-24,12,2025-01-27 20:10:00,-52.5736,74.3089,False,True
/Volumes/Data/Work/SEALTAGS/Prydz/ct182/v5_20251106/PROCESSED/NC/ct182-865F-24_hr1_prof_PROCESSED.nc,ct182-865F-24,13,2025-01-28 03:20:00,-52.7739,74.6771,True,True
/Volumes/Data/Work/SEALTAGS/Prydz/ct182/v5_20251106/PROCESSED/NC/ct182-865F-24_hr1_prof_PROCESSED.nc,ct182-865F-24,14,2025-01-28 04:00:00,-52.7796,74.7138,True,True
/Volumes/Data/Work/SEALTAGS/Prydz/ct182/v5_20251106/PROCESSED/NC/ct182-865F-24_hr1_prof_PROCESSED.nc,ct182-865F-24,15,2025-01-29 03:20:00,-53.6803,76.3126,True,True
/Volumes/Data/Work/SEALTAGS/Prydz/ct182/v5_20251106/PROCESSED/NC/ct182-865F-24_hr1_prof_PROCESSED.nc,ct182-865F-24,16,2025-01-29 06:00:00,-53.81,76.3239,True,True
/Volumes/Data/Work/SEALTAGS/Prydz/ct182/v5_20251106/PROCESSED/NC/ct182-865F-24_hr1_prof_PROCESSED.nc,ct182-865F-24,17,2025-01-29 12:00:00,-54.0587,76.5463,True,True
/Volumes/Data/Work/SEALTAGS/Prydz/ct182/v5_20251106/PROCESSED/NC/ct182-865F-24_hr1_prof_PROCESSED.nc,ct182-865F-24,18,2025-01-30 03:30:00,-54.4402,77.1595,True,True
/Volumes/Data/Work/SEALTAGS/Prydz/ct182/v5_20251106/PROCESSED/NC/ct182-865F-24_hr1_prof_PROCESSED.nc,ct182-865F-24,19,2025-01-30 08:00:00,-54.5535,77.3478,True,True
/Volumes/Data/Work/SEALTAGS/Prydz/ct182/v5_20251106/PROCESSED/NC/ct182-865F-24_hr1_prof_PROCESSED.nc,ct182-865F-24,20,2025-01-30 15:10:00,-54.7682,77.8958,False,True
/Volumes/Data/Work/SEALTAGS/Prydz/ct182/v5_20251106/PROCESSED/NC/ct182-865F-24_hr1_prof_PROCESSED.nc,ct182-865F-24,21,2025-01-30 23:10:00,-54.9482,78.2358,True,True
/Volumes/Data/Work/SEALTAGS/Prydz/ct182/v5_20251106/PROCESSED/NC/ct182-865F-24_hr1_prof_PROCESSED.nc,ct182-865F-24,22,2025-01-31 03:10:00,-55.1132,78.5136,True,True
/Volumes/Data/Work/SEALTAGS/Prydz/ct182/v5_20251106/PROCESSED/NC/ct182-865F-24_hr1_prof_PROCESSED.nc,ct182-865F-24,23,2025-01-31 07:40:00,-55.1277,78.8568,True,True
/Volumes/Data/Work/SEALTAGS/Prydz/ct182/v5_20251106/PROCESSED/NC/ct182-865F-24_hr1_prof_PROCESSED.nc,ct182-865F-24,24,2025-01-31 15:10:00,-55.2523,79.3699,False,True
/Volumes/Data/Work/SEALTAGS/Prydz/ct182/v5_20251106/PROCESSED/NC/ct182-865F-24_hr1_prof_PROCESSED.nc,ct182-865F-24,25,2025-01-31 16:20:00,-55.3219,79.3623,False,True
/Volumes/Data/Work/SEALTAGS/Prydz/ct182/v5_20251106/PROCESSED/NC/ct182-865F-24_hr1_prof_PROCESSED.nc,ct182-865F-24,26,2025-01-31 20:30:00,-55.5531,79.4672,False,True
/Volumes/Data/Work/SEALTAGS/Prydz/ct182/v5_20251106/PROCESSED/NC/ct182-865F-24_hr1_prof_PROCESSED.nc,ct182-865F-24,27,2025-02-01 03:10:00,-55.7016,79.8222,True,True
/Volumes/Data/Work/SEALTAGS/Prydz/ct182/v5_20251106/PROCESSED/NC/ct182-865F-24_hr1_prof_PROCESSED.nc,ct182-865F-24,28,2025-02-01 03:40:00,-55.7282,79.8148,True,True
/Volumes/Data/Work/SEALTAGS/Prydz/ct182/v5_20251106/PROCESSED/NC/ct182-865F-24_hr1_prof_PROCESSED.nc,ct182-865F-24,29,2025-02-01 16:30:00,-56.3236,80.4658,False,True
/Volumes/Data/Work/SEALTAGS/Prydz/ct182/v5_20251106/PROCESSED/NC/ct182-865F-24_hr1_prof_PROCESSED.nc,ct182-865F-24,30,2025-02-02 02:20:00,-56.4254,81.0446,True,True
/Volumes/Data/Work/SEALTAGS/Prydz/ct182/v5_20251106/PROCESSED/NC/ct182-865F-24_hr1_prof_PROCESSED.nc,ct182-865F-24,31,2025-02-02 14:30:00,-56.9186,82.1268,True,True
/Volumes/Data/Work/SEALTAGS/Prydz/ct182/v5_20251106/PROCESSED/NC/ct182-865F-24_hr1_prof_PROCESSED.nc,ct182-865F-24,32,2025-02-03 03:20:00,-57.2711,82.8776,True,True
/Volumes/Data/Work/SEALTAGS/Prydz/ct182/v5_20251106/PROCESSED/NC/ct182-865F-24_hr1_prof_PROCESSED.nc,ct182-865F-24,33,2025-02-03 04:10:00,-57.2819,82.8858,True,True
/Volumes/Data/Work/SEALTAGS/Prydz/ct182/v5_20251106/PROCESSED/NC/ct182-865F-24_hr1_prof_PROCESSED.nc,ct182-865F-24,34,2025-02-03 15:20:00,-57.6919,83.5208,False,True
/Volumes/Data/Work/SEALTAGS/Prydz/ct182/v5_20251106/PROCESSED/NC/ct182-865F-24_hr1_prof_PROCESSED.nc,ct182-865F-24,35,2025-02-03 19:20:00,-57.8076,83.8952,False,True
/Volumes/Data/Work/SEALTAGS/Prydz/ct182/v5_20251106/PROCESSED/NC/ct182-865F-24_hr1_prof_PROCESSED.nc,ct182-865F-24,36,2025-02-04 03:10:00,-58.0319,84.3192,True,True
/Volumes/Data/Work/SEALTAGS/Prydz/ct182/v5_20251106/PROCESSED/NC/ct182-865F-24_hr1_prof_PROCESSED.nc,ct182-865F-24,37,2025-02-04 04:50:00,-58.0941,84.5172,True,True
/Volumes/Data/Work/SEALTAGS/Prydz/ct182/v5_20251106/PROCESSED/NC/ct182-865F-24_hr1_prof_PROCESSED.nc,ct182-865F-24,38,2025-02-04 13:30:00,-58.353,84.9701,True,True
/Volumes/Data/Work/SEALTAGS/Prydz/ct182/v5_20251106/PROCESSED/NC/ct182-865F-24_hr1_prof_PROCESSED.nc,ct182-865F-24,39,2025-02-05 09:50:00,-59.1079,86.4764,True,True
/Volumes/Data/Work/SEALTAGS/Prydz/ct182/v5_20251106/PROCESSED/NC/ct182-865F-24_hr1_prof_PROCESSED.nc,ct182-865F-24,40,2025-02-05 11:40:00,-59.1903,86.6519,True,True
/Volumes/Data/Work/SEALTAGS/Prydz/ct182/v5_20251106/PROCESSED/NC/ct182-865F-24_hr1_prof_PROCESSED.nc,ct182-865F-24,41,2025-02-05 15:10:00,-59.3476,86.987,False,True
/Volumes/Data/Work/SEALTAGS/Prydz/ct182/v5_20251106/PROCESSED/NC/ct182-865F-24_hr1_prof_PROCESSED.nc,ct182-865F-24,42,2025-02-05 18:00:00,-59.475,87.2583,False,True
/Volumes/Data/Work/SEALTAGS/Prydz/ct182/v5_20251106/PROCESSED/NC/ct182-865F-24_hr1_prof_PROCESSED.nc,ct182-865F-24,43,2025-02-06 03:10:00,-59.6973,87.7501,True,True
/Volumes/Data/Work/SEALTAGS/Prydz/ct182/v5_20251106/PROCESSED/NC/ct182-865F-24_hr1_prof_PROCESSED.nc,ct182-865F-24,44,2025-02-06 10:00:00,-59.864,88.462,True,True
/Volumes/Data/Work/SEALTAGS/Prydz/ct182/v5_20251106/PROCESSED/NC/ct182-865F-24_hr1_prof_PROCESSED.nc,ct182-865F-24,45,2025-02-06 15:10:00,-59.9982,88.4658,False,True
/Volumes/Data/Work/SEALTAGS/Prydz/ct182/v5_20251106/PROCESSED/NC/ct182-865F-24_hr1_prof_PROCESSED.nc,ct182-865F-24,46,2025-02-06 15:40:00,-60.0167,88.4342,False,True
/Volumes/Data/Work/SEALTAGS/Prydz/ct182/v5_20251106/PROCESSED/NC/ct182-865F-24_hr1_prof_PROCESSED.nc,ct182-865F-24,47,2025-02-06 23:00:00,-60.3257,88.4913,True,True
/Volumes/Data/Work/SEALTAGS/Prydz/ct182/v5_20251106/PROCESSED/NC/ct182-865F-24_hr1_prof_PROCESSED.nc,ct182-865F-24,48,2025-02-07 03:00:00,-60.5144,88.8012,True,True
/Volumes/Data/Work/SEALTAGS/Prydz/ct182/v5_20251106/PROCESSED/NC/ct182-865F-24_hr1_prof_PROCESSED.nc,ct182-865F-24,49,2025-02-07 05:20:00,-60.6245,88.982,True,True
/Volumes/Data/Work/SEALTAGS/Prydz/ct182/v5_20251106/PROCESSED/NC/ct182-865F-24_hr1_prof_PROCESSED.nc,ct182-865F-24,50,2025-02-07 15:10:00,-61.0883,89.7438,False,True
/Volumes/Data/Work/SEALTAGS/Prydz/ct182/v5_20251106/PROCESSED/NC/ct182-865F-24_hr1_prof_PROCESSED.nc,ct182-865F-24,51,2025-02-07 23:30:00,-61.2061,90.2784,True,True
/Volumes/Data/Work/SEALTAGS/Prydz/ct182/v5_20251106/PROCESSED/NC/ct182-865F-24_hr1_prof_PROCESSED.nc,ct182-865F-24,52,2025-02-08 03:00:00,-61.3398,90.525,True,True
/Volumes/Data/Work/SEALTAGS/Prydz/ct182/v5_20251106/PROCESSED/NC/ct182-865F-24_hr1_prof_PROCESSED.nc,ct182-865F-24,53,2025-02-08 03:40:00,-61.3652,90.5719,True,True
/Volumes/Data/Work/SEALTAGS/Prydz/ct182/v5_20251106/PROCESSED/NC/ct182-865F-24_hr1_prof_PROCESSED.nc,ct182-865F-24,54,2025-02-08 04:50:00,-61.4098,90.6541,True,True
/Volumes/Data/Work/SEALTAGS/Prydz/ct182/v5_20251106/PROCESSED/NC/ct182-865F-24_hr1_prof_PROCESSED.nc,ct182-865F-24,55,2025-02-08 07:20:00,-61.5053,90.8302,True,True
/Volumes/Data/Work/SEALTAGS/Prydz/ct182/v5_20251106/PROCESSED/NC/ct182-865F-24_hr1_prof_PROCESSED.nc,ct182-865F-24,56,2025-02-08 16:20:00,-61.8491,91.4642,False,True
/Volumes/Data/Work/SEALTAGS/Prydz/ct182/v5_20251106/PROCESSED/NC/ct182-865F-24_hr1_prof_PROCESSED.nc,ct182-865F-24,57,2025-02-08 16:50:00,-61.8682,91.4994,False,True
/Volumes/Data/Work/SEALTAGS/Prydz/ct182/v5_20251106/PROCESSED/NC/ct182-865F-24_hr1_prof_PROCESSED.nc,ct182-865F-24,58,2025-02-09 03:20:00,-62.1226,92.4243,True,True
/Volumes/Data/Work/SEALTAGS/Prydz/ct182/v5_20251106/PROCESSED/NC/ct182-865F-24_hr1_prof_PROCESSED.nc,ct182-865F-24,59,2025-02-09 15:10:00,-62.4431,93.5705,False,True
/Volumes/Data/Work/SEALTAGS/Prydz/ct182/v5_20251106/PROCESSED/NC/ct182-865F-24_hr1_prof_PROCESSED.nc,ct182-865F-24,60,2025-02-10 03:20:00,-63.0144,94.0712,True,True
/Volumes/Data/Work/SEALTAGS/Prydz/ct182/v5_20251106/PROCESSED/NC/ct182-865F-24_hr1_prof_PROCESSED.nc,ct182-865F-24,61,2025-02-10 04:20:00,-63.0475,94.179,True,True
/Volumes/Data/Work/SEALTAGS/Prydz/ct182/v5_20251106/PROCESSED/NC/ct182-865F-24_hr1_prof_PROCESSED.nc,ct182-865F-24,62,2025-02-10 16:10:00,-63.2774,95.1342,False,True
/Volumes/Data/Work/SEALTAGS/Prydz/ct182/v5_20251106/PROCESSED/NC/ct182-865F-24_hr1_prof_PROCESSED.nc,ct182-865F-24,63,2025-02-10 16:30:00,-63.2831,95.1913,False,True
/Volumes/Data/Work/SEALTAGS/Prydz/ct182/v5_20251106/PROCESSED/NC/ct182-865F-24_hr1_prof_PROCESSED.nc,ct182-865F-24,64,2025-02-11 03:00:00,-63.728,95.7062,True,True
/Volumes/Data/Work/SEALTAGS/Prydz/ct182/v5_20251106/PROCESSED/NC/ct182-865F-24_hr1_prof_PROCESSED.nc,ct182-865F-24,65,2025-02-11 03:20:00,-63.7163,95.7024,True,True
/Volumes/Data/Work/SEALTAGS/Prydz/ct182/v5_20251106/PROCESSED/NC/ct182-865F-24_hr1_prof_PROCESSED.nc,ct182-865F-24,66,2025-02-11 14:30:00,-64.1824,96.1301,False,True
/Volumes/Data/Work/SEALTAGS/Prydz/ct182/v5_20251106/PROCESSED/NC/ct182-865F-24_hr1_prof_PROCESSED.nc,ct182-865F-24,67,2025-02-11 16:00:00,-64.2537,96.1933,False,True
/Volumes/Data/Work/SEALTAGS/Prydz/ct182/v5_20251106/PROCESSED/NC/ct182-865F-24_hr1_prof_PROCESSED.nc,ct182-865F-24,68,2025-02-11 16:40:00,-64.2853,96.2213,False,True
/Volumes/Data/Work/SEALTAGS/Prydz/ct182/v5_20251106/PROCESSED/NC/ct182-865F-24_hr1_prof_PROCESSED.nc,ct182-865F-24,69,2025-02-12 03:10:00,-64.5601,96.8288,True,True
/Volumes/Data/Work/SEALTAGS/Prydz/ct182/v5_20251106/PROCESSED/NC/ct182-865F-24_hr1_prof_PROCESSED.nc,ct182-865F-24,70,2025-02-12 10:50:00,-64.3231,97.5572,True,True
/Volumes/Data/Work/SEALTAGS/Prydz/ct182/v5_20251106/PROCESSED/NC/ct182-865F-24_hr1_prof_PROCESSED.nc,ct182-865F-24,71,2025-02-12 15:10:00,-64.3654,97.1795,False,True
/Volumes/Data/Work/SEALTAGS/Prydz/ct182/v5_20251106/PROCESSED/NC/ct182-865F-24_hr1_prof_PROCESSED.nc,ct182-865F-24,72,2025-02-13 03:00:00,-64.2483,97.6381,True,True
/Volumes/Data/Work/SEALTAGS/Prydz/ct182/v5_20251106/PROCESSED/NC/ct182-865F-24_hr1_prof_PROCESSED.nc,ct182-865F-24,73,2025-02-13 05:20:00,-64.2702,97.6669,True,True
/Volumes/Data/Work/SEALTAGS/Prydz/ct182/v5_20251106/PROCESSED/NC/ct182-865F-24_hr1_prof_PROCESSED.nc,ct182-865F-24,74,2025-02-13 09:30:00,-64.3065,97.8526,True,True
/Volumes/Data/Work/SEALTAGS/Prydz/ct182/v5_20251106/PROCESSED/NC/ct182-865F-24_hr1_prof_PROCESSED.nc,ct182-865F-24,75,2025-02-13 10:00:00,-64.3108,97.8749,True,True
/Volumes/Data/Work/SEALTAGS/Prydz/ct182/v5_20251106/PROCESSED/NC/ct182-865F-24_hr1_prof_PROCESSED.nc,ct182-865F-24,76,2025-02-13 15:00:00,-64.3543,98.0977,False,True
/Volumes/Data/Work/SEALTAGS/Prydz/ct182/v5_20251106/PROCESSED/NC/ct182-865F-24_hr1_prof_PROCESSED.nc,ct182-865F-24,77,2025-02-14 03:20:00,-64.3338,98.6988,True,True
/Volumes/Data/Work/SEALTAGS/Prydz/ct182/v5_20251106/PROCESSED/NC/ct182-865F-24_hr1_prof_PROCESSED.nc,ct182-865F-24,78,2025-02-14 03:40:00,-64.3287,98.7079,True,True
/Volumes/Data/Work/SEALTAGS/Prydz/ct182/v5_20251106/PROCESSED/NC/ct182-865F-24_hr1_prof_PROCESSED.nc,ct182-865F-24,79,2025-02-14 16:30:00,-64.2484,98.9679,False,True
/Volumes/Data/Work/SEALTAGS/Prydz/ct182/v5_20251106/PROCESSED/NC/ct182-865F-24_hr1_prof_PROCESSED.nc,ct182-865F-24,80,2025-02-14 20:10:00,-64.4197,98.9049,False,True
/Volumes/Data/Work/SEALTAGS/Prydz/ct182/v5_20251106/PROCESSED/NC/ct182-865F-24_hr1_prof_PROCESSED.nc,ct182-865F-24,81,2025-02-15 03:10:00,-64.6632,99.0724,True,True
/Volumes/Data/Work/SEALTAGS/Prydz/ct182/v5_20251106/PROCESSED/NC/ct182-865F-24_hr1_prof_PROCESSED.nc,ct182-865F-24,82,2025-02-15 14:10:00,-64.4222,99.367,False,True
/Volumes/Data/Work/SEALTAGS/Prydz/ct182/v5_20251106/PROCESSED/NC/ct182-865F-24_hr1_prof_PROCESSED.nc,ct182-865F-24,83,2025-02-16 02:20:00,-64.4282,99.2653,True,True
/Volumes/Data/Work/SEALTAGS/Prydz/ct182/v5_20251106/PROCESSED/NC/ct182-865F-24_hr1_prof_PROCESSED.nc,ct182-865F-24,84,2025-02-16 14:20:00,-64.4088,99.0583,False,True
/Volumes/Data/Work/SEALTAGS/Prydz/ct182/v5_20251106/PROCESSED/NC/ct182-865F-24_hr1_prof_PROCESSED.nc,ct182-865F-24,85,2025-02-17 02:20:00,-64.3018,99.7896,True,True
/Volumes/Data/Work/SEALTAGS/Prydz/ct182/v5_20251106/PROCESSED/NC/ct182-865F-24_hr1_prof_PROCESSED.nc,ct182-865F-24,86,2025-02-17 15:10:00,-64.5665,99.9937,False,True
/Volumes/Data/Work/SEALTAGS/Prydz/ct182/v5_20251106/PROCESSED/NC/ct182-865F-24_hr1_prof_PROCESSED.nc,ct182-865F-24,87,2025-02-17 15:30:00,-64.5635,100.0053,False,True
/Volumes/Data/Work/SEALTAGS/Prydz/ct182/v5_20251106/PROCESSED/NC/ct182-865F-24_hr1_prof_PROCESSED.nc,ct182-865F-24,88,2025-02-17 18:10:00,-64.548,100.1059,False,True
/Volumes/Data/Work/SEALTAGS/Prydz/ct182/v5_20251106/PROCESSED/NC/ct182-865F-24_hr1_prof_PROCESSED.nc,ct182-865F-24,89,2025-02-18 03:10:00,-64.4831,100.6352,True,True
/Volumes/Data/Work/SEALTAGS/Prydz/ct182/v5_20251106/PROCESSED/NC/ct182-865F-24_hr1_prof_PROCESSED.nc,ct182-865F-24,90,2025-02-18 18:30:00,-64.3398,100.8643,False,True
/Volumes/Data/Work/SEALTAGS/Prydz/ct182/v5_20251106/PROCESSED/NC/ct182-865F-24_hr1_prof_PROCESSED.nc,ct182-865F-24,91,2025-02-18 20:10:00,-64.3066,100.6152,False,True
/Volumes/Data/Work/SEALTAGS/Prydz/ct182/v5_20251106/PROCESSED/NC/ct182-865F-24_hr1_prof_PROCESSED.nc,ct182-865F-24,92,2025-02-18 20:30:00,-64.3,100.5654,False,True
/Volumes/Data/Work/SEALTAGS/Prydz/ct182/v5_20251106/PROCESSED/NC/ct182-865F-24_hr1_prof_PROCESSED.nc,ct182-865F-24,93,2025-02-19 03:10:00,-64.3759,100.733,True,True
/Volumes/Data/Work/SEALTAGS/Prydz/ct182/v5_20251106/PROCESSED/NC/ct182-865F-24_hr1_prof_PROCESSED.nc,ct182-865F-24,94,2025-02-19 15:00:00,-64.2881,101.3065,False,True
/Volumes/Data/Work/SEALTAGS/Prydz/ct182/v5_20251106/PROCESSED/NC/ct182-865F-24_hr1_prof_PROCESSED.nc,ct182-865F-24,95,2025-02-20 03:10:00,-64.1593,101.3367,True,True
/Volumes/Data/Work/SEALTAGS/Prydz/ct182/v5_20251106/PROCESSED/NC/ct182-865F-24_hr1_prof_PROCESSED.nc,ct182-865F-24,96,2025-02-20 15:00:00,-64.4563,100.5233,False,True
/Volumes/Data/Work/SEALTAGS/Prydz/ct182/v5_20251106/PROCESSED/NC/ct182-865F-24_hr1_prof_PROCESSED.nc,ct182-865F-24,97,2025-02-21 03:10:00,-64.5125,100.6035,True,True
/Volumes/Data/Work/SEALTAGS/Prydz/ct182/v5_20251106/PROCESSED/NC/ct182-865F-24_hr1_prof_PROCESSED.nc,ct182-865F-24,98,2025-02-21 04:20:00,-64.5223,100.5877,True,True
/Volumes/Data/Work/SEALTAGS/Prydz/ct182/v5_20251106/PROCESSED/NC/ct182-865F-24_hr1_prof_PROCESSED.nc,ct182-865F-24,99,2025-02-21 15:30:00,-64.2856,100.3535,False,True
/Volumes/Data/Work/SEALTAGS/Prydz/ct182/v5_20251106/PROCESSED/NC/ct182-865F-24_hr1_prof_PROCESSED.nc,ct182-865F-24,100,2025-02-21 18:00:00,-64.3333,100.5706,False,True
/Volumes/Data/Work/SEALTAGS/Prydz/ct182/v5_20251106/PROCESSED/NC/ct182-865F-24_hr1_prof_PROCESSED.nc,ct182-865F-24,101,2025-02-22 03:00:00,-64.4452,100.4108,True,True
/Volumes/Data/Work/SEALTAGS/Prydz/ct182/v5_20251106/PROCESSED/NC/ct182-865F-24_hr1_prof_PROCESSED.nc,ct182-865F-24,102,2025-02-23 02:10:00,-64.3677,100.4793,True,True
/Volumes/Data/Work/SEALTAGS/Prydz/ct182/v5_20251106/PROCESSED/NC/ct182-865F-24_hr1_prof_PROCESSED.nc,ct182-865F-24,103,2025-02-23 15:10:00,-64.5688,100.0655,False,True
/Volumes/Data/Work/SEALTAGS/Prydz/ct182/v5_20251106/PROCESSED/NC/ct182-865F-24_hr1_prof_PROCESSED.nc,ct182-865F-24,104,2025-02-23 15:30:00,-64.5439,100.099,False,True
/Volumes/Data/Work/SEALTAGS/Prydz/ct182/v5_20251106/PROCESSED/NC/ct182-865F-24_hr1_prof_PROCESSED.nc,ct182-865F-24,105,2025-02-24 02:50:00,-64.4901,100.2582,True,True
/Volumes/Data/Work/SEALTAGS/Prydz/ct182/v5_20251106/PROCESSED/NC/ct182-865F-24_hr1_prof_PROCESSED.nc,ct182-865F-24,106,2025-02-24 15:30:00,-64.4613,100.1059,False,True
/Volumes/Data/Work/SEALTAGS/Prydz/ct182/v5_20251106/PROCESSED/NC/ct182-865F-24_hr1_prof_PROCESSED.nc,ct182-865F-24,107,2025-02-24 18:40:00,-64.615,100.595,False,True
/Volumes/Data/Work/SEALTAGS/Prydz/ct182/v5_20251106/PROCESSED/NC/ct182-865F-24_hr1_prof_PROCESSED.nc,ct182-865F-24,108,2025-02-24 19:00:00,-64.6312,100.6465,False,True
/Volumes/Data/Work/SEALTAGS/Prydz/ct182/v5_20251106/PROCESSED/NC/ct182-865F-24_hr1_prof_PROCESSED.nc,ct182-865F-24,109,2025-02-25 03:00:00,-64.5816,100.7149,True,True
/Volumes/Data/Work/SEALTAGS/Prydz/ct182/v5_20251106/PROCESSED/NC/ct182-865F-24_hr1_prof_PROCESSED.nc,ct182-865F-24,110,2025-02-25 05:20:00,-64.5499,100.7143,True,True
/Volumes/Data/Work/SEALTAGS/Prydz/ct182/v5_20251106/PROCESSED/NC/ct182-865F-24_hr1_prof_PROCESSED.nc,ct182-865F-24,111,2025-02-25 15:10:00,-64.4699,100.9881,False,True
/Volumes/Data/Work/SEALTAGS/Prydz/ct182/v5_20251106/PROCESSED/NC/ct182-865F-24_hr1_prof_PROCESSED.nc,ct182-865F-24,112,2025-02-26 03:00:00,-64.473,100.7892,True,True
/Volumes/Data/Work/SEALTAGS/Prydz/ct182/v5_20251106/PROCESSED/NC/ct182-865F-24_hr1_prof_PROCESSED.nc,ct182-865F-24,113,2025-02-26 15:10:00,-64.3033,100.726,False,True
/Volumes/Data/Work/SEALTAGS/Prydz/ct182/v5_20251106/PROCESSED/NC/ct182-865F-24_hr1_prof_PROCESSED.nc,ct182-865F-24,114,2025-02-27 03:10:00,-64.2358,100.4146,True,True
/Volumes/Data/Work/SEALTAGS/Prydz/ct182/v5_20251106/PROCESSED/NC/ct182-865F-24_hr1_prof_PROCESSED.nc,ct182-865F-24,115,2025-02-27 15:20:00,-64.2927,100.7322,False,True
/Volumes/Data/Work/SEALTAGS/Prydz/ct182/v5_20251106/PROCESSED/NC/ct182-865F-24_hr1_prof_PROCESSED.nc,ct182-865F-24,116,2025-02-28 03:00:00,-64.2861,100.4598,True,True
/Volumes/Data/Work/SEALTAGS/Prydz/ct182/v5_20251106/PROCESSED/NC/ct182-865F-24_hr1_prof_PROCESSED.nc,ct182-865F-24,117,2025-02-28 03:20:00,-64.2713,100.4843,True,True
/Volumes/Data/Work/SEALTAGS/Prydz/ct182/v5_20251106/PROCESSED/NC/ct182-865F-24_hr1_prof_PROCESSED.nc,ct182-865F-24,118,2025-02-28 17:00:00,-64.3538,100.278,False,True
/Volumes/Data/Work/SEALTAGS/Prydz/ct182/v5_20251106/PROCESSED/NC/ct182-865F-24_hr1_prof_PROCESSED.nc,ct182-865F-24,119,2025-02-28 19:00:00,-64.3588,99.9969,False,True
/Volumes/Data/Work/SEALTAGS/Prydz/ct182/v5_20251106/PROCESSED/NC/ct182-865F-24_hr1_prof_PROCESSED.nc,ct182-865F-24,120,2025-03-01 02:20:00,-64.2976,99.7698,True,True
/Volumes/Data/Work/SEALTAGS/Prydz/ct182/v5_20251106/PROCESSED/NC/ct182-865F-24_hr1_prof_PROCESSED.nc,ct182-865F-24,121,2025-03-01 15:10:00,-64.4653,100.4787,False,True
/Volumes/Data/Work/SEALTAGS/Prydz/ct182/v5_20251106/PROCESSED/NC/ct182-865F-24_hr1_prof_PROCESSED.nc,ct182-865F-24,122,2025-03-01 15:50:00,-64.4338,100.4567,False,True
/Volumes/Data/Work/SEALTAGS/Prydz/ct182/v5_20251106/PROCESSED/NC/ct182-865F-24_hr1_prof_PROCESSED.nc,ct182-865F-24,123,2025-03-02 03:10:00,-64.2608,100.2007,True,True
/Volumes/Data/Work/SEALTAGS/Prydz/ct182/v5_20251106/PROCESSED/NC/ct182-865F-24_hr1_prof_PROCESSED.nc,ct182-865F-24,124,2025-03-02 03:30:00,-64.2434,100.1661,True,True
/Volumes/Data/Work/SEALTAGS/Prydz/ct182/v5_20251106/PROCESSED/NC/ct182-865F-24_hr1_prof_PROCESSED.nc,ct182-865F-24,125,2025-03-02 15:10:00,-64.338,100.1509,False,True
/Volumes/Data/Work/SEALTAGS/Prydz/ct182/v5_20251106/PROCESSED/NC/ct182-865F-24_hr1_prof_PROCESSED.nc,ct182-865F-24,126,2025-03-02 18:30:00,-64.4054,100.0242,False,True
/Volumes/Data/Work/SEALTAGS/Prydz/ct182/v5_20251106/PROCESSED/NC/ct182-865F-24_hr1_prof_PROCESSED.nc,ct182-865F-24,127,2025-03-02 19:00:00,-64.4155,100.0052,False,True
/Volumes/Data/Work/SEALTAGS/Prydz/ct182/v5_20251106/PROCESSED/NC/ct182-865F-24_hr1_prof_PROCESSED.nc,ct182-865F-24,128,2025-03-03 02:00:00,-64.4406,100.0393,True,True
/Volumes/Data/Work/SEALTAGS/Prydz/ct182/v5_20251106/PROCESSED/NC/ct182-865F-24_hr1_prof_PROCESSED.nc,ct182-865F-24,129,2025-03-03 15:10:00,-64.3152,100.734,False,True
/Volumes/Data/Work/SEALTAGS/Prydz/ct182/v5_20251106/PROCESSED/NC/ct182-865F-24_hr1_prof_PROCESSED.nc,ct182-865F-24,130,2025-03-04 03:10:00,-64.4441,100.5569,True,True
/Volumes/Data/Work/SEALTAGS/Prydz/ct182/v5_20251106/PROCESSED/NC/ct182-865F-24_hr1_prof_PROCESSED.nc,ct182-865F-24,131,2025-03-04 14:10:00,-64.472,100.4311,False,True
/Volumes/Data/Work/SEALTAGS/Prydz/ct182/v5_20251106/PROCESSED/NC/ct182-865F-24_hr1_prof_PROCESSED.nc,ct182-865F-24,132,2025-03-05 02:40:00,-64.3166,100.2541,True,True
/Volumes/Data/Work/SEALTAGS/Prydz/ct182/v5_20251106/PROCESSED/NC/ct182-865F-24_hr1_prof_PROCESSED.nc,ct182-865F-24,133,2025-03-05 14:20:00,-64.0758,100.8483,False,True
/Volumes/Data/Work/SEALTAGS/Prydz/ct182/v5_20251106/PROCESSED/NC/ct182-865F-24_hr1_prof_PROCESSED.nc,ct182-865F-24,134,2025-03-06 03:10:00,-64.2489,100.4141,True,True
/Volumes/Data/Work/SEALTAGS/Prydz/ct182/v5_20251106/PROCESSED/NC/ct182-865F-24_hr1_prof_PROCESSED.nc,ct182-865F-24,135,2025-03-06 04:40:00,-64.3178,100.3283,True,True
/Volumes/Data/Work/SEALTAGS/Prydz/ct182/v5_20251106/PROCESSED/NC/ct182-865F-24_hr1_prof_PROCESSED.nc,ct182-865F-24,136,2025-03-06 14:20:00,-64.2703,100.654,False,True
/Volumes/Data/Work/SEALTAGS/Prydz/ct182/v5_20251106/PROCESSED/NC/ct182-865F-24_hr1_prof_PROCESSED.nc,ct182-865F-24,137,2025-03-07 02:10:00,-64.4111,101.1162,True,True
/Volumes/Data/Work/SEALTAGS/Prydz/ct182/v5_20251106/PROCESSED/NC/ct182-865F-24_hr1_prof_PROCESSED.nc,ct182-865F-24,138,2025-03-07 14:20:00,-64.5024,99.8704,False,True
/Volumes/Data/Work/SEALTAGS/Prydz/ct182/v5_20251106/PROCESSED/NC/ct182-865F-24_hr1_prof_PROCESSED.nc,ct182-865F-24,139,2025-03-08 03:10:00,-64.3591,100.7335,True,True
/Volumes/Data/Work/SEALTAGS/Prydz/ct182/v5_20251106/PROCESSED/NC/ct182-865F-24_hr1_prof_PROCESSED.nc,ct182-865F-24,140,2025-03-08 14:10:00,-64.1395,100.8939,False,True
/Volumes/Data/Work/SEALTAGS/Prydz/ct182/v5_20251106/PROCESSED/NC/ct182-865F-24_hr1_prof_PROCESSED.nc,ct182-865F-24,141,2025-03-09 03:10:00,-64.423,100.2608,True,True
/Volumes/Data/Work/SEALTAGS/Prydz/ct182/v5_20251106/PROCESSED/NC/ct182-865F-24_hr1_prof_PROCESSED.nc,ct182-865F-24,142,2025-03-09 14:20:00,-64.3732,100.3707,False,True
/Volumes/Data/Work/SEALTAGS/Prydz/ct182/v5_20251106/PROCESSED/NC/ct182-865F-24_hr1_prof_PROCESSED.nc,ct182-865F-24,143,2025-03-10 02:20:00,-64.3416,99.7465,True,True
/Volumes/Data/Work/SEALTAGS/Prydz/ct182/v5_20251106/PROCESSED/NC/ct182-865F-24_hr1_prof_PROCESSED.nc,ct182-865F-24,144,2025-03-10 14:50:00,-64.1763,100.1325,False,True
/Volumes/Data/Work/SEALTAGS/Prydz/ct182/v5_20251106/PROCESSED/NC/ct182-865F-24_hr1_prof_PROCESSED.nc,ct182-865F-24,145,2025-03-11 02:10:00,-63.9875,100.0931,True,True
/Volumes/Data/Work/SEALTAGS/Prydz/ct182/v5_20251106/PROCESSED/NC/ct182-865F-24_hr1_prof_PROCESSED.nc,ct182-865F-24,146,2025-03-11 14:20:00,-64.166,99.6952,False,True
/Volumes/Data/Work/SEALTAGS/Prydz/ct182/v5_20251106/PROCESSED/NC/ct182-865F-24_hr1_prof_PROCESSED.nc,ct182-865F-24,147,2025-03-12 02:00:00,-64.3034,99.9494,True,True
/Volumes/Data/Work/SEALTAGS/Prydz/ct182/v5_20251106/PROCESSED/NC/ct182-865F-24_hr1_prof_PROCESSED.nc,ct182-865F-24,148,2025-03-12 14:30:00,-64.2503,99.7998,False,True
/Volumes/Data/Work/SEALTAGS/Prydz/ct182/v5_20251106/PROCESSED/NC/ct182-865F-24_hr1_prof_PROCESSED.nc,ct182-865F-24,149,2025-03-13 02:10:00,-64.4892,99.5413,True,True
/Volumes/Data/Work/SEALTAGS/Prydz/ct182/v5_20251106/PROCESSED/NC/ct182-865F-24_hr1_prof_PROCESSED.nc,ct182-865F-24,150,2025-03-13 14:10:00,-64.38,99.9563,False,True
/Volumes/Data/Work/SEALTAGS/Prydz/ct182/v5_20251106/PROCESSED/NC/ct182-865F-24_hr1_prof_PROCESSED.nc,ct182-865F-24,151,2025-03-14 02:10:00,-64.3624,100.3298,True,True
/Volumes/Data/Work/SEALTAGS/Prydz/ct182/v5_20251106/PROCESSED/NC/ct182-865F-24_hr1_prof_PROCESSED.nc,ct182-865F-24,152,2025-03-14 14:20:00,-64.2892,99.6474,False,True
/Volumes/Data/Work/SEALTAGS/Prydz/ct182/v5_20251106/PROCESSED/NC/ct182-865F-24_hr1_prof_PROCESSED.nc,ct182-865F-24,153,2025-03-15 02:30:00,-64.3153,100.2794,True,True
/Volumes/Data/Work/SEALTAGS/Prydz/ct182/v5_20251106/PROCESSED/NC/ct182-865F-24_hr1_prof_PROCESSED.nc,ct182-865F-24,154,2025-03-15 14:30:00,-64.1616,100.2401,False,True
/Volumes/Data/Work/SEALTAGS/Prydz/ct182/v5_20251106/PROCESSED/NC/ct182-865F-24_hr1_prof_PROCESSED.nc,ct182-865F-24,155,2025-03-16 03:20:00,-64.3199,100.16,True,True
/Volumes/Data/Work/SEALTAGS/Prydz/ct182/v5_20251106/PROCESSED/NC/ct182-865F-24_hr1_prof_PROCESSED.nc,ct182-865F-24,156,2025-03-16 14:10:00,-64.2444,100.4717,False,True
/Volumes/Data/Work/SEALTAGS/Prydz/ct182/v5_20251106/PROCESSED/NC/ct182-865F-24_hr1_prof_PROCESSED.nc,ct182-865F-24,157,2025-03-17 00:00:00,-64.249,100.1699,True,True
/Volumes/Data/Work/SEALTAGS/Prydz/ct182/v5_20251106/PROCESSED/NC/ct182-865F-24_hr1_prof_PROCESSED.nc,ct182-865F-24,158,2025-03-17 15:20:00,-64.3438,100.4666,False,True
/Volumes/Data/Work/SEALTAGS/Prydz/ct182/v5_20251106/PROCESSED/NC/ct182-865F-24_hr1_prof_PROCESSED.nc,ct182-865F-24,159,2025-03-18 03:10:00,-64.3657,100.6001,True,True
/Volumes/Data/Work/SEALTAGS/Prydz/ct182/v5_20251106/PROCESSED/NC/ct182-865F-24_hr1_prof_PROCESSED.nc,ct182-865F-24,160,2025-03-18 15:10:00,-64.4531,101.0954,False,True
/Volumes/Data/Work/SEALTAGS/Prydz/ct182/v5_20251106/PROCESSED/NC/ct182-865F-24_hr1_prof_PROCESSED.nc,ct182-865F-24,161,2025-03-19 03:00:00,-64.4454,100.8402,True,True
/Volumes/Data/Work/SEALTAGS/Prydz/ct182/v5_20251106/PROCESSED/NC/ct182-865F-24_hr1_prof_PROCESSED.nc,ct182-865F-24,162,2025-03-19 15:00:00,-64.4812,100.8036,False,True
/Volumes/Data/Work/SEALTAGS/Prydz/ct182/v5_20251106/PROCESSED/NC/ct182-865F-24_hr1_prof_PROCESSED.nc,ct182-865F-24,163,2025-03-19 15:40:00,-64.4692,100.8195,False,True
/Volumes/Data/Work/SEALTAGS/Prydz/ct182/v5_20251106/PROCESSED/NC/ct182-865F-24_hr1_prof_PROCESSED.nc,ct182-865F-24,164,2025-03-19 16:30:00,-64.464,100.8032,False,True
/Volumes/Data/Work/SEALTAGS/Prydz/ct182/v5_20251106/PROCESSED/NC/ct182-865F-24_hr1_prof_PROCESSED.nc,ct182-865F-24,165,2025-03-20 03:00:00,-64.4343,100.5112,True,True
/Volumes/Data/Work/SEALTAGS/Prydz/ct182/v5_20251106/PROCESSED/NC/ct182-865F-24_hr1_prof_PROCESSED.nc,ct182-865F-24,166,2025-03-20 03:20:00,-64.4307,100.4868,True,True
/Volumes/Data/Work/SEALTAGS/Prydz/ct182/v5_20251106/PROCESSED/NC/ct182-865F-24_hr1_prof_PROCESSED.nc,ct182-865F-24,167,2025-03-21 03:10:00,-64.4354,100.8242,True,True
/Volumes/Data/Work/SEALTAGS/Prydz/ct182/v5_20251106/PROCESSED/NC/ct182-865F-24_hr1_prof_PROCESSED.nc,ct182-865F-24,168,2025-03-21 15:30:00,-64.4026,100.529,False,True
/Volumes/Data/Work/SEALTAGS/Prydz/ct182/v5_20251106/PROCESSED/NC/ct182-865F-24_hr1_prof_PROCESSED.nc,ct182-865F-24,169,2025-03-21 18:50:00,-64.2026,100.8219,False,True
/Volumes/Data/Work/SEALTAGS/Prydz/ct182/v5_20251106/PROCESSED/NC/ct182-865F-24_hr1_prof_PROCESSED.nc,ct182-865F-24,170,2025-03-21 19:40:00,-64.1526,100.8952,False,True
/Volumes/Data/Work/SEALTAGS/Prydz/ct182/v5_20251106/PROCESSED/NC/ct182-865F-24_hr1_prof_PROCESSED.nc,ct182-865F-24,171,2025-03-21 21:00:00,-64.0725,101.0123,False,True
/Volumes/Data/Work/SEALTAGS/Prydz/ct182/v5_20251106/PROCESSED/NC/ct182-865F-24_hr1_prof_PROCESSED.nc,ct182-865F-24,172,2025-03-22 02:00:00,-64.119,100.9981,True,True
/Volumes/Data/Work/SEALTAGS/Prydz/ct182/v5_20251106/PROCESSED/NC/ct182-865F-24_hr1_prof_PROCESSED.nc,ct182-865F-24,173,2025-03-22 15:10:00,-64.4129,100.7087,False,True
/Volumes/Data/Work/SEALTAGS/Prydz/ct182/v5_20251106/PROCESSED/NC/ct182-865F-24_hr1_prof_PROCESSED.nc,ct182-865F-24,174,2025-03-23 03:20:00,-64.5373,100.4514,True,True
/Volumes/Data/Work/SEALTAGS/Prydz/ct182/v5_20251106/PROCESSED/NC/ct182-865F-24_hr1_prof_PROCESSED.nc,ct182-865F-24,175,2025-03-23 15:00:00,-64.3781,100.432,False,True
/Volumes/Data/Work/SEALTAGS/Prydz/ct182/v5_20251106/PROCESSED/NC/ct182-865F-24_hr1_prof_PROCESSED.nc,ct182-865F-24,176,2025-03-24 02:00:00,-64.2508,100.164,True,True
/Volumes/Data/Work/SEALTAGS/Prydz/ct182/v5_20251106/PROCESSED/NC/ct182-865F-24_hr1_prof_PROCESSED.nc,ct182-865F-24,177,2025-03-24 13:10:00,-64.1505,99.9098,False,True
/Volumes/Data/Work/SEALTAGS/Prydz/ct182/v5_20251106/PROCESSED/NC/ct182-865F-24_hr1_prof_PROCESSED.nc,ct182-865F-24,178,2025-03-25 03:00:00,-64.1119,99.9258,True,True
/Volumes/Data/Work/SEALTAGS/Prydz/ct182/v5_20251106/PROCESSED/NC/ct182-865F-24_hr1_prof_PROCESSED.nc,ct182-865F-24,179,2025-03-25 03:40:00,-64.1365,99.9891,True,True
/Volumes/Data/Work/SEALTAGS/Prydz/ct182/v5_20251106/PROCESSED/NC/ct182-865F-24_hr1_prof_PROCESSED.nc,ct182-865F-24,180,2025-03-25 14:20:00,-64.1697,100.2617,False,True
/Volumes/Data/Work/SEALTAGS/Prydz/ct182/v5_20251106/PROCESSED/NC/ct182-865F-24_hr1_prof_PROCESSED.nc,ct182-865F-24,181,2025-03-26 03:20:00,-64.1705,100.2008,True,True
/Volumes/Data/Work/SEALTAGS/Prydz/ct182/v5_20251106/PROCESSED/NC/ct182-865F-24_hr1_prof_PROCESSED.nc,ct182-865F-24,182,2025-03-26 04:20:00,-64.1348,100.0786,True,True
/Volumes/Data/Work/SEALTAGS/Prydz/ct182/v5_20251106/PROCESSED/NC/ct182-865F-24_hr1_prof_PROCESSED.nc,ct182-865F-24,183,2025-03-26 15:20:00,-64.3354,100.2142,False,True
/Volumes/Data/Work/SEALTAGS/Prydz/ct182/v5_20251106/PROCESSED/NC/ct182-865F-24_hr1_prof_PROCESSED.nc,ct182-865F-24,184,2025-03-27 02:20:00,-64.1904,100.8356,True,True
/Volumes/Data/Work/SEALTAGS/Prydz/ct182/v5_20251106/PROCESSED/NC/ct182-865F-24_hr1_prof_PROCESSED.nc,ct182-865F-24,185,2025-03-27 14:20:00,-64.2207,100.4121,False,True
/Volumes/Data/Work/SEALTAGS/Prydz/ct182/v5_20251106/PROCESSED/NC/ct182-865F-24_hr1_prof_PROCESSED.nc,ct182-865F-24,186,2025-03-28 02:30:00,-64.2627,100.2132,True,True
/Volumes/Data/Work/SEALTAGS/Prydz/ct182/v5_20251106/PROCESSED/NC/ct182-865F-24_hr1_prof_PROCESSED.nc,ct182-865F-24,187,2025-03-28 14:00:00,-64.1401,100.5393,False,True
/Volumes/Data/Work/SEALTAGS/Prydz/ct182/v5_20251106/PROCESSED/NC/ct182-865F-24_hr1_prof_PROCESSED.nc,ct182-865F-24,188,2025-03-29 02:20:00,-64.2658,100.5696,True,True
/Volumes/Data/Work/SEALTAGS/Prydz/ct182/v5_20251106/PROCESSED/NC/ct182-865F-24_hr1_prof_PROCESSED.nc,ct182-865F-24,189,2025-03-29 15:20:00,-64.2861,100.8235,False,True
/Volumes/Data/Work/SEALTAGS/Prydz/ct182/v5_20251106/PROCESSED/NC/ct182-865F-24_hr1_prof_PROCESSED.nc,ct182-865F-24,190,2025-03-30 03:10:00,-64.4115,100.3814,True,True
/Volumes/Data/Work/SEALTAGS/Prydz/ct182/v5_20251106/PROCESSED/NC/ct182-865F-24_hr1_prof_PROCESSED.nc,ct182-865F-24,191,2025-03-30 03:40:00,-64.4176,100.326,True,True
/Volumes/Data/Work/SEALTAGS/Prydz/ct182/v5_20251106/PROCESSED/NC/ct182-865F-24_hr1_prof_PROCESSED.nc,ct182-865F-24,192,2025-03-30 14:10:00,-64.151,100.0903,False,True
/Volumes/Data/Work/SEALTAGS/Prydz/ct182/v5_20251106/PROCESSED/NC/ct182-865F-24_hr1_prof_PROCESSED.nc,ct182-865F-24,193,2025-03-30 17:20:00,-64.2407,100.1883,False,True
/Volumes/Data/Work/SEALTAGS/Prydz/ct182/v5_20251106/PROCESSED/NC/ct182-865F-24_hr1_prof_PROCESSED.nc,ct182-865F-24,194,2025-03-30 22:20:00,-64.255,100.0703,False,True
/Volumes/Data/Work/SEALTAGS/Prydz/ct182/v5_20251106/PROCESSED/NC/ct182-865F-24_hr1_prof_PROCESSED.nc,ct182-865F-24,195,2025-03-31 02:30:00,-64.2043,99.6792,True,True
/Volumes/Data/Work/SEALTAGS/Prydz/ct182/v5_20251106/PROCESSED/NC/ct182-865F-24_hr1_prof_PROCESSED.nc,ct182-865F-24,196,2025-03-31 14:10:00,-64.1949,99.7095,False,True
/Volumes/Data/Work/SEALTAGS/Prydz/ct182/v5_20251106/PROCESSED/NC/ct182-865F-24_hr1_prof_PROCESSED.nc,ct182-865F-24,197,2025-04-01 03:00:00,-64.2383,99.6575,True,True
/Volumes/Data/Work/SEALTAGS/Prydz/ct182/v5_20251106/PROCESSED/NC/ct182-865F-24_hr1_prof_PROCESSED.nc,ct182-865F-24,198,2025-04-01 14:20:00,-64.2911,99.4396,False,True
/Volumes/Data/Work/SEALTAGS/Prydz/ct182/v5_20251106/PROCESSED/NC/ct182-865F-24_hr1_prof_PROCESSED.nc,ct182-865F-24,199,2025-04-02 03:00:00,-64.091,99.3891,True,True
/Volumes/Data/Work/SEALTAGS/Prydz/ct182/v5_20251106/PROCESSED/NC/ct182-865F-24_hr1_prof_PROCESSED.nc,ct182-865F-24,200,2025-04-02 03:30:00,-64.0862,99.442,True,True
/Volumes/Data/Work/SEALTAGS/Prydz/ct182/v5_20251106/PROCESSED/NC/ct182-865F-24_hr1_prof_PROCESSED.nc,ct182-865F-24,201,2025-04-02 14:30:00,-64.1798,99.3683,False,True
/Volumes/Data/Work/SEALTAGS/Prydz/ct182/v5_20251106/PROCESSED/NC/ct182-865F-24_hr1_prof_PROCESSED.nc,ct182-865F-24,202,2025-04-03 02:10:00,-64.2004,99.1332,True,True
/Volumes/Data/Work/SEALTAGS/Prydz/ct182/v5_20251106/PROCESSED/NC/ct182-865F-24_hr1_prof_PROCESSED.nc,ct182-865F-24,203,2025-04-03 14:20:00,-64.1949,99.5241,False,True
/Volumes/Data/Work/SEALTAGS/Prydz/ct182/v5_20251106/PROCESSED/NC/ct182-865F-24_hr1_prof_PROCESSED.nc,ct182-865F-24,204,2025-04-04 02:40:00,-64.2083,99.0872,True,True
/Volumes/Data/Work/SEALTAGS/Prydz/ct182/v5_20251106/PROCESSED/NC/ct182-865F-24_hr1_prof_PROCESSED.nc,ct182-865F-24,205,2025-04-04 03:20:00,-64.1758,99.1358,True,True
/Volumes/Data/Work/SEALTAGS/Prydz/ct182/v5_20251106/PROCESSED/NC/ct182-865F-24_hr1_prof_PROCESSED.nc,ct182-865F-24,206,2025-04-04 14:10:00,-64.0136,99.6734,False,True
/Volumes/Data/Work/SEALTAGS/Prydz/ct182/v5_20251106/PROCESSED/NC/ct182-865F-24_hr1_prof_PROCESSED.nc,ct182-865F-24,207,2025-04-04 19:40:00,-64.1813,99.7664,False,True
/Volumes/Data/Work/SEALTAGS/Prydz/ct182/v5_20251106/PROCESSED/NC/ct182-865F-24_hr1_prof_PROCESSED.nc,ct182-865F-24,208,2025-04-04 21:10:00,-64.1697,99.7424,False,True
/Volumes/Data/Work/SEALTAGS/Prydz/ct182/v5_20251106/PROCESSED/NC/ct182-865F-24_hr1_prof_PROCESSED.nc,ct182-865F-24,209,2025-04-05 02:20:00,-64.1434,99.8017,True,True
/Volumes/Data/Work/SEALTAGS/Prydz/ct182/v5_20251106/PROCESSED/NC/ct182-865F-24_hr1_prof_PROCESSED.nc,ct182-865F-24,210,2025-04-05 14:20:00,-64.0923,99.6254,False,True
/Volumes/Data/Work/SEALTAGS/Prydz/ct182/v5_20251106/PROCESSED/NC/ct182-865F-24_hr1_prof_PROCESSED.nc,ct182-865F-24,211,2025-04-05 18:40:00,-64.0928,99.5356,False,True
/Volumes/Data/Work/SEALTAGS/Prydz/ct182/v5_20251106/PROCESSED/NC/ct182-865F-24_hr1_prof_PROCESSED.nc,ct182-865F-24,212,2025-04-06 01:30:00,-64.0241,98.8703,True,True
/Volumes/Data/Work/SEALTAGS/Prydz/ct182/v5_20251106/PROCESSED/NC/ct182-865F-24_hr1_prof_PROCESSED.nc,ct182-865F-24,213,2025-04-06 13:50:00,-64.1127,99.203,False,True
/Volumes/Data/Work/SEALTAGS/Prydz/ct182/v5_20251106/PROCESSED/NC/ct182-865F-24_hr1_prof_PROCESSED.nc,ct182-865F-24,214,2025-04-07 02:10:00,-64.1193,98.6366,True,True
/Volumes/Data/Work/SEALTAGS/Prydz/ct182/v5_20251106/PROCESSED/NC/ct182-865F-24_hr1_prof_PROCESSED.nc,ct182-865F-24,215,2025-04-07 14:10:00,-64.2237,98.4619,False,True
/Volumes/Data/Work/SEALTAGS/Prydz/ct182/v5_20251106/PROCESSED/NC/ct182-865F-24_hr1_prof_PROCESSED.nc,ct182-865F-24,216,2025-04-07 15:30:00,-64.2321,98.3929,False,True
/Volumes/Data/Work/SEALTAGS/Prydz/ct182/v5_20251106/PROCESSED/NC/ct182-865F-24_hr1_prof_PROCESSED.nc,ct182-865F-24,217,2025-04-08 02:20:00,-64.2112,98.1949,True,True
/Volumes/Data/Work/SEALTAGS/Prydz/ct182/v5_20251106/PROCESSED/NC/ct182-865F-24_hr1_prof_PROCESSED.nc,ct182-865F-24,218,2025-04-08 07:20:00,-64.1346,97.9398,True,True
/Volumes/Data/Work/SEALTAGS/Prydz/ct182/v5_20251106/PROCESSED/NC/ct182-865F-24_hr1_prof_PROCESSED.nc,ct182-865F-24,219,2025-04-08 15:10:00,-64.1397,98.1306,False,True
/Volumes/Data/Work/SEALTAGS/Prydz/ct182/v5_20251106/PROCESSED/NC/ct182-865F-24_hr1_prof_PROCESSED.nc,ct182-865F-24,220,2025-04-08 15:40:00,-64.1613,98.0579,False,True
/Volumes/Data/Work/SEALTAGS/Prydz/ct182/v5_20251106/PROCESSED/NC/ct182-865F-24_hr1_prof_PROCESSED.nc,ct182-865F-24,221,2025-04-08 16:00:00,-64.1757,98.0094,False,True
/Volumes/Data/Work/SEALTAGS/Prydz/ct182/v5_20251106/PROCESSED/NC/ct182-865F-24_hr1_prof_PROCESSED.nc,ct182-865F-24,222,2025-04-08 17:10:00,-64.1716,98.0998,False,True
/Volumes/Data/Work/SEALTAGS/Prydz/ct182/v5_20251106/PROCESSED/NC/ct182-865F-24_hr1_prof_PROCESSED.nc,ct182-865F-24,223,2025-04-09 03:00:00,-64.1513,98.1145,True,True
/Volumes/Data/Work/SEALTAGS/Prydz/ct182/v5_20251106/PROCESSED/NC/ct182-865F-24_hr1_prof_PROCESSED.nc,ct182-865F-24,224,2025-04-09 04:20:00,-64.1543,98.0223,True,True
/Volumes/Data/Work/SEALTAGS/Prydz/ct182/v5_20251106/PROCESSED/NC/ct182-865F-24_hr1_prof_PROCESSED.nc,ct182-865F-24,225,2025-04-09 14:30:00,-64.1706,98.4102,False,True
/Volumes/Data/Work/SEALTAGS/Prydz/ct182/v5_20251106/PROCESSED/NC/ct182-865F-24_hr1_prof_PROCESSED.nc,ct182-865F-24,226,2025-04-10 02:50:00,-64.043,98.5475,True,True
/Volumes/Data/Work/SEALTAGS/Prydz/ct182/v5_20251106/PROCESSED/NC/ct182-865F-24_hr1_prof_PROCESSED.nc,ct182-865F-24,227,2025-04-10 14:00:00,-64.103,99.0366,False,True
/Volumes/Data/Work/SEALTAGS/Prydz/ct182/v5_20251106/PROCESSED/NC/ct182-865F-24_hr1_prof_PROCESSED.nc,ct182-865F-24,228,2025-04-10 17:00:00,-64.0279,99.1431,False,True
/Volumes/Data/Work/SEALTAGS/Prydz/ct182/v5_20251106/PROCESSED/NC/ct182-865F-24_hr1_prof_PROCESSED.nc,ct182-865F-24,229,2025-04-11 10:30:00,-64.0026,99.1396,False,True
/Volumes/Data/Work/SEALTAGS/Prydz/ct182/v5_20251106/PROCESSED/NC/ct182-865F-24_hr1_prof_PROCESSED.nc,ct182-865F-24,230,2025-04-11 11:30:00,-64.0356,99.1249,False,True
/Volumes/Data/Work/SEALTAGS/Prydz/ct182/v5_20251106/PROCESSED/NC/ct182-865F-24_hr1_prof_PROCESSED.nc,ct182-865F-24,231,2025-04-11 13:20:00,-64.096,99.098,False,True
/Volumes/Data/Work/SEALTAGS/Prydz/ct182/v5_20251106/PROCESSED/NC/ct182-865F-24_hr1_prof_PROCESSED.nc,ct182-865F-24,232,2025-04-12 01:20:00,-64.1477,99.7586,True,True
/Volumes/Data/Work/SEALTAGS/Prydz/ct182/v5_20251106/PROCESSED/NC/ct182-865F-24_hr1_prof_PROCESSED.nc,ct182-865F-24,233,2025-04-12 17:30:00,-64.1989,99.397,False,True
/Volumes/Data/Work/SEALTAGS/Prydz/ct182/v5_20251106/PROCESSED/NC/ct182-865F-24_hr1_prof_PROCESSED.nc,ct182-865F-24,234,2025-04-12 23:40:00,-64.2953,99.6237,False,True
/Volumes/Data/Work/SEALTAGS/Prydz/ct182/v5_20251106/PROCESSED/NC/ct182-865F-24_hr1_prof_PROCESSED.nc,ct182-865F-24,235,2025-04-13 01:40:00,-64.2619,99.5889,True,True
/Volumes/Data/Work/SEALTAGS/Prydz/ct182/v5_20251106/PROCESSED/NC/ct182-865F-24_hr1_prof_PROCESSED.nc,ct182-865F-24,236,2025-04-13 14:30:00,-64.1848,99.5101,False,True
/Volumes/Data/Work/SEALTAGS/Prydz/ct182/v5_20251106/PROCESSED/NC/ct182-865F-24_hr1_prof_PROCESSED.nc,ct182-865F-24,237,2025-04-13 21:20:00,-64.0717,99.8348,False,True
/Volumes/Data/Work/SEALTAGS/Prydz/ct182/v5_20251106/PROCESSED/NC/ct182-865F-24_hr1_prof_PROCESSED.nc,ct182-865F-24,238,2025-04-14 03:20:00,-64.1124,99.7817,True,True
/Volumes/Data/Work/SEALTAGS/Prydz/ct182/v5_20251106/PROCESSED/NC/ct182-865F-24_hr1_prof_PROCESSED.nc,ct182-865F-24,239,2025-04-14 15:10:00,-64.2796,99.6827,False,True
/Volumes/Data/Work/SEALTAGS/Prydz/ct182/v5_20251106/PROCESSED/NC/ct182-865F-24_hr1_prof_PROCESSED.nc,ct182-865F-24,240,2025-04-14 18:10:00,-64.1636,99.8398,False,True
/Volumes/Data/Work/SEALTAGS/Prydz/ct182/v5_20251106/PROCESSED/NC/ct182-865F-24_hr1_prof_PROCESSED.nc,ct182-865F-24,241,2025-04-15 03:10:00,-64.247,99.929,True,True
/Volumes/Data/Work/SEALTAGS/Prydz/ct182/v5_20251106/PROCESSED/NC/ct182-865F-24_hr1_prof_PROCESSED.nc,ct182-865F-24,242,2025-04-15 04:00:00,-64.2692,99.9385,True,True
/Volumes/Data/Work/SEALTAGS/Prydz/ct182/v5_20251106/PROCESSED/NC/ct182-865F-24_hr1_prof_PROCESSED.nc,ct182-865F-24,243,2025-04-15 16:50:00,-63.9499,100.1522,False,True
/Volumes/Data/Work/SEALTAGS/Prydz/ct182/v5_20251106/PROCESSED/NC/ct182-865F-24_hr1_prof_PROCESSED.nc,ct182-865F-24,244,2025-04-16 03:10:00,-64.1026,99.6715,True,True
/Volumes/Data/Work/SEALTAGS/Prydz/ct182/v5_20251106/PROCESSED/NC/ct182-865F-24_hr1_prof_PROCESSED.nc,ct182-865F-24,245,2025-04-16 03:40:00,-64.107,99.6592,True,True
/Volumes/Data/Work/SEALTAGS/Prydz/ct182/v5_20251106/PROCESSED/NC/ct182-865F-24_hr1_prof_PROCESSED.nc,ct182-865F-24,246,2025-04-16 14:20:00,-64.0535,99.5662,False,True
/Volumes/Data/Work/SEALTAGS/Prydz/ct182/v5_20251106/PROCESSED/NC/ct182-865F-24_hr1_prof_PROCESSED.nc,ct182-865F-24,247,2025-04-17 02:20:00,-64.1817,100.0702,True,True
/Volumes/Data/Work/SEALTAGS/Prydz/ct182/v5_20251106/PROCESSED/NC/ct182-865F-24_hr1_prof_PROCESSED.nc,ct182-865F-24,248,2025-04-17 15:00:00,-64.086,100.2577,False,True
/Volumes/Data/Work/SEALTAGS/Prydz/ct182/v5_20251106/PROCESSED/NC/ct182-865F-24_hr1_prof_PROCESSED.nc,ct182-865F-24,249,2025-04-17 16:30:00,-64.0852,100.2752,False,True
/Volumes/Data/Work/SEALTAGS/Prydz/ct182/v5_20251106/PROCESSED/NC/ct182-865F-24_hr1_prof_PROCESSED.nc,ct182-865F-24,250,2025-04-18 00:50:00,-64.0863,100.3597,True,True
/Volumes/Data/Work/SEALTAGS/Prydz/ct182/v5_20251106/PROCESSED/NC/ct182-865F-24_hr1_prof_PROCESSED.nc,ct182-865F-24,251,2025-04-18 13:20:00,-64.2003,100.4631,False,True
/Volumes/Data/Work/SEALTAGS/Prydz/ct182/v5_20251106/PROCESSED/NC/ct182-865F-24_hr1_prof_PROCESSED.nc,ct182-865F-24,252,2025-04-19 03:00:00,-64.2395,100.5312,True,True
/Volumes/Data/Work/SEALTAGS/Prydz/ct182/v5_20251106/PROCESSED/NC/ct182-865F-24_hr1_prof_PROCESSED.nc,ct182-865F-24,253,2025-04-19 05:00:00,-64.2574,100.4963,True,True
/Volumes/Data/Work/SEALTAGS/Prydz/ct182/v5_20251106/PROCESSED/NC/ct182-865F-24_hr1_prof_PROCESSED.nc,ct182-865F-24,254,2025-04-19 05:50:00,-64.251,100.476,True,True
/Volumes/Data/Work/SEALTAGS/Prydz/ct182/v5_20251106/PROCESSED/NC/ct182-865F-24_hr1_prof_PROCESSED.nc,ct182-865F-24,255,2025-04-19 10:50:00,-64.2049,100.3575,False,True
/Volumes/Data/Work/SEALTAGS/Prydz/ct182/v5_20251106/PROCESSED/NC/ct182-865F-24_hr1_prof_PROCESSED.nc,ct182-865F-24,256,2025-04-20 02:10:00,-64.2782,100.3872,True,True
/Volumes/Data/Work/SEALTAGS/Prydz/ct182/v5_20251106/PROCESSED/NC/ct182-865F-24_hr1_prof_PROCESSED.nc,ct182-865F-24,257,2025-04-20 05:00:00,-64.2463,100.3429,True,True
/Volumes/Data/Work/SEALTAGS/Prydz/ct182/v5_20251106/PROCESSED/NC/ct182-865F-24_hr1_prof_PROCESSED.nc,ct182-865F-24,258,2025-04-20 06:10:00,-64.2499,100.3401,True,True
/Volumes/Data/Work/SEALTAGS/Prydz/ct182/v5_20251106/PROCESSED/NC/ct182-865F-24_hr1_prof_PROCESSED.nc,ct182-865F-24,259,2025-04-20 14:10:00,-64.1985,100.1091,False,True
/Volumes/Data/Work/SEALTAGS/Prydz/ct182/v5_20251106/PROCESSED/NC/ct182-865F-24_hr1_prof_PROCESSED.nc,ct182-865F-24,260,2025-04-21 10:30:00,-64.1911,99.9399,False,True
/Volumes/Data/Work/SEALTAGS/Prydz/ct182/v5_20251106/PROCESSED/NC/ct182-865F-24_hr1_prof_PROCESSED.nc,ct182-865F-24,261,2025-04-22 02:50:00,-64.1523,100.2052,True,True
/Volumes/Data/Work/SEALTAGS/Prydz/ct182/v5_20251106/PROCESSED/NC/ct182-865F-24_hr1_prof_PROCESSED.nc,ct182-865F-24,262,2025-04-22 17:00:00,-64.1905,100.1334,False,True
/Volumes/Data/Work/SEALTAGS/Prydz/ct182/v5_20251106/PROCESSED/NC/ct182-865F-24_hr1_prof_PROCESSED.nc,ct182-865F-24,263,2025-04-22 22:50:00,-64.1717,100.2201,False,True
/Volumes/Data/Work/SEALTAGS/Prydz/ct182/v5_20251106/PROCESSED/NC/ct182-865F-24_hr1_prof_PROCESSED.nc,ct182-865F-24,264,2025-04-23 01:30:00,-64.1996,100.2211,True,True
/Volumes/Data/Work/SEALTAGS/Prydz/ct182/v5_20251106/PROCESSED/NC/ct182-865F-24_hr1_prof_PROCESSED.nc,ct182-865F-24,265,2025-04-23 14:10:00,-64.1801,99.8906,False,True
/Volumes/Data/Work/SEALTAGS/Prydz/ct182/v5_20251106/PROCESSED/NC/ct182-865F-24_hr1_prof_PROCESSED.nc,ct182-865F-24,266,2025-04-23 19:20:00,-64.1887,99.7381,False,True
/Volumes/Data/Work/SEALTAGS/Prydz/ct182/v5_20251106/PROCESSED/NC/ct182-865F-24_hr1_prof_PROCESSED.nc,ct182-865F-24,267,2025-04-24 03:00:00,-64.1385,99.6673,True,True
/Volumes/Data/Work/SEALTAGS/Prydz/ct182/v5_20251106/PROCESSED/NC/ct182-865F-24_hr1_prof_PROCESSED.nc,ct182-865F-24,268,2025-04-24 03:40:00,-64.1351,99.659,True,True
/Volumes/Data/Work/SEALTAGS/Prydz/ct182/v5_20251106/PROCESSED/NC/ct182-865F-24_hr1_prof_PROCESSED.nc,ct182-865F-24,269,2025-04-24 05:10:00,-64.1281,99.6627,True,True
/Volumes/Data/Work/SEALTAGS/Prydz/ct182/v5_20251106/PROCESSED/NC/ct182-865F-24_hr1_prof_PROCESSED.nc,ct182-865F-24,270,2025-04-24 14:20:00,-64.1539,99.6685,False,True
/Volumes/Data/Work/SEALTAGS/Prydz/ct182/v5_20251106/PROCESSED/NC/ct182-865F-24_hr1_prof_PROCESSED.nc,ct182-865F-24,271,2025-04-25 15:10:00,-64.1586,100.0255,False,True
/Volumes/Data/Work/SEALTAGS/Prydz/ct182/v5_20251106/PROCESSED/NC/ct182-865F-24_hr1_prof_PROCESSED.nc,ct182-865F-24,272,2025-04-25 17:30:00,-64.1576,100.0182,False,True
/Volumes/Data/Work/SEALTAGS/Prydz/ct182/v5_20251106/PROCESSED/NC/ct182-865F-24_hr1_prof_PROCESSED.nc,ct182-865F-24,273,2025-04-26 03:00:00,-64.0511,99.6588,True,True
/Volumes/Data/Work/SEALTAGS/Prydz/ct182/v5_20251106/PROCESSED/NC/ct182-865F-24_hr1_prof_PROCESSED.nc,ct182-865F-24,274,2025-04-26 03:30:00,-64.0352,99.5997,True,True
/Volumes/Data/Work/SEALTAGS/Prydz/ct182/v5_20251106/PROCESSED/NC/ct182-865F-24_hr1_prof_PROCESSED.nc,ct182-865F-24,275,2025-04-26 04:30:00,-64.0267,99.6822,True,True
/Volumes/Data/Work/SEALTAGS/Prydz/ct182/v5_20251106/PROCESSED/NC/ct182-865F-24_hr1_prof_PROCESSED.nc,ct182-865F-24,276,2025-04-26 05:00:00,-64.0237,99.7339,True,True
/Volumes/Data/Work/SEALTAGS/Prydz/ct182/v5_20251106/PROCESSED/NC/ct182-865F-24_hr1_prof_PROCESSED.nc,ct182-865F-24,277,2025-04-26 13:10:00,-64.1261,99.8306,False,True
/Volumes/Data/Work/SEALTAGS/Prydz/ct182/v5_20251106/PROCESSED/NC/ct182-865F-24_hr1_prof_PROCESSED.nc,ct182-865F-24,278,2025-04-27 02:40:00,-64.1346,99.5594,True,True
/Volumes/Data/Work/SEALTAGS/Prydz/ct182/v5_20251106/PROCESSED/NC/ct182-865F-24_hr1_prof_PROCESSED.nc,ct182-865F-24,279,2025-04-27 13:10:00,-64.1265,99.8034,False,True
/Volumes/Data/Work/SEALTAGS/Prydz/ct182/v5_20251106/PROCESSED/NC/ct182-865F-24_hr1_prof_PROCESSED.nc,ct182-865F-24,280,2025-04-28 03:10:00,-64.1368,99.7434,True,True
/Volumes/Data/Work/SEALTAGS/Prydz/ct182/v5_20251106/PROCESSED/NC/ct182-865F-24_hr1_prof_PROCESSED.nc,ct182-865F-24,281,2025-04-28 13:20:00,-64.1998,99.8292,False,True
/Volumes/Data/Work/SEALTAGS/Prydz/ct182/v5_20251106/PROCESSED/NC/ct182-865F-24_hr1_prof_PROCESSED.nc,ct182-865F-24,282,2025-04-29 07:20:00,-64.2422,99.7654,True,True
/Volumes/Data/Work/SEALTAGS/Prydz/ct182/v5_20251106/PROCESSED/NC/ct182-865F-24_hr1_prof_PROCESSED.nc,ct182-865F-24,283,2025-04-29 15:00:00,-64.1504,99.9161,False,True
/Volumes/Data/Work/SEALTAGS/Prydz/ct182/v5_20251106/PROCESSED/NC/ct182-865F-24_hr1_prof_PROCESSED.nc,ct182-865F-24,284,2025-04-29 18:10:00,-64.1282,99.953,False,True
/Volumes/Data/Work/SEALTAGS/Prydz/ct182/v5_20251106/PROCESSED/NC/ct182-865F-24_hr1_prof_PROCESSED.nc,ct182-865F-24,285,2025-04-30 01:20:00,-64.1248,99.8925,False,True
/Volumes/Data/Work/SEALTAGS/Prydz/ct182/v5_20251106/PROCESSED/NC/ct182-865F-24_hr1_prof_PROCESSED.nc,ct182-865F-24,286,2025-04-30 14:20:00,-64.165,100.296,False,True
/Volumes/Data/Work/SEALTAGS/Prydz/ct182/v5_20251106/PROCESSED/NC/ct182-865F-24_hr1_prof_PROCESSED.nc,ct182-865F-24,287,2025-05-01 00:00:00,-64.1456,100.2026,False,True
/Volumes/Data/Work/SEALTAGS/Prydz/ct182/v5_20251106/PROCESSED/NC/ct182-865F-24_hr1_prof_PROCESSED.nc,ct182-865F-24,288,2025-05-01 14:20:00,-64.1352,100.1235,False,True
/Volumes/Data/Work/SEALTAGS/Prydz/ct182/v5_20251106/PROCESSED/NC/ct182-865F-24_hr1_prof_PROCESSED.nc,ct182-865F-24,289,2025-05-02 03:00:00,-64.0892,100.0724,True,True
/Volumes/Data/Work/SEALTAGS/Prydz/ct182/v5_20251106/PROCESSED/NC/ct182-865F-24_hr1_prof_PROCESSED.nc,ct182-865F-24,290,2025-05-02 03:50:00,-64.0761,100.0737,True,True
/Volumes/Data/Work/SEALTAGS/Prydz/ct182/v5_20251106/PROCESSED/NC/ct182-865F-24_hr1_prof_PROCESSED.nc,ct182-865F-24,291,2025-05-02 05:20:00,-64.1106,100.0706,True,True
/Volumes/Data/Work/SEALTAGS/Prydz/ct182/v5_20251106/PROCESSED/NC/ct182-865F-24_hr1_prof_PROCESSED.nc,ct182-865F-24,292,2025-05-02 13:00:00,-64.134,100.4441,False,True
/Volumes/Data/Work/SEALTAGS/Prydz/ct182/v5_20251106/PROCESSED/NC/ct182-865F-24_hr1_prof_PROCESSED.nc,ct182-865F-24,293,2025-05-03 06:00:00,-63.972,100.7689,True,True
/Volumes/Data/Work/SEALTAGS/Prydz/ct182/v5_20251106/PROCESSED/NC/ct182-865F-24_hr1_prof_PROCESSED.nc,ct182-865F-24,294,2025-05-03 12:50:00,-64.0949,100.8274,False,True
/Volumes/Data/Work/SEALTAGS/Prydz/ct182/v5_20251106/PROCESSED/NC/ct182-865F-24_hr1_prof_PROCESSED.nc,ct182-865F-24,295,2025-05-04 03:10:00,-64.0901,100.5244,True,True
/Volumes/Data/Work/SEALTAGS/Prydz/ct182/v5_20251106/PROCESSED/NC/ct182-865F-24_hr1_prof_PROCESSED.nc,ct182-865F-24,296,2025-05-04 05:20:00,-64.0585,100.513,True,True
/Volumes/Data/Work/SEALTAGS/Prydz/ct182/v5_20251106/PROCESSED/NC/ct182-865F-24_hr1_prof_PROCESSED.nc,ct182-865F-24,297,2025-05-04 15:20:00,-63.9788,100.2819,False,True
/Volumes/Data/Work/SEALTAGS/Prydz/ct182/v5_20251106/PROCESSED/NC/ct182-865F-24_hr1_prof_PROCESSED.nc,ct182-865F-24,298,2025-05-05 03:20:00,-63.6722,99.8265,True,True
/Volumes/Data/Work/SEALTAGS/Prydz/ct182/v5_20251106/PROCESSED/NC/ct182-865F-24_hr1_prof_PROCESSED.nc,ct182-865F-24,299,2025-05-05 05:20:00,-63.677,99.9018,True,True
/Volumes/Data/Work/SEALTAGS/Prydz/ct182/v5_20251106/PROCESSED/NC/ct182-865F-24_hr1_prof_PROCESSED.nc,ct182-865F-24,300,2025-05-05 17:00:00,-63.725,99.5884,False,True
/Volumes/Data/Work/SEALTAGS/Prydz/ct182/v5_20251106/PROCESSED/NC/ct182-865F-24_hr1_prof_PROCESSED.nc,ct182-865F-24,301,2025-05-05 18:00:00,-63.7397,99.5418,False,True
/Volumes/Data/Work/SEALTAGS/Prydz/ct182/v5_20251106/PROCESSED/NC/ct182-865F-24_hr1_prof_PROCESSED.nc,ct182-865F-24,302,2025-05-06 03:00:00,-63.6766,99.3571,True,True
/Volumes/Data/Work/SEALTAGS/Prydz/ct182/v5_20251106/PROCESSED/NC/ct182-865F-24_hr1_prof_PROCESSED.nc,ct182-865F-24,303,2025-05-06 13:10:00,-64.0083,99.289,False,True
/Volumes/Data/Work/SEALTAGS/Prydz/ct182/v5_20251106/PROCESSED/NC/ct182-865F-24_hr1_prof_PROCESSED.nc,ct182-865F-24,304,2025-05-07 03:10:00,-63.8914,99.1258,True,True
/Volumes/Data/Work/SEALTAGS/Prydz/ct182/v5_20251106/PROCESSED/NC/ct182-865F-24_hr1_prof_PROCESSED.nc,ct182-865F-24,305,2025-05-07 14:50:00,-64.0213,99.0663,False,True
/Volumes/Data/Work/SEALTAGS/Prydz/ct182/v5_20251106/PROCESSED/NC/ct182-865F-24_hr1_prof_PROCESSED.nc,ct182-865F-24,306,2025-05-07 16:10:00,-64.0238,99.1472,False,True
/Volumes/Data/Work/SEALTAGS/Prydz/ct182/v5_20251106/PROCESSED/NC/ct182-865F-24_hr1_prof_PROCESSED.nc,ct182-865F-24,307,2025-05-08 02:50:00,-63.6012,99.1042,True,True
/Volumes/Data/Work/SEALTAGS/Prydz/ct182/v5_20251106/PROCESSED/NC/ct182-865F-24_hr1_prof_PROCESSED.nc,ct182-865F-24,308,2025-05-09 02:20:00,-63.0016,98.6445,True,True
/Volumes/Data/Work/SEALTAGS/Prydz/ct182/v5_20251106/PROCESSED/NC/ct182-865F-24_hr1_prof_PROCESSED.nc,ct182-865F-24,309,2025-05-09 03:00:00,-63.0044,98.783,True,True
/Volumes/Data/Work/SEALTAGS/Prydz/ct182/v5_20251106/PROCESSED/NC/ct182-865F-24_hr1_prof_PROCESSED.nc,ct182-865F-24,310,2025-05-09 14:40:00,-62.8542,98.5407,False,True
/Volumes/Data/Work/SEALTAGS/Prydz/ct182/v5_20251106/PROCESSED/NC/ct182-865F-24_hr1_prof_PROCESSED.nc,ct182-865F-24,311,2025-05-10 02:10:00,-62.782,97.5425,True,True
/Volumes/Data/Work/SEALTAGS/Prydz/ct182/v5_20251106/PROCESSED/NC/ct182-865F-24_hr1_prof_PROCESSED.nc,ct182-865F-24,312,2025-05-10 03:50:00,-62.7679,97.3297,True,True
/Volumes/Data/Work/SEALTAGS/Prydz/ct182/v5_20251106/PROCESSED/NC/ct182-865F-24_hr1_prof_PROCESSED.nc,ct182-865F-24,313,2025-05-10 15:20:00,-62.7227,96.5156,False,True
/Volumes/Data/Work/SEALTAGS/Prydz/ct182/v5_20251106/PROCESSED/NC/ct182-865F-24_hr1_prof_PROCESSED.nc,ct182-865F-24,314,2025-05-10 16:10:00,-62.6766,96.4186,False,True
/Volumes/Data/Work/SEALTAGS/Prydz/ct182/v5_20251106/PROCESSED/NC/ct182-865F-24_hr1_prof_PROCESSED.nc,ct182-865F-24,315,2025-05-11 01:40:00,-62.6399,95.36,False,True
/Volumes/Data/Work/SEALTAGS/Prydz/ct182/v5_20251106/PROCESSED/NC/ct182-865F-24_hr1_prof_PROCESSED.nc,ct182-865F-24,316,2025-05-11 14:20:00,-62.5868,94.6466,False,True
/Volumes/Data/Work/SEALTAGS/Prydz/ct182/v5_20251106/PROCESSED/NC/ct182-865F-24_hr1_prof_PROCESSED.nc,ct182-865F-24,317,2025-05-11 17:10:00,-62.5784,94.4355,False,True
/Volumes/Data/Work/SEALTAGS/Prydz/ct182/v5_20251106/PROCESSED/NC/ct182-865F-24_hr1_prof_PROCESSED.nc,ct182-865F-24,318,2025-05-12 14:10:00,-62.3151,93.1135,False,True
/Volumes/Data/Work/SEALTAGS/Prydz/ct182/v5_20251106/PROCESSED/NC/ct182-865F-24_hr1_prof_PROCESSED.nc,ct182-865F-24,319,2025-05-12 15:30:00,-62.2734,93.0468,False,True
/Volumes/Data/Work/SEALTAGS/Prydz/ct182/v5_20251106/PROCESSED/NC/ct182-865F-24_hr1_prof_PROCESSED.nc,ct182-865F-24,320,2025-05-12 17:30:00,-62.2959,93.0481,False,True
/Volumes/Data/Work/SEALTAGS/Prydz/ct182/v5_20251106/PROCESSED/NC/ct182-865F-24_hr1_prof_PROCESSED.nc,ct182-865F-24,321,2025-05-13 03:30:00,-62.034,92.3927,True,True
/Volumes/Data/Work/SEALTAGS/Prydz/ct182/v5_20251106/PROCESSED/NC/ct182-865F-24_hr1_prof_PROCESSED.nc,ct182-865F-24,322,2025-05-13 04:30:00,-62.024,92.3569,True,True
/Volumes/Data/Work/SEALTAGS/Prydz/ct182/v5_20251106/PROCESSED/NC/ct182-865F-24_hr1_prof_PROCESSED.nc,ct182-865F-24,323,2025-05-13 06:30:00,-62.0051,92.29,True,True
/Volumes/Data/Work/SEALTAGS/Prydz/ct182/v5_20251106/PROCESSED/NC/ct182-865F-24_hr1_prof_PROCESSED.nc,ct182-865F-24,324,2025-05-13 14:40:00,-61.8834,91.7836,False,True
/Volumes/Data/Work/SEALTAGS/Prydz/ct182/v5_20251106/PROCESSED/NC/ct182-865F-24_hr1_prof_PROCESSED.nc,ct182-865F-24,325,2025-05-13 15:20:00,-61.8581,91.7371,False,True
/Volumes/Data/Work/SEALTAGS/Prydz/ct182/v5_20251106/PROCESSED/NC/ct182-865F-24_hr1_prof_PROCESSED.nc,ct182-865F-24,326,2025-05-14 13:30:00,-61.5132,90.6071,False,True
/Volumes/Data/Work/SEALTAGS/Prydz/ct182/v5_20251106/PROCESSED/NC/ct182-865F-24_hr1_prof_PROCESSED.nc,ct182-865F-24,327,2025-05-15 03:20:00,-60.9915,90.0428,True,True
/Volumes/Data/Work/SEALTAGS/Prydz/ct182/v5_20251106/PROCESSED/NC/ct182-865F-24_hr1_prof_PROCESSED.nc,ct182-865F-24,328,2025-05-15 04:40:00,-61.0459,90.1019,True,True
/Volumes/Data/Work/SEALTAGS/Prydz/ct182/v5_20251106/PROCESSED/NC/ct182-865F-24_hr1_prof_PROCESSED.nc,ct182-865F-24,329,2025-05-15 14:30:00,-60.8362,89.2797,False,True
/Volumes/Data/Work/SEALTAGS/Prydz/ct182/v5_20251106/PROCESSED/NC/ct182-865F-24_hr1_prof_PROCESSED.nc,ct182-865F-24,330,2025-05-16 05:50:00,-60.6136,88.5076,True,True
/Volumes/Data/Work/SEALTAGS/Prydz/ct182/v5_20251106/PROCESSED/NC/ct182-865F-24_hr1_prof_PROCESSED.nc,ct182-865F-24,331,2025-05-16 09:30:00,-60.5926,88.2955,True,True
/Volumes/Data/Work/SEALTAGS/Prydz/ct182/v5_20251106/PROCESSED/NC/ct182-865F-24_hr1_prof_PROCESSED.nc,ct182-865F-24,332,2025-05-16 14:30:00,-60.4539,87.9178,False,True
/Volumes/Data/Work/SEALTAGS/Prydz/ct182/v5_20251106/PROCESSED/NC/ct182-865F-24_hr1_prof_PROCESSED.nc,ct182-865F-24,333,2025-05-16 17:50:00,-60.4106,87.6232,False,True
/Volumes/Data/Work/SEALTAGS/Prydz/ct182/v5_20251106/PROCESSED/NC/ct182-865F-24_hr1_prof_PROCESSED.nc,ct182-865F-24,334,2025-05-17 03:30:00,-60.2333,87.4744,True,True
/Volumes/Data/Work/SEALTAGS/Prydz/ct182/v5_20251106/PROCESSED/NC/ct182-865F-24_hr1_prof_PROCESSED.nc,ct182-865F-24,335,2025-05-17 16:20:00,-60.2027,86.8999,False,True
/Volumes/Data/Work/SEALTAGS/Prydz/ct182/v5_20251106/PROCESSED/NC/ct182-865F-24_hr1_prof_PROCESSED.nc,ct182-865F-24,336,2025-05-18 03:00:00,-59.9347,86.2413,True,True
/Volumes/Data/Work/SEALTAGS/Prydz/ct182/v5_20251106/PROCESSED/NC/ct182-865F-24_hr1_prof_PROCESSED.nc,ct182-865F-24,337,2025-05-18 13:30:00,-59.765,85.7033,False,True
/Volumes/Data/Work/SEALTAGS/Prydz/ct182/v5_20251106/PROCESSED/NC/ct182-865F-24_hr1_prof_PROCESSED.nc,ct182-865F-24,338,2025-05-19 01:10:00,-59.454,84.586,False,True
/Volumes/Data/Work/SEALTAGS/Prydz/ct182/v5_20251106/PROCESSED/NC/ct182-865F-24_hr1_prof_PROCESSED.nc,ct182-865F-24,339,2025-05-19 01:50:00,-59.4304,84.5646,False,True
/Volumes/Data/Work/SEALTAGS/Prydz/ct182/v5_20251106/PROCESSED/NC/ct182-865F-24_hr1_prof_PROCESSED.nc,ct182-865F-24,340,2025-05-19 14:30:00,-59.1458,83.9026,False,True
/Volumes/Data/Work/SEALTAGS/Prydz/ct182/v5_20251106/PROCESSED/NC/ct182-865F-24_hr1_prof_PROCESSED.nc,ct182-865F-24,341,2025-05-20 03:20:00,-59.0285,82.953,True,True
/Volumes/Data/Work/SEALTAGS/Prydz/ct182/v5_20251106/PROCESSED/NC/ct182-865F-24_hr1_prof_PROCESSED.nc,ct182-865F-24,342,2025-05-20 14:50:00,-58.7054,82.3131,False,True
/Volumes/Data/Work/SEALTAGS/Prydz/ct182/v5_20251106/PROCESSED/NC/ct182-865F-24_hr1_prof_PROCESSED.nc,ct182-865F-24,343,2025-05-20 15:30:00,-58.6906,82.2548,False,True
/Volumes/Data/Work/SEALTAGS/Prydz/ct182/v5_20251106/PROCESSED/NC/ct182-865F-24_hr1_prof_PROCESSED.nc,ct182-865F-24,344,2025-05-20 16:40:00,-58.6424,82.2947,False,True
/Volumes/Data/Work/SEALTAGS/Prydz/ct182/v5_20251106/PROCESSED/NC/ct182-865F-24_hr1_prof_PROCESSED.nc,ct182-865F-24,345,2025-05-21 01:50:00,-58.486,81.8314,False,True
/Volumes/Data/Work/SEALTAGS/Prydz/ct182/v5_20251106/PROCESSED/NC/ct182-865F-24_hr1_prof_PROCESSED.nc,ct182-865F-24,346,2025-05-21 15:50:00,-58.1016,80.8209,False,True
/Volumes/Data/Work/SEALTAGS/Prydz/ct182/v5_20251106/PROCESSED/NC/ct182-865F-24_hr1_prof_PROCESSED.nc,ct182-865F-24,347,2025-05-22 02:30:00,-57.8301,80.589,False,True
/Volumes/Data/Work/SEALTAGS/Prydz/ct182/v5_20251106/PROCESSED/NC/ct182-865F-24_hr1_prof_PROCESSED.nc,ct182-865F-24,348,2025-05-22 06:30:00,-57.8213,80.4941,True,True
/Volumes/Data/Work/SEALTAGS/Prydz/ct182/v5_20251106/PROCESSED/NC/ct182-865F-24_hr1_prof_PROCESSED.nc,ct182-865F-24,349,2025-05-22 14:20:00,-57.5341,79.9295,False,True
/Volumes/Data/Work/SEALTAGS/Prydz/ct182/v5_20251106/PROCESSED/NC/ct182-865F-24_hr1_prof_PROCESSED.nc,ct182-865F-24,350,2025-05-22 20:30:00,-57.388,79.3311,False,True
/Volumes/Data/Work/SEALTAGS/Prydz/ct182/v5_20251106/PROCESSED/NC/ct182-865F-24_hr1_prof_PROCESSED.nc,ct182-865F-24,351,2025-05-22 23:10:00,-57.302,79.1583,False,True
/Volumes/Data/Work/SEALTAGS/Prydz/ct182/v5_20251106/PROCESSED/NC/ct182-865F-24_hr1_prof_PROCESSED.nc,ct182-865F-24,352,2025-05-23 02:10:00,-57.1382,79.0175,False,True
/Volumes/Data/Work/SEALTAGS/Prydz/ct182/v5_20251106/PROCESSED/NC/ct182-865F-24_hr1_prof_PROCESSED.nc,ct182-865F-24,353,2025-05-23 14:20:00,-56.8769,78.9765,False,True
/Volumes/Data/Work/SEALTAGS/Prydz/ct182/v5_20251106/PROCESSED/NC/ct182-865F-24_hr1_prof_PROCESSED.nc,ct182-865F-24,354,2025-05-24 00:10:00,-56.44,78.4234,False,True
/Volumes/Data/Work/SEALTAGS/Prydz/ct182/v5_20251106/PROCESSED/NC/ct182-865F-24_hr1_prof_PROCESSED.nc,ct182-865F-24,355,2025-05-24 01:50:00,-56.4033,78.3917,False,True
/Volumes/Data/Work/SEALTAGS/Prydz/ct182/v5_20251106/PROCESSED/NC/ct182-865F-24_hr1_prof_PROCESSED.nc,ct182-865F-24,356,2025-05-24 15:20:00,-55.821,78.0769,False,True
/Volumes/Data/Work/SEALTAGS/Prydz/ct182/v5_20251106/PROCESSED/NC/ct182-865F-24_hr1_prof_PROCESSED.nc,ct182-865F-24,357,2025-05-24 23:50:00,-55.5435,78.0454,False,True
/Volumes/Data/Work/SEALTAGS/Prydz/ct182/v5_20251106/PROCESSED/NC/ct182-865F-24_hr1_prof_PROCESSED.nc,ct182-865F-24,358,2025-05-25 01:30:00,-55.4727,78.0282,False,True
/Volumes/Data/Work/SEALTAGS/Prydz/ct182/v5_20251106/PROCESSED/NC/ct182-865F-24_hr1_prof_PROCESSED.nc,ct182-865F-24,359,2025-05-25 07:40:00,-55.4378,78.0377,True,True
/Volumes/Data/Work/SEALTAGS/Prydz/ct182/v5_20251106/PROCESSED/NC/ct182-865F-24_hr1_prof_PROCESSED.nc,ct182-865F-24,360,2025-05-25 17:10:00,-54.9524,77.427,False,True
/Volumes/Data/Work/SEALTAGS/Prydz/ct182/v5_20251106/PROCESSED/NC/ct182-865F-24_hr1_prof_PROCESSED.nc,ct182-865F-24,361,2025-05-26 14:40:00,-54.3344,76.4376,False,True
/Volumes/Data/Work/SEALTAGS/Prydz/ct182/v5_20251106/PROCESSED/NC/ct182-865F-24_hr1_prof_PROCESSED.nc,ct182-865F-24,362,2025-05-26 18:50:00,-54.1021,76.2168,False,True
/Volumes/Data/Work/SEALTAGS/Prydz/ct182/v5_20251106/PROCESSED/NC/ct182-865F-24_hr1_prof_PROCESSED.nc,ct182-865F-24,363,2025-05-27 03:30:00,-53.773,75.8102,True,True
/Volumes/Data/Work/SEALTAGS/Prydz/ct182/v5_20251106/PROCESSED/NC/ct182-865F-24_hr1_prof_PROCESSED.nc,ct182-865F-24,364,2025-05-27 04:20:00,-53.7367,75.7932,True,True
/Volumes/Data/Work/SEALTAGS/Prydz/ct182/v5_20251106/PROCESSED/NC/ct182-865F-24_hr1_prof_PROCESSED.nc,ct182-865F-24,365,2025-05-27 08:40:00,-53.694,75.5941,True,True
/Volumes/Data/Work/SEALTAGS/Prydz/ct182/v5_20251106/PROCESSED/NC/ct182-865F-24_hr1_prof_PROCESSED.nc,ct182-865F-24,366,2025-05-27 18:30:00,-53.4233,75.1919,False,True
/Volumes/Data/Work/SEALTAGS/Prydz/ct182/v5_20251106/PROCESSED/NC/ct182-865F-24_hr1_prof_PROCESSED.nc,ct182-865F-24,367,2025-05-28 02:40:00,-53.1702,74.7043,False,True
/Volumes/Data/Work/SEALTAGS/Prydz/ct182/v5_20251106/PROCESSED/NC/ct182-865F-24_hr1_prof_PROCESSED.nc,ct182-865F-24,368,2025-05-28 03:30:00,-53.1696,74.6205,True,True
/Volumes/Data/Work/SEALTAGS/Prydz/ct182/v5_20251106/PROCESSED/NC/ct182-865F-24_hr1_prof_PROCESSED.nc,ct182-865F-24,369,2025-05-28 04:20:00,-53.1576,74.6993,True,True
/Volumes/Data/Work/SEALTAGS/Prydz/ct182/v5_20251106/PROCESSED/NC/ct182-865F-24_hr1_prof_PROCESSED.nc,ct182-865F-24,370,2025-06-22 19:10:00,-53.2848,73.6645,False,True
/Volumes/Data/Work/SEALTAGS/Prydz/ct182/v5_20251106/PROCESSED/NC/ct182-865F-24_hr1_prof_PROCESSED.nc,ct182-865F-24,371,2025-06-22 20:30:00,-53.2963,73.6669,False,True
/Volumes/Data/Work/SEALTAGS/Prydz/ct182/v5_20251106/PROCESSED/NC/ct182-865F-24_hr1_prof_PROCESSED.nc,ct182-865F-24,372,2025-06-22 22:40:00,-53.3271,73.9172,False,True
/Volumes/Data/Work/SEALTAGS/Prydz/ct182/v5_20251106/PROCESSED/NC/ct182-865F-24_hr1_prof_PROCESSED.nc,ct182-865F-24,373,2025-06-23 01:30:00,-53.3675,74.2481,False,True
/Volumes/Data/Work/SEALTAGS/Prydz/ct182/v5_20251106/PROCESSED/NC/ct182-865F-24_hr1_prof_PROCESSED.nc,ct182-865F-24,374,2025-06-23 19:50:00,-53.2992,75.5898,False,True
/Volumes/Data/Work/SEALTAGS/Prydz/ct182/v5_20251106/PROCESSED/NC/ct182-865F-24_hr1_prof_PROCESSED.nc,ct182-865F-24,375,2025-06-24 02:00:00,-53.263,76.0175,False,True
/Volumes/Data/Work/SEALTAGS/Prydz/ct182/v5_20251106/PROCESSED/NC/ct182-865F-24_hr1_prof_PROCESSED.nc,ct182-865F-24,376,2025-06-24 14:10:00,-53.3851,77.259,False,True
/Volumes/Data/Work/SEALTAGS/Prydz/ct182/v5_20251106/PROCESSED/NC/ct182-865F-24_hr1_prof_PROCESSED.nc,ct182-865F-24,377,2025-06-25 03:50:00,-53.9144,77.8311,True,True
/Volumes/Data/Work/SEALTAGS/Prydz/ct182/v5_20251106/PROCESSED/NC/ct182-865F-24_hr1_prof_PROCESSED.nc,ct182-865F-24,378,2025-06-25 17:40:00,-54.135,78.7784,False,True
/Volumes/Data/Work/SEALTAGS/Prydz/ct182/v5_20251106/PROCESSED/NC/ct182-865F-24_hr1_prof_PROCESSED.nc,ct182-865F-24,379,2025-06-25 18:20:00,-54.1539,78.8129,False,True
/Volumes/Data/Work/SEALTAGS/Prydz/ct182/v5_20251106/PROCESSED/NC/ct182-865F-24_hr1_prof_PROCESSED.nc,ct182-865F-24,380,2025-06-26 03:40:00,-54.298,79.4882,True,True
/Volumes/Data/Work/SEALTAGS/Prydz/ct182/v5_20251106/PROCESSED/NC/ct182-865F-24_hr1_prof_PROCESSED.nc,ct182-865F-24,381,2025-06-26 14:30:00,-54.5745,80.202,False,True
/Volumes/Data/Work/SEALTAGS/Prydz/ct182/v5_20251106/PROCESSED/NC/ct182-865F-24_hr1_prof_PROCESSED.nc,ct182-865F-24,382,2025-06-27 03:50:00,-55.2205,80.5153,True,True
/Volumes/Data/Work/SEALTAGS/Prydz/ct182/v5_20251106/PROCESSED/NC/ct182-865F-24_hr1_prof_PROCESSED.nc,ct182-865F-24,383,2025-06-27 18:10:00,-55.6555,81.1819,False,True
/Volumes/Data/Work/SEALTAGS/Prydz/ct182/v5_20251106/PROCESSED/NC/ct182-865F-24_hr1_prof_PROCESSED.nc,ct182-865F-24,384,2025-06-28 03:50:00,-55.9218,81.7991,True,True
/Volumes/Data/Work/SEALTAGS/Prydz/ct182/v5_20251106/PROCESSED/NC/ct182-865F-24_hr1_prof_PROCESSED.nc,ct182-865F-24,385,2025-06-28 05:40:00,-55.974,81.9124,True,True
/Volumes/Data/Work/SEALTAGS/Prydz/ct182/v5_20251106/PROCESSED/NC/ct182-865F-24_hr1_prof_PROCESSED.nc,ct182-865F-24,386,2025-06-29 03:30:00,-56.6104,82.9798,True,True
/Volumes/Data/Work/SEALTAGS/Prydz/ct182/v5_20251106/PROCESSED/NC/ct182-865F-24_hr1_prof_PROCESSED.nc,ct182-865F-24,387,2025-06-29 04:30:00,-56.6578,82.969,True,True
/Volumes/Data/Work/SEALTAGS/Prydz/ct182/v5_20251106/PROCESSED/NC/ct182-865F-24_hr1_prof_PROCESSED.nc,ct182-865F-24,388,2025-06-29 15:30:00,-56.9333,83.7372,False,True
/Volumes/Data/Work/SEALTAGS/Prydz/ct182/v5_20251106/PROCESSED/NC/ct182-865F-24_hr1_prof_PROCESSED.nc,ct182-865F-24,389,2025-06-29 19:10:00,-57.0108,84.0113,False,True
/Volumes/Data/Work/SEALTAGS/Prydz/ct182/v5_20251106/PROCESSED/NC/ct182-865F-24_hr1_prof_PROCESSED.nc,ct182-865F-24,390,2025-06-29 19:50:00,-57.025,84.0594,False,True
/Volumes/Data/Work/SEALTAGS/Prydz/ct182/v5_20251106/PROCESSED/NC/ct182-865F-24_hr1_prof_PROCESSED.nc,ct182-865F-24,391,2025-06-30 03:50:00,-57.2292,84.4403,True,True
/Volumes/Data/Work/SEALTAGS/Prydz/ct182/v5_20251106/PROCESSED/NC/ct182-865F-24_hr1_prof_PROCESSED.nc,ct182-865F-24,392,2025-06-30 04:40:00,-57.2514,84.5056,True,True
/Volumes/Data/Work/SEALTAGS/Prydz/ct182/v5_20251106/PROCESSED/NC/ct182-865F-24_hr1_prof_PROCESSED.nc,ct182-865F-24,393,2025-06-30 16:50:00,-57.7269,84.8497,False,True
/Volumes/Data/Work/SEALTAGS/Prydz/ct182/v5_20251106/PROCESSED/NC/ct182-865F-24_hr1_prof_PROCESSED.nc,ct182-865F-24,394,2025-07-02 03:20:00,-59.1253,87.6512,True,True
/Volumes/Data/Work/SEALTAGS/Prydz/ct182/v5_20251106/PROCESSED/NC/ct182-865F-24_hr1_prof_PROCESSED.nc,ct182-865F-24,395,2025-07-02 05:00:00,-59.1458,87.7666,True,True
/Volumes/Data/Work/SEALTAGS/Prydz/ct182/v5_20251106/PROCESSED/NC/ct182-865F-24_hr1_prof_PROCESSED.nc,ct182-865F-24,396,2025-07-02 15:30:00,-59.4603,88.4907,False,True
/Volumes/Data/Work/SEALTAGS/Prydz/ct182/v5_20251106/PROCESSED/NC/ct182-865F-24_hr1_prof_PROCESSED.nc,ct182-865F-24,397,2025-07-02 20:20:00,-59.6067,88.8059,False,True
/Volumes/Data/Work/SEALTAGS/Prydz/ct182/v5_20251106/PROCESSED/NC/ct182-865F-24_hr1_prof_PROCESSED.nc,ct182-865F-24,398,2025-07-03 03:20:00,-60.0205,89.5553,True,True
/Volumes/Data/Work/SEALTAGS/Prydz/ct182/v5_20251106/PROCESSED/NC/ct182-865F-24_hr1_prof_PROCESSED.nc,ct182-865F-24,399,2025-07-03 06:20:00,-60.1554,89.7742,True,True
/Volumes/Data/Work/SEALTAGS/Prydz/ct182/v5_20251106/PROCESSED/NC/ct182-865F-24_hr1_prof_PROCESSED.nc,ct182-865F-24,400,2025-07-04 03:10:00,-60.4907,91.2338,False,True
/Volumes/Data/Work/SEALTAGS/Prydz/ct182/v5_20251106/PROCESSED/NC/ct182-865F-24_hr1_prof_PROCESSED.nc,ct182-865F-24,401,2025-07-04 04:50:00,-60.5284,91.2574,True,True
/Volumes/Data/Work/SEALTAGS/Prydz/ct182/v5_20251106/PROCESSED/NC/ct182-865F-24_hr1_prof_PROCESSED.nc,ct182-865F-24,402,2025-07-04 15:00:00,-60.7634,91.788,False,True
/Volumes/Data/Work/SEALTAGS/Prydz/ct182/v5_20251106/PROCESSED/NC/ct182-865F-24_hr1_prof_PROCESSED.nc,ct182-865F-24,403,2025-07-04 21:40:00,-60.8849,92.7213,False,True
/Volumes/Data/Work/SEALTAGS/Prydz/ct182/v5_20251106/PROCESSED/NC/ct182-865F-24_hr1_prof_PROCESSED.nc,ct182-865F-24,404,2025-07-05 03:00:00,-60.9446,93.0114,False,True
/Volumes/Data/Work/SEALTAGS/Prydz/ct182/v5_20251106/PROCESSED/NC/ct182-865F-24_hr1_prof_PROCESSED.nc,ct182-865F-24,405,2025-07-05 04:30:00,-60.9667,93.0808,True,True
/Volumes/Data/Work/SEALTAGS/Prydz/ct182/v5_20251106/PROCESSED/NC/ct182-865F-24_hr1_prof_PROCESSED.nc,ct182-865F-24,406,2025-07-05 06:30:00,-60.9962,93.1734,True,True
/Volumes/Data/Work/SEALTAGS/Prydz/ct182/v5_20251106/PROCESSED/NC/ct182-865F-24_hr1_prof_PROCESSED.nc,ct182-865F-24,407,2025-07-05 14:50:00,-61.1056,93.4103,False,True
/Volumes/Data/Work/SEALTAGS/Prydz/ct182/v5_20251106/PROCESSED/NC/ct182-865F-24_hr1_prof_PROCESSED.nc,ct182-865F-24,408,2025-07-07 04:20:00,-61.555,96.3343,True,True
/Volumes/Data/Work/SEALTAGS/Prydz/ct182/v5_20251106/PROCESSED/NC/ct182-865F-24_hr1_prof_PROCESSED.nc,ct182-865F-24,409,2025-07-07 16:10:00,-61.4889,97.2749,False,True
/Volumes/Data/Work/SEALTAGS/Prydz/ct182/v5_20251106/PROCESSED/NC/ct182-865F-24_hr1_prof_PROCESSED.nc,ct182-865F-24,410,2025-07-08 03:20:00,-61.4406,97.9918,True,True
/Volumes/Data/Work/SEALTAGS/Prydz/ct182/v5_20251106/PROCESSED/NC/ct182-865F-24_hr1_prof_PROCESSED.nc,ct182-865F-24,411,2025-07-08 14:50:00,-61.4451,98.8857,False,True
/Volumes/Data/Work/SEALTAGS/Prydz/ct182/v5_20251106/PROCESSED/NC/ct182-865F-24_hr1_prof_PROCESSED.nc,ct182-865F-24,412,2025-07-09 03:10:00,-61.8145,99.7721,True,True
/Volumes/Data/Work/SEALTAGS/Prydz/ct182/v5_20251106/PROCESSED/NC/ct182-865F-24_hr1_prof_PROCESSED.nc,ct182-865F-24,413,2025-07-09 04:10:00,-61.8379,99.8415,True,True
/Volumes/Data/Work/SEALTAGS/Prydz/ct182/v5_20251106/PROCESSED/NC/ct182-865F-24_hr1_prof_PROCESSED.nc,ct182-865F-24,414,2025-07-09 19:00:00,-62.1843,100.5753,False,True
/Volumes/Data/Work/SEALTAGS/Prydz/ct182/v5_20251106/PROCESSED/NC/ct182-865F-24_hr1_prof_PROCESSED.nc,ct182-865F-24,415,2025-07-10 09:50:00,-62.4441,101.001,False,True
/Volumes/Data/Work/SEALTAGS/Prydz/ct182/v5_20251106/PROCESSED/NC/ct182-865F-24_hr1_prof_PROCESSED.nc,ct182-865F-24,416,2025-07-10 23:40:00,-62.8808,102.1219,False,True
/Volumes/Data/Work/SEALTAGS/Prydz/ct182/v5_20251106/PROCESSED/NC/ct182-865F-24_hr1_prof_PROCESSED.nc,ct182-865F-24,417,2025-07-11 18:40:00,-62.9679,102.8315,False,True
/Volumes/Data/Work/SEALTAGS/Prydz/ct182/v5_20251106/PROCESSED/NC/ct182-865F-24_hr1_prof_PROCESSED.nc,ct182-865F-24,418,2025-07-12 04:10:00,-62.9836,103.2151,True,True
/Volumes/Data/Work/SEALTAGS/Prydz/ct182/v5_20251106/PROCESSED/NC/ct182-865F-24_hr1_prof_PROCESSED.nc,ct182-865F-24,419,2025-07-12 14:40:00,-62.8703,103.7947,False,True
/Volumes/Data/Work/SEALTAGS/Prydz/ct182/v5_20251106/PROCESSED/NC/ct182-865F-24_hr1_prof_PROCESSED.nc,ct182-865F-24,420,2025-07-12 15:20:00,-62.8532,103.7874,False,True
/Volumes/Data/Work/SEALTAGS/Prydz/ct182/v5_20251106/PROCESSED/NC/ct182-865F-24_hr1_prof_PROCESSED.nc,ct182-865F-24,421,2025-07-13 03:40:00,-62.6181,104.5448,True,True
/Volumes/Data/Work/SEALTAGS/Prydz/ct182/v5_20251106/PROCESSED/NC/ct182-865F-24_hr1_prof_PROCESSED.nc,ct182-865F-24,422,2025-07-13 14:20:00,-62.7486,104.746,False,True
/Volumes/Data/Work/SEALTAGS/Prydz/ct182/v5_20251106/PROCESSED/NC/ct182-865F-24_hr1_prof_PROCESSED.nc,ct182-865F-24,423,2025-07-13 15:10:00,-62.746,104.7486,False,True
/Volumes/Data/Work/SEALTAGS/Prydz/ct182/v5_20251106/PROCESSED/NC/ct182-865F-24_hr1_prof_PROCESSED.nc,ct182-865F-24,424,2025-07-14 14:30:00,-62.85,105.8188,False,True
/Volumes/Data/Work/SEALTAGS/Prydz/ct182/v5_20251106/PROCESSED/NC/ct182-865F-24_hr1_prof_PROCESSED.nc,ct182-865F-24,425,2025-07-15 14:40:00,-62.5937,107.0611,False,True
/Volumes/Data/Work/SEALTAGS/Prydz/ct182/v5_20251106/PROCESSED/NC/ct182-865F-24_hr1_prof_PROCESSED.nc,ct182-865F-24,426,2025-07-16 01:50:00,-62.7776,107.8113,False,True
/Volumes/Data/Work/SEALTAGS/Prydz/ct182/v5_20251106/PROCESSED/NC/ct182-865F-24_hr1_prof_PROCESSED.nc,ct182-865F-24,427,2025-07-16 04:30:00,-62.8053,108.0045,True,True
/Volumes/Data/Work/SEALTAGS/Prydz/ct182/v5_20251106/PROCESSED/NC/ct182-865F-24_hr1_prof_PROCESSED.nc,ct182-865F-24,428,2025-07-17 02:00:00,-63.1133,109.0133,False,True
/Volumes/Data/Work/SEALTAGS/Prydz/ct182/v5_20251106/PROCESSED/NC/ct182-865F-24_hr1_prof_PROCESSED.nc,ct182-865F-24,429,2025-07-17 14:10:00,-63.3296,109.1676,False,True
/Volumes/Data/Work/SEALTAGS/Prydz/ct182/v5_20251106/PROCESSED/NC/ct182-865F-24_hr1_prof_PROCESSED.nc,ct182-865F-24,430,2025-07-18 03:20:00,-63.5368,109.5636,True,True
/Volumes/Data/Work/SEALTAGS/Prydz/ct182/v5_20251106/PROCESSED/NC/ct182-865F-24_hr1_prof_PROCESSED.nc,ct182-865F-24,431,2025-07-18 20:00:00,-63.7481,109.5046,False,True
/Volumes/Data/Work/SEALTAGS/Prydz/ct182/v5_20251106/PROCESSED/NC/ct182-865F-24_hr1_prof_PROCESSED.nc,ct182-865F-24,432,2025-07-19 02:50:00,-63.5359,109.6317,True,True
/Volumes/Data/Work/SEALTAGS/Prydz/ct182/v5_20251106/PROCESSED/NC/ct182-865F-24_hr1_prof_PROCESSED.nc,ct182-865F-24,433,2025-07-19 19:10:00,-63.599,109.7601,False,True
/Volumes/Data/Work/SEALTAGS/Prydz/ct182/v5_20251106/PROCESSED/NC/ct182-865F-24_hr1_prof_PROCESSED.nc,ct182-865F-24,434,2025-07-19 19:40:00,-63.5785,109.7708,False,True
/Volumes/Data/Work/SEALTAGS/Prydz/ct182/v5_20251106/PROCESSED/NC/ct182-865F-24_hr1_prof_PROCESSED.nc,ct182-865F-24,435,2025-07-20 03:40:00,-63.4698,109.6528,True,True
/Volumes/Data/Work/SEALTAGS/Prydz/ct182/v5_20251106/PROCESSED/NC/ct182-865F-24_hr1_prof_PROCESSED.nc,ct182-865F-24,436,2025-07-20 04:20:00,-63.4492,109.6395,True,True
/Volumes/Data/Work/SEALTAGS/Prydz/ct182/v5_20251106/PROCESSED/NC/ct182-865F-24_hr1_prof_PROCESSED.nc,ct182-865F-24,437,2025-07-20 14:50:00,-63.1779,109.6949,False,True
/Volumes/Data/Work/SEALTAGS/Prydz/ct182/v5_20251106/PROCESSED/NC/ct182-865F-24_hr1_prof_PROCESSED.nc,ct182-865F-24,438,2025-07-21 03:00:00,-62.9219,109.9355,True,True
/Volumes/Data/Work/SEALTAGS/Prydz/ct182/v5_20251106/PROCESSED/NC/ct182-865F-24_hr1_prof_PROCESSED.nc,ct182-865F-24,439,2025-07-21 14:40:00,-62.6963,109.9768,False,True
/Volumes/Data/Work/SEALTAGS/Prydz/ct182/v5_20251106/PROCESSED/NC/ct182-865F-24_hr1_prof_PROCESSED.nc,ct182-865F-24,440,2025-07-22 03:10:00,-62.4054,110.5784,True,True
/Volumes/Data/Work/SEALTAGS/Prydz/ct182/v5_20251106/PROCESSED/NC/ct182-865F-24_hr1_prof_PROCESSED.nc,ct182-865F-24,441,2025-07-22 14:20:00,-62.4681,110.937,False,True
/Volumes/Data/Work/SEALTAGS/Prydz/ct182/v5_20251106/PROCESSED/NC/ct182-865F-24_hr1_prof_PROCESSED.nc,ct182-865F-24,442,2025-07-23 02:40:00,-62.1958,111.0647,True,True
/Volumes/Data/Work/SEALTAGS/Prydz/ct182/v5_20251106/PROCESSED/NC/ct182-865F-24_hr1_prof_PROCESSED.nc,ct182-865F-24,443,2025-07-23 05:30:00,-62.1536,111.2118,True,True
/Volumes/Data/Work/SEALTAGS/Prydz/ct182/v5_20251106/PROCESSED/NC/ct182-865F-24_hr1_prof_PROCESSED.nc,ct182-865F-24,444,2025-07-23 14:40:00,-62.4214,111.1999,False,True
/Volumes/Data/Work/SEALTAGS/Prydz/ct182/v5_20251106/PROCESSED/NC/ct182-865F-24_hr1_prof_PROCESSED.nc,ct182-865F-24,445,2025-07-24 02:10:00,-62.6956,111.0187,True,True
/Volumes/Data/Work/SEALTAGS/Prydz/ct182/v5_20251106/PROCESSED/NC/ct182-865F-24_hr1_prof_PROCESSED.nc,ct182-865F-24,446,2025-07-24 14:40:00,-62.9004,111.1616,False,True
/Volumes/Data/Work/SEALTAGS/Prydz/ct182/v5_20251106/PROCESSED/NC/ct182-865F-24_hr1_prof_PROCESSED.nc,ct182-865F-24,447,2025-07-24 15:20:00,-62.8899,111.1314,False,True
/Volumes/Data/Work/SEALTAGS/Prydz/ct182/v5_20251106/PROCESSED/NC/ct182-865F-24_hr1_prof_PROCESSED.nc,ct182-865F-24,448,2025-07-25 05:30:00,-63.1221,111.2361,True,True
/Volumes/Data/Work/SEALTAGS/Prydz/ct182/v5_20251106/PROCESSED/NC/ct182-865F-24_hr1_prof_PROCESSED.nc,ct182-865F-24,449,2025-07-25 14:20:00,-63.0099,111.0992,False,True
/Volumes/Data/Work/SEALTAGS/Prydz/ct182/v5_20251106/PROCESSED/NC/ct182-865F-24_hr1_prof_PROCESSED.nc,ct182-865F-24,450,2025-07-26 03:00:00,-62.8901,111.6987,True,True
/Volumes/Data/Work/SEALTAGS/Prydz/ct182/v5_20251106/PROCESSED/NC/ct182-865F-24_hr1_prof_PROCESSED.nc,ct182-865F-24,451,2025-07-26 03:40:00,-62.8883,111.7179,True,True
/Volumes/Data/Work/SEALTAGS/Prydz/ct182/v5_20251106/PROCESSED/NC/ct182-865F-24_hr1_prof_PROCESSED.nc,ct182-865F-24,452,2025-07-26 18:50:00,-63.0888,112.5212,False,True
/Volumes/Data/Work/SEALTAGS/Prydz/ct182/v5_20251106/PROCESSED/NC/ct182-865F-24_hr1_prof_PROCESSED.nc,ct182-865F-24,453,2025-07-27 02:40:00,-63.1202,112.9163,True,True
/Volumes/Data/Work/SEALTAGS/Prydz/ct182/v5_20251106/PROCESSED/NC/ct182-865F-24_hr1_prof_PROCESSED.nc,ct182-865F-24,454,2025-07-27 05:20:00,-63.087,112.9456,True,True
/Volumes/Data/Work/SEALTAGS/Prydz/ct182/v5_20251106/PROCESSED/NC/ct182-865F-24_hr1_prof_PROCESSED.nc,ct182-865F-24,455,2025-07-28 02:20:00,-62.7418,113.1818,True,True
/Volumes/Data/Work/SEALTAGS/Prydz/ct182/v5_20251106/PROCESSED/NC/ct182-865F-24_hr1_prof_PROCESSED.nc,ct182-865F-24,456,2025-07-28 23:30:00,-62.8146,112.9543,False,True
/Volumes/Data/Work/SEALTAGS/Prydz/ct182/v5_20251106/PROCESSED/NC/ct182-865F-24_hr1_prof_PROCESSED.nc,ct182-865F-24,457,2025-07-29 14:20:00,-63.0317,112.8397,False,True
/Volumes/Data/Work/SEALTAGS/Prydz/ct182/v5_20251106/PROCESSED/NC/ct182-865F-24_hr1_prof_PROCESSED.nc,ct182-865F-24,458,2025-07-30 02:40:00,-63.2897,112.6179,True,True
/Volumes/Data/Work/SEALTAGS/Prydz/ct182/v5_20251106/PROCESSED/NC/ct182-865F-24_hr1_prof_PROCESSED.nc,ct182-865F-24,459,2025-07-30 17:40:00,-63.4767,112.4619,False,True
/Volumes/Data/Work/SEALTAGS/Prydz/ct182/v5_20251106/PROCESSED/NC/ct182-865F-24_hr1_prof_PROCESSED.nc,ct182-865F-24,460,2025-07-30 21:40:00,-63.611,112.4911,False,True
/Volumes/Data/Work/SEALTAGS/Prydz/ct182/v5_20251106/PROCESSED/NC/ct182-865F-24_hr1_prof_PROCESSED.nc,ct182-865F-24,461,2025-07-31 02:30:00,-63.5132,112.637,True,True
/Volumes/Data/Work/SEALTAGS/Prydz/ct182/v5_20251106/PROCESSED/NC/ct182-865F-24_hr1_prof_PROCESSED.nc,ct182-865F-24,462,2025-07-31 14:30:00,-63.6546,112.3777,False,True
/Volumes/Data/Work/SEALTAGS/Prydz/ct182/v5_20251106/PROCESSED/NC/ct182-865F-24_hr1_prof_PROCESSED.nc,ct182-865F-24,463,2025-08-01 03:00:00,-63.8023,111.9748,True,True
/Volumes/Data/Work/SEALTAGS/Prydz/ct182/v5_20251106/PROCESSED/NC/ct182-865F-24_hr1_prof_PROCESSED.nc,ct182-865F-24,464,2025-08-01 03:50:00,-63.8118,111.9552,True,True
/Volumes/Data/Work/SEALTAGS/Prydz/ct182/v5_20251106/PROCESSED/NC/ct182-865F-24_hr1_prof_PROCESSED.nc,ct182-865F-24,465,2025-08-02 04:10:00,-63.762,111.925,True,True
/Volumes/Data/Work/SEALTAGS/Prydz/ct182/v5_20251106/PROCESSED/NC/ct182-865F-24_hr1_prof_PROCESSED.nc,ct182-865F-24,466,2025-08-02 15:30:00,-63.5336,112.28,False,True
/Volumes/Data/Work/SEALTAGS/Prydz/ct182/v5_20251106/PROCESSED/NC/ct182-865F-24_hr1_prof_PROCESSED.nc,ct182-865F-24,467,2025-08-03 03:10:00,-63.3015,112.2366,True,True
/Volumes/Data/Work/SEALTAGS/Prydz/ct182/v5_20251106/PROCESSED/NC/ct182-865F-24_hr1_prof_PROCESSED.nc,ct182-865F-24,468,2025-08-03 05:40:00,-63.2888,112.3134,True,True
/Volumes/Data/Work/SEALTAGS/Prydz/ct182/v5_20251106/PROCESSED/NC/ct182-865F-24_hr1_prof_PROCESSED.nc,ct182-865F-24,469,2025-08-03 14:30:00,-63.2668,112.4933,False,True
/Volumes/Data/Work/SEALTAGS/Prydz/ct182/v5_20251106/PROCESSED/NC/ct182-865F-24_hr1_prof_PROCESSED.nc,ct182-865F-24,470,2025-08-04 17:00:00,-63.2975,112.5003,False,True
/Volumes/Data/Work/SEALTAGS/Prydz/ct182/v5_20251106/PROCESSED/NC/ct182-865F-24_hr1_prof_PROCESSED.nc,ct182-865F-24,471,2025-08-04 17:50:00,-63.2955,112.5101,False,True
/Volumes/Data/Work/SEALTAGS/Prydz/ct182/v5_20251106/PROCESSED/NC/ct182-865F-24_hr1_prof_PROCESSED.nc,ct182-865F-24,472,2025-08-05 02:20:00,-63.1354,112.5447,True,True
/Volumes/Data/Work/SEALTAGS/Prydz/ct182/v5_20251106/PROCESSED/NC/ct182-865F-24_hr1_prof_PROCESSED.nc,ct182-865F-24,473,2025-08-05 06:30:00,-63.1439,112.521,True,True
/Volumes/Data/Work/SEALTAGS/Prydz/ct182/v5_20251106/PROCESSED/NC/ct182-865F-24_hr1_prof_PROCESSED.nc,ct182-865F-24,474,2025-08-06 02:50:00,-63.1901,112.5977,True,True
/Volumes/Data/Work/SEALTAGS/Prydz/ct182/v5_20251106/PROCESSED/NC/ct182-865F-24_hr1_prof_PROCESSED.nc,ct182-865F-24,475,2025-08-06 03:40:00,-63.1886,112.5991,True,True
/Volumes/Data/Work/SEALTAGS/Prydz/ct182/v5_20251106/PROCESSED/NC/ct182-865F-24_hr1_prof_PROCESSED.nc,ct182-865F-24,476,2025-08-06 14:50:00,-63.1135,112.708,False,True
/Volumes/Data/Work/SEALTAGS/Prydz/ct182/v5_20251106/PROCESSED/NC/ct182-865F-24_hr1_prof_PROCESSED.nc,ct182-865F-24,477,2025-08-07 02:30:00,-63.2944,112.7719,True,True
/Volumes/Data/Work/SEALTAGS/Prydz/ct182/v5_20251106/PROCESSED/NC/ct182-865F-24_hr1_prof_PROCESSED.nc,ct182-865F-24,478,2025-08-07 23:00:00,-63.2429,112.8061,False,True
/Volumes/Data/Work/SEALTAGS/Prydz/ct182/v5_20251106/PROCESSED/NC/ct182-865F-24_hr1_prof_PROCESSED.nc,ct182-865F-24,479,2025-08-07 23:50:00,-63.2411,112.8128,False,True
/Volumes/Data/Work/SEALTAGS/Prydz/ct182/v5_20251106/PROCESSED/NC/ct182-865F-24_hr1_prof_PROCESSED.nc,ct182-865F-24,480,2025-08-08 02:20:00,-63.2357,112.8328,True,True
/Volumes/Data/Work/SEALTAGS/Prydz/ct182/v5_20251106/PROCESSED/NC/ct182-865F-24_hr1_prof_PROCESSED.nc,ct182-865F-24,481,2025-08-08 14:40:00,-63.2001,112.7122,False,True
/Volumes/Data/Work/SEALTAGS/Prydz/ct182/v5_20251106/PROCESSED/NC/ct182-865F-24_hr1_prof_PROCESSED.nc,ct182-865F-24,482,2025-08-09 04:30:00,-63.2078,113.1304,True,True
/Volumes/Data/Work/SEALTAGS/Prydz/ct182/v5_20251106/PROCESSED/NC/ct182-865F-24_hr1_prof_PROCESSED.nc,ct182-865F-24,483,2025-08-10 15:40:00,-63.6723,112.0754,False,True
/Volumes/Data/Work/SEALTAGS/Prydz/ct182/v5_20251106/PROCESSED/NC/ct182-865F-24_hr1_prof_PROCESSED.nc,ct182-865F-24,484,2025-08-10 20:00:00,-63.8881,112.0052,False,True
/Volumes/Data/Work/SEALTAGS/Prydz/ct182/v5_20251106/PROCESSED/NC/ct182-865F-24_hr1_prof_PROCESSED.nc,ct182-865F-24,485,2025-08-11 02:20:00,-63.8724,112.2751,True,True
/Volumes/Data/Work/SEALTAGS/Prydz/ct182/v5_20251106/PROCESSED/NC/ct182-865F-24_hr1_prof_PROCESSED.nc,ct182-865F-24,486,2025-08-11 15:30:00,-63.721,113.1625,False,True
/Volumes/Data/Work/SEALTAGS/Prydz/ct182/v5_20251106/PROCESSED/NC/ct182-865F-24_hr1_prof_PROCESSED.nc,ct182-865F-24,487,2025-08-11 21:40:00,-63.6848,113.3465,False,True
/Volumes/Data/Work/SEALTAGS/Prydz/ct182/v5_20251106/PROCESSED/NC/ct182-865F-24_hr1_prof_PROCESSED.nc,ct182-865F-24,488,2025-08-12 16:30:00,-63.139,113.259,False,True
/Volumes/Data/Work/SEALTAGS/Prydz/ct182/v5_20251106/PROCESSED/NC/ct182-865F-24_hr1_prof_PROCESSED.nc,ct182-865F-24,489,2025-08-12 21:30:00,-63.0199,113.1804,False,True
/Volumes/Data/Work/SEALTAGS/Prydz/ct182/v5_20251106/PROCESSED/NC/ct182-865F-24_hr1_prof_PROCESSED.nc,ct182-865F-24,490,2025-08-14 03:00:00,-62.9823,113.3671,True,True
/Volumes/Data/Work/SEALTAGS/Prydz/ct182/v5_20251106/PROCESSED/NC/ct182-865F-24_hr1_prof_PROCESSED.nc,ct182-865F-24,491,2025-08-14 15:10:00,-62.8534,112.9678,False,True
/Volumes/Data/Work/SEALTAGS/Prydz/ct182/v5_20251106/PROCESSED/NC/ct182-865F-24_hr1_prof_PROCESSED.nc,ct182-865F-24,492,2025-08-15 02:30:00,-62.8499,112.5964,True,True
/Volumes/Data/Work/SEALTAGS/Prydz/ct182/v5_20251106/PROCESSED/NC/ct182-865F-24_hr1_prof_PROCESSED.nc,ct182-865F-24,493,2025-08-15 03:20:00,-62.8822,112.6006,True,True
/Volumes/Data/Work/SEALTAGS/Prydz/ct182/v5_20251106/PROCESSED/NC/ct182-865F-24_hr1_prof_PROCESSED.nc,ct182-865F-24,494,2025-08-15 15:50:00,-62.7794,112.2185,False,True
/Volumes/Data/Work/SEALTAGS/Prydz/ct182/v5_20251106/PROCESSED/NC/ct182-865F-24_hr1_prof_PROCESSED.nc,ct182-865F-24,495,2025-08-16 21:50:00,-63.1929,111.6382,False,True
/Volumes/Data/Work/SEALTAGS/Prydz/ct182/v5_20251106/PROCESSED/NC/ct182-865F-24_hr1_prof_PROCESSED.nc,ct182-865F-24,496,2025-08-17 01:30:00,-63.2629,111.5528,True,True
/Volumes/Data/Work/SEALTAGS/Prydz/ct182/v5_20251106/PROCESSED/NC/ct182-865F-24_hr1_prof_PROCESSED.nc,ct182-865F-24,497,2025-08-18 03:20:00,-63.5396,110.7427,True,True
/Volumes/Data/Work/SEALTAGS/Prydz/ct182/v5_20251106/PROCESSED/NC/ct182-865F-24_hr1_prof_PROCESSED.nc,ct182-865F-24,498,2025-08-19 00:00:00,-64.0252,110.1674,False,True
/Volumes/Data/Work/SEALTAGS/Prydz/ct182/v5_20251106/PROCESSED/NC/ct182-865F-24_hr1_prof_PROCESSED.nc,ct182-865F-24,499,2025-08-19 14:20:00,-64.0188,109.7938,False,True
/Volumes/Data/Work/SEALTAGS/Prydz/ct182/v5_20251106/PROCESSED/NC/ct182-865F-24_hr1_prof_PROCESSED.nc,ct182-865F-24,500,2025-08-20 04:40:00,-63.8615,109.5216,True,True
/Volumes/Data/Work/SEALTAGS/Prydz/ct182/v5_20251106/PROCESSED/NC/ct182-865F-24_hr1_prof_PROCESSED.nc,ct182-865F-24,501,2025-08-21 02:10:00,-63.8358,108.6853,True,True
/Volumes/Data/Work/SEALTAGS/Prydz/ct182/v5_20251106/PROCESSED/NC/ct182-865F-24_hr1_prof_PROCESSED.nc,ct182-865F-24,502,2025-08-21 10:40:00,-63.7318,108.4504,False,True
/Volumes/Data/Work/SEALTAGS/Prydz/ct182/v5_20251106/PROCESSED/NC/ct182-865F-24_hr1_prof_PROCESSED.nc,ct182-865F-24,503,2025-08-22 01:30:00,-63.5532,109.1407,True,True
/Volumes/Data/Work/SEALTAGS/Prydz/ct182/v5_20251106/PROCESSED/NC/ct182-865F-24_hr1_prof_PROCESSED.nc,ct182-865F-24,504,2025-08-22 15:20:00,-63.2909,108.9992,False,True
/Volumes/Data/Work/SEALTAGS/Prydz/ct182/v5_20251106/PROCESSED/NC/ct182-865F-24_hr1_prof_PROCESSED.nc,ct182-865F-24,505,2025-08-22 16:20:00,-63.2872,108.8868,False,True
/Volumes/Data/Work/SEALTAGS/Prydz/ct182/v5_20251106/PROCESSED/NC/ct182-865F-24_hr1_prof_PROCESSED.nc,ct182-865F-24,506,2025-08-23 15:30:00,-63.5336,108.9457,False,True
/Volumes/Data/Work/SEALTAGS/Prydz/ct182/v5_20251106/PROCESSED/NC/ct182-865F-24_hr1_prof_PROCESSED.nc,ct182-865F-24,507,2025-08-23 20:20:00,-63.377,109.1948,False,True
/Volumes/Data/Work/SEALTAGS/Prydz/ct182/v5_20251106/PROCESSED/NC/ct182-865F-24_hr1_prof_PROCESSED.nc,ct182-865F-24,508,2025-08-24 03:50:00,-63.1241,109.2487,True,True
/Volumes/Data/Work/SEALTAGS/Prydz/ct182/v5_20251106/PROCESSED/NC/ct182-865F-24_hr1_prof_PROCESSED.nc,ct182-865F-24,509,2025-08-24 19:40:00,-62.6713,109.9678,False,True
/Volumes/Data/Work/SEALTAGS/Prydz/ct182/v5_20251106/PROCESSED/NC/ct182-865F-24_hr1_prof_PROCESSED.nc,ct182-865F-24,510,2025-08-25 01:30:00,-62.8347,109.7041,True,True
/Volumes/Data/Work/SEALTAGS/Prydz/ct182/v5_20251106/PROCESSED/NC/ct182-865F-24_hr1_prof_PROCESSED.nc,ct182-865F-24,511,2025-08-25 14:30:00,-62.7823,109.8755,False,True
/Volumes/Data/Work/SEALTAGS/Prydz/ct182/v5_20251106/PROCESSED/NC/ct182-865F-24_hr1_prof_PROCESSED.nc,ct182-865F-24,512,2025-08-25 15:00:00,-62.7534,109.8957,False,True
/Volumes/Data/Work/SEALTAGS/Prydz/ct182/v5_20251106/PROCESSED/NC/ct182-865F-24_hr1_prof_PROCESSED.nc,ct182-865F-24,513,2025-08-26 01:30:00,-62.4543,109.9676,True,True
/Volumes/Data/Work/SEALTAGS/Prydz/ct182/v5_20251106/PROCESSED/NC/ct182-865F-24_hr1_prof_PROCESSED.nc,ct182-865F-24,514,2025-08-26 14:20:00,-62.483,109.7618,False,True
/Volumes/Data/Work/SEALTAGS/Prydz/ct182/v5_20251106/PROCESSED/NC/ct182-865F-24_hr1_prof_PROCESSED.nc,ct182-865F-24,515,2025-08-27 01:30:00,-62.4954,109.5295,True,True
/Volumes/Data/Work/SEALTAGS/Prydz/ct182/v5_20251106/PROCESSED/NC/ct182-865F-24_hr1_prof_PROCESSED.nc,ct182-865F-24,516,2025-08-27 03:20:00,-62.4503,109.5584,True,True
/Volumes/Data/Work/SEALTAGS/Prydz/ct182/v5_20251106/PROCESSED/NC/ct182-865F-24_hr1_prof_PROCESSED.nc,ct182-865F-24,517,2025-08-27 14:20:00,-62.39,110.0552,False,True
/Volumes/Data/Work/SEALTAGS/Prydz/ct182/v5_20251106/PROCESSED/NC/ct182-865F-24_hr1_prof_PROCESSED.nc,ct182-865F-24,518,2025-08-27 17:30:00,-62.4068,110.0573,False,True
/Volumes/Data/Work/SEALTAGS/Prydz/ct182/v5_20251106/PROCESSED/NC/ct182-865F-24_hr1_prof_PROCESSED.nc,ct182-865F-24,519,2025-08-28 01:20:00,-62.6335,109.9243,True,True
/Volumes/Data/Work/SEALTAGS/Prydz/ct182/v5_20251106/PROCESSED/NC/ct182-865F-24_hr1_prof_PROCESSED.nc,ct182-865F-24,520,2025-08-28 15:40:00,-62.8868,109.904,False,True
/Volumes/Data/Work/SEALTAGS/Prydz/ct182/v5_20251106/PROCESSED/NC/ct182-865F-24_hr1_prof_PROCESSED.nc,ct182-865F-24,521,2025-08-28 18:20:00,-62.9656,110.0277,False,True
/Volumes/Data/Work/SEALTAGS/Prydz/ct182/v5_20251106/PROCESSED/NC/ct182-865F-24_hr1_prof_PROCESSED.nc,ct182-865F-24,522,2025-08-30 02:30:00,-63.5456,109.1084,True,True
/Volumes/Data/Work/SEALTAGS/Prydz/ct182/v5_20251106/PROCESSED/NC/ct182-865F-24_hr1_prof_PROCESSED.nc,ct182-865F-24,523,2025-08-30 03:20:00,-63.546,109.054,True,True
/Volumes/Data/Work/SEALTAGS/Prydz/ct182/v5_20251106/PROCESSED/NC/ct182-865F-24_hr1_prof_PROCESSED.nc,ct182-865F-24,524,2025-08-30 05:00:00,-63.5467,108.9453,True,True
/Volumes/Data/Work/SEALTAGS/Prydz/ct182/v5_20251106/PROCESSED/NC/ct182-865F-24_hr1_prof_PROCESSED.nc,ct182-865F-24,525,2025-08-30 16:00:00,-63.8107,108.6566,False,True
/Volumes/Data/Work/SEALTAGS/Prydz/ct182/v5_20251106/PROCESSED/NC/ct182-865F-24_hr1_prof_PROCESSED.nc,ct182-865F-24,526,2025-08-30 23:40:00,-63.9047,108.7156,False,True
/Volumes/Data/Work/SEALTAGS/Prydz/ct182/v5_20251106/PROCESSED/NC/ct182-865F-24_hr1_prof_PROCESSED.nc,ct182-865F-24,527,2025-08-31 01:50:00,-63.8826,108.7325,True,True
/Volumes/Data/Work/SEALTAGS/Prydz/ct182/v5_20251106/PROCESSED/NC/ct182-865F-24_hr1_prof_PROCESSED.nc,ct182-865F-24,528,2025-08-31 21:00:00,-64.1608,109.6439,False,True
/Volumes/Data/Work/SEALTAGS/Prydz/ct182/v5_20251106/PROCESSED/NC/ct182-865F-24_hr1_prof_PROCESSED.nc,ct182-865F-24,529,2025-08-31 21:50:00,-64.1505,109.6433,False,True
/Volumes/Data/Work/SEALTAGS/Prydz/ct182/v5_20251106/PROCESSED/NC/ct182-865F-24_hr1_prof_PROCESSED.nc,ct182-865F-24,530,2025-08-31 23:20:00,-64.1687,109.6957,False,True
/Volumes/Data/Work/SEALTAGS/Prydz/ct182/v5_20251106/PROCESSED/NC/ct182-865F-24_hr1_prof_PROCESSED.nc,ct182-865F-24,531,2025-09-02 03:10:00,-64.894,110.5864,True,True
/Volumes/Data/Work/SEALTAGS/Prydz/ct182/v5_20251106/PROCESSED/NC/ct182-865F-24_hr1_prof_PROCESSED.nc,ct182-865F-24,532,2025-09-02 08:40:00,-64.9223,110.7411,True,True
/Volumes/Data/Work/SEALTAGS/Prydz/ct182/v5_20251106/PROCESSED/NC/ct182-865F-24_hr1_prof_PROCESSED.nc,ct182-865F-24,533,2025-09-02 21:50:00,-65.3412,111.2601,False,True
/Volumes/Data/Work/SEALTAGS/Prydz/ct182/v5_20251106/PROCESSED/NC/ct182-865F-24_hr1_prof_PROCESSED.nc,ct182-865F-24,534,2025-09-03 02:30:00,-65.4364,111.4229,True,True
/Volumes/Data/Work/SEALTAGS/Prydz/ct182/v5_20251106/PROCESSED/NC/ct182-865F-24_hr1_prof_PROCESSED.nc,ct182-865F-24,535,2025-09-03 04:00:00,-65.3807,111.3863,True,True
/Volumes/Data/Work/SEALTAGS/Prydz/ct182/v5_20251106/PROCESSED/NC/ct182-865F-24_hr1_prof_PROCESSED.nc,ct182-865F-24,536,2025-09-03 14:20:00,-65.1987,111.164,False,True
/Volumes/Data/Work/SEALTAGS/Prydz/ct182/v5_20251106/PROCESSED/NC/ct182-865F-24_hr1_prof_PROCESSED.nc,ct182-865F-24,537,2025-09-04 02:50:00,-65.0426,111.073,True,True
/Volumes/Data/Work/SEALTAGS/Prydz/ct182/v5_20251106/PROCESSED/NC/ct182-865F-24_hr1_prof_PROCESSED.nc,ct182-865F-24,538,2025-09-04 15:20:00,-65.1083,111.1852,False,True
/Volumes/Data/Work/SEALTAGS/Prydz/ct182/v5_20251106/PROCESSED/NC/ct182-865F-24_hr1_prof_PROCESSED.nc,ct182-865F-24,539,2025-09-04 16:00:00,-65.1213,111.2022,False,True
/Volumes/Data/Work/SEALTAGS/Prydz/ct182/v5_20251106/PROCESSED/NC/ct182-865F-24_hr1_prof_PROCESSED.nc,ct182-865F-24,540,2025-09-05 00:00:00,-65.0972,111.5061,True,True
/Volumes/Data/Work/SEALTAGS/Prydz/ct182/v5_20251106/PROCESSED/NC/ct182-865F-24_hr1_prof_PROCESSED.nc,ct182-865F-24,541,2025-09-05 05:10:00,-65.0866,111.531,True,True
/Volumes/Data/Work/SEALTAGS/Prydz/ct182/v5_20251106/PROCESSED/NC/ct182-865F-24_hr1_prof_PROCESSED.nc,ct182-865F-24,542,2025-09-05 15:30:00,-65.2825,111.6032,False,True
/Volumes/Data/Work/SEALTAGS/Prydz/ct182/v5_20251106/PROCESSED/NC/ct182-865F-24_hr1_prof_PROCESSED.nc,ct182-865F-24,543,2025-09-05 16:00:00,-65.3096,111.5686,False,True
/Volumes/Data/Work/SEALTAGS/Prydz/ct182/v5_20251106/PROCESSED/NC/ct182-865F-24_hr1_prof_PROCESSED.nc,ct182-865F-24,544,2025-09-05 16:30:00,-65.2932,111.6007,False,True
/Volumes/Data/Work/SEALTAGS/Prydz/ct182/v5_20251106/PROCESSED/NC/ct182-865F-24_hr1_prof_PROCESSED.nc,ct182-865F-24,545,2025-09-05 18:10:00,-65.3354,111.4725,False,True
/Volumes/Data/Work/SEALTAGS/Prydz/ct182/v5_20251106/PROCESSED/NC/ct182-865F-24_hr1_prof_PROCESSED.nc,ct182-865F-24,546,2025-09-06 03:30:00,-65.5504,111.3559,True,True
/Volumes/Data/Work/SEALTAGS/Prydz/ct182/v5_20251106/PROCESSED/NC/ct182-865F-24_hr1_prof_PROCESSED.nc,ct182-865F-24,547,2025-09-06 15:30:00,-65.5068,111.4373,False,True
/Volumes/Data/Work/SEALTAGS/Prydz/ct182/v5_20251106/PROCESSED/NC/ct182-865F-24_hr1_prof_PROCESSED.nc,ct182-865F-24,548,2025-09-07 03:10:00,-65.5108,111.314,True,True
/Volumes/Data/Work/SEALTAGS/Prydz/ct182/v5_20251106/PROCESSED/NC/ct182-865F-24_hr1_prof_PROCESSED.nc,ct182-865F-24,549,2025-09-07 15:00:00,-65.4708,111.4651,False,True
/Volumes/Data/Work/SEALTAGS/Prydz/ct182/v5_20251106/PROCESSED/NC/ct182-865F-24_hr1_prof_PROCESSED.nc,ct182-865F-24,550,2025-09-08 03:30:00,-65.4748,111.4953,True,True
/Volumes/Data/Work/SEALTAGS/Prydz/ct182/v5_20251106/PROCESSED/NC/ct182-865F-24_hr1_prof_PROCESSED.nc,ct182-865F-24,551,2025-09-08 15:20:00,-65.4772,111.3083,False,True
/Volumes/Data/Work/SEALTAGS/Prydz/ct182/v5_20251106/PROCESSED/NC/ct182-865F-24_hr1_prof_PROCESSED.nc,ct182-865F-24,552,2025-09-09 03:10:00,-65.5534,111.4327,True,True
/Volumes/Data/Work/SEALTAGS/Prydz/ct182/v5_20251106/PROCESSED/NC/ct182-865F-24_hr1_prof_PROCESSED.nc,ct182-865F-24,553,2025-09-09 15:00:00,-65.5344,111.4391,False,True
/Volumes/Data/Work/SEALTAGS/Prydz/ct182/v5_20251106/PROCESSED/NC/ct182-865F-24_hr1_prof_PROCESSED.nc,ct182-865F-24,554,2025-09-10 00:10:00,-65.5467,111.4673,True,True
/Volumes/Data/Work/SEALTAGS/Prydz/ct182/v5_20251106/PROCESSED/NC/ct182-865F-24_hr1_prof_PROCESSED.nc,ct182-865F-24,555,2025-09-10 15:10:00,-65.5463,111.461,False,True
/Volumes/Data/Work/SEALTAGS/Prydz/ct182/v5_20251106/PROCESSED/NC/ct182-865F-24_hr1_prof_PROCESSED.nc,ct182-865F-24,556,2025-09-11 03:40:00,-65.5722,111.6031,True,True
/Volumes/Data/Work/SEALTAGS/Prydz/ct182/v5_20251106/PROCESSED/NC/ct182-865F-24_hr1_prof_PROCESSED.nc,ct182-865F-24,557,2025-09-11 20:00:00,-65.5248,111.5287,False,True
/Volumes/Data/Work/SEALTAGS/Prydz/ct182/v5_20251106/PROCESSED/NC/ct182-865F-24_hr1_prof_PROCESSED.nc,ct182-865F-24,558,2025-09-11 22:40:00,-65.5384,111.5028,False,True
/Volumes/Data/Work/SEALTAGS/Prydz/ct182/v5_20251106/PROCESSED/NC/ct182-865F-24_hr1_prof_PROCESSED.nc,ct182-865F-24,559,2025-09-12 03:40:00,-65.5094,111.434,True,True
/Volumes/Data/Work/SEALTAGS/Prydz/ct182/v5_20251106/PROCESSED/NC/ct182-865F-24_hr1_prof_PROCESSED.nc,ct182-865F-24,560,2025-09-12 15:20:00,-65.4384,111.4717,False,True
/Volumes/Data/Work/SEALTAGS/Prydz/ct182/v5_20251106/PROCESSED/NC/ct182-865F-24_hr1_prof_PROCESSED.nc,ct182-865F-24,561,2025-09-13 03:20:00,-65.4765,111.4301,True,True
/Volumes/Data/Work/SEALTAGS/Prydz/ct182/v5_20251106/PROCESSED/NC/ct182-865F-24_hr1_prof_PROCESSED.nc,ct182-865F-24,562,2025-09-13 03:50:00,-65.4768,111.4282,True,True
/Volumes/Data/Work/SEALTAGS/Prydz/ct182/v5_20251106/PROCESSED/NC/ct182-865F-24_hr1_prof_PROCESSED.nc,ct182-865F-24,563,2025-09-13 15:00:00,-65.4491,111.4531,False,True
/Volumes/Data/Work/SEALTAGS/Prydz/ct182/v5_20251106/PROCESSED/NC/ct182-865F-24_hr1_prof_PROCESSED.nc,ct182-865F-24,564,2025-09-14 03:20:00,-65.4754,111.3925,True,True
/Volumes/Data/Work/SEALTAGS/Prydz/ct182/v5_20251106/PROCESSED/NC/ct182-865F-24_hr1_prof_PROCESSED.nc,ct182-865F-24,565,2025-09-14 15:00:00,-65.4435,111.3078,False,True
/Volumes/Data/Work/SEALTAGS/Prydz/ct182/v5_20251106/PROCESSED/NC/ct182-865F-24_hr1_prof_PROCESSED.nc,ct182-865F-24,566,2025-09-15 03:00:00,-65.4706,111.3336,True,True
/Volumes/Data/Work/SEALTAGS/Prydz/ct182/v5_20251106/PROCESSED/NC/ct182-865F-24_hr1_prof_PROCESSED.nc,ct182-865F-24,567,2025-09-15 15:40:00,-65.4108,111.2344,False,True
/Volumes/Data/Work/SEALTAGS/Prydz/ct182/v5_20251106/PROCESSED/NC/ct182-865F-24_hr1_prof_PROCESSED.nc,ct182-865F-24,568,2025-09-15 16:20:00,-65.3999,111.2292,False,True
/Volumes/Data/Work/SEALTAGS/Prydz/ct182/v5_20251106/PROCESSED/NC/ct182-865F-24_hr1_prof_PROCESSED.nc,ct182-865F-24,569,2025-09-16 03:30:00,-65.5117,111.3218,True,True
/Volumes/Data/Work/SEALTAGS/Prydz/ct182/v5_20251106/PROCESSED/NC/ct182-865F-24_hr1_prof_PROCESSED.nc,ct182-865F-24,570,2025-09-16 08:30:00,-65.5893,111.5003,True,True
/Volumes/Data/Work/SEALTAGS/Prydz/ct182/v5_20251106/PROCESSED/NC/ct182-865F-24_hr1_prof_PROCESSED.nc,ct182-865F-24,571,2025-09-16 15:00:00,-65.5119,111.4273,False,True
/Volumes/Data/Work/SEALTAGS/Prydz/ct182/v5_20251106/PROCESSED/NC/ct182-865F-24_hr1_prof_PROCESSED.nc,ct182-865F-24,572,2025-09-17 03:10:00,-65.4588,111.1432,True,True
/Volumes/Data/Work/SEALTAGS/Prydz/ct182/v5_20251106/PROCESSED/NC/ct182-865F-24_hr1_prof_PROCESSED.nc,ct182-865F-24,573,2025-09-17 15:10:00,-65.4473,111.3229,False,True
/Volumes/Data/Work/SEALTAGS/Prydz/ct182/v5_20251106/PROCESSED/NC/ct182-865F-24_hr1_prof_PROCESSED.nc,ct182-865F-24,574,2025-09-17 21:50:00,-65.4727,111.1894,False,True
/Volumes/Data/Work/SEALTAGS/Prydz/ct182/v5_20251106/PROCESSED/NC/ct182-865F-24_hr1_prof_PROCESSED.nc,ct182-865F-24,575,2025-09-18 03:40:00,-65.4651,111.427,True,True
/Volumes/Data/Work/SEALTAGS/Prydz/ct182/v5_20251106/PROCESSED/NC/ct182-865F-24_hr1_prof_PROCESSED.nc,ct182-865F-24,576,2025-09-19 15:10:00,-65.4362,111.299,False,True
/Volumes/Data/Work/SEALTAGS/Prydz/ct182/v5_20251106/PROCESSED/NC/ct182-865F-24_hr1_prof_PROCESSED.nc,ct182-865F-24,577,2025-09-20 03:30:00,-65.4228,111.4013,True,True
/Volumes/Data/Work/SEALTAGS/Prydz/ct182/v5_20251106/PROCESSED/NC/ct182-865F-24_hr1_prof_PROCESSED.nc,ct182-865F-24,578,2025-09-20 15:20:00,-65.391,111.2375,False,True
/Volumes/Data/Work/SEALTAGS/Prydz/ct182/v5_20251106/PROCESSED/NC/ct182-865F-24_hr1_prof_PROCESSED.nc,ct182-865F-24,579,2025-09-21 03:10:00,-65.4506,111.4035,True,True
/Volumes/Data/Work/SEALTAGS/Prydz/ct182/v5_20251106/PROCESSED/NC/ct182-865F-24_hr1_prof_PROCESSED.nc,ct182-865F-24,580,2025-09-21 06:50:00,-65.5338,111.2372,True,True
/Volumes/Data/Work/SEALTAGS/Prydz/ct182/v5_20251106/PROCESSED/NC/ct182-865F-24_hr1_prof_PROCESSED.nc,ct182-865F-24,581,2025-09-21 15:20:00,-65.5346,111.4602,False,True
/Volumes/Data/Work/SEALTAGS/Prydz/ct182/v5_20251106/PROCESSED/NC/ct182-865F-24_hr1_prof_PROCESSED.nc,ct182-865F-24,582,2025-09-22 03:10:00,-65.5352,111.42,True,True
/Volumes/Data/Work/SEALTAGS/Prydz/ct182/v5_20251106/PROCESSED/NC/ct182-865F-24_hr1_prof_PROCESSED.nc,ct182-865F-24,583,2025-09-22 15:20:00,-65.509,111.3837,False,True
/Volumes/Data/Work/SEALTAGS/Prydz/ct182/v5_20251106/PROCESSED/NC/ct182-865F-24_hr1_prof_PROCESSED.nc,ct182-865F-24,584,2025-09-23 03:10:00,-65.5433,111.4239,True,True
/Volumes/Data/Work/SEALTAGS/Prydz/ct182/v5_20251106/PROCESSED/NC/ct182-865F-24_hr1_prof_PROCESSED.nc,ct182-865F-24,585,2025-09-23 04:10:00,-65.5424,111.4278,True,True
/Volumes/Data/Work/SEALTAGS/Prydz/ct182/v5_20251106/PROCESSED/NC/ct182-865F-24_hr1_prof_PROCESSED.nc,ct182-865F-24,586,2025-09-23 15:00:00,-65.615,111.3942,False,True
/Volumes/Data/Work/SEALTAGS/Prydz/ct182/v5_20251106/PROCESSED/NC/ct182-865F-24_hr1_prof_PROCESSED.nc,ct182-865F-24,587,2025-09-24 03:00:00,-65.5563,111.4521,True,True
/Volumes/Data/Work/SEALTAGS/Prydz/ct182/v5_20251106/PROCESSED/NC/ct182-865F-24_hr1_prof_PROCESSED.nc,ct182-865F-24,588,2025-09-24 15:20:00,-65.5156,111.5076,False,True
/Volumes/Data/Work/SEALTAGS/Prydz/ct182/v5_20251106/PROCESSED/NC/ct182-865F-24_hr1_prof_PROCESSED.nc,ct182-865F-24,589,2025-09-25 03:20:00,-65.5098,111.3962,True,True
/Volumes/Data/Work/SEALTAGS/Prydz/ct182/v5_20251106/PROCESSED/NC/ct182-865F-24_hr1_prof_PROCESSED.nc,ct182-865F-24,590,2025-09-25 15:10:00,-65.5792,111.3505,False,True
/Volumes/Data/Work/SEALTAGS/Prydz/ct182/v5_20251106/PROCESSED/NC/ct182-865F-24_hr1_prof_PROCESSED.nc,ct182-865F-24,591,2025-09-26 03:10:00,-65.5367,111.3225,True,True
/Volumes/Data/Work/SEALTAGS/Prydz/ct182/v5_20251106/PROCESSED/NC/ct182-865F-24_hr1_prof_PROCESSED.nc,ct182-865F-24,592,2025-09-26 15:00:00,-65.4185,110.9848,False,True
/Volumes/Data/Work/SEALTAGS/Prydz/ct182/v5_20251106/PROCESSED/NC/ct182-865F-24_hr1_prof_PROCESSED.nc,ct182-865F-24,593,2025-09-26 18:40:00,-65.4257,110.8439,False,True
/Volumes/Data/Work/SEALTAGS/Prydz/ct182/v5_20251106/PROCESSED/NC/ct182-865F-24_hr1_prof_PROCESSED.nc,ct182-865F-24,594,2025-09-27 03:20:00,-65.438,111.0639,True,True
/Volumes/Data/Work/SEALTAGS/Prydz/ct182/v5_20251106/PROCESSED/NC/ct182-865F-24_hr1_prof_PROCESSED.nc,ct182-865F-24,595,2025-09-27 08:50:00,-65.4557,111.0502,True,True
/Volumes/Data/Work/SEALTAGS/Prydz/ct182/v5_20251106/PROCESSED/NC/ct182-865F-24_hr1_prof_PROCESSED.nc,ct182-865F-24,596,2025-09-27 15:20:00,-65.4823,110.905,False,True
/Volumes/Data/Work/SEALTAGS/Prydz/ct182/v5_20251106/PROCESSED/NC/ct182-865F-24_hr1_prof_PROCESSED.nc,ct182-865F-24,597,2025-09-27 21:20:00,-65.4275,110.5728,False,True
/Volumes/Data/Work/SEALTAGS/Prydz/ct182/v5_20251106/PROCESSED/NC/ct182-865F-24_hr1_prof_PROCESSED.nc,ct182-865F-24,598,2025-09-28 01:30:00,-65.4446,110.508,True,True
/Volumes/Data/Work/SEALTAGS/Prydz/ct182/v5_20251106/PROCESSED/NC/ct182-865F-24_hr1_prof_PROCESSED.nc,ct182-865F-24,599,2025-09-28 21:20:00,-65.423,110.8663,False,True
/Volumes/Data/Work/SEALTAGS/Prydz/ct182/v5_20251106/PROCESSED/NC/ct182-865F-24_hr1_prof_PROCESSED.nc,ct182-865F-24,600,2025-09-28 22:00:00,-65.394,110.866,False,True
/Volumes/Data/Work/SEALTAGS/Prydz/ct182/v5_20251106/PROCESSED/NC/ct182-865F-24_hr1_prof_PROCESSED.nc,ct182-865F-24,601,2025-09-29 14:10:00,-65.4481,110.5065,False,True
/Volumes/Data/Work/SEALTAGS/Prydz/ct182/v5_20251106/PROCESSED/NC/ct182-865F-24_hr1_prof_PROCESSED.nc,ct182-865F-24,602,2025-09-30 05:20:00,-65.353,110.311,True,True
/Volumes/Data/Work/SEALTAGS/Prydz/ct182/v5_20251106/PROCESSED/NC/ct182-865F-24_hr1_prof_PROCESSED.nc,ct182-865F-24,603,2025-09-30 22:00:00,-65.3847,110.4703,True,True
/Volumes/Data/Work/SEALTAGS/Prydz/ct182/v5_20251106/PROCESSED/NC/ct182-865F-24_hr1_prof_PROCESSED.nc,ct182-865F-24,604,2025-09-30 22:40:00,-65.3792,110.5626,True,True
/Volumes/Data/Work/SEALTAGS/Prydz/ct182/v5_20251106/PROCESSED/NC/ct182-865F-24_hr1_prof_PROCESSED.nc,ct182-865F-24,605,2025-10-01 02:40:00,-65.2892,110.5897,True,True
/Volumes/Data/Work/SEALTAGS/Prydz/ct182/v5_20251106/PROCESSED/NC/ct182-865F-24_hr1_prof_PROCESSED.nc,ct182-865F-24,606,2025-10-01 04:50:00,-65.3712,110.5464,True,True
/Volumes/Data/Work/SEALTAGS/Prydz/ct182/v5_20251106/PROCESSED/NC/ct182-865F-24_hr1_prof_PROCESSED.nc,ct182-865F-24,607,2025-10-01 12:50:00,-65.3775,110.5036,False,True
/Volumes/Data/Work/SEALTAGS/Prydz/ct182/v5_20251106/PROCESSED/NC/ct182-865F-24_hr1_prof_PROCESSED.nc,ct182-865F-24,608,2025-10-02 02:40:00,-65.3639,110.9941,True,True
/Volumes/Data/Work/SEALTAGS/Prydz/ct182/v5_20251106/PROCESSED/NC/ct182-865F-24_hr1_prof_PROCESSED.nc,ct182-865F-24,609,2025-10-03 03:00:00,-65.5537,111.1447,True,True
/Volumes/Data/Work/SEALTAGS/Prydz/ct182/v5_20251106/PROCESSED/NC/ct182-865F-24_hr1_prof_PROCESSED.nc,ct182-865F-24,610,2025-10-03 16:20:00,-65.3539,110.8339,False,True
/Volumes/Data/Work/SEALTAGS/Prydz/ct182/v5_20251106/PROCESSED/NC/ct182-865F-24_hr1_prof_PROCESSED.nc,ct182-865F-24,611,2025-10-04 00:10:00,-65.3448,110.7414,True,True
/Volumes/Data/Work/SEALTAGS/Prydz/ct182/v5_20251106/PROCESSED/NC/ct182-865F-24_hr1_prof_PROCESSED.nc,ct182-865F-24,612,2025-10-04 14:30:00,-65.407,110.8475,False,True
/Volumes/Data/Work/SEALTAGS/Prydz/ct182/v5_20251106/PROCESSED/NC/ct182-865F-24_hr1_prof_PROCESSED.nc,ct182-865F-24,613,2025-10-06 04:20:00,-65.509,111.2422,True,True
/Volumes/Data/Work/SEALTAGS/Prydz/ct182/v5_20251106/PROCESSED/NC/ct182-865F-24_hr1_prof_PROCESSED.nc,ct182-865F-24,614,2025-10-06 09:10:00,-65.5672,111.2429,True,True
/Volumes/Data/Work/SEALTAGS/Prydz/ct182/v5_20251106/PROCESSED/NC/ct182-865F-24_hr1_prof_PROCESSED.nc,ct182-865F-24,615,2025-10-07 16:40:00,-65.4453,111.2217,False,True
/Volumes/Data/Work/SEALTAGS/Prydz/ct182/v5_20251106/PROCESSED/NC/ct182-865F-24_hr1_prof_PROCESSED.nc,ct182-865F-24,616,2025-10-08 03:30:00,-65.4856,111.2655,True,True
/Volumes/Data/Work/SEALTAGS/Prydz/ct182/v5_20251106/PROCESSED/NC/ct182-865F-24_hr1_prof_PROCESSED.nc,ct182-865F-24,617,2025-10-08 16:50:00,-65.487,111.355,False,True
/Volumes/Data/Work/SEALTAGS/Prydz/ct182/v5_20251106/PROCESSED/NC/ct182-865F-24_hr1_prof_PROCESSED.nc,ct182-865F-24,618,2025-10-09 03:00:00,-65.4879,111.4367,True,True
/Volumes/Data/Work/SEALTAGS/Prydz/ct182/v5_20251106/PROCESSED/NC/ct182-865F-24_hr1_prof_PROCESSED.nc,ct182-865F-24,619,2025-10-09 23:00:00,-65.5067,111.3483,True,True
/Volumes/Data/Work/SEALTAGS/Prydz/ct182/v5_20251106/PROCESSED/NC/ct182-865F-24_hr1_prof_PROCESSED.nc,ct182-865F-24,620,2025-10-10 03:10:00,-65.5634,111.3285,True,True
/Volumes/Data/Work/SEALTAGS/Prydz/ct182/v5_20251106/PROCESSED/NC/ct182-865F-24_hr1_prof_PROCESSED.nc,ct182-865F-24,621,2025-10-10 18:20:00,-65.4767,111.3564,False,True
/Volumes/Data/Work/SEALTAGS/Prydz/ct182/v5_20251106/PROCESSED/NC/ct182-865F-24_hr1_prof_PROCESSED.nc,ct182-865F-24,622,2025-10-11 05:20:00,-65.4458,111.0988,True,True
/Volumes/Data/Work/SEALTAGS/Prydz/ct182/v5_20251106/PROCESSED/NC/ct182-865F-24_hr1_prof_PROCESSED.nc,ct182-865F-24,623,2025-10-11 15:20:00,-65.4562,110.4751,False,True
/Volumes/Data/Work/SEALTAGS/Prydz/ct182/v5_20251106/PROCESSED/NC/ct182-865F-24_hr1_prof_PROCESSED.nc,ct182-865F-24,624,2025-10-12 00:00:00,-65.4056,110.0666,True,True
/Volumes/Data/Work/SEALTAGS/Prydz/ct182/v5_20251106/PROCESSED/NC/ct182-865F-24_hr1_prof_PROCESSED.nc,ct182-865F-24,625,2025-10-12 09:50:00,-65.302,109.4626,True,True
/Volumes/Data/Work/SEALTAGS/Prydz/ct182/v5_20251106/PROCESSED/NC/ct182-865F-24_hr1_prof_PROCESSED.nc,ct182-865F-24,626,2025-10-12 15:10:00,-65.4428,110.0842,False,True
/Volumes/Data/Work/SEALTAGS/Prydz/ct182/v5_20251106/PROCESSED/NC/ct182-865F-24_hr1_prof_PROCESSED.nc,ct182-865F-24,627,2025-10-12 18:30:00,-65.3837,109.7932,False,True
/Volumes/Data/Work/SEALTAGS/Prydz/ct182/v5_20251106/PROCESSED/NC/ct182-865F-24_hr1_prof_PROCESSED.nc,ct182-865F-24,628,2025-10-12 19:10:00,-65.3937,109.8573,False,True
/Volumes/Data/Work/SEALTAGS/Prydz/ct182/v5_20251106/PROCESSED/NC/ct182-865F-24_hr1_prof_PROCESSED.nc,ct182-865F-24,629,2025-10-14 03:20:00,-65.5831,109.3903,True,True
/Volumes/Data/Work/SEALTAGS/Prydz/ct182/v5_20251106/PROCESSED/NC/ct182-865F-24_hr1_prof_PROCESSED.nc,ct182-865F-24,630,2025-10-14 23:20:00,-65.4434,109.9396,True,True
/Volumes/Data/Work/SEALTAGS/Prydz/ct182/v5_20251106/PROCESSED/NC/ct182-865F-24_hr1_prof_PROCESSED.nc,ct182-865F-24,631,2025-10-15 03:50:00,-65.3708,110.0203,True,True
/Volumes/Data/Work/SEALTAGS/Prydz/ct182/v5_20251106/PROCESSED/NC/ct182-865F-24_hr1_prof_PROCESSED.nc,ct182-865F-24,632,2025-10-15 04:50:00,-65.3639,110.0189,True,True
/Volumes/Data/Work/SEALTAGS/Prydz/ct182/v5_20251106/PROCESSED/NC/ct182-865F-24_hr1_prof_PROCESSED.nc,ct182-865F-24,633,2025-10-15 18:50:00,-65.4956,109.8583,False,True
/Volumes/Data/Work/SEALTAGS/Prydz/ct182/v5_20251106/PROCESSED/NC/ct182-865F-24_hr1_prof_PROCESSED.nc,ct182-865F-24,634,2025-10-15 21:20:00,-65.5869,109.7853,True,True
/Volumes/Data/Work/SEALTAGS/Prydz/ct182/v5_20251106/PROCESSED/NC/ct182-865F-24_hr1_prof_PROCESSED.nc,ct182-865F-24,635,2025-10-18 03:20:00,-65.3925,108.8934,True,True
/Volumes/Data/Work/SEALTAGS/Prydz/ct182/v5_20251106/PROCESSED/NC/ct182-865F-24_hr1_prof_PROCESSED.nc,ct182-865F-24,636,2025-10-18 14:10:00,-65.3738,108.8693,False,True
/Volumes/Data/Work/SEALTAGS/Prydz/ct182/v5_20251106/PROCESSED/NC/ct182-865F-24_hr1_prof_PROCESSED.nc,ct182-865F-24,637,2025-10-19 03:30:00,-65.3675,108.8531,True,True
/Volumes/Data/Work/SEALTAGS/Prydz/ct182/v5_20251106/PROCESSED/NC/ct182-865F-24_hr1_prof_PROCESSED.nc,ct182-865F-24,638,2025-10-20 03:40:00,-65.4374,108.4513,True,True
/Volumes/Data/Work/SEALTAGS/Prydz/ct182/v5_20251106/PROCESSED/NC/ct182-865F-24_hr1_prof_PROCESSED.nc,ct182-865F-24,639,2025-10-20 14:00:00,-65.4522,108.3272,False,True
/Volumes/Data/Work/SEALTAGS/Prydz/ct182/v5_20251106/PROCESSED/NC/ct182-865F-24_hr1_prof_PROCESSED.nc,ct182-865F-24,640,2025-10-21 02:40:00,-65.3609,108.1531,True,True
/Volumes/Data/Work/SEALTAGS/Prydz/ct182/v5_20251106/PROCESSED/NC/ct182-865F-24_hr1_prof_PROCESSED.nc,ct182-865F-24,641,2025-10-21 07:00:00,-65.3424,108.0748,True,True
/Volumes/Data/Work/SEALTAGS/Prydz/ct182/v5_20251106/PROCESSED/NC/ct182-865F-24_hr1_prof_PROCESSED.nc,ct182-865F-24,642,2025-10-21 14:30:00,-65.3094,107.9319,False,True
/Volumes/Data/Work/SEALTAGS/Prydz/ct182/v5_20251106/PROCESSED/NC/ct182-865F-24_hr1_prof_PROCESSED.nc,ct182-865F-24,643,2025-10-23 02:30:00,-65.2769,107.878,True,True
/Volumes/Data/Work/SEALTAGS/Prydz/ct182/v5_20251106/PROCESSED/NC/ct182-865F-24_hr1_prof_PROCESSED.nc,ct182-865F-24,644,2025-10-23 17:40:00,-65.322,107.8572,False,True
/Volumes/Data/Work/SEALTAGS/Prydz/ct182/v5_20251106/PROCESSED/NC/ct182-865F-24_hr1_prof_PROCESSED.nc,ct182-865F-24,645,2025-10-23 18:10:00,-65.3191,107.8686,False,True
/Volumes/Data/Work/SEALTAGS/Prydz/ct182/v5_20251106/PROCESSED/NC/ct182-865F-24_hr1_prof_PROCESSED.nc,ct182-865F-24,646,2025-10-24 14:10:00,-65.3032,107.9985,False,True
/Volumes/Data/Work/SEALTAGS/Prydz/ct182/v5_20251106/PROCESSED/NC/ct182-865F-24_hr1_prof_PROCESSED.nc,ct182-865F-24,647,2025-10-25 02:10:00,-65.2679,108.0907,True,True
/Volumes/Data/Work/SEALTAGS/Prydz/ct182/v5_20251106/PROCESSED/NC/ct182-865F-24_hr1_prof_PROCESSED.nc,ct182-865F-24,648,2025-10-25 15:50:00,-65.3401,107.8258,False,True
/Volumes/Data/Work/SEALTAGS/Prydz/ct182/v5_20251106/PROCESSED/NC/ct182-865F-24_hr1_prof_PROCESSED.nc,ct182-865F-24,649,2025-10-27 15:50:00,-65.3812,108.4339,False,True
/Volumes/Data/Work/SEALTAGS/Prydz/ct182/v5_20251106/PROCESSED/NC/ct182-865F-24_hr1_prof_PROCESSED.nc,ct182-865F-24,650,2025-10-27 17:50:00,-65.4255,108.5384,False,True
/Volumes/Data/Work/SEALTAGS/Prydz/ct182/v5_20251106/PROCESSED/NC/ct182-865F-24_hr1_prof_PROCESSED.nc,ct182-865F-24,651,2025-10-29 04:00:00,-65.275,108.1497,True,True
/Volumes/Data/Work/SEALTAGS/Prydz/ct182/v5_20251106/PROCESSED/NC/ct182-865F-24_hr1_prof_PROCESSED.nc,ct182-865F-24,652,2025-10-29 15:10:00,-65.2497,108.1265,False,True
/Volumes/Data/Work/SEALTAGS/Prydz/ct182/v5_20251106/PROCESSED/NC/ct182-865F-24_hr1_prof_PROCESSED.nc,ct182-865F-24,653,2025-10-30 15:20:00,-65.0998,108.3623,False,True
/Volumes/Data/Work/SEALTAGS/Prydz/ct182/v5_20251106/PROCESSED/NC/ct182-865F-24_hr1_prof_PROCESSED.nc,ct182-865F-24,654,2025-10-30 16:30:00,-65.0748,108.5478,False,True
/Volumes/Data/Work/SEALTAGS/Prydz/ct182/v5_20251106/PROCESSED/NC/ct182-865F-24_hr1_prof_PROCESSED.nc,ct182-865F-24,655,2025-11-01 00:00:00,-65.0548,108.3903,True,True
/Volumes/Data/Work/SEALTAGS/Prydz/ct182/v5_20251106/PROCESSED/NC/ct182-865F-24_hr1_prof_PROCESSED.nc,ct182-865F-24,656,2025-11-01 15:20:00,-65.0629,108.1485,False,True
/Volumes/Data/Work/SEALTAGS/Prydz/ct182/v5_20251106/PROCESSED/NC/ct182-865F-24_hr1_prof_PROCESSED.nc,ct182-865F-24,657,2025-11-02 03:10:00,-65.0259,108.1073,True,True
/Volumes/Data/Work/SEALTAGS/Prydz/ct182/v5_20251106/PROCESSED/NC/ct182-865F-24_hr1_prof_PROCESSED.nc,ct182-865F-24,658,2025-11-02 17:50:00,-64.8706,107.8394,False,True
/Volumes/Data/Work/SEALTAGS/Prydz/ct182/v5_20251106/PROCESSED/NC/ct182-865F-24_hr1_prof_PROCESSED.nc,ct182-865F-24,659,2025-11-03 04:40:00,-64.6229,107.6482,True,True
/Volumes/Data/Work/SEALTAGS/Prydz/ct182/v5_20251106/PROCESSED/NC/ct182-865F-24_hr1_prof_PROCESSED.nc,ct182-865F-24,660,2025-11-04 02:50:00,-63.8613,107.3253,True,True
/Volumes/Data/Work/SEALTAGS/Prydz/ct182/v5_20251106/PROCESSED/NC/ct182-866F-24_hr1_prof_PROCESSED.nc,ct182-866F-24,1,2025-01-08 21:00:00,-49.7684,70.4782,False,True
/Volumes/Data/Work/SEALTAGS/Prydz/ct182/v5_20251106/PROCESSED/NC/ct182-866F-24_hr1_prof_PROCESSED.nc,ct182-866F-24,2,2025-01-08 23:20:00,-49.9212,70.5115,False,True
/Volumes/Data/Work/SEALTAGS/Prydz/ct182/v5_20251106/PROCESSED/NC/ct182-866F-24_hr1_prof_PROCESSED.nc,ct182-866F-24,3,2025-01-09 03:00:00,-50.0475,70.7732,True,True
/Volumes/Data/Work/SEALTAGS/Prydz/ct182/v5_20251106/PROCESSED/NC/ct182-866F-24_hr1_prof_PROCESSED.nc,ct182-866F-24,4,2025-01-09 04:00:00,-50.0945,70.8251,True,True
/Volumes/Data/Work/SEALTAGS/Prydz/ct182/v5_20251106/PROCESSED/NC/ct182-866F-24_hr1_prof_PROCESSED.nc,ct182-866F-24,5,2025-01-09 15:00:00,-50.3933,70.751,True,True
/Volumes/Data/Work/SEALTAGS/Prydz/ct182/v5_20251106/PROCESSED/NC/ct182-866F-24_hr1_prof_PROCESSED.nc,ct182-866F-24,6,2025-01-09 19:10:00,-50.4608,70.9409,False,True
/Volumes/Data/Work/SEALTAGS/Prydz/ct182/v5_20251106/PROCESSED/NC/ct182-866F-24_hr1_prof_PROCESSED.nc,ct182-866F-24,7,2025-01-10 02:20:00,-50.7691,71.0176,True,True
/Volumes/Data/Work/SEALTAGS/Prydz/ct182/v5_20251106/PROCESSED/NC/ct182-866F-24_hr1_prof_PROCESSED.nc,ct182-866F-24,8,2025-01-10 18:00:00,-51.2185,71.2398,False,True
/Volumes/Data/Work/SEALTAGS/Prydz/ct182/v5_20251106/PROCESSED/NC/ct182-866F-24_hr1_prof_PROCESSED.nc,ct182-866F-24,9,2025-01-11 02:30:00,-51.6911,71.3489,True,True
/Volumes/Data/Work/SEALTAGS/Prydz/ct182/v5_20251106/PROCESSED/NC/ct182-866F-24_hr1_prof_PROCESSED.nc,ct182-866F-24,10,2025-01-11 05:00:00,-51.7763,71.4405,True,True
/Volumes/Data/Work/SEALTAGS/Prydz/ct182/v5_20251106/PROCESSED/NC/ct182-866F-24_hr1_prof_PROCESSED.nc,ct182-866F-24,11,2025-01-11 16:10:00,-52.1522,71.6235,False,True
/Volumes/Data/Work/SEALTAGS/Prydz/ct182/v5_20251106/PROCESSED/NC/ct182-866F-24_hr1_prof_PROCESSED.nc,ct182-866F-24,12,2025-01-11 16:50:00,-52.1495,71.6148,False,True
/Volumes/Data/Work/SEALTAGS/Prydz/ct182/v5_20251106/PROCESSED/NC/ct182-866F-24_hr1_prof_PROCESSED.nc,ct182-866F-24,13,2025-01-12 02:30:00,-52.5665,71.5271,True,True
/Volumes/Data/Work/SEALTAGS/Prydz/ct182/v5_20251106/PROCESSED/NC/ct182-866F-24_hr1_prof_PROCESSED.nc,ct182-866F-24,14,2025-01-12 15:30:00,-53.0791,72.0027,False,True
/Volumes/Data/Work/SEALTAGS/Prydz/ct182/v5_20251106/PROCESSED/NC/ct182-866F-24_hr1_prof_PROCESSED.nc,ct182-866F-24,15,2025-01-12 16:50:00,-53.154,71.9697,False,True
/Volumes/Data/Work/SEALTAGS/Prydz/ct182/v5_20251106/PROCESSED/NC/ct182-866F-24_hr1_prof_PROCESSED.nc,ct182-866F-24,16,2025-01-13 02:20:00,-53.5877,71.8721,True,True
/Volumes/Data/Work/SEALTAGS/Prydz/ct182/v5_20251106/PROCESSED/NC/ct182-866F-24_hr1_prof_PROCESSED.nc,ct182-866F-24,17,2025-01-13 16:00:00,-54.0707,71.8428,False,True
/Volumes/Data/Work/SEALTAGS/Prydz/ct182/v5_20251106/PROCESSED/NC/ct182-866F-24_hr1_prof_PROCESSED.nc,ct182-866F-24,18,2025-01-13 19:00:00,-54.2361,71.9465,False,True
/Volumes/Data/Work/SEALTAGS/Prydz/ct182/v5_20251106/PROCESSED/NC/ct182-866F-24_hr1_prof_PROCESSED.nc,ct182-866F-24,19,2025-01-13 21:10:00,-54.3555,72.0215,False,True
/Volumes/Data/Work/SEALTAGS/Prydz/ct182/v5_20251106/PROCESSED/NC/ct182-866F-24_hr1_prof_PROCESSED.nc,ct182-866F-24,20,2025-01-14 03:20:00,-54.6027,72.1434,True,True
/Volumes/Data/Work/SEALTAGS/Prydz/ct182/v5_20251106/PROCESSED/NC/ct182-866F-24_hr1_prof_PROCESSED.nc,ct182-866F-24,21,2025-01-14 03:50:00,-54.6303,72.1699,True,True
/Volumes/Data/Work/SEALTAGS/Prydz/ct182/v5_20251106/PROCESSED/NC/ct182-866F-24_hr1_prof_PROCESSED.nc,ct182-866F-24,22,2025-01-14 15:30:00,-55.0837,72.4218,True,True
/Volumes/Data/Work/SEALTAGS/Prydz/ct182/v5_20251106/PROCESSED/NC/ct182-866F-24_hr1_prof_PROCESSED.nc,ct182-866F-24,23,2025-01-14 19:50:00,-55.3532,72.693,False,True
/Volumes/Data/Work/SEALTAGS/Prydz/ct182/v5_20251106/PROCESSED/NC/ct182-866F-24_hr1_prof_PROCESSED.nc,ct182-866F-24,24,2025-01-15 03:10:00,-55.4579,72.7186,True,True
/Volumes/Data/Work/SEALTAGS/Prydz/ct182/v5_20251106/PROCESSED/NC/ct182-866F-24_hr1_prof_PROCESSED.nc,ct182-866F-24,25,2025-01-15 15:50:00,-56.0339,73.37,False,True
/Volumes/Data/Work/SEALTAGS/Prydz/ct182/v5_20251106/PROCESSED/NC/ct182-866F-24_hr1_prof_PROCESSED.nc,ct182-866F-24,26,2025-01-15 16:10:00,-56.0485,73.3894,False,True
/Volumes/Data/Work/SEALTAGS/Prydz/ct182/v5_20251106/PROCESSED/NC/ct182-866F-24_hr1_prof_PROCESSED.nc,ct182-866F-24,27,2025-01-15 19:10:00,-56.0347,73.3143,False,True
/Volumes/Data/Work/SEALTAGS/Prydz/ct182/v5_20251106/PROCESSED/NC/ct182-866F-24_hr1_prof_PROCESSED.nc,ct182-866F-24,28,2025-01-16 08:20:00,-56.6188,73.3967,True,True
/Volumes/Data/Work/SEALTAGS/Prydz/ct182/v5_20251106/PROCESSED/NC/ct182-866F-24_hr1_prof_PROCESSED.nc,ct182-866F-24,29,2025-01-16 15:30:00,-56.751,73.2013,True,True
/Volumes/Data/Work/SEALTAGS/Prydz/ct182/v5_20251106/PROCESSED/NC/ct182-866F-24_hr1_prof_PROCESSED.nc,ct182-866F-24,30,2025-01-16 20:10:00,-56.8419,73.0785,False,True
/Volumes/Data/Work/SEALTAGS/Prydz/ct182/v5_20251106/PROCESSED/NC/ct182-866F-24_hr1_prof_PROCESSED.nc,ct182-866F-24,31,2025-01-17 07:50:00,-57.2704,73.7109,True,True
/Volumes/Data/Work/SEALTAGS/Prydz/ct182/v5_20251106/PROCESSED/NC/ct182-866F-24_hr1_prof_PROCESSED.nc,ct182-866F-24,32,2025-01-17 19:50:00,-57.7753,73.7768,False,True
/Volumes/Data/Work/SEALTAGS/Prydz/ct182/v5_20251106/PROCESSED/NC/ct182-866F-24_hr1_prof_PROCESSED.nc,ct182-866F-24,33,2025-01-18 03:20:00,-58.0758,73.9101,True,True
/Volumes/Data/Work/SEALTAGS/Prydz/ct182/v5_20251106/PROCESSED/NC/ct182-866F-24_hr1_prof_PROCESSED.nc,ct182-866F-24,34,2025-01-18 14:30:00,-58.4911,74.1687,True,True
/Volumes/Data/Work/SEALTAGS/Prydz/ct182/v5_20251106/PROCESSED/NC/ct182-866F-24_hr1_prof_PROCESSED.nc,ct182-866F-24,35,2025-01-19 03:20:00,-59.082,74.6996,True,False
/Volumes/Data/Work/SEALTAGS/Prydz/ct182/v5_20251106/PROCESSED/NC/ct182-866F-24_hr1_prof_PROCESSED.nc,ct182-866F-24,36,2025-01-19 07:10:00,-59.2369,74.805,True,False
/Volumes/Data/Work/SEALTAGS/Prydz/ct182/v5_20251106/PROCESSED/NC/ct182-866F-24_hr1_prof_PROCESSED.nc,ct182-866F-24,37,2025-01-19 15:20:00,-59.5044,75.0418,True,False
/Volumes/Data/Work/SEALTAGS/Prydz/ct182/v5_20251106/PROCESSED/NC/ct182-866F-24_hr1_prof_PROCESSED.nc,ct182-866F-24,38,2025-01-19 23:30:00,-59.8268,74.885,True,False
/Volumes/Data/Work/SEALTAGS/Prydz/ct182/v5_20251106/PROCESSED/NC/ct182-866F-24_hr1_prof_PROCESSED.nc,ct182-866F-24,39,2025-01-20 02:10:00,-59.9446,74.9837,True,False
/Volumes/Data/Work/SEALTAGS/Prydz/ct182/v5_20251106/PROCESSED/NC/ct182-866F-24_hr1_prof_PROCESSED.nc,ct182-866F-24,40,2025-01-20 02:40:00,-59.962,75.0007,True,False
/Volumes/Data/Work/SEALTAGS/Prydz/ct182/v5_20251106/PROCESSED/NC/ct182-866F-24_hr1_prof_PROCESSED.nc,ct182-866F-24,41,2025-01-20 07:00:00,-60.1404,75.035,True,False
/Volumes/Data/Work/SEALTAGS/Prydz/ct182/v5_20251106/PROCESSED/NC/ct182-866F-24_hr1_prof_PROCESSED.nc,ct182-866F-24,42,2025-01-20 14:30:00,-60.5146,75.476,True,False
/Volumes/Data/Work/SEALTAGS/Prydz/ct182/v5_20251106/PROCESSED/NC/ct182-866F-24_hr1_prof_PROCESSED.nc,ct182-866F-24,43,2025-01-21 02:40:00,-60.969,75.76,True,False
/Volumes/Data/Work/SEALTAGS/Prydz/ct182/v5_20251106/PROCESSED/NC/ct182-866F-24_hr1_prof_PROCESSED.nc,ct182-866F-24,44,2025-01-21 14:40:00,-61.5536,76.1886,True,False
/Volumes/Data/Work/SEALTAGS/Prydz/ct182/v5_20251106/PROCESSED/NC/ct182-866F-24_hr1_prof_PROCESSED.nc,ct182-866F-24,45,2025-01-22 02:20:00,-61.9951,76.3143,True,False
/Volumes/Data/Work/SEALTAGS/Prydz/ct182/v5_20251106/PROCESSED/NC/ct182-866F-24_hr1_prof_PROCESSED.nc,ct182-866F-24,46,2025-01-22 04:40:00,-62.0921,76.4275,True,False
/Volumes/Data/Work/SEALTAGS/Prydz/ct182/v5_20251106/PROCESSED/NC/ct182-866F-24_hr1_prof_PROCESSED.nc,ct182-866F-24,47,2025-01-22 15:00:00,-62.5968,76.9596,True,False
/Volumes/Data/Work/SEALTAGS/Prydz/ct182/v5_20251106/PROCESSED/NC/ct182-866F-24_hr1_prof_PROCESSED.nc,ct182-866F-24,48,2025-01-23 02:50:00,-63.0474,77.3098,True,False
/Volumes/Data/Work/SEALTAGS/Prydz/ct182/v5_20251106/PROCESSED/NC/ct182-866F-24_hr1_prof_PROCESSED.nc,ct182-866F-24,49,2025-01-23 14:20:00,-63.5364,77.809,True,False
/Volumes/Data/Work/SEALTAGS/Prydz/ct182/v5_20251106/PROCESSED/NC/ct182-866F-24_hr1_prof_PROCESSED.nc,ct182-866F-24,50,2025-01-24 02:40:00,-63.9858,78.0768,True,False
/Volumes/Data/Work/SEALTAGS/Prydz/ct182/v5_20251106/PROCESSED/NC/ct182-866F-24_hr1_prof_PROCESSED.nc,ct182-866F-24,51,2025-01-24 06:40:00,-64.1725,78.2293,True,False
/Volumes/Data/Work/SEALTAGS/Prydz/ct182/v5_20251106/PROCESSED/NC/ct182-866F-24_hr1_prof_PROCESSED.nc,ct182-866F-24,52,2025-01-24 14:40:00,-64.5159,78.1875,True,False
/Volumes/Data/Work/SEALTAGS/Prydz/ct182/v5_20251106/PROCESSED/NC/ct182-866F-24_hr1_prof_PROCESSED.nc,ct182-866F-24,53,2025-01-24 16:20:00,-64.5401,78.2383,False,False
/Volumes/Data/Work/SEALTAGS/Prydz/ct182/v5_20251106/PROCESSED/NC/ct182-866F-24_hr1_prof_PROCESSED.nc,ct182-866F-24,54,2025-01-25 03:00:00,-64.7086,78.8379,True,False
/Volumes/Data/Work/SEALTAGS/Prydz/ct182/v5_20251106/PROCESSED/NC/ct182-866F-24_hr1_prof_PROCESSED.nc,ct182-866F-24,55,2025-01-25 07:40:00,-64.9233,79.0202,True,False
/Volumes/Data/Work/SEALTAGS/Prydz/ct182/v5_20251106/PROCESSED/NC/ct182-866F-24_hr1_prof_PROCESSED.nc,ct182-866F-24,56,2025-01-25 14:20:00,-65.1322,79.2521,True,False
/Volumes/Data/Work/SEALTAGS/Prydz/ct182/v5_20251106/PROCESSED/NC/ct182-866F-24_hr1_prof_PROCESSED.nc,ct182-866F-24,57,2025-01-26 02:40:00,-65.6122,79.2054,True,False
/Volumes/Data/Work/SEALTAGS/Prydz/ct182/v5_20251106/PROCESSED/NC/ct182-866F-24_hr1_prof_PROCESSED.nc,ct182-866F-24,58,2025-01-26 04:20:00,-65.6823,79.2707,True,False
/Volumes/Data/Work/SEALTAGS/Prydz/ct182/v5_20251106/PROCESSED/NC/ct182-866F-24_hr1_prof_PROCESSED.nc,ct182-866F-24,59,2025-01-26 05:40:00,-65.7383,79.323,True,False
/Volumes/Data/Work/SEALTAGS/Prydz/ct182/v5_20251106/PROCESSED/NC/ct182-866F-24_hr1_prof_PROCESSED.nc,ct182-866F-24,60,2025-01-26 09:30:00,-65.7933,79.3097,True,False
/Volumes/Data/Work/SEALTAGS/Prydz/ct182/v5_20251106/PROCESSED/NC/ct182-866F-24_hr1_prof_PROCESSED.nc,ct182-866F-24,61,2025-01-26 14:20:00,-65.9841,79.3544,True,False
/Volumes/Data/Work/SEALTAGS/Prydz/ct182/v5_20251106/PROCESSED/NC/ct182-866F-24_hr1_prof_PROCESSED.nc,ct182-866F-24,62,2025-01-27 01:10:00,-66.4954,78.9054,True,False
/Volumes/Data/Work/SEALTAGS/Prydz/ct182/v5_20251106/PROCESSED/NC/ct182-866F-24_hr1_prof_PROCESSED.nc,ct182-866F-24,63,2025-01-27 01:40:00,-66.5179,78.8815,True,False
/Volumes/Data/Work/SEALTAGS/Prydz/ct182/v5_20251106/PROCESSED/NC/ct182-866F-24_hr1_prof_PROCESSED.nc,ct182-866F-24,64,2025-01-27 21:20:00,-66.8715,79.0876,False,False
/Volumes/Data/Work/SEALTAGS/Prydz/ct182/v5_20251106/PROCESSED/NC/ct182-866F-24_hr1_prof_PROCESSED.nc,ct182-866F-24,65,2025-01-28 03:10:00,-66.9458,78.9401,True,False
/Volumes/Data/Work/SEALTAGS/Prydz/ct182/v5_20251106/PROCESSED/NC/ct182-866F-24_hr1_prof_PROCESSED.nc,ct182-866F-24,66,2025-01-28 15:20:00,-67.1202,78.7622,True,False
/Volumes/Data/Work/SEALTAGS/Prydz/ct182/v5_20251106/PROCESSED/NC/ct182-866F-24_hr1_prof_PROCESSED.nc,ct182-866F-24,67,2025-01-28 19:20:00,-67.2042,79.0228,False,False
/Volumes/Data/Work/SEALTAGS/Prydz/ct182/v5_20251106/PROCESSED/NC/ct182-866F-24_hr1_prof_PROCESSED.nc,ct182-866F-24,68,2025-01-28 19:50:00,-67.2161,79.0312,False,False
/Volumes/Data/Work/SEALTAGS/Prydz/ct182/v5_20251106/PROCESSED/NC/ct182-866F-24_hr1_prof_PROCESSED.nc,ct182-866F-24,69,2025-01-29 03:10:00,-67.3059,79.3989,True,False
/Volumes/Data/Work/SEALTAGS/Prydz/ct182/v5_20251106/PROCESSED/NC/ct182-866F-24_hr1_prof_PROCESSED.nc,ct182-866F-24,70,2025-01-29 15:00:00,-67.2338,79.2456,True,False
/Volumes/Data/Work/SEALTAGS/Prydz/ct182/v5_20251106/PROCESSED/NC/ct182-866F-24_hr1_prof_PROCESSED.nc,ct182-866F-24,71,2025-01-29 16:20:00,-67.2076,79.2616,True,False
/Volumes/Data/Work/SEALTAGS/Prydz/ct182/v5_20251106/PROCESSED/NC/ct182-866F-24_hr1_prof_PROCESSED.nc,ct182-866F-24,72,2025-01-29 17:50:00,-67.216,79.2539,False,False
/Volumes/Data/Work/SEALTAGS/Prydz/ct182/v5_20251106/PROCESSED/NC/ct182-866F-24_hr1_prof_PROCESSED.nc,ct182-866F-24,73,2025-01-30 03:20:00,-67.2214,79.3458,True,False
/Volumes/Data/Work/SEALTAGS/Prydz/ct182/v5_20251106/PROCESSED/NC/ct182-866F-24_hr1_prof_PROCESSED.nc,ct182-866F-24,74,2025-01-30 18:10:00,-67.192,79.3075,False,False
/Volumes/Data/Work/SEALTAGS/Prydz/ct182/v5_20251106/PROCESSED/NC/ct182-866F-24_hr1_prof_PROCESSED.nc,ct182-866F-24,75,2025-01-31 03:00:00,-67.2905,80.1339,True,False
/Volumes/Data/Work/SEALTAGS/Prydz/ct182/v5_20251106/PROCESSED/NC/ct182-866F-24_hr1_prof_PROCESSED.nc,ct182-866F-24,76,2025-01-31 09:30:00,-67.241,79.8789,True,False
/Volumes/Data/Work/SEALTAGS/Prydz/ct182/v5_20251106/PROCESSED/NC/ct182-866F-24_hr1_prof_PROCESSED.nc,ct182-866F-24,77,2025-01-31 10:50:00,-67.1937,79.7786,True,False
/Volumes/Data/Work/SEALTAGS/Prydz/ct182/v5_20251106/PROCESSED/NC/ct182-866F-24_hr1_prof_PROCESSED.nc,ct182-866F-24,78,2025-01-31 15:10:00,-67.1357,79.695,True,False
/Volumes/Data/Work/SEALTAGS/Prydz/ct182/v5_20251106/PROCESSED/NC/ct182-866F-24_hr1_prof_PROCESSED.nc,ct182-866F-24,79,2025-02-01 03:10:00,-67.0025,79.5141,True,False
/Volumes/Data/Work/SEALTAGS/Prydz/ct182/v5_20251106/PROCESSED/NC/ct182-866F-24_hr1_prof_PROCESSED.nc,ct182-866F-24,80,2025-02-01 15:20:00,-67.0002,79.604,True,False
/Volumes/Data/Work/SEALTAGS/Prydz/ct182/v5_20251106/PROCESSED/NC/ct182-866F-24_hr1_prof_PROCESSED.nc,ct182-866F-24,81,2025-02-01 18:50:00,-67.1104,79.8516,False,False
/Volumes/Data/Work/SEALTAGS/Prydz/ct182/v5_20251106/PROCESSED/NC/ct182-866F-24_hr1_prof_PROCESSED.nc,ct182-866F-24,82,2025-02-01 22:10:00,-67.1568,79.9599,True,False
/Volumes/Data/Work/SEALTAGS/Prydz/ct182/v5_20251106/PROCESSED/NC/ct182-866F-24_hr1_prof_PROCESSED.nc,ct182-866F-24,83,2025-02-01 23:20:00,-67.2129,79.9194,True,False
/Volumes/Data/Work/SEALTAGS/Prydz/ct182/v5_20251106/PROCESSED/NC/ct182-866F-24_hr1_prof_PROCESSED.nc,ct182-866F-24,84,2025-02-02 02:20:00,-67.194,80.0655,True,False
/Volumes/Data/Work/SEALTAGS/Prydz/ct182/v5_20251106/PROCESSED/NC/ct182-866F-24_hr1_prof_PROCESSED.nc,ct182-866F-24,85,2025-02-02 14:30:00,-67.1479,79.8755,True,False
/Volumes/Data/Work/SEALTAGS/Prydz/ct182/v5_20251106/PROCESSED/NC/ct182-866F-24_hr1_prof_PROCESSED.nc,ct182-866F-24,86,2025-02-03 08:10:00,-67.0605,79.9486,True,False
/Volumes/Data/Work/SEALTAGS/Prydz/ct182/v5_20251106/PROCESSED/NC/ct182-866F-24_hr1_prof_PROCESSED.nc,ct182-866F-24,87,2025-02-03 14:20:00,-67.1173,80.1913,True,False
/Volumes/Data/Work/SEALTAGS/Prydz/ct182/v5_20251106/PROCESSED/NC/ct182-866F-24_hr1_prof_PROCESSED.nc,ct182-866F-24,88,2025-02-04 03:00:00,-67.3762,80.4877,True,False
/Volumes/Data/Work/SEALTAGS/Prydz/ct182/v5_20251106/PROCESSED/NC/ct182-866F-24_hr1_prof_PROCESSED.nc,ct182-866F-24,89,2025-02-04 03:20:00,-67.3789,80.4875,True,False
/Volumes/Data/Work/SEALTAGS/Prydz/ct182/v5_20251106/PROCESSED/NC/ct182-866F-24_hr1_prof_PROCESSED.nc,ct182-866F-24,90,2025-02-04 15:00:00,-67.3975,80.5439,True,False
/Volumes/Data/Work/SEALTAGS/Prydz/ct182/v5_20251106/PROCESSED/NC/ct182-866F-24_hr1_prof_PROCESSED.nc,ct182-866F-24,91,2025-02-05 03:20:00,-67.4233,80.5578,True,False
/Volumes/Data/Work/SEALTAGS/Prydz/ct182/v5_20251106/PROCESSED/NC/ct182-866F-24_hr1_prof_PROCESSED.nc,ct182-866F-24,92,2025-02-05 03:50:00,-67.4506,80.5109,True,False
/Volumes/Data/Work/SEALTAGS/Prydz/ct182/v5_20251106/PROCESSED/NC/ct182-866F-24_hr1_prof_PROCESSED.nc,ct182-866F-24,93,2025-02-05 14:40:00,-67.578,80.3661,True,False
/Volumes/Data/Work/SEALTAGS/Prydz/ct182/v5_20251106/PROCESSED/NC/ct182-866F-24_hr1_prof_PROCESSED.nc,ct182-866F-24,94,2025-02-05 15:40:00,-67.5918,80.3585,True,False
/Volumes/Data/Work/SEALTAGS/Prydz/ct182/v5_20251106/PROCESSED/NC/ct182-952F-24_hr1_prof_PROCESSED.nc,ct182-952F-24,1,2025-01-03 21:10:00,-49.531,70.6205,False,False
/Volumes/Data/Work/SEALTAGS/Prydz/ct182/v5_20251106/PROCESSED/NC/ct182-952F-24_hr1_prof_PROCESSED.nc,ct182-952F-24,2,2025-01-03 23:30:00,-49.6026,70.5455,True,False
/Volumes/Data/Work/SEALTAGS/Prydz/ct182/v5_20251106/PROCESSED/NC/ct182-952F-24_hr1_prof_PROCESSED.nc,ct182-952F-24,3,2025-01-04 03:10:00,-49.8323,70.359,True,False
/Volumes/Data/Work/SEALTAGS/Prydz/ct182/v5_20251106/PROCESSED/NC/ct182-952F-24_hr1_prof_PROCESSED.nc,ct182-952F-24,4,2025-01-04 03:40:00,-49.8437,70.3773,True,False
/Volumes/Data/Work/SEALTAGS/Prydz/ct182/v5_20251106/PROCESSED/NC/ct182-952F-24_hr1_prof_PROCESSED.nc,ct182-952F-24,5,2025-01-04 05:00:00,-49.874,70.4262,True,False
/Volumes/Data/Work/SEALTAGS/Prydz/ct182/v5_20251106/PROCESSED/NC/ct182-952F-24_hr1_prof_PROCESSED.nc,ct182-952F-24,6,2025-01-04 14:40:00,-50.0934,70.7801,True,False
/Volumes/Data/Work/SEALTAGS/Prydz/ct182/v5_20251106/PROCESSED/NC/ct182-952F-24_hr1_prof_PROCESSED.nc,ct182-952F-24,7,2025-01-05 02:50:00,-50.4177,70.7891,True,False
/Volumes/Data/Work/SEALTAGS/Prydz/ct182/v5_20251106/PROCESSED/NC/ct182-952F-24_hr1_prof_PROCESSED.nc,ct182-952F-24,8,2025-01-05 04:30:00,-50.4643,70.6684,True,False
/Volumes/Data/Work/SEALTAGS/Prydz/ct182/v5_20251106/PROCESSED/NC/ct182-952F-24_hr1_prof_PROCESSED.nc,ct182-952F-24,9,2025-01-05 15:10:00,-50.9075,70.7589,True,False
/Volumes/Data/Work/SEALTAGS/Prydz/ct182/v5_20251106/PROCESSED/NC/ct182-952F-24_hr1_prof_PROCESSED.nc,ct182-952F-24,10,2025-01-05 15:30:00,-50.9018,70.7447,False,False
/Volumes/Data/Work/SEALTAGS/Prydz/ct182/v5_20251106/PROCESSED/NC/ct182-952F-24_hr1_prof_PROCESSED.nc,ct182-952F-24,11,2025-01-06 03:00:00,-51.1663,70.907,True,False
/Volumes/Data/Work/SEALTAGS/Prydz/ct182/v5_20251106/PROCESSED/NC/ct182-952F-24_hr1_prof_PROCESSED.nc,ct182-952F-24,12,2025-01-06 11:00:00,-51.3963,70.9036,True,False
/Volumes/Data/Work/SEALTAGS/Prydz/ct182/v5_20251106/PROCESSED/NC/ct182-952F-24_hr1_prof_PROCESSED.nc,ct182-952F-24,13,2025-01-06 15:10:00,-51.4977,70.7175,True,False
/Volumes/Data/Work/SEALTAGS/Prydz/ct182/v5_20251106/PROCESSED/NC/ct182-952F-24_hr1_prof_PROCESSED.nc,ct182-952F-24,14,2025-01-06 20:00:00,-51.427,70.6732,False,False
/Volumes/Data/Work/SEALTAGS/Prydz/ct182/v5_20251106/PROCESSED/NC/ct182-952F-24_hr1_prof_PROCESSED.nc,ct182-952F-24,15,2025-01-07 00:10:00,-51.5958,70.3104,True,False
/Volumes/Data/Work/SEALTAGS/Prydz/ct182/v5_20251106/PROCESSED/NC/ct182-952F-24_hr1_prof_PROCESSED.nc,ct182-952F-24,16,2025-01-08 03:10:00,-51.4707,70.4355,True,False
/Volumes/Data/Work/SEALTAGS/Prydz/ct182/v5_20251106/PROCESSED/NC/ct182-952F-24_hr1_prof_PROCESSED.nc,ct182-952F-24,17,2025-01-08 14:20:00,-51.6333,70.5474,True,False
/Volumes/Data/Work/SEALTAGS/Prydz/ct182/v5_20251106/PROCESSED/NC/ct182-952F-24_hr1_prof_PROCESSED.nc,ct182-952F-24,18,2025-01-09 03:10:00,-51.512,70.623,True,False
/Volumes/Data/Work/SEALTAGS/Prydz/ct182/v5_20251106/PROCESSED/NC/ct182-952F-24_hr1_prof_PROCESSED.nc,ct182-952F-24,19,2025-01-09 03:30:00,-51.4953,70.6175,True,False
/Volumes/Data/Work/SEALTAGS/Prydz/ct182/v5_20251106/PROCESSED/NC/ct182-952F-24_hr1_prof_PROCESSED.nc,ct182-952F-24,20,2025-01-09 06:50:00,-51.4498,70.5041,True,False
/Volumes/Data/Work/SEALTAGS/Prydz/ct182/v5_20251106/PROCESSED/NC/ct182-952F-24_hr1_prof_PROCESSED.nc,ct182-952F-24,21,2025-01-09 08:30:00,-51.4527,70.435,True,False
/Volumes/Data/Work/SEALTAGS/Prydz/ct182/v5_20251106/PROCESSED/NC/ct182-952F-24_hr1_prof_PROCESSED.nc,ct182-952F-24,22,2025-01-09 11:40:00,-51.4582,70.3037,True,False
/Volumes/Data/Work/SEALTAGS/Prydz/ct182/v5_20251106/PROCESSED/NC/ct182-952F-24_hr1_prof_PROCESSED.nc,ct182-952F-24,23,2025-01-09 15:00:00,-51.3752,70.4934,True,False
/Volumes/Data/Work/SEALTAGS/Prydz/ct182/v5_20251106/PROCESSED/NC/ct182-952F-24_hr1_prof_PROCESSED.nc,ct182-952F-24,24,2025-01-10 03:00:00,-51.2503,70.6659,True,False
/Volumes/Data/Work/SEALTAGS/Prydz/ct182/v5_20251106/PROCESSED/NC/ct182-952F-24_hr1_prof_PROCESSED.nc,ct182-952F-24,25,2025-01-10 07:50:00,-51.3278,70.5626,True,False
/Volumes/Data/Work/SEALTAGS/Prydz/ct182/v5_20251106/PROCESSED/NC/ct182-952F-24_hr1_prof_PROCESSED.nc,ct182-952F-24,26,2025-01-10 15:10:00,-51.5224,70.6629,True,False
/Volumes/Data/Work/SEALTAGS/Prydz/ct182/v5_20251106/PROCESSED/NC/ct182-952F-24_hr1_prof_PROCESSED.nc,ct182-952F-24,27,2025-01-11 03:20:00,-51.6282,70.4559,True,False
/Volumes/Data/Work/SEALTAGS/Prydz/ct182/v5_20251106/PROCESSED/NC/ct182-952F-24_hr1_prof_PROCESSED.nc,ct182-952F-24,28,2025-01-11 04:40:00,-51.6641,70.4539,True,False
/Volumes/Data/Work/SEALTAGS/Prydz/ct182/v5_20251106/PROCESSED/NC/ct182-952F-24_hr1_prof_PROCESSED.nc,ct182-952F-24,29,2025-01-11 05:40:00,-51.6511,70.4877,True,False
/Volumes/Data/Work/SEALTAGS/Prydz/ct182/v5_20251106/PROCESSED/NC/ct182-952F-24_hr1_prof_PROCESSED.nc,ct182-952F-24,30,2025-01-11 15:00:00,-51.5085,70.5906,True,False
/Volumes/Data/Work/SEALTAGS/Prydz/ct182/v5_20251106/PROCESSED/NC/ct182-952F-24_hr1_prof_PROCESSED.nc,ct182-952F-24,31,2025-01-12 03:10:00,-51.2713,70.5585,True,False
/Volumes/Data/Work/SEALTAGS/Prydz/ct182/v5_20251106/PROCESSED/NC/ct182-952F-24_hr1_prof_PROCESSED.nc,ct182-952F-24,32,2025-01-12 15:10:00,-51.2399,70.6782,True,False
/Volumes/Data/Work/SEALTAGS/Prydz/ct182/v5_20251106/PROCESSED/NC/ct182-952F-24_hr1_prof_PROCESSED.nc,ct182-952F-24,33,2025-01-13 03:10:00,-51.3693,70.6593,True,False
/Volumes/Data/Work/SEALTAGS/Prydz/ct182/v5_20251106/PROCESSED/NC/ct182-952F-24_hr1_prof_PROCESSED.nc,ct182-952F-24,34,2025-01-13 15:20:00,-51.3316,70.3909,True,False
/Volumes/Data/Work/SEALTAGS/Prydz/ct182/v5_20251106/PROCESSED/NC/ct182-952F-24_hr1_prof_PROCESSED.nc,ct182-952F-24,35,2025-01-14 03:00:00,-51.253,70.9543,True,False
/Volumes/Data/Work/SEALTAGS/Prydz/ct182/v5_20251106/PROCESSED/NC/ct182-952F-24_hr1_prof_PROCESSED.nc,ct182-952F-24,36,2025-01-14 15:10:00,-51.3471,70.7905,True,False
/Volumes/Data/Work/SEALTAGS/Prydz/ct182/v5_20251106/PROCESSED/NC/ct182-952F-24_hr1_prof_PROCESSED.nc,ct182-952F-24,37,2025-01-15 03:00:00,-51.3844,70.6596,True,False
/Volumes/Data/Work/SEALTAGS/Prydz/ct182/v5_20251106/PROCESSED/NC/ct182-952F-24_hr1_prof_PROCESSED.nc,ct182-952F-24,38,2025-01-15 15:20:00,-51.3176,70.6892,True,False
/Volumes/Data/Work/SEALTAGS/Prydz/ct182/v5_20251106/PROCESSED/NC/ct182-952F-24_hr1_prof_PROCESSED.nc,ct182-952F-24,39,2025-01-16 03:10:00,-51.4339,70.3518,True,False
/Volumes/Data/Work/SEALTAGS/Prydz/ct182/v5_20251106/PROCESSED/NC/ct182-952F-24_hr1_prof_PROCESSED.nc,ct182-952F-24,40,2025-01-16 15:20:00,-51.3666,70.4031,True,False
/Volumes/Data/Work/SEALTAGS/Prydz/ct182/v5_20251106/PROCESSED/NC/ct182-952F-24_hr1_prof_PROCESSED.nc,ct182-952F-24,41,2025-01-17 03:00:00,-51.3431,70.5339,True,False
/Volumes/Data/Work/SEALTAGS/Prydz/ct182/v5_20251106/PROCESSED/NC/ct182-952F-24_hr1_prof_PROCESSED.nc,ct182-952F-24,42,2025-01-17 15:10:00,-51.3633,70.6554,True,False
/Volumes/Data/Work/SEALTAGS/Prydz/ct182/v5_20251106/PROCESSED/NC/ct182-952F-24_hr1_prof_PROCESSED.nc,ct182-952F-24,43,2025-01-18 03:00:00,-51.3515,70.5458,True,False
/Volumes/Data/Work/SEALTAGS/Prydz/ct182/v5_20251106/PROCESSED/NC/ct182-952F-24_hr1_prof_PROCESSED.nc,ct182-952F-24,44,2025-01-18 15:10:00,-51.4317,70.5569,True,False
/Volumes/Data/Work/SEALTAGS/Prydz/ct182/v5_20251106/PROCESSED/NC/ct182-952F-24_hr1_prof_PROCESSED.nc,ct182-952F-24,45,2025-01-19 03:10:00,-51.3907,70.5227,True,False
/Volumes/Data/Work/SEALTAGS/Prydz/ct182/v5_20251106/PROCESSED/NC/ct182-952F-24_hr1_prof_PROCESSED.nc,ct182-952F-24,46,2025-01-19 15:00:00,-51.3595,70.6714,True,False
/Volumes/Data/Work/SEALTAGS/Prydz/ct182/v5_20251106/PROCESSED/NC/ct182-952F-24_hr1_prof_PROCESSED.nc,ct182-952F-24,47,2025-01-20 03:10:00,-51.5394,70.5326,True,False
/Volumes/Data/Work/SEALTAGS/Prydz/ct182/v5_20251106/PROCESSED/NC/ct182-952F-24_hr1_prof_PROCESSED.nc,ct182-952F-24,48,2025-01-20 15:10:00,-51.4245,70.5749,True,False
/Volumes/Data/Work/SEALTAGS/Prydz/ct182/v5_20251106/PROCESSED/NC/ct182-952F-24_hr1_prof_PROCESSED.nc,ct182-952F-24,49,2025-01-21 03:20:00,-51.3509,70.4887,True,False
/Volumes/Data/Work/SEALTAGS/Prydz/ct182/v5_20251106/PROCESSED/NC/ct182-952F-24_hr1_prof_PROCESSED.nc,ct182-952F-24,50,2025-01-21 04:00:00,-51.3766,70.548,True,False
/Volumes/Data/Work/SEALTAGS/Prydz/ct182/v5_20251106/PROCESSED/NC/ct182-952F-24_hr1_prof_PROCESSED.nc,ct182-952F-24,51,2025-01-21 15:20:00,-51.3194,70.6124,False,False
/Volumes/Data/Work/SEALTAGS/Prydz/ct182/v5_20251106/PROCESSED/NC/ct182-952F-24_hr1_prof_PROCESSED.nc,ct182-952F-24,52,2025-01-22 03:10:00,-51.3505,70.744,True,False
/Volumes/Data/Work/SEALTAGS/Prydz/ct182/v5_20251106/PROCESSED/NC/ct182-952F-24_hr1_prof_PROCESSED.nc,ct182-952F-24,53,2025-01-23 03:00:00,-51.4408,70.5662,True,False
/Volumes/Data/Work/SEALTAGS/Prydz/ct182/v5_20251106/PROCESSED/NC/ct182-952F-24_hr1_prof_PROCESSED.nc,ct182-952F-24,54,2025-01-23 15:10:00,-51.3736,70.6163,True,False
/Volumes/Data/Work/SEALTAGS/Prydz/ct182/v5_20251106/PROCESSED/NC/ct182-952F-24_hr1_prof_PROCESSED.nc,ct182-952F-24,55,2025-01-24 03:00:00,-51.4064,70.5411,True,False
/Volumes/Data/Work/SEALTAGS/Prydz/ct182/v5_20251106/PROCESSED/NC/ct182-952F-24_hr1_prof_PROCESSED.nc,ct182-952F-24,56,2025-01-24 15:10:00,-51.3649,70.5462,True,False
/Volumes/Data/Work/SEALTAGS/Prydz/ct182/v5_20251106/PROCESSED/NC/ct182-952F-24_hr1_prof_PROCESSED.nc,ct182-952F-24,57,2025-01-25 03:00:00,-51.3941,70.5945,True,False
/Volumes/Data/Work/SEALTAGS/Prydz/ct182/v5_20251106/PROCESSED/NC/ct182-952F-24_hr1_prof_PROCESSED.nc,ct182-952F-24,58,2025-01-25 15:20:00,-51.3729,70.7155,False,False
/Volumes/Data/Work/SEALTAGS/Prydz/ct182/v5_20251106/PROCESSED/NC/ct182-952F-24_hr1_prof_PROCESSED.nc,ct182-952F-24,59,2025-01-26 03:10:00,-51.3723,70.6435,True,False
/Volumes/Data/Work/SEALTAGS/Prydz/ct182/v5_20251106/PROCESSED/NC/ct182-952F-24_hr1_prof_PROCESSED.nc,ct182-952F-24,60,2025-01-26 15:10:00,-51.3232,70.6653,True,False
/Volumes/Data/Work/SEALTAGS/Prydz/ct182/v5_20251106/PROCESSED/NC/ct182-952F-24_hr1_prof_PROCESSED.nc,ct182-952F-24,61,2025-01-27 03:10:00,-51.3704,70.5102,True,False
/Volumes/Data/Work/SEALTAGS/Prydz/ct182/v5_20251106/PROCESSED/NC/ct182-952F-24_hr1_prof_PROCESSED.nc,ct182-952F-24,62,2025-01-27 15:10:00,-51.3943,70.4168,True,False
/Volumes/Data/Work/SEALTAGS/Prydz/ct182/v5_20251106/PROCESSED/NC/ct182-952F-24_hr1_prof_PROCESSED.nc,ct182-952F-24,63,2025-01-28 03:00:00,-51.3648,70.502,True,False
/Volumes/Data/Work/SEALTAGS/Prydz/ct182/v5_20251106/PROCESSED/NC/ct182-952F-24_hr1_prof_PROCESSED.nc,ct182-952F-24,64,2025-01-29 03:00:00,-51.4164,70.6141,True,False
/Volumes/Data/Work/SEALTAGS/Prydz/ct182/v5_20251106/PROCESSED/NC/ct182-952F-24_hr1_prof_PROCESSED.nc,ct182-952F-24,65,2025-01-29 15:00:00,-51.4097,70.6195,True,False
/Volumes/Data/Work/SEALTAGS/Prydz/ct182/v5_20251106/PROCESSED/NC/ct182-952F-24_hr1_prof_PROCESSED.nc,ct182-952F-24,66,2025-01-30 03:10:00,-51.4026,70.6218,True,False
/Volumes/Data/Work/SEALTAGS/Prydz/ct182/v5_20251106/PROCESSED/NC/ct182-952F-24_hr1_prof_PROCESSED.nc,ct182-952F-24,67,2025-01-30 15:10:00,-51.3761,70.5795,False,False
/Volumes/Data/Work/SEALTAGS/Prydz/ct182/v5_20251106/PROCESSED/NC/ct182-952F-24_hr1_prof_PROCESSED.nc,ct182-952F-24,68,2025-01-31 03:10:00,-51.3759,70.4575,True,False
/Volumes/Data/Work/SEALTAGS/Prydz/ct182/v5_20251106/PROCESSED/NC/ct182-952F-24_hr1_prof_PROCESSED.nc,ct182-952F-24,69,2025-01-31 15:20:00,-51.391,70.6044,False,False
/Volumes/Data/Work/SEALTAGS/Prydz/ct182/v5_20251106/PROCESSED/NC/ct182-952F-24_hr1_prof_PROCESSED.nc,ct182-952F-24,70,2025-02-01 03:20:00,-51.4323,70.5888,True,False
/Volumes/Data/Work/SEALTAGS/Prydz/ct182/v5_20251106/PROCESSED/NC/ct182-952F-24_hr1_prof_PROCESSED.nc,ct182-952F-24,71,2025-02-01 15:10:00,-51.3783,70.8151,False,False
/Volumes/Data/Work/SEALTAGS/Prydz/ct182/v5_20251106/PROCESSED/NC/ct182-952F-24_hr1_prof_PROCESSED.nc,ct182-952F-24,72,2025-02-02 03:00:00,-51.3604,70.5492,True,False
/Volumes/Data/Work/SEALTAGS/Prydz/ct182/v5_20251106/PROCESSED/NC/ct182-952F-24_hr1_prof_PROCESSED.nc,ct182-952F-24,73,2025-02-02 15:30:00,-51.3853,70.5869,False,False
/Volumes/Data/Work/SEALTAGS/Prydz/ct182/v5_20251106/PROCESSED/NC/ct182-952F-24_hr1_prof_PROCESSED.nc,ct182-952F-24,74,2025-02-03 03:20:00,-51.4355,70.5186,True,False
/Volumes/Data/Work/SEALTAGS/Prydz/ct182/v5_20251106/PROCESSED/NC/ct182-952F-24_hr1_prof_PROCESSED.nc,ct182-952F-24,75,2025-02-03 15:10:00,-51.4064,70.6753,False,False
/Volumes/Data/Work/SEALTAGS/Prydz/ct182/v5_20251106/PROCESSED/NC/ct182-952F-24_hr1_prof_PROCESSED.nc,ct182-952F-24,76,2025-02-04 03:10:00,-51.3168,70.5713,True,False
/Volumes/Data/Work/SEALTAGS/Prydz/ct182/v5_20251106/PROCESSED/NC/ct182-952F-24_hr1_prof_PROCESSED.nc,ct182-952F-24,77,2025-02-04 15:20:00,-51.3155,70.7043,False,False
/Volumes/Data/Work/SEALTAGS/Prydz/ct182/v5_20251106/PROCESSED/NC/ct182-952F-24_hr1_prof_PROCESSED.nc,ct182-952F-24,78,2025-02-05 03:00:00,-51.3181,70.5794,True,False
/Volumes/Data/Work/SEALTAGS/Prydz/ct182/v5_20251106/PROCESSED/NC/ct182-952F-24_hr1_prof_PROCESSED.nc,ct182-952F-24,79,2025-02-05 15:10:00,-51.4044,70.6366,False,False
/Volumes/Data/Work/SEALTAGS/Prydz/ct182/v5_20251106/PROCESSED/NC/ct182-952F-24_hr1_prof_PROCESSED.nc,ct182-952F-24,80,2025-02-06 03:10:00,-51.3705,70.578,True,False
/Volumes/Data/Work/SEALTAGS/Prydz/ct182/v5_20251106/PROCESSED/NC/ct182-952F-24_hr1_prof_PROCESSED.nc,ct182-952F-24,81,2025-02-06 15:10:00,-51.3574,70.5755,False,False
/Volumes/Data/Work/SEALTAGS/Prydz/ct182/v5_20251106/PROCESSED/NC/ct182-952F-24_hr1_prof_PROCESSED.nc,ct182-952F-24,82,2025-02-07 03:00:00,-51.3733,70.5809,True,False
/Volumes/Data/Work/SEALTAGS/Prydz/ct182/v5_20251106/PROCESSED/NC/ct182-952F-24_hr1_prof_PROCESSED.nc,ct182-952F-24,83,2025-02-07 15:10:00,-51.3467,70.5403,False,False
/Volumes/Data/Work/SEALTAGS/Prydz/ct182/v5_20251106/PROCESSED/NC/ct182-952F-24_hr1_prof_PROCESSED.nc,ct182-952F-24,84,2025-02-08 03:20:00,-51.3433,70.6351,True,False
/Volumes/Data/Work/SEALTAGS/Prydz/ct182/v5_20251106/PROCESSED/NC/ct182-952F-24_hr1_prof_PROCESSED.nc,ct182-952F-24,85,2025-02-08 15:10:00,-51.3528,70.6948,False,False
/Volumes/Data/Work/SEALTAGS/Prydz/ct182/v5_20251106/PROCESSED/NC/ct182-952F-24_hr1_prof_PROCESSED.nc,ct182-952F-24,86,2025-02-09 03:00:00,-51.4013,70.6034,True,False
/Volumes/Data/Work/SEALTAGS/Prydz/ct182/v5_20251106/PROCESSED/NC/ct182-952F-24_hr1_prof_PROCESSED.nc,ct182-952F-24,87,2025-02-09 03:20:00,-51.3916,70.6243,True,False
/Volumes/Data/Work/SEALTAGS/Prydz/ct182/v5_20251106/PROCESSED/NC/ct182-952F-24_hr1_prof_PROCESSED.nc,ct182-952F-24,88,2025-02-09 15:00:00,-51.3634,70.6081,False,False
/Volumes/Data/Work/SEALTAGS/Prydz/ct182/v5_20251106/PROCESSED/NC/ct182-952F-24_hr1_prof_PROCESSED.nc,ct182-952F-24,89,2025-02-10 03:10:00,-51.421,70.6671,True,False
/Volumes/Data/Work/SEALTAGS/Prydz/ct182/v5_20251106/PROCESSED/NC/ct182-952F-24_hr1_prof_PROCESSED.nc,ct182-952F-24,90,2025-02-10 15:10:00,-51.3727,70.6351,False,False
/Volumes/Data/Work/SEALTAGS/Prydz/ct182/v5_20251106/PROCESSED/NC/ct182-952F-24_hr1_prof_PROCESSED.nc,ct182-952F-24,91,2025-02-11 15:20:00,-51.3649,70.638,False,False
/Volumes/Data/Work/SEALTAGS/Prydz/ct182/v5_20251106/PROCESSED/NC/ct182-952F-24_hr1_prof_PROCESSED.nc,ct182-952F-24,92,2025-02-12 03:10:00,-51.4265,70.6696,True,False
/Volumes/Data/Work/SEALTAGS/Prydz/ct182/v5_20251106/PROCESSED/NC/ct182-952F-24_hr1_prof_PROCESSED.nc,ct182-952F-24,93,2025-02-12 18:10:00,-51.4207,70.7335,False,False
/Volumes/Data/Work/SEALTAGS/Prydz/ct182/v5_20251106/PROCESSED/NC/ct182-952F-24_hr1_prof_PROCESSED.nc,ct182-952F-24,94,2025-02-13 15:20:00,-51.4113,70.6105,False,False
/Volumes/Data/Work/SEALTAGS/Prydz/ct182/v5_20251106/PROCESSED/NC/ct182-952F-24_hr1_prof_PROCESSED.nc,ct182-952F-24,95,2025-02-14 03:20:00,-51.2901,70.5745,True,False
/Volumes/Data/Work/SEALTAGS/Prydz/ct182/v5_20251106/PROCESSED/NC/ct182-952F-24_hr1_prof_PROCESSED.nc,ct182-952F-24,96,2025-02-14 12:20:00,-51.4394,70.5742,True,False
/Volumes/Data/Work/SEALTAGS/Prydz/ct182/v5_20251106/PROCESSED/NC/ct182-952F-24_hr1_prof_PROCESSED.nc,ct182-952F-24,97,2025-02-15 03:10:00,-51.4057,70.743,True,False
/Volumes/Data/Work/SEALTAGS/Prydz/ct182/v5_20251106/PROCESSED/NC/ct182-952F-24_hr1_prof_PROCESSED.nc,ct182-952F-24,98,2025-02-15 15:30:00,-51.4638,70.7855,False,False
/Volumes/Data/Work/SEALTAGS/Prydz/ct182/v5_20251106/PROCESSED/NC/ct182-952F-24_hr1_prof_PROCESSED.nc,ct182-952F-24,99,2025-02-16 03:10:00,-51.3394,70.5152,True,False
/Volumes/Data/Work/SEALTAGS/Prydz/ct182/v5_20251106/PROCESSED/NC/ct182-952F-24_hr1_prof_PROCESSED.nc,ct182-952F-24,100,2025-02-16 06:10:00,-51.3317,70.4132,True,False
/Volumes/Data/Work/SEALTAGS/Prydz/ct182/v5_20251106/PROCESSED/NC/ct182-952F-24_hr1_prof_PROCESSED.nc,ct182-952F-24,101,2025-02-16 14:40:00,-51.4354,70.3906,True,False
/Volumes/Data/Work/SEALTAGS/Prydz/ct182/v5_20251106/PROCESSED/NC/ct182-952F-24_hr1_prof_PROCESSED.nc,ct182-952F-24,102,2025-02-17 03:20:00,-51.4395,70.5377,True,False
/Volumes/Data/Work/SEALTAGS/Prydz/ct182/v5_20251106/PROCESSED/NC/ct182-952F-24_hr1_prof_PROCESSED.nc,ct182-952F-24,103,2025-02-18 08:50:00,-51.5366,70.6224,True,False
/Volumes/Data/Work/SEALTAGS/Prydz/ct182/v5_20251106/PROCESSED/NC/ct182-952F-24_hr1_prof_PROCESSED.nc,ct182-952F-24,104,2025-02-18 15:50:00,-51.5064,70.3664,False,False
/Volumes/Data/Work/SEALTAGS/Prydz/ct182/v5_20251106/PROCESSED/NC/ct182-952F-24_hr1_prof_PROCESSED.nc,ct182-952F-24,105,2025-02-19 15:30:00,-51.5766,70.6099,False,False
/Volumes/Data/Work/SEALTAGS/Prydz/ct182/v5_20251106/PROCESSED/NC/ct182-952F-24_hr1_prof_PROCESSED.nc,ct182-952F-24,106,2025-02-20 03:30:00,-51.5193,70.4378,True,False
/Volumes/Data/Work/SEALTAGS/Prydz/ct182/v5_20251106/PROCESSED/NC/ct182-952F-24_hr1_prof_PROCESSED.nc,ct182-952F-24,107,2025-02-20 10:30:00,-51.4929,70.4679,True,False
/Volumes/Data/Work/SEALTAGS/Prydz/ct182/v5_20251106/PROCESSED/NC/ct182-952F-24_hr1_prof_PROCESSED.nc,ct182-952F-24,108,2025-02-20 15:30:00,-51.5471,70.4104,False,False
/Volumes/Data/Work/SEALTAGS/Prydz/ct182/v5_20251106/PROCESSED/NC/ct182-952F-24_hr1_prof_PROCESSED.nc,ct182-952F-24,109,2025-02-21 03:10:00,-51.4638,70.5578,True,False
/Volumes/Data/Work/SEALTAGS/Prydz/ct182/v5_20251106/PROCESSED/NC/ct182-952F-24_hr1_prof_PROCESSED.nc,ct182-952F-24,110,2025-02-21 15:20:00,-51.6177,70.507,False,False
/Volumes/Data/Work/SEALTAGS/Prydz/ct182/v5_20251106/PROCESSED/NC/ct182-952F-24_hr1_prof_PROCESSED.nc,ct182-952F-24,111,2025-02-22 03:00:00,-51.6378,70.7051,True,False
/Volumes/Data/Work/SEALTAGS/Prydz/ct182/v5_20251106/PROCESSED/NC/ct182-952F-24_hr1_prof_PROCESSED.nc,ct182-952F-24,112,2025-02-22 03:50:00,-51.6303,70.6956,True,False
/Volumes/Data/Work/SEALTAGS/Prydz/ct182/v5_20251106/PROCESSED/NC/ct182-952F-24_hr1_prof_PROCESSED.nc,ct182-952F-24,113,2025-02-22 15:20:00,-51.5267,70.5635,False,False
/Volumes/Data/Work/SEALTAGS/Prydz/ct182/v5_20251106/PROCESSED/NC/ct182-952F-24_hr1_prof_PROCESSED.nc,ct182-952F-24,114,2025-02-23 03:30:00,-51.5539,70.5694,True,False
/Volumes/Data/Work/SEALTAGS/Prydz/ct182/v5_20251106/PROCESSED/NC/ct182-952F-24_hr1_prof_PROCESSED.nc,ct182-952F-24,115,2025-02-23 18:00:00,-51.5351,70.5546,False,False
/Volumes/Data/Work/SEALTAGS/Prydz/ct182/v5_20251106/PROCESSED/NC/ct182-952F-24_hr1_prof_PROCESSED.nc,ct182-952F-24,116,2025-02-24 03:00:00,-51.4844,70.4646,True,False
/Volumes/Data/Work/SEALTAGS/Prydz/ct182/v5_20251106/PROCESSED/NC/ct182-952F-24_hr1_prof_PROCESSED.nc,ct182-952F-24,117,2025-02-24 07:00:00,-51.5,70.473,True,False
/Volumes/Data/Work/SEALTAGS/Prydz/ct182/v5_20251106/PROCESSED/NC/ct182-952F-24_hr1_prof_PROCESSED.nc,ct182-952F-24,118,2025-02-24 15:30:00,-51.575,70.5778,False,False
/Volumes/Data/Work/SEALTAGS/Prydz/ct182/v5_20251106/PROCESSED/NC/ct182-952F-24_hr1_prof_PROCESSED.nc,ct182-952F-24,119,2025-02-25 14:00:00,-51.4274,70.4072,True,False
/Volumes/Data/Work/SEALTAGS/Prydz/ct182/v5_20251106/PROCESSED/NC/ct182-952F-24_hr1_prof_PROCESSED.nc,ct182-952F-24,120,2025-02-26 15:10:00,-51.5809,70.4703,False,False
/Volumes/Data/Work/SEALTAGS/Prydz/ct182/v5_20251106/PROCESSED/NC/ct182-952F-24_hr1_prof_PROCESSED.nc,ct182-952F-24,121,2025-02-26 18:30:00,-51.5836,70.6041,False,False
/Volumes/Data/Work/SEALTAGS/Prydz/ct182/v5_20251106/PROCESSED/NC/ct182-952F-24_hr1_prof_PROCESSED.nc,ct182-952F-24,122,2025-02-26 21:40:00,-51.6418,70.7955,False,False
/Volumes/Data/Work/SEALTAGS/Prydz/ct182/v5_20251106/PROCESSED/NC/ct182-952F-24_hr1_prof_PROCESSED.nc,ct182-952F-24,123,2025-02-28 03:50:00,-51.5264,70.2973,True,False
/Volumes/Data/Work/SEALTAGS/Prydz/ct182/v5_20251106/PROCESSED/NC/ct182-952F-24_hr1_prof_PROCESSED.nc,ct182-952F-24,124,2025-02-28 18:50:00,-51.533,70.5081,False,False
/Volumes/Data/Work/SEALTAGS/Prydz/ct182/v5_20251106/PROCESSED/NC/ct182-952F-24_hr1_prof_PROCESSED.nc,ct182-952F-24,125,2025-03-01 15:30:00,-51.6519,70.5519,False,False
/Volumes/Data/Work/SEALTAGS/Prydz/ct182/v5_20251106/PROCESSED/NC/ct182-952F-24_hr1_prof_PROCESSED.nc,ct182-952F-24,126,2025-03-01 20:50:00,-51.6721,70.5221,False,False
/Volumes/Data/Work/SEALTAGS/Prydz/ct182/v5_20251106/PROCESSED/NC/ct182-952F-24_hr1_prof_PROCESSED.nc,ct182-952F-24,127,2025-03-02 03:40:00,-51.5975,70.6169,True,False
/Volumes/Data/Work/SEALTAGS/Prydz/ct182/v5_20251106/PROCESSED/NC/ct182-952F-24_hr1_prof_PROCESSED.nc,ct182-952F-24,128,2025-03-02 15:20:00,-51.5672,70.3696,False,False
/Volumes/Data/Work/SEALTAGS/Prydz/ct182/v5_20251106/PROCESSED/NC/ct182-952F-24_hr1_prof_PROCESSED.nc,ct182-952F-24,129,2025-03-02 18:20:00,-51.5156,70.1829,False,False
/Volumes/Data/Work/SEALTAGS/Prydz/ct182/v5_20251106/PROCESSED/NC/ct182-952F-24_hr1_prof_PROCESSED.nc,ct182-952F-24,130,2025-03-03 03:10:00,-51.4838,70.3244,True,False
/Volumes/Data/Work/SEALTAGS/Prydz/ct182/v5_20251106/PROCESSED/NC/ct182-952F-24_hr1_prof_PROCESSED.nc,ct182-952F-24,131,2025-03-03 15:00:00,-51.5138,70.4328,False,False
/Volumes/Data/Work/SEALTAGS/Prydz/ct182/v5_20251106/PROCESSED/NC/ct182-952F-24_hr1_prof_PROCESSED.nc,ct182-952F-24,132,2025-03-03 15:30:00,-51.5337,70.4372,False,False
/Volumes/Data/Work/SEALTAGS/Prydz/ct182/v5_20251106/PROCESSED/NC/ct182-952F-24_hr1_prof_PROCESSED.nc,ct182-952F-24,133,2025-03-04 03:10:00,-51.5284,70.5732,True,False
/Volumes/Data/Work/SEALTAGS/Prydz/ct182/v5_20251106/PROCESSED/NC/ct182-952F-24_hr1_prof_PROCESSED.nc,ct182-952F-24,134,2025-03-04 07:00:00,-51.545,70.5873,True,False
/Volumes/Data/Work/SEALTAGS/Prydz/ct182/v5_20251106/PROCESSED/NC/ct182-952F-24_hr1_prof_PROCESSED.nc,ct182-952F-24,135,2025-03-04 15:10:00,-51.5792,70.4948,False,False
/Volumes/Data/Work/SEALTAGS/Prydz/ct182/v5_20251106/PROCESSED/NC/ct182-952F-24_hr1_prof_PROCESSED.nc,ct182-952F-24,136,2025-03-04 15:30:00,-51.578,70.5094,False,False
/Volumes/Data/Work/SEALTAGS/Prydz/ct182/v5_20251106/PROCESSED/NC/ct182-952F-24_hr1_prof_PROCESSED.nc,ct182-952F-24,137,2025-03-04 18:40:00,-51.5403,70.6403,False,False
/Volumes/Data/Work/SEALTAGS/Prydz/ct182/v5_20251106/PROCESSED/NC/ct182-952F-24_hr1_prof_PROCESSED.nc,ct182-952F-24,138,2025-03-05 03:20:00,-51.5595,70.5158,True,False
/Volumes/Data/Work/SEALTAGS/Prydz/ct182/v5_20251106/PROCESSED/NC/ct182-952F-24_hr1_prof_PROCESSED.nc,ct182-952F-24,139,2025-03-06 21:50:00,-51.5558,70.4514,False,False
/Volumes/Data/Work/SEALTAGS/Prydz/ct182/v5_20251106/PROCESSED/NC/ct182-952F-24_hr1_prof_PROCESSED.nc,ct182-952F-24,140,2025-03-07 03:40:00,-51.5378,70.5987,True,False
/Volumes/Data/Work/SEALTAGS/Prydz/ct182/v5_20251106/PROCESSED/NC/ct182-952F-24_hr1_prof_PROCESSED.nc,ct182-952F-24,141,2025-03-07 17:50:00,-51.5506,70.4347,False,False
/Volumes/Data/Work/SEALTAGS/Prydz/ct182/v5_20251106/PROCESSED/NC/ct182-952F-24_hr1_prof_PROCESSED.nc,ct182-952F-24,142,2025-03-08 03:10:00,-51.5642,70.5647,True,False
/Volumes/Data/Work/SEALTAGS/Prydz/ct182/v5_20251106/PROCESSED/NC/ct182-952F-24_hr1_prof_PROCESSED.nc,ct182-952F-24,143,2025-03-08 15:30:00,-51.5272,70.6212,False,False
/Volumes/Data/Work/SEALTAGS/Prydz/ct182/v5_20251106/PROCESSED/NC/ct182-952F-24_hr1_prof_PROCESSED.nc,ct182-952F-24,144,2025-03-09 03:10:00,-51.6143,70.5274,True,False
/Volumes/Data/Work/SEALTAGS/Prydz/ct182/v5_20251106/PROCESSED/NC/ct182-952F-24_hr1_prof_PROCESSED.nc,ct182-952F-24,145,2025-03-09 15:20:00,-51.7539,70.4495,False,False
/Volumes/Data/Work/SEALTAGS/Prydz/ct182/v5_20251106/PROCESSED/NC/ct182-952F-24_hr1_prof_PROCESSED.nc,ct182-952F-24,146,2025-03-09 18:50:00,-51.8289,70.3558,False,False
/Volumes/Data/Work/SEALTAGS/Prydz/ct182/v5_20251106/PROCESSED/NC/ct182-952F-24_hr1_prof_PROCESSED.nc,ct182-952F-24,147,2025-03-10 03:20:00,-51.5393,70.6531,True,False
/Volumes/Data/Work/SEALTAGS/Prydz/ct182/v5_20251106/PROCESSED/NC/ct182-952F-24_hr1_prof_PROCESSED.nc,ct182-952F-24,148,2025-03-10 15:40:00,-51.5318,70.5826,False,False
/Volumes/Data/Work/SEALTAGS/Prydz/ct182/v5_20251106/PROCESSED/NC/ct182-952F-24_hr1_prof_PROCESSED.nc,ct182-952F-24,149,2025-03-10 18:10:00,-51.5373,70.6002,False,False
/Volumes/Data/Work/SEALTAGS/Prydz/ct182/v5_20251106/PROCESSED/NC/ct182-952F-24_hr1_prof_PROCESSED.nc,ct182-952F-24,150,2025-03-11 15:30:00,-51.5429,70.5878,False,False
/Volumes/Data/Work/SEALTAGS/Prydz/ct182/v5_20251106/PROCESSED/NC/ct182-952F-24_hr1_prof_PROCESSED.nc,ct182-952F-24,151,2025-03-12 03:10:00,-51.525,70.5264,True,False
/Volumes/Data/Work/SEALTAGS/Prydz/ct182/v5_20251106/PROCESSED/NC/ct182-952F-24_hr1_prof_PROCESSED.nc,ct182-952F-24,152,2025-03-13 03:20:00,-51.5551,70.5921,True,False
/Volumes/Data/Work/SEALTAGS/Prydz/ct182/v5_20251106/PROCESSED/NC/ct182-952F-24_hr1_prof_PROCESSED.nc,ct182-952F-24,153,2025-03-13 15:00:00,-51.5853,70.5259,False,False
/Volumes/Data/Work/SEALTAGS/Prydz/ct182/v5_20251106/PROCESSED/NC/ct182-952F-24_hr1_prof_PROCESSED.nc,ct182-952F-24,154,2025-03-13 15:30:00,-51.5977,70.5285,False,False
/Volumes/Data/Work/SEALTAGS/Prydz/ct182/v5_20251106/PROCESSED/NC/ct182-952F-24_hr1_prof_PROCESSED.nc,ct182-952F-24,155,2025-03-14 03:30:00,-51.5547,70.4784,True,False
/Volumes/Data/Work/SEALTAGS/Prydz/ct182/v5_20251106/PROCESSED/NC/ct182-952F-24_hr1_prof_PROCESSED.nc,ct182-952F-24,156,2025-03-15 03:10:00,-51.6236,70.5401,True,False
/Volumes/Data/Work/SEALTAGS/Prydz/ct182/v5_20251106/PROCESSED/NC/ct182-952F-24_hr1_prof_PROCESSED.nc,ct182-952F-24,157,2025-03-15 15:40:00,-51.5358,70.7085,False,False
/Volumes/Data/Work/SEALTAGS/Prydz/ct182/v5_20251106/PROCESSED/NC/ct182-952F-24_hr1_prof_PROCESSED.nc,ct182-952F-24,158,2025-03-15 19:10:00,-51.4732,70.7552,False,False
/Volumes/Data/Work/SEALTAGS/Prydz/ct182/v5_20251106/PROCESSED/NC/ct182-952F-24_hr1_prof_PROCESSED.nc,ct182-952F-24,159,2025-03-16 03:10:00,-51.5181,70.5102,True,False
/Volumes/Data/Work/SEALTAGS/Prydz/ct182/v5_20251106/PROCESSED/NC/ct182-952F-24_hr1_prof_PROCESSED.nc,ct182-952F-24,160,2025-03-16 15:10:00,-51.5376,70.6065,False,False
/Volumes/Data/Work/SEALTAGS/Prydz/ct182/v5_20251106/PROCESSED/NC/ct182-952F-24_hr1_prof_PROCESSED.nc,ct182-952F-24,161,2025-03-16 17:20:00,-51.5505,70.5383,False,False
/Volumes/Data/Work/SEALTAGS/Prydz/ct182/v5_20251106/PROCESSED/NC/ct182-952F-24_hr1_prof_PROCESSED.nc,ct182-952F-24,162,2025-03-17 03:30:00,-51.546,70.5984,True,False
/Volumes/Data/Work/SEALTAGS/Prydz/ct182/v5_20251106/PROCESSED/NC/ct182-952F-24_hr1_prof_PROCESSED.nc,ct182-952F-24,163,2025-03-17 17:10:00,-51.5214,70.6764,False,False
/Volumes/Data/Work/SEALTAGS/Prydz/ct182/v5_20251106/PROCESSED/NC/ct182-952F-24_hr1_prof_PROCESSED.nc,ct182-952F-24,164,2025-03-17 19:00:00,-51.5752,70.5934,False,False
/Volumes/Data/Work/SEALTAGS/Prydz/ct182/v5_20251106/PROCESSED/NC/ct182-952F-24_hr1_prof_PROCESSED.nc,ct182-952F-24,165,2025-03-18 16:00:00,-51.5651,70.4614,False,False
/Volumes/Data/Work/SEALTAGS/Prydz/ct182/v5_20251106/PROCESSED/NC/ct182-952F-24_hr1_prof_PROCESSED.nc,ct182-952F-24,166,2025-03-18 16:20:00,-51.5614,70.4583,False,False
/Volumes/Data/Work/SEALTAGS/Prydz/ct182/v5_20251106/PROCESSED/NC/ct182-952F-24_hr1_prof_PROCESSED.nc,ct182-952F-24,167,2025-03-20 03:10:00,-51.5964,70.3779,True,False
/Volumes/Data/Work/SEALTAGS/Prydz/ct182/v5_20251106/PROCESSED/NC/ct182-952F-24_hr1_prof_PROCESSED.nc,ct182-952F-24,168,2025-03-20 15:20:00,-51.5327,70.6022,False,False
/Volumes/Data/Work/SEALTAGS/Prydz/ct182/v5_20251106/PROCESSED/NC/ct182-952F-24_hr1_prof_PROCESSED.nc,ct182-952F-24,169,2025-03-21 03:00:00,-51.5675,70.5046,True,False
/Volumes/Data/Work/SEALTAGS/Prydz/ct182/v5_20251106/PROCESSED/NC/ct182-952F-24_hr1_prof_PROCESSED.nc,ct182-952F-24,170,2025-03-21 15:10:00,-51.5691,70.4616,False,False
/Volumes/Data/Work/SEALTAGS/Prydz/ct182/v5_20251106/PROCESSED/NC/ct182-952F-24_hr1_prof_PROCESSED.nc,ct182-952F-24,171,2025-03-22 03:10:00,-51.5665,70.5768,True,False
/Volumes/Data/Work/SEALTAGS/Prydz/ct182/v5_20251106/PROCESSED/NC/ct182-952F-24_hr1_prof_PROCESSED.nc,ct182-952F-24,172,2025-03-22 16:10:00,-51.572,70.6036,False,False
/Volumes/Data/Work/SEALTAGS/Prydz/ct182/v5_20251106/PROCESSED/NC/ct182-952F-24_hr1_prof_PROCESSED.nc,ct182-952F-24,173,2025-03-22 17:00:00,-51.555,70.558,False,False
/Volumes/Data/Work/SEALTAGS/Prydz/ct182/v5_20251106/PROCESSED/NC/ct182-952F-24_hr1_prof_PROCESSED.nc,ct182-952F-24,174,2025-03-23 03:30:00,-51.5191,70.6396,True,False
/Volumes/Data/Work/SEALTAGS/Prydz/ct182/v5_20251106/PROCESSED/NC/ct182-952F-24_hr1_prof_PROCESSED.nc,ct182-952F-24,175,2025-03-23 15:00:00,-51.5785,70.5608,False,False
/Volumes/Data/Work/SEALTAGS/Prydz/ct182/v5_20251106/PROCESSED/NC/ct182-952F-24_hr1_prof_PROCESSED.nc,ct182-952F-24,176,2025-03-23 15:30:00,-51.5841,70.5488,False,False
/Volumes/Data/Work/SEALTAGS/Prydz/ct182/v5_20251106/PROCESSED/NC/ct182-952F-24_hr1_prof_PROCESSED.nc,ct182-952F-24,177,2025-03-24 15:00:00,-51.6113,70.5693,False,False
/Volumes/Data/Work/SEALTAGS/Prydz/ct182/v5_20251106/PROCESSED/NC/ct182-952F-24_hr1_prof_PROCESSED.nc,ct182-952F-24,178,2025-03-24 15:30:00,-51.5768,70.5801,False,False
/Volumes/Data/Work/SEALTAGS/Prydz/ct182/v5_20251106/PROCESSED/NC/ct182-952F-24_hr1_prof_PROCESSED.nc,ct182-952F-24,179,2025-03-25 03:20:00,-51.4593,70.5993,True,False
/Volumes/Data/Work/SEALTAGS/Prydz/ct182/v5_20251106/PROCESSED/NC/ct182-952F-24_hr1_prof_PROCESSED.nc,ct182-952F-24,180,2025-03-25 15:20:00,-51.5707,70.5519,False,False
/Volumes/Data/Work/SEALTAGS/Prydz/ct182/v5_20251106/PROCESSED/NC/ct182-952F-24_hr1_prof_PROCESSED.nc,ct182-952F-24,181,2025-03-26 03:10:00,-51.5933,70.681,True,False
/Volumes/Data/Work/SEALTAGS/Prydz/ct182/v5_20251106/PROCESSED/NC/ct182-952F-24_hr1_prof_PROCESSED.nc,ct182-952F-24,182,2025-03-26 15:30:00,-51.5932,70.5609,False,False
/Volumes/Data/Work/SEALTAGS/Prydz/ct182/v5_20251106/PROCESSED/NC/ct182-952F-24_hr1_prof_PROCESSED.nc,ct182-952F-24,183,2025-03-27 03:00:00,-51.5828,70.5894,True,False
/Volumes/Data/Work/SEALTAGS/Prydz/ct182/v5_20251106/PROCESSED/NC/ct182-952F-24_hr1_prof_PROCESSED.nc,ct182-952F-24,184,2025-03-27 04:00:00,-51.5742,70.5641,True,False
/Volumes/Data/Work/SEALTAGS/Prydz/ct182/v5_20251106/PROCESSED/NC/ct182-952F-24_hr1_prof_PROCESSED.nc,ct182-952F-24,185,2025-03-27 15:10:00,-51.3282,70.3496,False,False
/Volumes/Data/Work/SEALTAGS/Prydz/ct182/v5_20251106/PROCESSED/NC/ct182-952F-24_hr1_prof_PROCESSED.nc,ct182-952F-24,186,2025-03-28 03:40:00,-51.08,70.4363,True,False
/Volumes/Data/Work/SEALTAGS/Prydz/ct182/v5_20251106/PROCESSED/NC/ct182-952F-24_hr1_prof_PROCESSED.nc,ct182-952F-24,187,2025-03-28 14:40:00,-51.0181,70.541,False,False
/Volumes/Data/Work/SEALTAGS/Prydz/ct182/v5_20251106/PROCESSED/NC/ct182-952F-24_hr1_prof_PROCESSED.nc,ct182-952F-24,188,2025-03-28 16:10:00,-50.9681,70.5732,False,False
/Volumes/Data/Work/SEALTAGS/Prydz/ct182/v5_20251106/PROCESSED/NC/ct182-952F-24_hr1_prof_PROCESSED.nc,ct182-952F-24,189,2025-03-29 14:00:00,-50.5741,70.5259,False,False
/Volumes/Data/Work/SEALTAGS/Prydz/ct182/v5_20251106/PROCESSED/NC/ct182-952F-24_hr1_prof_PROCESSED.nc,ct182-952F-24,190,2025-03-30 02:30:00,-50.1056,70.8089,True,False
/Volumes/Data/Work/SEALTAGS/Prydz/ct182/v5_20251106/PROCESSED/NC/ct182-952F-24_hr1_prof_PROCESSED.nc,ct182-952F-24,191,2025-05-23 22:50:00,-49.7255,70.4094,False,False
/Volumes/Data/Work/SEALTAGS/Prydz/ct182/v5_20251106/PROCESSED/NC/ct182-952F-24_hr1_prof_PROCESSED.nc,ct182-952F-24,192,2025-05-24 03:30:00,-49.6306,70.5858,True,False
/Volumes/Data/Work/SEALTAGS/Prydz/ct182/v5_20251106/PROCESSED/NC/ct182-952F-24_hr1_prof_PROCESSED.nc,ct182-952F-24,193,2025-05-24 08:50:00,-49.7111,70.3106,True,False
/Volumes/Data/Work/SEALTAGS/Prydz/ct182/v5_20251106/PROCESSED/NC/ct182-952F-24_hr1_prof_PROCESSED.nc,ct182-952F-24,194,2025-05-24 15:00:00,-50.0373,70.4275,False,False
/Volumes/Data/Work/SEALTAGS/Prydz/ct182/v5_20251106/PROCESSED/NC/ct182-952F-24_hr1_prof_PROCESSED.nc,ct182-952F-24,195,2025-05-25 02:20:00,-50.6932,70.9892,False,False
/Volumes/Data/Work/SEALTAGS/Prydz/ct182/v5_20251106/PROCESSED/NC/ct182-952F-24_hr1_prof_PROCESSED.nc,ct182-952F-24,196,2025-05-26 03:50:00,-51.3051,70.5385,True,False
/Volumes/Data/Work/SEALTAGS/Prydz/ct182/v5_20251106/PROCESSED/NC/ct182-952F-24_hr1_prof_PROCESSED.nc,ct182-952F-24,197,2025-05-26 06:20:00,-51.3086,70.442,True,False
/Volumes/Data/Work/SEALTAGS/Prydz/ct182/v5_20251106/PROCESSED/NC/ct182-952F-24_hr1_prof_PROCESSED.nc,ct182-952F-24,198,2025-05-26 15:30:00,-51.5488,70.4727,False,False
/Volumes/Data/Work/SEALTAGS/Prydz/ct182/v5_20251106/PROCESSED/NC/ct182-952F-24_hr1_prof_PROCESSED.nc,ct182-952F-24,199,2025-05-27 03:10:00,-51.5261,70.3607,False,False
/Volumes/Data/Work/SEALTAGS/Prydz/ct182/v5_20251106/PROCESSED/NC/ct182-952F-24_hr1_prof_PROCESSED.nc,ct182-952F-24,200,2025-05-27 08:10:00,-51.4494,70.49,True,False
/Volumes/Data/Work/SEALTAGS/Prydz/ct182/v5_20251106/PROCESSED/NC/ct182-952F-24_hr1_prof_PROCESSED.nc,ct182-952F-24,201,2025-05-27 15:10:00,-51.391,70.6091,False,False
/Volumes/Data/Work/SEALTAGS/Prydz/ct182/v5_20251106/PROCESSED/NC/ct182-952F-24_hr1_prof_PROCESSED.nc,ct182-952F-24,202,2025-05-28 00:00:00,-51.2332,70.4798,False,False
/Volumes/Data/Work/SEALTAGS/Prydz/ct182/v5_20251106/PROCESSED/NC/ct182-952F-24_hr1_prof_PROCESSED.nc,ct182-952F-24,203,2025-05-28 15:40:00,-51.3062,70.6695,False,False
/Volumes/Data/Work/SEALTAGS/Prydz/ct182/v5_20251106/PROCESSED/NC/ct182-952F-24_hr1_prof_PROCESSED.nc,ct182-952F-24,204,2025-05-29 03:40:00,-51.4911,70.4107,True,False
/Volumes/Data/Work/SEALTAGS/Prydz/ct182/v5_20251106/PROCESSED/NC/ct182-952F-24_hr1_prof_PROCESSED.nc,ct182-952F-24,205,2025-05-29 15:00:00,-51.5653,70.5562,False,False
/Volumes/Data/Work/SEALTAGS/Prydz/ct182/v5_20251106/PROCESSED/NC/ct182-952F-24_hr1_prof_PROCESSED.nc,ct182-952F-24,206,2025-05-30 15:20:00,-51.5647,70.6364,False,False
/Volumes/Data/Work/SEALTAGS/Prydz/ct182/v5_20251106/PROCESSED/NC/ct182-952F-24_hr1_prof_PROCESSED.nc,ct182-952F-24,207,2025-05-31 03:30:00,-51.4991,70.5437,True,False
/Volumes/Data/Work/SEALTAGS/Prydz/ct182/v5_20251106/PROCESSED/NC/ct182-952F-24_hr1_prof_PROCESSED.nc,ct182-952F-24,208,2025-05-31 14:10:00,-51.4854,70.3604,False,False
/Volumes/Data/Work/SEALTAGS/Prydz/ct182/v5_20251106/PROCESSED/NC/ct182-952F-24_hr1_prof_PROCESSED.nc,ct182-952F-24,209,2025-06-01 02:10:00,-51.5106,70.7202,False,False
/Volumes/Data/Work/SEALTAGS/Prydz/ct182/v5_20251106/PROCESSED/NC/ct182-952F-24_hr1_prof_PROCESSED.nc,ct182-952F-24,210,2025-06-01 15:10:00,-51.5905,70.5347,False,False
/Volumes/Data/Work/SEALTAGS/Prydz/ct182/v5_20251106/PROCESSED/NC/ct182-952F-24_hr1_prof_PROCESSED.nc,ct182-952F-24,211,2025-06-02 00:00:00,-51.5701,70.5079,False,False
/Volumes/Data/Work/SEALTAGS/Prydz/ct182/v5_20251106/PROCESSED/NC/ct182-952F-24_hr1_prof_PROCESSED.nc,ct182-952F-24,212,2025-06-03 03:30:00,-51.5164,70.408,True,False
/Volumes/Data/Work/SEALTAGS/Prydz/ct182/v5_20251106/PROCESSED/NC/ct182-952F-24_hr1_prof_PROCESSED.nc,ct182-952F-24,213,2025-06-03 06:50:00,-51.4652,70.3319,True,False
/Volumes/Data/Work/SEALTAGS/Prydz/ct182/v5_20251106/PROCESSED/NC/ct182-952F-24_hr1_prof_PROCESSED.nc,ct182-952F-24,214,2025-06-03 15:50:00,-51.4381,70.4015,False,False
/Volumes/Data/Work/SEALTAGS/Prydz/ct182/v5_20251106/PROCESSED/NC/ct182-952F-24_hr1_prof_PROCESSED.nc,ct182-952F-24,215,2025-06-04 03:30:00,-51.1419,70.2146,True,False
/Volumes/Data/Work/SEALTAGS/Prydz/ct182/v5_20251106/PROCESSED/NC/ct182-952F-24_hr1_prof_PROCESSED.nc,ct182-952F-24,216,2025-06-04 15:40:00,-50.9966,70.1768,False,False
/Volumes/Data/Work/SEALTAGS/Prydz/ct182/v5_20251106/PROCESSED/NC/ct182-952F-24_hr1_prof_PROCESSED.nc,ct182-952F-24,217,2025-06-04 16:20:00,-50.9897,70.1929,False,False
/Volumes/Data/Work/SEALTAGS/Prydz/ct182/v5_20251106/PROCESSED/NC/ct182-952F-24_hr1_prof_PROCESSED.nc,ct182-952F-24,218,2025-06-04 20:40:00,-50.9454,70.2974,False,False
/Volumes/Data/Work/SEALTAGS/Prydz/ct182/v5_20251106/PROCESSED/NC/ct182-952F-24_hr1_prof_PROCESSED.nc,ct182-952F-24,219,2025-06-05 02:10:00,-50.971,70.4358,False,False
/Volumes/Data/Work/SEALTAGS/Prydz/ct182/v5_20251106/PROCESSED/NC/ct182-952F-24_hr1_prof_PROCESSED.nc,ct182-952F-24,220,2025-06-05 19:00:00,-51.21,70.2991,False,False
/Volumes/Data/Work/SEALTAGS/Prydz/ct182/v5_20251106/PROCESSED/NC/ct182-952F-24_hr1_prof_PROCESSED.nc,ct182-952F-24,221,2025-06-08 03:30:00,-51.4363,70.5345,True,False
/Volumes/Data/Work/SEALTAGS/Prydz/ct182/v5_20251106/PROCESSED/NC/ct182-952F-24_hr1_prof_PROCESSED.nc,ct182-952F-24,222,2025-06-10 03:00:00,-51.5643,70.5045,False,False
/Volumes/Data/Work/SEALTAGS/Prydz/ct182/v5_20251106/PROCESSED/NC/ct182-952F-24_hr1_prof_PROCESSED.nc,ct182-952F-24,223,2025-06-11 03:00:00,-51.2695,70.5037,False,False
/Volumes/Data/Work/SEALTAGS/Prydz/ct182/v5_20251106/PROCESSED/NC/ct182-952F-24_hr1_prof_PROCESSED.nc,ct182-952F-24,224,2025-06-11 03:50:00,-51.2126,70.4652,True,False
/Volumes/Data/Work/SEALTAGS/Prydz/ct182/v5_20251106/PROCESSED/NC/ct182-952F-24_hr1_prof_PROCESSED.nc,ct182-952F-24,225,2025-06-11 15:30:00,-51.1653,70.1848,False,False
/Volumes/Data/Work/SEALTAGS/Prydz/ct182/v5_20251106/PROCESSED/NC/ct182-952F-24_hr1_prof_PROCESSED.nc,ct182-952F-24,226,2025-06-11 21:40:00,-50.9214,70.2553,False,False
/Volumes/Data/Work/SEALTAGS/Prydz/ct182/v5_20251106/PROCESSED/NC/ct182-952F-24_hr1_prof_PROCESSED.nc,ct182-952F-24,227,2025-06-13 03:00:00,-51.176,70.7796,False,False
/Volumes/Data/Work/SEALTAGS/Prydz/ct182/v5_20251106/PROCESSED/NC/ct182-952F-24_hr1_prof_PROCESSED.nc,ct182-952F-24,228,2025-06-13 04:50:00,-51.1082,70.5869,True,False
/Volumes/Data/Work/SEALTAGS/Prydz/ct182/v5_20251106/PROCESSED/NC/ct182-952F-24_hr1_prof_PROCESSED.nc,ct182-952F-24,229,2025-06-13 15:20:00,-51.0738,70.4321,False,False
/Volumes/Data/Work/SEALTAGS/Prydz/ct182/v5_20251106/PROCESSED/NC/ct182-952F-24_hr1_prof_PROCESSED.nc,ct182-952F-24,230,2025-06-14 03:20:00,-51.1135,70.71,False,False
/Volumes/Data/Work/SEALTAGS/Prydz/ct182/v5_20251106/PROCESSED/NC/ct182-952F-24_hr1_prof_PROCESSED.nc,ct182-952F-24,231,2025-06-14 15:30:00,-51.0872,70.5738,False,False
/Volumes/Data/Work/SEALTAGS/Prydz/ct182/v5_20251106/PROCESSED/NC/ct182-952F-24_hr1_prof_PROCESSED.nc,ct182-952F-24,232,2025-06-15 03:00:00,-51.1339,70.494,False,False
/Volumes/Data/Work/SEALTAGS/Prydz/ct182/v5_20251106/PROCESSED/NC/ct182-952F-24_hr1_prof_PROCESSED.nc,ct182-952F-24,233,2025-06-15 09:00:00,-51.2262,70.5821,True,False
/Volumes/Data/Work/SEALTAGS/Prydz/ct182/v5_20251106/PROCESSED/NC/ct182-952F-24_hr1_prof_PROCESSED.nc,ct182-952F-24,234,2025-06-16 05:40:00,-51.1134,70.5046,True,False
/Volumes/Data/Work/SEALTAGS/Prydz/ct182/v5_20251106/PROCESSED/NC/ct182-952F-24_hr1_prof_PROCESSED.nc,ct182-952F-24,235,2025-06-16 15:20:00,-51.083,70.5094,False,False
/Volumes/Data/Work/SEALTAGS/Prydz/ct182/v5_20251106/PROCESSED/NC/ct182-952F-24_hr1_prof_PROCESSED.nc,ct182-952F-24,236,2025-06-17 08:40:00,-51.1045,70.5844,True,False
/Volumes/Data/Work/SEALTAGS/Prydz/ct182/v5_20251106/PROCESSED/NC/ct182-952F-24_hr1_prof_PROCESSED.nc,ct182-952F-24,237,2025-06-17 15:30:00,-51.0766,70.5501,False,False
/Volumes/Data/Work/SEALTAGS/Prydz/ct182/v5_20251106/PROCESSED/NC/ct182-952F-24_hr1_prof_PROCESSED.nc,ct182-952F-24,238,2025-06-18 03:10:00,-51.1202,70.4903,False,False
/Volumes/Data/Work/SEALTAGS/Prydz/ct182/v5_20251106/PROCESSED/NC/ct182-952F-24_hr1_prof_PROCESSED.nc,ct182-952F-24,239,2025-06-18 06:00:00,-51.1156,70.4759,True,False
/Volumes/Data/Work/SEALTAGS/Prydz/ct182/v5_20251106/PROCESSED/NC/ct182-952F-24_hr1_prof_PROCESSED.nc,ct182-952F-24,240,2025-06-18 15:10:00,-51.0593,70.6048,False,False
/Volumes/Data/Work/SEALTAGS/Prydz/ct182/v5_20251106/PROCESSED/NC/ct182-952F-24_hr1_prof_PROCESSED.nc,ct182-952F-24,241,2025-06-19 03:10:00,-51.1632,70.7679,False,False
/Volumes/Data/Work/SEALTAGS/Prydz/ct182/v5_20251106/PROCESSED/NC/ct182-952F-24_hr1_prof_PROCESSED.nc,ct182-952F-24,242,2025-06-20 03:40:00,-51.1334,70.4726,True,False
/Volumes/Data/Work/SEALTAGS/Prydz/ct182/v5_20251106/PROCESSED/NC/ct182-952F-24_hr1_prof_PROCESSED.nc,ct182-952F-24,243,2025-06-20 08:30:00,-51.1449,70.342,True,False
/Volumes/Data/Work/SEALTAGS/Prydz/ct182/v5_20251106/PROCESSED/NC/ct182-952F-24_hr1_prof_PROCESSED.nc,ct182-952F-24,244,2025-06-21 03:30:00,-51.2112,70.6486,True,False
/Volumes/Data/Work/SEALTAGS/Prydz/ct182/v5_20251106/PROCESSED/NC/ct182-952F-24_hr1_prof_PROCESSED.nc,ct182-952F-24,245,2025-06-22 08:10:00,-51.076,70.7783,True,False
/Volumes/Data/Work/SEALTAGS/Prydz/ct182/v5_20251106/PROCESSED/NC/ct182-952F-24_hr1_prof_PROCESSED.nc,ct182-952F-24,246,2025-06-22 15:40:00,-51.0983,70.5343,False,False
/Volumes/Data/Work/SEALTAGS/Prydz/ct182/v5_20251106/PROCESSED/NC/ct182-952F-24_hr1_prof_PROCESSED.nc,ct182-952F-24,247,2025-06-23 03:00:00,-51.0672,70.5359,False,False
/Volumes/Data/Work/SEALTAGS/Prydz/ct182/v5_20251106/PROCESSED/NC/ct182-952F-24_hr1_prof_PROCESSED.nc,ct182-952F-24,248,2025-06-24 08:50:00,-51.2676,70.5568,True,False
/Volumes/Data/Work/SEALTAGS/Prydz/ct182/v5_20251106/PROCESSED/NC/ct182-952F-24_hr1_prof_PROCESSED.nc,ct182-952F-24,249,2025-06-24 15:20:00,-51.3928,70.3994,False,False
/Volumes/Data/Work/SEALTAGS/Prydz/ct182/v5_20251106/PROCESSED/NC/ct182-952F-24_hr1_prof_PROCESSED.nc,ct182-952F-24,250,2025-06-25 03:40:00,-51.2751,70.612,True,False
/Volumes/Data/Work/SEALTAGS/Prydz/ct182/v5_20251106/PROCESSED/NC/ct182-952F-24_hr1_prof_PROCESSED.nc,ct182-952F-24,251,2025-06-25 08:10:00,-51.2348,70.547,True,False
/Volumes/Data/Work/SEALTAGS/Prydz/ct182/v5_20251106/PROCESSED/NC/ct182-952F-24_hr1_prof_PROCESSED.nc,ct182-952F-24,252,2025-06-26 03:00:00,-51.0156,70.3987,False,False
/Volumes/Data/Work/SEALTAGS/Prydz/ct182/v5_20251106/PROCESSED/NC/ct182-952F-24_hr1_prof_PROCESSED.nc,ct182-952F-24,253,2025-06-26 03:40:00,-51.0078,70.3935,True,False
/Volumes/Data/Work/SEALTAGS/Prydz/ct182/v5_20251106/PROCESSED/NC/ct182-952F-24_hr1_prof_PROCESSED.nc,ct182-952F-24,254,2025-06-26 14:10:00,-51.0276,70.3926,False,False
/Volumes/Data/Work/SEALTAGS/Prydz/ct182/v5_20251106/PROCESSED/NC/ct182-952F-24_hr1_prof_PROCESSED.nc,ct182-952F-24,255,2025-06-27 06:40:00,-51.1677,70.4888,True,False
/Volumes/Data/Work/SEALTAGS/Prydz/ct182/v5_20251106/PROCESSED/NC/ct182-952F-24_hr1_prof_PROCESSED.nc,ct182-952F-24,256,2025-06-27 15:10:00,-51.0845,70.3542,False,False
/Volumes/Data/Work/SEALTAGS/Prydz/ct182/v5_20251106/PROCESSED/NC/ct182-952F-24_hr1_prof_PROCESSED.nc,ct182-952F-24,257,2025-06-28 03:10:00,-51.0729,70.6681,False,False
/Volumes/Data/Work/SEALTAGS/Prydz/ct182/v5_20251106/PROCESSED/NC/ct182-952F-24_hr1_prof_PROCESSED.nc,ct182-952F-24,258,2025-06-29 03:40:00,-51.0867,70.5147,True,False
/Volumes/Data/Work/SEALTAGS/Prydz/ct182/v5_20251106/PROCESSED/NC/ct182-952F-24_hr1_prof_PROCESSED.nc,ct182-952F-24,259,2025-06-30 03:50:00,-51.1656,70.4836,True,False
/Volumes/Data/Work/SEALTAGS/Prydz/ct182/v5_20251106/PROCESSED/NC/ct182-952F-24_hr1_prof_PROCESSED.nc,ct182-952F-24,260,2025-06-30 06:30:00,-51.2004,70.36,True,False
/Volumes/Data/Work/SEALTAGS/Prydz/ct182/v5_20251106/PROCESSED/NC/ct182-952F-24_hr1_prof_PROCESSED.nc,ct182-952F-24,261,2025-06-30 15:20:00,-51.1728,70.4555,False,False
/Volumes/Data/Work/SEALTAGS/Prydz/ct182/v5_20251106/PROCESSED/NC/ct182-952F-24_hr1_prof_PROCESSED.nc,ct182-952F-24,262,2025-06-30 17:00:00,-51.1531,70.4444,False,False
/Volumes/Data/Work/SEALTAGS/Prydz/ct182/v5_20251106/PROCESSED/NC/ct182-952F-24_hr1_prof_PROCESSED.nc,ct182-952F-24,263,2025-07-02 15:00:00,-51.2977,70.4279,False,False
/Volumes/Data/Work/SEALTAGS/Prydz/ct182/v5_20251106/PROCESSED/NC/ct182-952F-24_hr1_prof_PROCESSED.nc,ct182-952F-24,264,2025-07-03 03:40:00,-51.3757,70.6101,True,False
/Volumes/Data/Work/SEALTAGS/Prydz/ct182/v5_20251106/PROCESSED/NC/ct182-952F-24_hr1_prof_PROCESSED.nc,ct182-952F-24,265,2025-07-03 08:40:00,-51.3562,70.7416,True,False
/Volumes/Data/Work/SEALTAGS/Prydz/ct182/v5_20251106/PROCESSED/NC/ct182-952F-24_hr1_prof_PROCESSED.nc,ct182-952F-24,266,2025-07-03 11:10:00,-51.3465,70.8073,True,False
/Volumes/Data/Work/SEALTAGS/Prydz/ct182/v5_20251106/PROCESSED/NC/ct182-952F-24_hr1_prof_PROCESSED.nc,ct182-952F-24,267,2025-07-03 15:40:00,-51.5616,70.5532,False,False
/Volumes/Data/Work/SEALTAGS/Prydz/ct182/v5_20251106/PROCESSED/NC/ct182-952F-24_hr1_prof_PROCESSED.nc,ct182-952F-24,268,2025-07-04 03:30:00,-51.4771,70.416,False,False
/Volumes/Data/Work/SEALTAGS/Prydz/ct182/v5_20251106/PROCESSED/NC/ct182-952F-24_hr1_prof_PROCESSED.nc,ct182-952F-24,269,2025-07-04 15:00:00,-51.3987,70.524,False,False
/Volumes/Data/Work/SEALTAGS/Prydz/ct182/v5_20251106/PROCESSED/NC/ct182-952F-24_hr1_prof_PROCESSED.nc,ct182-952F-24,270,2025-07-04 15:50:00,-51.3886,70.5212,False,False
/Volumes/Data/Work/SEALTAGS/Prydz/ct182/v5_20251106/PROCESSED/NC/ct182-952F-24_hr1_prof_PROCESSED.nc,ct182-952F-24,271,2025-07-07 03:50:00,-51.4132,70.6371,True,False
/Volumes/Data/Work/SEALTAGS/Prydz/ct182/v5_20251106/PROCESSED/NC/ct182-952F-24_hr1_prof_PROCESSED.nc,ct182-952F-24,272,2025-07-07 08:30:00,-51.4161,70.637,True,False
/Volumes/Data/Work/SEALTAGS/Prydz/ct182/v5_20251106/PROCESSED/NC/ct182-952F-24_hr1_prof_PROCESSED.nc,ct182-952F-24,273,2025-07-08 03:10:00,-51.5473,70.9719,False,False
/Volumes/Data/Work/SEALTAGS/Prydz/ct182/v5_20251106/PROCESSED/NC/ct182-952F-24_hr1_prof_PROCESSED.nc,ct182-952F-24,274,2025-07-09 02:00:00,-51.2897,71.1703,False,False
/Volumes/Data/Work/SEALTAGS/Prydz/ct182/v5_20251106/PROCESSED/NC/ct182-952F-24_hr1_prof_PROCESSED.nc,ct182-952F-24,275,2025-07-10 03:10:00,-51.0879,70.5831,False,False
/Volumes/Data/Work/SEALTAGS/Prydz/ct182/v5_20251106/PROCESSED/NC/ct182-952F-24_hr1_prof_PROCESSED.nc,ct182-952F-24,276,2025-07-10 11:10:00,-51.2313,70.6176,True,False
/Volumes/Data/Work/SEALTAGS/Prydz/ct182/v5_20251106/PROCESSED/NC/ct182-952F-24_hr1_prof_PROCESSED.nc,ct182-952F-24,277,2025-07-10 14:30:00,-51.1731,70.6189,False,False
/Volumes/Data/Work/SEALTAGS/Prydz/ct182/v5_20251106/PROCESSED/NC/ct182-952F-24_hr1_prof_PROCESSED.nc,ct182-952F-24,278,2025-07-11 04:40:00,-51.0365,70.5321,True,False
/Volumes/Data/Work/SEALTAGS/Prydz/ct182/v5_20251106/PROCESSED/NC/ct182-952F-24_hr1_prof_PROCESSED.nc,ct182-952F-24,279,2025-07-12 15:50:00,-51.1571,70.6499,False,False
/Volumes/Data/Work/SEALTAGS/Prydz/ct182/v5_20251106/PROCESSED/NC/ct182-952F-24_hr1_prof_PROCESSED.nc,ct182-952F-24,280,2025-07-12 18:00:00,-51.1923,70.7965,False,False
/Volumes/Data/Work/SEALTAGS/Prydz/ct182/v5_20251106/PROCESSED/NC/ct182-952F-24_hr1_prof_PROCESSED.nc,ct182-952F-24,281,2025-07-12 21:10:00,-51.2819,70.7481,False,False
/Volumes/Data/Work/SEALTAGS/Prydz/ct182/v5_20251106/PROCESSED/NC/ct182-952F-24_hr1_prof_PROCESSED.nc,ct182-952F-24,282,2025-07-13 03:00:00,-51.1048,70.6621,False,False
/Volumes/Data/Work/SEALTAGS/Prydz/ct182/v5_20251106/PROCESSED/NC/ct182-952F-24_hr1_prof_PROCESSED.nc,ct182-952F-24,283,2025-07-13 14:10:00,-50.9642,70.4874,False,False
/Volumes/Data/Work/SEALTAGS/Prydz/ct182/v5_20251106/PROCESSED/NC/ct182-952F-24_hr1_prof_PROCESSED.nc,ct182-952F-24,284,2025-07-14 18:00:00,-51.2218,70.7725,False,False
/Volumes/Data/Work/SEALTAGS/Prydz/ct182/v5_20251106/PROCESSED/NC/ct182-952F-24_hr1_prof_PROCESSED.nc,ct182-952F-24,285,2025-07-14 23:20:00,-51.1036,70.6527,False,False
/Volumes/Data/Work/SEALTAGS/Prydz/ct182/v5_20251106/PROCESSED/NC/ct182-952F-24_hr1_prof_PROCESSED.nc,ct182-952F-24,286,2025-07-15 15:40:00,-51.179,70.5269,False,False
/Volumes/Data/Work/SEALTAGS/Prydz/ct182/v5_20251106/PROCESSED/NC/ct182-952F-24_hr1_prof_PROCESSED.nc,ct182-952F-24,287,2025-07-17 02:40:00,-50.8379,70.5416,False,False
/Volumes/Data/Work/SEALTAGS/Prydz/ct182/v5_20251106/PROCESSED/NC/ct182-952F-24_hr1_prof_PROCESSED.nc,ct182-952F-24,288,2025-07-17 14:40:00,-50.9117,70.4345,False,False
/Volumes/Data/Work/SEALTAGS/Prydz/ct182/v5_20251106/PROCESSED/NC/ct182-952F-24_hr1_prof_PROCESSED.nc,ct182-952F-24,289,2025-07-18 02:10:00,-50.8633,70.5141,False,False
/Volumes/Data/Work/SEALTAGS/Prydz/ct182/v5_20251106/PROCESSED/NC/ct182-952F-24_hr1_prof_PROCESSED.nc,ct182-952F-24,290,2025-07-19 14:40:00,-50.8784,70.4783,False,False
/Volumes/Data/Work/SEALTAGS/Prydz/ct182/v5_20251106/PROCESSED/NC/ct182-952F-24_hr1_prof_PROCESSED.nc,ct182-952F-24,291,2025-07-20 15:40:00,-51.2047,70.4706,False,False
/Volumes/Data/Work/SEALTAGS/Prydz/ct182/v5_20251106/PROCESSED/NC/ct182-952F-24_hr1_prof_PROCESSED.nc,ct182-952F-24,292,2025-07-21 03:20:00,-51.0428,70.2211,True,False
/Volumes/Data/Work/SEALTAGS/Prydz/ct182/v5_20251106/PROCESSED/NC/ct182-952F-24_hr1_prof_PROCESSED.nc,ct182-952F-24,293,2025-07-21 07:10:00,-51.062,70.2836,True,False
/Volumes/Data/Work/SEALTAGS/Prydz/ct182/v5_20251106/PROCESSED/NC/ct182-952F-24_hr1_prof_PROCESSED.nc,ct182-952F-24,294,2025-07-22 03:20:00,-51.2697,70.7924,True,False
/Volumes/Data/Work/SEALTAGS/Prydz/ct182/v5_20251106/PROCESSED/NC/ct182-952F-24_hr1_prof_PROCESSED.nc,ct182-952F-24,295,2025-07-23 03:40:00,-51.3963,70.798,True,False
/Volumes/Data/Work/SEALTAGS/Prydz/ct182/v5_20251106/PROCESSED/NC/ct182-952F-24_hr1_prof_PROCESSED.nc,ct182-952F-24,296,2025-07-23 15:10:00,-51.5621,70.9873,False,False
/Volumes/Data/Work/SEALTAGS/Prydz/ct182/v5_20251106/PROCESSED/NC/ct182-952F-24_hr1_prof_PROCESSED.nc,ct182-952F-24,297,2025-07-23 15:50:00,-51.5555,70.941,False,False
/Volumes/Data/Work/SEALTAGS/Prydz/ct182/v5_20251106/PROCESSED/NC/ct182-952F-24_hr1_prof_PROCESSED.nc,ct182-952F-24,298,2025-07-24 03:10:00,-51.4788,70.7894,False,False
/Volumes/Data/Work/SEALTAGS/Prydz/ct182/v5_20251106/PROCESSED/NC/ct182-952F-24_hr1_prof_PROCESSED.nc,ct182-952F-24,299,2025-07-25 03:30:00,-51.3846,70.5561,True,False
/Volumes/Data/Work/SEALTAGS/Prydz/ct182/v5_20251106/PROCESSED/NC/ct182-952F-24_hr1_prof_PROCESSED.nc,ct182-952F-24,300,2025-07-25 16:10:00,-51.3579,70.5708,False,False
/Volumes/Data/Work/SEALTAGS/Prydz/ct182/v5_20251106/PROCESSED/NC/ct182-952F-24_hr1_prof_PROCESSED.nc,ct182-952F-24,301,2025-07-25 23:00:00,-51.302,70.6665,False,False
/Volumes/Data/Work/SEALTAGS/Prydz/ct182/v5_20251106/PROCESSED/NC/ct182-952F-24_hr1_prof_PROCESSED.nc,ct182-952F-24,302,2025-07-26 02:20:00,-51.2885,70.7222,False,False
/Volumes/Data/Work/SEALTAGS/Prydz/ct182/v5_20251106/PROCESSED/NC/ct182-952F-24_hr1_prof_PROCESSED.nc,ct182-952F-24,303,2025-07-26 15:20:00,-51.2055,70.516,False,False
/Volumes/Data/Work/SEALTAGS/Prydz/ct182/v5_20251106/PROCESSED/NC/ct182-952F-24_hr1_prof_PROCESSED.nc,ct182-952F-24,304,2025-07-27 15:10:00,-51.3242,70.7348,False,False
/Volumes/Data/Work/SEALTAGS/Prydz/ct182/v5_20251106/PROCESSED/NC/ct182-952F-24_hr1_prof_PROCESSED.nc,ct182-952F-24,305,2025-07-27 22:00:00,-51.2958,70.8538,False,False
/Volumes/Data/Work/SEALTAGS/Prydz/ct182/v5_20251106/PROCESSED/NC/ct182-952F-24_hr1_prof_PROCESSED.nc,ct182-952F-24,306,2025-07-28 03:00:00,-51.123,70.7994,False,False
/Volumes/Data/Work/SEALTAGS/Prydz/ct182/v5_20251106/PROCESSED/NC/ct182-952F-24_hr1_prof_PROCESSED.nc,ct182-952F-24,307,2025-07-28 15:20:00,-51.1248,70.7321,False,False
/Volumes/Data/Work/SEALTAGS/Prydz/ct182/v5_20251106/PROCESSED/NC/ct182-952F-24_hr1_prof_PROCESSED.nc,ct182-952F-24,308,2025-07-29 15:30:00,-51.2021,70.7345,False,False
/Volumes/Data/Work/SEALTAGS/Prydz/ct182/v5_20251106/PROCESSED/NC/ct182-952F-24_hr1_prof_PROCESSED.nc,ct182-952F-24,309,2025-07-30 03:40:00,-51.1396,70.7725,True,False
/Volumes/Data/Work/SEALTAGS/Prydz/ct182/v5_20251106/PROCESSED/NC/ct182-952F-24_hr1_prof_PROCESSED.nc,ct182-952F-24,310,2025-07-31 03:40:00,-51.0885,70.6906,True,False
/Volumes/Data/Work/SEALTAGS/Prydz/ct182/v5_20251106/PROCESSED/NC/ct182-952F-24_hr1_prof_PROCESSED.nc,ct182-952F-24,311,2025-07-31 10:00:00,-51.1133,70.6295,True,False
/Volumes/Data/Work/SEALTAGS/Prydz/ct182/v5_20251106/PROCESSED/NC/ct182-952F-24_hr1_prof_PROCESSED.nc,ct182-952F-24,312,2025-07-31 15:10:00,-51.1181,70.6642,False,False
/Volumes/Data/Work/SEALTAGS/Prydz/ct182/v5_20251106/PROCESSED/NC/ct182-952F-24_hr1_prof_PROCESSED.nc,ct182-952F-24,313,2025-07-31 16:30:00,-51.0778,70.7115,False,False
/Volumes/Data/Work/SEALTAGS/Prydz/ct182/v5_20251106/PROCESSED/NC/ct182-952F-24_hr1_prof_PROCESSED.nc,ct182-952F-24,314,2025-08-01 03:20:00,-51.1269,70.7259,True,False
/Volumes/Data/Work/SEALTAGS/Prydz/ct182/v5_20251106/PROCESSED/NC/ct182-952F-24_hr1_prof_PROCESSED.nc,ct182-952F-24,315,2025-08-01 14:30:00,-51.0484,70.6478,False,False
/Volumes/Data/Work/SEALTAGS/Prydz/ct182/v5_20251106/PROCESSED/NC/ct182-952F-24_hr1_prof_PROCESSED.nc,ct182-952F-24,316,2025-08-02 03:20:00,-51.0879,70.8218,True,False
/Volumes/Data/Work/SEALTAGS/Prydz/ct182/v5_20251106/PROCESSED/NC/ct182-952F-24_hr1_prof_PROCESSED.nc,ct182-952F-24,317,2025-08-02 06:00:00,-51.0265,70.7415,True,False
/Volumes/Data/Work/SEALTAGS/Prydz/ct182/v5_20251106/PROCESSED/NC/ct182-952F-24_hr1_prof_PROCESSED.nc,ct182-952F-24,318,2025-08-03 03:10:00,-51.1713,70.5871,True,False
/Volumes/Data/Work/SEALTAGS/Prydz/ct182/v5_20251106/PROCESSED/NC/ct182-952F-24_hr1_prof_PROCESSED.nc,ct182-952F-24,319,2025-08-04 08:10:00,-51.1578,70.8888,True,False
/Volumes/Data/Work/SEALTAGS/Prydz/ct182/v5_20251106/PROCESSED/NC/ct182-952F-24_hr1_prof_PROCESSED.nc,ct182-952F-24,320,2025-08-04 15:40:00,-51.1514,70.7416,False,False
/Volumes/Data/Work/SEALTAGS/Prydz/ct182/v5_20251106/PROCESSED/NC/ct182-952F-24_hr1_prof_PROCESSED.nc,ct182-952F-24,321,2025-08-05 03:00:00,-51.0743,70.7351,True,False
/Volumes/Data/Work/SEALTAGS/Prydz/ct182/v5_20251106/PROCESSED/NC/ct182-952F-24_hr1_prof_PROCESSED.nc,ct182-952F-24,322,2025-08-05 15:20:00,-51.1536,70.6563,False,False
/Volumes/Data/Work/SEALTAGS/Prydz/ct182/v5_20251106/PROCESSED/NC/ct182-952F-24_hr1_prof_PROCESSED.nc,ct182-952F-24,323,2025-08-06 07:40:00,-51.2511,70.8665,True,False
/Volumes/Data/Work/SEALTAGS/Prydz/ct182/v5_20251106/PROCESSED/NC/ct182-952F-24_hr1_prof_PROCESSED.nc,ct182-952F-24,324,2025-08-08 15:40:00,-51.0448,71.0348,False,False
/Volumes/Data/Work/SEALTAGS/Prydz/ct182/v5_20251106/PROCESSED/NC/ct182-952F-24_hr1_prof_PROCESSED.nc,ct182-952F-24,325,2025-08-08 21:50:00,-51.0901,71.0931,False,False
/Volumes/Data/Work/SEALTAGS/Prydz/ct182/v5_20251106/PROCESSED/NC/ct182-952F-24_hr1_prof_PROCESSED.nc,ct182-952F-24,326,2025-08-09 03:00:00,-51.1109,70.9785,True,False
/Volumes/Data/Work/SEALTAGS/Prydz/ct182/v5_20251106/PROCESSED/NC/ct182-952F-24_hr1_prof_PROCESSED.nc,ct182-952F-24,327,2025-08-09 15:30:00,-51.151,70.5038,False,False
/Volumes/Data/Work/SEALTAGS/Prydz/ct182/v5_20251106/PROCESSED/NC/ct182-952F-24_hr1_prof_PROCESSED.nc,ct182-952F-24,328,2025-08-10 03:10:00,-51.3519,70.546,True,False
/Volumes/Data/Work/SEALTAGS/Prydz/ct182/v5_20251106/PROCESSED/NC/ct182-952F-24_hr1_prof_PROCESSED.nc,ct182-952F-24,329,2025-08-11 03:10:00,-51.0497,70.7098,True,False
/Volumes/Data/Work/SEALTAGS/Prydz/ct182/v5_20251106/PROCESSED/NC/ct182-952F-24_hr1_prof_PROCESSED.nc,ct182-952F-24,330,2025-08-11 14:30:00,-51.0987,70.714,False,False
/Volumes/Data/Work/SEALTAGS/Prydz/ct182/v5_20251106/PROCESSED/NC/ct182-952F-24_hr1_prof_PROCESSED.nc,ct182-952F-24,331,2025-08-12 03:10:00,-51.1133,70.5435,True,False
/Volumes/Data/Work/SEALTAGS/Prydz/ct182/v5_20251106/PROCESSED/NC/ct182-952F-24_hr1_prof_PROCESSED.nc,ct182-952F-24,332,2025-08-13 00:20:00,-51.069,70.7019,False,False
/Volumes/Data/Work/SEALTAGS/Prydz/ct182/v5_20251106/PROCESSED/NC/ct182-952F-24_hr1_prof_PROCESSED.nc,ct182-952F-24,333,2025-08-14 10:20:00,-51.143,70.5554,True,False
/Volumes/Data/Work/SEALTAGS/Prydz/ct182/v5_20251106/PROCESSED/NC/ct182-952F-24_hr1_prof_PROCESSED.nc,ct182-952F-24,334,2025-08-14 15:10:00,-51.1857,70.5403,False,False
/Volumes/Data/Work/SEALTAGS/Prydz/ct182/v5_20251106/PROCESSED/NC/ct182-952F-24_hr1_prof_PROCESSED.nc,ct182-952F-24,335,2025-08-16 03:20:00,-51.5357,70.6411,True,False
/Volumes/Data/Work/SEALTAGS/Prydz/ct182/v5_20251106/PROCESSED/NC/ct182-952F-24_hr1_prof_PROCESSED.nc,ct182-952F-24,336,2025-08-16 15:20:00,-51.5483,70.512,False,False
/Volumes/Data/Work/SEALTAGS/Prydz/ct182/v5_20251106/PROCESSED/NC/ct182-952F-24_hr1_prof_PROCESSED.nc,ct182-952F-24,337,2025-08-16 20:20:00,-51.5899,70.4083,False,False
/Volumes/Data/Work/SEALTAGS/Prydz/ct182/v5_20251106/PROCESSED/NC/ct182-952F-24_hr1_prof_PROCESSED.nc,ct182-952F-24,338,2025-08-18 15:30:00,-51.563,70.6661,False,False
/Volumes/Data/Work/SEALTAGS/Prydz/ct182/v5_20251106/PROCESSED/NC/ct182-952F-24_hr1_prof_PROCESSED.nc,ct182-952F-24,339,2025-08-19 02:20:00,-51.5042,70.7824,False,False
/Volumes/Data/Work/SEALTAGS/Prydz/ct182/v5_20251106/PROCESSED/NC/ct182-952F-24_hr1_prof_PROCESSED.nc,ct182-952F-24,340,2025-08-19 15:20:00,-51.5118,70.5747,False,False
/Volumes/Data/Work/SEALTAGS/Prydz/ct182/v5_20251106/PROCESSED/NC/ct182-952F-24_hr1_prof_PROCESSED.nc,ct182-952F-24,341,2025-08-20 00:10:00,-51.6185,70.6533,False,False
/Volumes/Data/Work/SEALTAGS/Prydz/ct182/v5_20251106/PROCESSED/NC/ct182-952F-24_hr1_prof_PROCESSED.nc,ct182-952F-24,342,2025-08-20 15:10:00,-51.4543,70.7109,False,False
/Volumes/Data/Work/SEALTAGS/Prydz/ct182/v5_20251106/PROCESSED/NC/ct182-952F-24_hr1_prof_PROCESSED.nc,ct182-952F-24,343,2025-08-20 18:20:00,-51.5281,70.7102,False,False
/Volumes/Data/Work/SEALTAGS/Prydz/ct182/v5_20251106/PROCESSED/NC/ct182-952F-24_hr1_prof_PROCESSED.nc,ct182-952F-24,344,2025-08-21 03:00:00,-51.5423,70.6535,True,False
/Volumes/Data/Work/SEALTAGS/Prydz/ct182/v5_20251106/PROCESSED/NC/ct182-952F-24_hr1_prof_PROCESSED.nc,ct182-952F-24,345,2025-08-21 15:10:00,-51.5216,70.4595,False,False
/Volumes/Data/Work/SEALTAGS/Prydz/ct182/v5_20251106/PROCESSED/NC/ct182-952F-24_hr1_prof_PROCESSED.nc,ct182-952F-24,346,2025-08-21 17:30:00,-51.5738,70.5847,False,False
/Volumes/Data/Work/SEALTAGS/Prydz/ct182/v5_20251106/PROCESSED/NC/ct182-952F-24_hr1_prof_PROCESSED.nc,ct182-952F-24,347,2025-08-23 02:50:00,-51.5139,70.6653,True,False
/Volumes/Data/Work/SEALTAGS/Prydz/ct182/v5_20251106/PROCESSED/NC/ct182-952F-24_hr1_prof_PROCESSED.nc,ct182-952F-24,348,2025-08-23 15:40:00,-51.5018,70.5875,False,False
/Volumes/Data/Work/SEALTAGS/Prydz/ct182/v5_20251106/PROCESSED/NC/ct182-952F-24_hr1_prof_PROCESSED.nc,ct182-952F-24,349,2025-08-24 23:20:00,-51.587,70.8122,False,False
/Volumes/Data/Work/SEALTAGS/Prydz/ct182/v5_20251106/PROCESSED/NC/ct182-952F-24_hr1_prof_PROCESSED.nc,ct182-952F-24,350,2025-08-26 04:00:00,-51.4733,70.7087,True,False
/Volumes/Data/Work/SEALTAGS/Prydz/ct182/v5_20251106/PROCESSED/NC/ct182-952F-24_hr1_prof_PROCESSED.nc,ct182-952F-24,351,2025-08-26 12:10:00,-51.5275,70.6131,True,False
/Volumes/Data/Work/SEALTAGS/Prydz/ct182/v5_20251106/PROCESSED/NC/ct182-952F-24_hr1_prof_PROCESSED.nc,ct182-952F-24,352,2025-08-27 15:20:00,-51.5828,70.5979,False,False
/Volumes/Data/Work/SEALTAGS/Prydz/ct182/v5_20251106/PROCESSED/NC/ct182-952F-24_hr1_prof_PROCESSED.nc,ct182-952F-24,353,2025-08-29 02:50:00,-51.585,70.5445,True,False
/Volumes/Data/Work/SEALTAGS/Prydz/ct182/v5_20251106/PROCESSED/NC/ct182-952F-24_hr1_prof_PROCESSED.nc,ct182-952F-24,354,2025-08-29 15:00:00,-51.5723,70.5572,False,False
/Volumes/Data/Work/SEALTAGS/Prydz/ct182/v5_20251106/PROCESSED/NC/ct182-952F-24_hr1_prof_PROCESSED.nc,ct182-952F-24,355,2025-08-30 02:10:00,-51.5619,70.5759,True,False
/Volumes/Data/Work/SEALTAGS/Prydz/ct182/v5_20251106/PROCESSED/NC/ct182-952F-24_hr1_prof_PROCESSED.nc,ct182-952F-24,356,2025-08-30 15:20:00,-51.5818,70.6265,False,False
/Volumes/Data/Work/SEALTAGS/Prydz/ct182/v5_20251106/PROCESSED/NC/ct182-952F-24_hr1_prof_PROCESSED.nc,ct182-952F-24,357,2025-08-30 16:20:00,-51.5839,70.627,False,False
/Volumes/Data/Work/SEALTAGS/Prydz/ct182/v5_20251106/PROCESSED/NC/ct182-952F-24_hr1_prof_PROCESSED.nc,ct182-952F-24,358,2025-08-31 19:30:00,-51.5707,70.5932,False,False
/Volumes/Data/Work/SEALTAGS/Prydz/ct182/v5_20251106/PROCESSED/NC/ct182-952F-24_hr1_prof_PROCESSED.nc,ct182-952F-24,359,2025-09-02 03:00:00,-51.5131,70.589,True,False
/Volumes/Data/Work/SEALTAGS/Prydz/ct182/v5_20251106/PROCESSED/NC/ct182-952F-24_hr1_prof_PROCESSED.nc,ct182-952F-24,360,2025-09-02 15:40:00,-51.5936,70.7223,False,False
/Volumes/Data/Work/SEALTAGS/Prydz/ct182/v5_20251106/PROCESSED/NC/ct182-952F-24_hr1_prof_PROCESSED.nc,ct182-952F-24,361,2025-09-03 02:00:00,-51.538,70.7073,True,False
/Volumes/Data/Work/SEALTAGS/Prydz/ct182/v5_20251106/PROCESSED/NC/ct182-952F-24_hr1_prof_PROCESSED.nc,ct182-952F-24,362,2025-09-04 08:00:00,-51.4089,70.5134,True,False
/Volumes/Data/Work/SEALTAGS/Prydz/ct182/v5_20251106/PROCESSED/NC/ct182-952F-24_hr1_prof_PROCESSED.nc,ct182-952F-24,363,2025-09-04 15:00:00,-51.6436,70.6054,False,False
/Volumes/Data/Work/SEALTAGS/Prydz/ct182/v5_20251106/PROCESSED/NC/ct182-952F-24_hr1_prof_PROCESSED.nc,ct182-952F-24,364,2025-09-05 16:50:00,-51.5717,70.6216,False,False
/Volumes/Data/Work/SEALTAGS/Prydz/ct182/v5_20251106/PROCESSED/NC/ct182-952F-24_hr1_prof_PROCESSED.nc,ct182-952F-24,365,2025-09-06 15:20:00,-51.5921,70.6892,False,False
/Volumes/Data/Work/SEALTAGS/Prydz/ct182/v5_20251106/PROCESSED/NC/ct182-952F-24_hr1_prof_PROCESSED.nc,ct182-952F-24,366,2025-09-09 04:30:00,-51.52,70.6794,True,False
/Volumes/Data/Work/SEALTAGS/Prydz/ct182/v5_20251106/PROCESSED/NC/ct182-952F-24_hr1_prof_PROCESSED.nc,ct182-952F-24,367,2025-09-09 15:40:00,-51.5461,70.655,False,False
/Volumes/Data/Work/SEALTAGS/Prydz/ct182/v5_20251106/PROCESSED/NC/ct182-952F-24_hr1_prof_PROCESSED.nc,ct182-952F-24,368,2025-09-10 02:20:00,-51.579,70.5774,True,False
/Volumes/Data/Work/SEALTAGS/Prydz/ct182/v5_20251106/PROCESSED/NC/ct182-952F-24_hr1_prof_PROCESSED.nc,ct182-952F-24,369,2025-09-11 03:00:00,-51.5433,70.5005,True,False
/Volumes/Data/Work/SEALTAGS/Prydz/ct182/v5_20251106/PROCESSED/NC/ct182-952F-24_hr1_prof_PROCESSED.nc,ct182-952F-24,370,2025-09-11 15:20:00,-51.5678,70.4661,False,False
/Volumes/Data/Work/SEALTAGS/Prydz/ct182/v5_20251106/PROCESSED/NC/ct182-952F-24_hr1_prof_PROCESSED.nc,ct182-952F-24,371,2025-09-11 18:30:00,-51.5684,70.437,False,False
/Volumes/Data/Work/SEALTAGS/Prydz/ct182/v5_20251106/PROCESSED/NC/ct182-952F-24_hr1_prof_PROCESSED.nc,ct182-952F-24,372,2025-09-12 03:20:00,-51.4986,70.4271,True,False
/Volumes/Data/Work/SEALTAGS/Prydz/ct182/v5_20251106/PROCESSED/NC/ct182-952F-24_hr1_prof_PROCESSED.nc,ct182-952F-24,373,2025-09-12 15:40:00,-51.3539,70.5835,False,False
/Volumes/Data/Work/SEALTAGS/Prydz/ct182/v5_20251106/PROCESSED/NC/ct182-952F-24_hr1_prof_PROCESSED.nc,ct182-952F-24,374,2025-09-13 15:20:00,-51.2368,70.8131,False,False
/Volumes/Data/Work/SEALTAGS/Prydz/ct182/v5_20251106/PROCESSED/NC/ct182-952F-24_hr1_prof_PROCESSED.nc,ct182-952F-24,375,2025-09-14 03:10:00,-51.3121,70.6382,True,False
/Volumes/Data/Work/SEALTAGS/Prydz/ct182/v5_20251106/PROCESSED/NC/ct182-952F-24_hr1_prof_PROCESSED.nc,ct182-952F-24,376,2025-09-14 16:10:00,-51.2069,70.6247,False,False
/Volumes/Data/Work/SEALTAGS/Prydz/ct182/v5_20251106/PROCESSED/NC/ct182-952F-24_hr1_prof_PROCESSED.nc,ct182-952F-24,377,2025-09-16 03:30:00,-51.2629,70.6972,True,False
/Volumes/Data/Work/SEALTAGS/Prydz/ct182/v5_20251106/PROCESSED/NC/ct182-952F-24_hr1_prof_PROCESSED.nc,ct182-952F-24,378,2025-09-16 15:40:00,-51.2382,70.6294,False,False
/Volumes/Data/Work/SEALTAGS/Prydz/ct182/v5_20251106/PROCESSED/NC/ct182-952F-24_hr1_prof_PROCESSED.nc,ct182-952F-24,379,2025-09-16 19:20:00,-51.2382,70.6102,False,False
/Volumes/Data/Work/SEALTAGS/Prydz/ct182/v5_20251106/PROCESSED/NC/ct182-952F-24_hr1_prof_PROCESSED.nc,ct182-952F-24,380,2025-09-17 15:20:00,-51.2857,70.7058,False,False
/Volumes/Data/Work/SEALTAGS/Prydz/ct182/v5_20251106/PROCESSED/NC/ct182-952F-24_hr1_prof_PROCESSED.nc,ct182-952F-24,381,2025-09-20 03:40:00,-51.3572,70.6934,True,False
/Volumes/Data/Work/SEALTAGS/Prydz/ct182/v5_20251106/PROCESSED/NC/ct182-952F-24_hr1_prof_PROCESSED.nc,ct182-952F-24,382,2025-09-20 19:50:00,-51.2525,70.8163,False,False
/Volumes/Data/Work/SEALTAGS/Prydz/ct182/v5_20251106/PROCESSED/NC/ct182-952F-24_hr1_prof_PROCESSED.nc,ct182-952F-24,383,2025-09-22 03:40:00,-51.184,70.7476,True,False
/Volumes/Data/Work/SEALTAGS/Prydz/ct182/v5_20251106/PROCESSED/NC/ct182-952F-24_hr1_prof_PROCESSED.nc,ct182-952F-24,384,2025-09-22 15:30:00,-51.3517,70.8352,False,False
/Volumes/Data/Work/SEALTAGS/Prydz/ct182/v5_20251106/PROCESSED/NC/ct182-952F-24_hr1_prof_PROCESSED.nc,ct182-952F-24,385,2025-09-23 07:10:00,-51.491,70.9582,True,False
/Volumes/Data/Work/SEALTAGS/Prydz/ct182/v5_20251106/PROCESSED/NC/ct182-952F-24_hr1_prof_PROCESSED.nc,ct182-952F-24,386,2025-09-24 06:40:00,-51.1634,70.6274,True,False
/Volumes/Data/Work/SEALTAGS/Prydz/ct182/v5_20251106/PROCESSED/NC/ct182-952F-24_hr1_prof_PROCESSED.nc,ct182-952F-24,387,2025-09-25 02:30:00,-51.191,70.7058,True,False
/Volumes/Data/Work/SEALTAGS/Prydz/ct182/v5_20251106/PROCESSED/NC/ct182-952F-24_hr1_prof_PROCESSED.nc,ct182-952F-24,388,2025-09-25 06:00:00,-51.1306,70.897,True,False
/Volumes/Data/Work/SEALTAGS/Prydz/ct182/v5_20251106/PROCESSED/NC/ct182-952F-24_hr1_prof_PROCESSED.nc,ct182-952F-24,389,2025-09-26 02:50:00,-51.0948,70.783,True,False
/Volumes/Data/Work/SEALTAGS/Prydz/ct182/v5_20251106/PROCESSED/NC/ct182-952F-24_hr1_prof_PROCESSED.nc,ct182-952F-24,390,2025-09-26 15:10:00,-51.2293,70.6939,False,False
/Volumes/Data/Work/SEALTAGS/Prydz/ct182/v5_20251106/PROCESSED/NC/ct182-952F-24_hr1_prof_PROCESSED.nc,ct182-952F-24,391,2025-09-27 02:40:00,-51.1571,70.6843,True,False
/Volumes/Data/Work/SEALTAGS/Prydz/ct182/v5_20251106/PROCESSED/NC/ct182-952F-24_hr1_prof_PROCESSED.nc,ct182-952F-24,392,2025-09-27 14:20:00,-51.0967,70.8178,False,False
/Volumes/Data/Work/SEALTAGS/Prydz/ct182/v5_20251106/PROCESSED/NC/ct182-952F-24_hr1_prof_PROCESSED.nc,ct182-952F-24,393,2025-09-28 03:20:00,-51.1937,70.7023,True,False
/Volumes/Data/Work/SEALTAGS/Prydz/ct182/v5_20251106/PROCESSED/NC/ct182-952F-24_hr1_prof_PROCESSED.nc,ct182-952F-24,394,2025-09-28 15:10:00,-51.201,70.6473,False,False
/Volumes/Data/Work/SEALTAGS/Prydz/ct182/v5_20251106/PROCESSED/NC/ct182-952F-24_hr1_prof_PROCESSED.nc,ct182-952F-24,395,2025-09-29 00:30:00,-51.2299,70.8001,False,False
/Volumes/Data/Work/SEALTAGS/Prydz/ct182/v5_20251106/PROCESSED/NC/ct182-952F-24_hr1_prof_PROCESSED.nc,ct182-952F-24,396,2025-09-29 15:30:00,-51.1898,70.724,False,False
/Volumes/Data/Work/SEALTAGS/Prydz/ct182/v5_20251106/PROCESSED/NC/ct182-952F-24_hr1_prof_PROCESSED.nc,ct182-952F-24,397,2025-09-30 15:10:00,-51.2466,70.6693,False,False
/Volumes/Data/Work/SEALTAGS/Prydz/ct182/v5_20251106/PROCESSED/NC/ct182-952F-24_hr1_prof_PROCESSED.nc,ct182-952F-24,398,2025-10-01 02:40:00,-51.1585,70.8552,True,False
/Volumes/Data/Work/SEALTAGS/Prydz/ct182/v5_20251106/PROCESSED/NC/ct182-952F-24_hr1_prof_PROCESSED.nc,ct182-952F-24,399,2025-10-02 03:00:00,-51.3736,70.6896,True,False
/Volumes/Data/Work/SEALTAGS/Prydz/ct182/v5_20251106/PROCESSED/NC/ct182-952F-24_hr1_prof_PROCESSED.nc,ct182-952F-24,400,2025-10-02 15:00:00,-51.2413,70.8433,False,False
/Volumes/Data/Work/SEALTAGS/Prydz/ct182/v5_20251106/PROCESSED/NC/ct182-952F-24_hr1_prof_PROCESSED.nc,ct182-952F-24,401,2025-10-03 03:40:00,-51.2674,70.8948,True,False
/Volumes/Data/Work/SEALTAGS/Prydz/ct182/v5_20251106/PROCESSED/NC/ct182-952F-24_hr1_prof_PROCESSED.nc,ct182-952F-24,402,2025-10-03 09:20:00,-51.2009,70.898,True,False
/Volumes/Data/Work/SEALTAGS/Prydz/ct182/v5_20251106/PROCESSED/NC/ct182-952F-24_hr1_prof_PROCESSED.nc,ct182-952F-24,403,2025-10-04 03:20:00,-51.2853,71.0343,True,False
/Volumes/Data/Work/SEALTAGS/Prydz/ct182/v5_20251106/PROCESSED/NC/ct182-952F-24_hr1_prof_PROCESSED.nc,ct182-952F-24,404,2025-10-04 10:50:00,-51.2851,71.0512,True,False
/Volumes/Data/Work/SEALTAGS/Prydz/ct182/v5_20251106/PROCESSED/NC/ct182-952F-24_hr1_prof_PROCESSED.nc,ct182-952F-24,405,2025-10-06 15:00:00,-51.1593,70.9498,False,False
/Volumes/Data/Work/SEALTAGS/Prydz/ct182/v5_20251106/PROCESSED/NC/ct182-952F-24_hr1_prof_PROCESSED.nc,ct182-952F-24,406,2025-10-07 03:10:00,-51.1916,70.967,True,False
/Volumes/Data/Work/SEALTAGS/Prydz/ct182/v5_20251106/PROCESSED/NC/ct182-952F-24_hr1_prof_PROCESSED.nc,ct182-952F-24,407,2025-10-07 18:40:00,-51.2766,70.7885,False,False
/Volumes/Data/Work/SEALTAGS/Prydz/ct182/v5_20251106/PROCESSED/NC/ct182-952F-24_hr1_prof_PROCESSED.nc,ct182-952F-24,408,2025-10-08 03:30:00,-51.2712,70.8665,True,False
/Volumes/Data/Work/SEALTAGS/Prydz/ct182/v5_20251106/PROCESSED/NC/ct182-952F-24_hr1_prof_PROCESSED.nc,ct182-952F-24,409,2025-10-08 15:10:00,-51.2409,70.9099,False,False
/Volumes/Data/Work/SEALTAGS/Prydz/ct182/v5_20251106/PROCESSED/NC/ct182-952F-24_hr1_prof_PROCESSED.nc,ct182-952F-24,410,2025-10-09 03:20:00,-51.2468,70.9448,True,False
/Volumes/Data/Work/SEALTAGS/Prydz/ct182/v5_20251106/PROCESSED/NC/ct182-952F-24_hr1_prof_PROCESSED.nc,ct182-952F-24,411,2025-10-09 15:10:00,-51.2878,71.0117,False,False
/Volumes/Data/Work/SEALTAGS/Prydz/ct182/v5_20251106/PROCESSED/NC/ct182-952F-24_hr1_prof_PROCESSED.nc,ct182-952F-24,412,2025-10-10 03:10:00,-51.3258,71.0051,True,False
/Volumes/Data/Work/SEALTAGS/Prydz/ct182/v5_20251106/PROCESSED/NC/ct182-952F-24_hr1_prof_PROCESSED.nc,ct182-952F-24,413,2025-10-10 09:40:00,-51.3138,71.0023,True,False
/Volumes/Data/Work/SEALTAGS/Prydz/ct182/v5_20251106/PROCESSED/NC/ct182-952F-24_hr1_prof_PROCESSED.nc,ct182-952F-24,414,2025-10-10 15:30:00,-51.2284,70.9151,False,False
/Volumes/Data/Work/SEALTAGS/Prydz/ct182/v5_20251106/PROCESSED/NC/ct182-952F-24_hr1_prof_PROCESSED.nc,ct182-952F-24,415,2025-10-11 15:40:00,-51.5049,70.5756,False,False
/Volumes/Data/Work/SEALTAGS/Prydz/ct182/v5_20251106/PROCESSED/NC/ct182-952F-24_hr1_prof_PROCESSED.nc,ct182-952F-24,416,2025-10-12 03:10:00,-51.4062,70.7302,True,False
/Volumes/Data/Work/SEALTAGS/Prydz/ct182/v5_20251106/PROCESSED/NC/ct182-952F-24_hr1_prof_PROCESSED.nc,ct182-952F-24,417,2025-10-12 15:10:00,-51.2263,71.0554,False,False
/Volumes/Data/Work/SEALTAGS/Prydz/ct182/v5_20251106/PROCESSED/NC/ct182-952F-24_hr1_prof_PROCESSED.nc,ct182-952F-24,418,2025-10-16 19:10:00,-51.1619,71.0548,False,False
/Volumes/Data/Work/SEALTAGS/Prydz/ct182/v5_20251106/PROCESSED/NC/ct182-952F-24_hr1_prof_PROCESSED.nc,ct182-952F-24,419,2025-10-17 15:20:00,-51.1878,70.8161,False,False
/Volumes/Data/Work/SEALTAGS/Prydz/ct182/v5_20251106/PROCESSED/NC/ct182-952F-24_hr1_prof_PROCESSED.nc,ct182-952F-24,420,2025-10-18 02:00:00,-51.1701,70.7234,True,False
/Volumes/Data/Work/SEALTAGS/Prydz/ct182/v5_20251106/PROCESSED/NC/ct182-952F-24_hr1_prof_PROCESSED.nc,ct182-952F-24,421,2025-10-18 05:10:00,-51.1418,70.9618,True,False
/Volumes/Data/Work/SEALTAGS/Prydz/ct182/v5_20251106/PROCESSED/NC/ct182-952F-24_hr1_prof_PROCESSED.nc,ct182-952F-24,422,2025-10-18 15:20:00,-51.227,70.6974,False,False
/Volumes/Data/Work/SEALTAGS/Prydz/ct182/v5_20251106/PROCESSED/NC/ct182-952F-24_hr1_prof_PROCESSED.nc,ct182-952F-24,423,2025-10-18 20:10:00,-51.2341,70.7151,False,False
/Volumes/Data/Work/SEALTAGS/Prydz/ct182/v5_20251106/PROCESSED/NC/ct182-952F-24_hr1_prof_PROCESSED.nc,ct182-952F-24,424,2025-10-19 08:40:00,-51.1673,70.7365,True,False
/Volumes/Data/Work/SEALTAGS/Prydz/ct182/v5_20251106/PROCESSED/NC/ct182-952F-24_hr1_prof_PROCESSED.nc,ct182-952F-24,425,2025-10-20 22:10:00,-51.1715,70.9009,False,False
/Volumes/Data/Work/SEALTAGS/Prydz/ct182/v5_20251106/PROCESSED/NC/ct182-952F-24_hr1_prof_PROCESSED.nc,ct182-952F-24,426,2025-10-22 18:00:00,-51.1537,70.7684,False,False
/Volumes/Data/Work/SEALTAGS/Prydz/ct182/v5_20251106/PROCESSED/NC/ct182-952F-24_hr1_prof_PROCESSED.nc,ct182-952F-24,427,2025-10-23 18:30:00,-51.2052,70.8371,False,False
/Volumes/Data/Work/SEALTAGS/Prydz/ct182/v5_20251106/PROCESSED/NC/ct182-952F-24_hr1_prof_PROCESSED.nc,ct182-952F-24,428,2025-10-23 20:40:00,-51.1876,70.9671,False,False
/Volumes/Data/Work/SEALTAGS/Prydz/ct182/v5_20251106/PROCESSED/NC/ct182-952F-24_hr1_prof_PROCESSED.nc,ct182-952F-24,429,2025-10-23 23:20:00,-51.1907,70.9635,False,False
/Volumes/Data/Work/SEALTAGS/Prydz/ct182/v5_20251106/PROCESSED/NC/ct182-952F-24_hr1_prof_PROCESSED.nc,ct182-952F-24,430,2025-10-24 02:20:00,-51.1872,70.9965,True,False
/Volumes/Data/Work/SEALTAGS/Prydz/ct182/v5_20251106/PROCESSED/NC/ct182-952F-24_hr1_prof_PROCESSED.nc,ct182-952F-24,431,2025-10-25 02:50:00,-51.1296,70.8551,True,False
/Volumes/Data/Work/SEALTAGS/Prydz/ct182/v5_20251106/PROCESSED/NC/ct182-952F-24_hr1_prof_PROCESSED.nc,ct182-952F-24,432,2025-10-25 15:20:00,-51.2339,70.7587,False,False
/Volumes/Data/Work/SEALTAGS/Prydz/ct182/v5_20251106/PROCESSED/NC/ct182-952F-24_hr1_prof_PROCESSED.nc,ct182-952F-24,433,2025-10-25 22:20:00,-51.2461,70.8597,False,False
/Volumes/Data/Work/SEALTAGS/Prydz/ct182/v5_20251106/PROCESSED/NC/ct182-952F-24_hr1_prof_PROCESSED.nc,ct182-952F-24,434,2025-10-26 03:10:00,-51.2397,70.8589,True,False
/Volumes/Data/Work/SEALTAGS/Prydz/ct182/v5_20251106/PROCESSED/NC/ct182-952F-24_hr1_prof_PROCESSED.nc,ct182-952F-24,435,2025-10-26 15:50:00,-51.1608,70.8654,False,False
/Volumes/Data/Work/SEALTAGS/Prydz/ct182/v5_20251106/PROCESSED/NC/ct182-952F-24_hr1_prof_PROCESSED.nc,ct182-952F-24,436,2025-10-27 06:20:00,-51.2334,70.7458,True,False
/Volumes/Data/Work/SEALTAGS/Prydz/ct182/v5_20251106/PROCESSED/NC/ct182-952F-24_hr1_prof_PROCESSED.nc,ct182-952F-24,437,2025-10-28 02:10:00,-51.1531,70.9231,True,False
/Volumes/Data/Work/SEALTAGS/Prydz/ct182/v5_20251106/PROCESSED/NC/ct182-952F-24_hr1_prof_PROCESSED.nc,ct182-952F-24,438,2025-10-28 17:30:00,-51.1269,70.8649,False,False
/Volumes/Data/Work/SEALTAGS/Prydz/ct182/v5_20251106/PROCESSED/NC/ct182-952F-24_hr1_prof_PROCESSED.nc,ct182-952F-24,439,2025-10-29 03:40:00,-51.0734,70.9229,True,False
/Volumes/Data/Work/SEALTAGS/Prydz/ct182/v5_20251106/PROCESSED/NC/ct182-952F-24_hr1_prof_PROCESSED.nc,ct182-952F-24,440,2025-10-29 14:10:00,-51.1324,71.0141,True,False
/Volumes/Data/Work/SEALTAGS/Prydz/ct182/v5_20251106/PROCESSED/NC/ct182-952F-24_hr1_prof_PROCESSED.nc,ct182-952F-24,441,2025-10-30 14:50:00,-51.1421,70.9248,False,False
/Volumes/Data/Work/SEALTAGS/Prydz/ct182/v5_20251106/PROCESSED/NC/ct182-952F-24_hr1_prof_PROCESSED.nc,ct182-952F-24,442,2025-10-31 02:20:00,-51.1515,70.9525,True,False
/Volumes/Data/Work/SEALTAGS/Prydz/ct182/v5_20251106/PROCESSED/NC/ct182-952F-24_hr1_prof_PROCESSED.nc,ct182-952F-24,443,2025-10-31 14:20:00,-51.1666,70.9484,False,False
/Volumes/Data/Work/SEALTAGS/Prydz/ct182/v5_20251106/PROCESSED/NC/ct182-952F-24_hr1_prof_PROCESSED.nc,ct182-952F-24,444,2025-11-01 02:30:00,-51.169,70.9887,True,False
/Volumes/Data/Work/SEALTAGS/Prydz/ct182/v5_20251106/PROCESSED/NC/ct182-952F-24_hr1_prof_PROCESSED.nc,ct182-952F-24,445,2025-11-02 02:40:00,-51.1589,71.0281,True,False
/Volumes/Data/Work/SEALTAGS/Prydz/ct182/v5_20251106/PROCESSED/NC/ct182-952F-24_hr1_prof_PROCESSED.nc,ct182-952F-24,446,2025-11-02 14:20:00,-51.163,70.9569,True,False
/Volumes/Data/Work/SEALTAGS/Prydz/ct182/v5_20251106/PROCESSED/NC/ct182-952F-24_hr1_prof_PROCESSED.nc,ct182-952F-24,447,2025-11-03 04:50:00,-51.154,70.9958,True,False
/Volumes/Data/Work/SEALTAGS/Prydz/ct182/v5_20251106/PROCESSED/NC/ct182-952F-24_hr1_prof_PROCESSED.nc,ct182-952F-24,448,2025-11-03 05:20:00,-51.1578,71.0097,True,False
/Volumes/Data/Work/SEALTAGS/Prydz/ct182/v5_20251106/PROCESSED/NC/ct182-952F-24_hr1_prof_PROCESSED.nc,ct182-952F-24,449,2025-11-03 14:20:00,-51.18,71.2742,True,False
/Volumes/Data/Work/SEALTAGS/Prydz/ct182/v5_20251106/PROCESSED/NC/ct182-952F-24_hr1_prof_PROCESSED.nc,ct182-952F-24,450,2025-11-04 02:00:00,-51.2019,70.886,True,False
/Volumes/Data/Work/SEALTAGS/Prydz/ct182/v5_20251106/PROCESSED/NC/ct182-952F-24_hr1_prof_PROCESSED.nc,ct182-952F-24,451,2025-11-04 15:20:00,-51.1622,71.0746,False,False
/Volumes/Data/Work/SEALTAGS/Prydz/ct182/v5_20251106/PROCESSED/NC/ct182-952F-24_hr1_prof_PROCESSED.nc,ct182-952F-24,452,2025-11-04 16:20:00,-51.1754,71.0512,False,False
/Volumes/Data/Work/SEALTAGS/Prydz/ct182/v5_20251106/PROCESSED/NC/ct182-952F-24_hr1_prof_PROCESSED.nc,ct182-952F-24,453,2025-11-05 14:40:00,-51.1647,70.9938,False,False
/Volumes/Data/Work/SEALTAGS/Prydz/ct182/v5_20251106/PROCESSED/NC/ct182-955F-24_hr1_prof_PROCESSED.nc,ct182-955F-24,1,2025-01-11 21:30:00,-49.5356,70.486,False,False
/Volumes/Data/Work/SEALTAGS/Prydz/ct182/v5_20251106/PROCESSED/NC/ct182-955F-24_hr1_prof_PROCESSED.nc,ct182-955F-24,2,2025-01-11 22:50:00,-49.566,70.5235,False,False
/Volumes/Data/Work/SEALTAGS/Prydz/ct182/v5_20251106/PROCESSED/NC/ct182-955F-24_hr1_prof_PROCESSED.nc,ct182-955F-24,3,2025-01-12 03:30:00,-49.8379,70.6704,True,False
/Volumes/Data/Work/SEALTAGS/Prydz/ct182/v5_20251106/PROCESSED/NC/ct182-955F-24_hr1_prof_PROCESSED.nc,ct182-955F-24,4,2025-01-12 04:50:00,-49.9254,70.7155,True,False
/Volumes/Data/Work/SEALTAGS/Prydz/ct182/v5_20251106/PROCESSED/NC/ct182-955F-24_hr1_prof_PROCESSED.nc,ct182-955F-24,5,2025-01-12 06:20:00,-49.9612,70.6375,True,False
/Volumes/Data/Work/SEALTAGS/Prydz/ct182/v5_20251106/PROCESSED/NC/ct182-955F-24_hr1_prof_PROCESSED.nc,ct182-955F-24,6,2025-01-12 08:10:00,-49.9717,70.4741,True,False
/Volumes/Data/Work/SEALTAGS/Prydz/ct182/v5_20251106/PROCESSED/NC/ct182-955F-24_hr1_prof_PROCESSED.nc,ct182-955F-24,7,2025-01-12 14:10:00,-50.0927,70.2423,True,False
/Volumes/Data/Work/SEALTAGS/Prydz/ct182/v5_20251106/PROCESSED/NC/ct182-955F-24_hr1_prof_PROCESSED.nc,ct182-955F-24,8,2025-01-13 02:20:00,-50.256,70.2939,True,False
/Volumes/Data/Work/SEALTAGS/Prydz/ct182/v5_20251106/PROCESSED/NC/ct182-955F-24_hr1_prof_PROCESSED.nc,ct182-955F-24,9,2025-01-13 09:40:00,-50.5165,70.481,True,False
/Volumes/Data/Work/SEALTAGS/Prydz/ct182/v5_20251106/PROCESSED/NC/ct182-955F-24_hr1_prof_PROCESSED.nc,ct182-955F-24,10,2025-01-14 02:20:00,-50.7683,70.5247,True,False
/Volumes/Data/Work/SEALTAGS/Prydz/ct182/v5_20251106/PROCESSED/NC/ct182-955F-24_hr1_prof_PROCESSED.nc,ct182-955F-24,11,2025-01-14 14:00:00,-50.7656,70.1431,True,False
/Volumes/Data/Work/SEALTAGS/Prydz/ct182/v5_20251106/PROCESSED/NC/ct182-955F-24_hr1_prof_PROCESSED.nc,ct182-955F-24,12,2025-01-14 14:20:00,-50.7654,70.1343,True,False
/Volumes/Data/Work/SEALTAGS/Prydz/ct182/v5_20251106/PROCESSED/NC/ct182-955F-24_hr1_prof_PROCESSED.nc,ct182-955F-24,13,2025-01-15 02:10:00,-51.064,70.163,True,False
/Volumes/Data/Work/SEALTAGS/Prydz/ct182/v5_20251106/PROCESSED/NC/ct182-955F-24_hr1_prof_PROCESSED.nc,ct182-955F-24,14,2025-01-15 14:00:00,-51.2886,70.1979,True,False
/Volumes/Data/Work/SEALTAGS/Prydz/ct182/v5_20251106/PROCESSED/NC/ct182-955F-24_hr1_prof_PROCESSED.nc,ct182-955F-24,15,2025-01-15 14:20:00,-51.3095,70.2148,True,False
/Volumes/Data/Work/SEALTAGS/Prydz/ct182/v5_20251106/PROCESSED/NC/ct182-955F-24_hr1_prof_PROCESSED.nc,ct182-955F-24,16,2025-01-16 02:10:00,-50.988,69.9709,True,False
/Volumes/Data/Work/SEALTAGS/Prydz/ct182/v5_20251106/PROCESSED/NC/ct182-955F-24_hr1_prof_PROCESSED.nc,ct182-955F-24,17,2025-01-16 15:10:00,-51.2636,69.8697,True,False
/Volumes/Data/Work/SEALTAGS/Prydz/ct182/v5_20251106/PROCESSED/NC/ct182-955F-24_hr1_prof_PROCESSED.nc,ct182-955F-24,18,2025-01-16 15:40:00,-51.2885,69.9012,False,False
/Volumes/Data/Work/SEALTAGS/Prydz/ct182/v5_20251106/PROCESSED/NC/ct182-955F-24_hr1_prof_PROCESSED.nc,ct182-955F-24,19,2025-01-17 02:20:00,-51.2211,70.1388,True,False
/Volumes/Data/Work/SEALTAGS/Prydz/ct182/v5_20251106/PROCESSED/NC/ct182-955F-24_hr1_prof_PROCESSED.nc,ct182-955F-24,20,2025-01-17 18:50:00,-51.1077,70.3074,False,False
/Volumes/Data/Work/SEALTAGS/Prydz/ct182/v5_20251106/PROCESSED/NC/ct182-955F-24_hr1_prof_PROCESSED.nc,ct182-955F-24,21,2025-01-18 14:10:00,-51.2187,70.6078,True,False
/Volumes/Data/Work/SEALTAGS/Prydz/ct182/v5_20251106/PROCESSED/NC/ct182-955F-24_hr1_prof_PROCESSED.nc,ct182-955F-24,22,2025-01-18 14:40:00,-51.2088,70.5591,True,False
/Volumes/Data/Work/SEALTAGS/Prydz/ct182/v5_20251106/PROCESSED/NC/ct182-955F-24_hr1_prof_PROCESSED.nc,ct182-955F-24,23,2025-01-18 19:50:00,-51.1371,70.2615,False,False
/Volumes/Data/Work/SEALTAGS/Prydz/ct182/v5_20251106/PROCESSED/NC/ct182-955F-24_hr1_prof_PROCESSED.nc,ct182-955F-24,24,2025-01-19 02:20:00,-51.0321,70.3196,True,False
/Volumes/Data/Work/SEALTAGS/Prydz/ct182/v5_20251106/PROCESSED/NC/ct182-955F-24_hr1_prof_PROCESSED.nc,ct182-955F-24,25,2025-01-19 14:20:00,-50.8784,70.4418,True,False
/Volumes/Data/Work/SEALTAGS/Prydz/ct182/v5_20251106/PROCESSED/NC/ct182-955F-24_hr1_prof_PROCESSED.nc,ct182-955F-24,26,2025-01-19 14:50:00,-50.8744,70.4681,True,False
/Volumes/Data/Work/SEALTAGS/Prydz/ct182/v5_20251106/PROCESSED/NC/ct182-955F-24_hr1_prof_PROCESSED.nc,ct182-955F-24,27,2025-01-20 01:30:00,-50.863,70.2671,True,False
/Volumes/Data/Work/SEALTAGS/Prydz/ct182/v5_20251106/PROCESSED/NC/ct182-955F-24_hr1_prof_PROCESSED.nc,ct182-955F-24,28,2025-01-20 14:30:00,-50.1283,70.7299,True,False
/Volumes/Data/Work/SEALTAGS/Prydz/ct182/v5_20251106/PROCESSED/NC/ct182-955F-24_hr1_prof_PROCESSED.nc,ct182-955F-24,29,2025-01-21 02:10:00,-50.2213,70.7278,True,False
/Volumes/Data/Work/SEALTAGS/Prydz/ct182/v5_20251106/PROCESSED/NC/ct182-955F-24_hr1_prof_PROCESSED.nc,ct182-955F-24,30,2025-01-21 15:20:00,-50.12,70.6733,False,False
/Volumes/Data/Work/SEALTAGS/Prydz/ct182/v5_20251106/PROCESSED/NC/ct182-955F-24_hr1_prof_PROCESSED.nc,ct182-955F-24,31,2025-01-21 17:40:00,-50.2284,70.7301,False,False
/Volumes/Data/Work/SEALTAGS/Prydz/ct182/v5_20251106/PROCESSED/NC/ct182-955F-24_hr1_prof_PROCESSED.nc,ct182-955F-24,32,2025-01-22 03:00:00,-50.4821,70.5532,True,False
/Volumes/Data/Work/SEALTAGS/Prydz/ct182/v5_20251106/PROCESSED/NC/ct182-955F-24_hr1_prof_PROCESSED.nc,ct182-955F-24,33,2025-01-22 05:50:00,-50.5065,70.5284,True,False
/Volumes/Data/Work/SEALTAGS/Prydz/ct182/v5_20251106/PROCESSED/NC/ct182-955F-24_hr1_prof_PROCESSED.nc,ct182-955F-24,34,2025-01-23 03:10:00,-50.7798,70.1491,True,False
/Volumes/Data/Work/SEALTAGS/Prydz/ct182/v5_20251106/PROCESSED/NC/ct182-955F-24_hr1_prof_PROCESSED.nc,ct182-955F-24,35,2025-01-23 03:40:00,-50.7825,70.138,True,False
/Volumes/Data/Work/SEALTAGS/Prydz/ct182/v5_20251106/PROCESSED/NC/ct182-955F-24_hr1_prof_PROCESSED.nc,ct182-955F-24,36,2025-01-23 17:50:00,-51.1424,70.5713,False,False
/Volumes/Data/Work/SEALTAGS/Prydz/ct182/v5_20251106/PROCESSED/NC/ct182-955F-24_hr1_prof_PROCESSED.nc,ct182-955F-24,37,2025-01-23 20:20:00,-51.1225,70.5641,False,False
/Volumes/Data/Work/SEALTAGS/Prydz/ct182/v5_20251106/PROCESSED/NC/ct182-955F-24_hr1_prof_PROCESSED.nc,ct182-955F-24,38,2025-01-24 02:20:00,-51.1451,70.5876,True,False
/Volumes/Data/Work/SEALTAGS/Prydz/ct182/v5_20251106/PROCESSED/NC/ct182-955F-24_hr1_prof_PROCESSED.nc,ct182-955F-24,39,2025-01-24 04:40:00,-51.2677,70.6622,True,False
/Volumes/Data/Work/SEALTAGS/Prydz/ct182/v5_20251106/PROCESSED/NC/ct182-955F-24_hr1_prof_PROCESSED.nc,ct182-955F-24,40,2025-01-24 14:10:00,-51.4827,70.5599,True,False
/Volumes/Data/Work/SEALTAGS/Prydz/ct182/v5_20251106/PROCESSED/NC/ct182-955F-24_hr1_prof_PROCESSED.nc,ct182-955F-24,41,2025-01-24 17:10:00,-51.4965,70.4917,False,False
/Volumes/Data/Work/SEALTAGS/Prydz/ct182/v5_20251106/PROCESSED/NC/ct182-955F-24_hr1_prof_PROCESSED.nc,ct182-955F-24,42,2025-01-25 01:20:00,-51.5341,70.3061,True,False
/Volumes/Data/Work/SEALTAGS/Prydz/ct182/v5_20251106/PROCESSED/NC/ct182-955F-24_hr1_prof_PROCESSED.nc,ct182-955F-24,43,2025-01-25 15:20:00,-51.4603,70.2938,False,False
/Volumes/Data/Work/SEALTAGS/Prydz/ct182/v5_20251106/PROCESSED/NC/ct182-955F-24_hr1_prof_PROCESSED.nc,ct182-955F-24,44,2025-01-26 02:10:00,-51.28,70.9306,True,False
/Volumes/Data/Work/SEALTAGS/Prydz/ct182/v5_20251106/PROCESSED/NC/ct182-955F-24_hr1_prof_PROCESSED.nc,ct182-955F-24,45,2025-01-26 07:30:00,-51.2949,71.3661,True,False
/Volumes/Data/Work/SEALTAGS/Prydz/ct182/v5_20251106/PROCESSED/NC/ct182-955F-24_hr1_prof_PROCESSED.nc,ct182-955F-24,46,2025-01-26 08:30:00,-51.3014,71.4514,True,False
/Volumes/Data/Work/SEALTAGS/Prydz/ct182/v5_20251106/PROCESSED/NC/ct182-955F-24_hr1_prof_PROCESSED.nc,ct182-955F-24,47,2025-01-26 09:40:00,-51.309,71.5508,True,False
/Volumes/Data/Work/SEALTAGS/Prydz/ct182/v5_20251106/PROCESSED/NC/ct182-955F-24_hr1_prof_PROCESSED.nc,ct182-955F-24,48,2025-01-26 13:10:00,-51.3928,71.7268,True,False
/Volumes/Data/Work/SEALTAGS/Prydz/ct182/v5_20251106/PROCESSED/NC/ct182-955F-24_hr1_prof_PROCESSED.nc,ct182-955F-24,49,2025-01-26 21:20:00,-51.6746,71.8679,False,False
/Volumes/Data/Work/SEALTAGS/Prydz/ct182/v5_20251106/PROCESSED/NC/ct182-955F-24_hr1_prof_PROCESSED.nc,ct182-955F-24,50,2025-01-27 02:10:00,-51.8433,71.9416,True,False
/Volumes/Data/Work/SEALTAGS/Prydz/ct182/v5_20251106/PROCESSED/NC/ct182-955F-24_hr1_prof_PROCESSED.nc,ct182-955F-24,51,2025-01-27 02:40:00,-51.8503,71.9499,True,False
/Volumes/Data/Work/SEALTAGS/Prydz/ct182/v5_20251106/PROCESSED/NC/ct182-955F-24_hr1_prof_PROCESSED.nc,ct182-955F-24,52,2025-01-27 13:30:00,-51.985,72.5041,True,False
/Volumes/Data/Work/SEALTAGS/Prydz/ct182/v5_20251106/PROCESSED/NC/ct182-955F-24_hr1_prof_PROCESSED.nc,ct182-955F-24,53,2025-01-28 07:10:00,-52.5818,72.1813,True,False
/Volumes/Data/Work/SEALTAGS/Prydz/ct182/v5_20251106/PROCESSED/NC/ct182-955F-24_hr1_prof_PROCESSED.nc,ct182-955F-24,54,2025-01-28 08:50:00,-52.6136,72.2133,True,False
/Volumes/Data/Work/SEALTAGS/Prydz/ct182/v5_20251106/PROCESSED/NC/ct182-955F-24_hr1_prof_PROCESSED.nc,ct182-955F-24,55,2025-01-28 09:10:00,-52.62,72.2198,True,False
/Volumes/Data/Work/SEALTAGS/Prydz/ct182/v5_20251106/PROCESSED/NC/ct182-955F-24_hr1_prof_PROCESSED.nc,ct182-955F-24,56,2025-01-28 09:40:00,-52.6295,72.2294,True,False
/Volumes/Data/Work/SEALTAGS/Prydz/ct182/v5_20251106/PROCESSED/NC/ct182-955F-24_hr1_prof_PROCESSED.nc,ct182-955F-24,57,2025-01-28 10:30:00,-52.6454,72.2454,True,False
/Volumes/Data/Work/SEALTAGS/Prydz/ct182/v5_20251106/PROCESSED/NC/ct182-955F-24_hr1_prof_PROCESSED.nc,ct182-955F-24,58,2025-01-28 13:30:00,-52.7026,72.3031,True,False
/Volumes/Data/Work/SEALTAGS/Prydz/ct182/v5_20251106/PROCESSED/NC/ct182-955F-24_hr1_prof_PROCESSED.nc,ct182-955F-24,59,2025-01-29 03:00:00,-52.9415,73.2063,True,False
/Volumes/Data/Work/SEALTAGS/Prydz/ct182/v5_20251106/PROCESSED/NC/ct182-955F-24_hr1_prof_PROCESSED.nc,ct182-955F-24,60,2025-01-29 14:30:00,-53.4129,72.8395,True,False
/Volumes/Data/Work/SEALTAGS/Prydz/ct182/v5_20251106/PROCESSED/NC/ct182-955F-24_hr1_prof_PROCESSED.nc,ct182-955F-24,61,2025-01-29 16:00:00,-53.4383,72.7774,False,False
/Volumes/Data/Work/SEALTAGS/Prydz/ct182/v5_20251106/PROCESSED/NC/ct182-955F-24_hr1_prof_PROCESSED.nc,ct182-955F-24,62,2025-01-29 18:00:00,-53.3836,72.7392,False,False
/Volumes/Data/Work/SEALTAGS/Prydz/ct182/v5_20251106/PROCESSED/NC/ct182-955F-24_hr1_prof_PROCESSED.nc,ct182-955F-24,63,2025-01-30 02:10:00,-53.5715,73.3702,True,False
/Volumes/Data/Work/SEALTAGS/Prydz/ct182/v5_20251106/PROCESSED/NC/ct182-955F-24_hr1_prof_PROCESSED.nc,ct182-955F-24,64,2025-01-30 10:10:00,-53.5816,73.7089,True,False
/Volumes/Data/Work/SEALTAGS/Prydz/ct182/v5_20251106/PROCESSED/NC/ct182-955F-24_hr1_prof_PROCESSED.nc,ct182-955F-24,65,2025-01-30 13:20:00,-53.5856,73.8945,True,False
/Volumes/Data/Work/SEALTAGS/Prydz/ct182/v5_20251106/PROCESSED/NC/ct182-955F-24_hr1_prof_PROCESSED.nc,ct182-955F-24,66,2025-01-31 01:30:00,-53.6096,74.5471,True,False
/Volumes/Data/Work/SEALTAGS/Prydz/ct182/v5_20251106/PROCESSED/NC/ct182-955F-24_hr1_prof_PROCESSED.nc,ct182-955F-24,67,2025-01-31 13:10:00,-53.5457,75.9705,True,False
/Volumes/Data/Work/SEALTAGS/Prydz/ct182/v5_20251106/PROCESSED/NC/ct182-955F-24_hr1_prof_PROCESSED.nc,ct182-955F-24,68,2025-02-01 01:10:00,-53.3869,76.2064,True,False
/Volumes/Data/Work/SEALTAGS/Prydz/ct182/v5_20251106/PROCESSED/NC/ct182-955F-24_hr1_prof_PROCESSED.nc,ct182-955F-24,69,2025-02-01 13:20:00,-53.1855,76.5858,True,False
/Volumes/Data/Work/SEALTAGS/Prydz/ct182/v5_20251106/PROCESSED/NC/ct182-955F-24_hr1_prof_PROCESSED.nc,ct182-955F-24,70,2025-02-02 01:10:00,-52.7687,76.5875,True,False
/Volumes/Data/Work/SEALTAGS/Prydz/ct182/v5_20251106/PROCESSED/NC/ct182-955F-24_hr1_prof_PROCESSED.nc,ct182-955F-24,71,2025-02-02 13:30:00,-52.7721,76.9083,True,False
/Volumes/Data/Work/SEALTAGS/Prydz/ct182/v5_20251106/PROCESSED/NC/ct182-955F-24_hr1_prof_PROCESSED.nc,ct182-955F-24,72,2025-02-03 02:00:00,-52.4149,77.136,True,False
/Volumes/Data/Work/SEALTAGS/Prydz/ct182/v5_20251106/PROCESSED/NC/ct182-955F-24_hr1_prof_PROCESSED.nc,ct182-955F-24,73,2025-02-03 02:20:00,-52.4094,77.0878,True,False
/Volumes/Data/Work/SEALTAGS/Prydz/ct182/v5_20251106/PROCESSED/NC/ct182-955F-24_hr1_prof_PROCESSED.nc,ct182-955F-24,74,2025-02-03 09:50:00,-52.4074,76.8266,True,False
/Volumes/Data/Work/SEALTAGS/Prydz/ct182/v5_20251106/PROCESSED/NC/ct182-955F-24_hr1_prof_PROCESSED.nc,ct182-955F-24,75,2025-02-03 15:00:00,-52.4794,76.9826,False,False
/Volumes/Data/Work/SEALTAGS/Prydz/ct182/v5_20251106/PROCESSED/NC/ct182-955F-24_hr1_prof_PROCESSED.nc,ct182-955F-24,76,2025-02-03 21:00:00,-52.563,77.1636,False,False
/Volumes/Data/Work/SEALTAGS/Prydz/ct182/v5_20251106/PROCESSED/NC/ct182-955F-24_hr1_prof_PROCESSED.nc,ct182-955F-24,77,2025-02-04 01:10:00,-52.6211,77.2894,True,False
/Volumes/Data/Work/SEALTAGS/Prydz/ct182/v5_20251106/PROCESSED/NC/ct182-955F-24_hr1_prof_PROCESSED.nc,ct182-955F-24,78,2025-02-04 02:40:00,-52.642,77.3346,True,False
/Volumes/Data/Work/SEALTAGS/Prydz/ct182/v5_20251106/PROCESSED/NC/ct182-955F-24_hr1_prof_PROCESSED.nc,ct182-955F-24,79,2025-02-04 13:00:00,-52.6705,77.2892,True,False
/Volumes/Data/Work/SEALTAGS/Prydz/ct182/v5_20251106/PROCESSED/NC/ct182-955F-24_hr1_prof_PROCESSED.nc,ct182-955F-24,80,2025-02-04 13:30:00,-52.6496,77.2297,True,False
/Volumes/Data/Work/SEALTAGS/Prydz/ct182/v5_20251106/PROCESSED/NC/ct182-955F-24_hr1_prof_PROCESSED.nc,ct182-955F-24,81,2025-02-05 02:00:00,-52.5063,77.0295,True,False
/Volumes/Data/Work/SEALTAGS/Prydz/ct182/v5_20251106/PROCESSED/NC/ct182-955F-24_hr1_prof_PROCESSED.nc,ct182-955F-24,82,2025-02-05 15:00:00,-52.3427,76.4991,False,False
/Volumes/Data/Work/SEALTAGS/Prydz/ct182/v5_20251106/PROCESSED/NC/ct182-955F-24_hr1_prof_PROCESSED.nc,ct182-955F-24,83,2025-02-05 16:20:00,-52.3688,76.5052,False,False
/Volumes/Data/Work/SEALTAGS/Prydz/ct182/v5_20251106/PROCESSED/NC/ct182-955F-24_hr1_prof_PROCESSED.nc,ct182-955F-24,84,2025-02-06 02:30:00,-52.3968,76.5788,True,False
/Volumes/Data/Work/SEALTAGS/Prydz/ct182/v5_20251106/PROCESSED/NC/ct182-955F-24_hr1_prof_PROCESSED.nc,ct182-955F-24,85,2025-02-06 14:10:00,-52.5075,76.8956,True,False
/Volumes/Data/Work/SEALTAGS/Prydz/ct182/v5_20251106/PROCESSED/NC/ct182-955F-24_hr1_prof_PROCESSED.nc,ct182-955F-24,86,2025-02-07 02:10:00,-52.6601,77.1724,True,False
/Volumes/Data/Work/SEALTAGS/Prydz/ct182/v5_20251106/PROCESSED/NC/ct182-955F-24_hr1_prof_PROCESSED.nc,ct182-955F-24,87,2025-02-07 14:00:00,-52.043,76.6721,True,False
/Volumes/Data/Work/SEALTAGS/Prydz/ct182/v5_20251106/PROCESSED/NC/ct182-955F-24_hr1_prof_PROCESSED.nc,ct182-955F-24,88,2025-02-08 02:30:00,-52.0497,76.5111,True,False
/Volumes/Data/Work/SEALTAGS/Prydz/ct182/v5_20251106/PROCESSED/NC/ct182-955F-24_hr1_prof_PROCESSED.nc,ct182-955F-24,89,2025-02-08 06:40:00,-52.0597,76.1572,True,False
/Volumes/Data/Work/SEALTAGS/Prydz/ct182/v5_20251106/PROCESSED/NC/ct182-955F-24_hr1_prof_PROCESSED.nc,ct182-955F-24,90,2025-02-08 13:10:00,-52.0752,75.6051,True,False
/Volumes/Data/Work/SEALTAGS/Prydz/ct182/v5_20251106/PROCESSED/NC/ct182-955F-24_hr1_prof_PROCESSED.nc,ct182-955F-24,91,2025-02-09 03:00:00,-52.2707,75.7706,True,False
/Volumes/Data/Work/SEALTAGS/Prydz/ct182/v5_20251106/PROCESSED/NC/ct182-955F-24_hr1_prof_PROCESSED.nc,ct182-955F-24,92,2025-02-09 10:30:00,-52.0898,75.2957,True,False
/Volumes/Data/Work/SEALTAGS/Prydz/ct182/v5_20251106/PROCESSED/NC/ct182-955F-24_hr1_prof_PROCESSED.nc,ct182-955F-24,93,2025-02-09 14:20:00,-51.9973,75.0529,True,False
/Volumes/Data/Work/SEALTAGS/Prydz/ct182/v5_20251106/PROCESSED/NC/ct182-955F-24_hr1_prof_PROCESSED.nc,ct182-955F-24,94,2025-02-10 02:20:00,-51.6125,75.0646,True,False
/Volumes/Data/Work/SEALTAGS/Prydz/ct182/v5_20251106/PROCESSED/NC/ct182-955F-24_hr1_prof_PROCESSED.nc,ct182-955F-24,95,2025-02-10 14:20:00,-51.5355,74.7311,True,False
/Volumes/Data/Work/SEALTAGS/Prydz/ct182/v5_20251106/PROCESSED/NC/ct182-955F-24_hr1_prof_PROCESSED.nc,ct182-955F-24,96,2025-02-11 03:00:00,-51.2087,73.6634,True,False
/Volumes/Data/Work/SEALTAGS/Prydz/ct182/v5_20251106/PROCESSED/NC/ct182-955F-24_hr1_prof_PROCESSED.nc,ct182-955F-24,97,2025-02-11 14:20:00,-51.1826,73.3695,True,False
/Volumes/Data/Work/SEALTAGS/Prydz/ct182/v5_20251106/PROCESSED/NC/ct182-955F-24_hr1_prof_PROCESSED.nc,ct182-955F-24,98,2025-02-12 02:00:00,-51.1307,72.468,True,False
/Volumes/Data/Work/SEALTAGS/Prydz/ct182/v5_20251106/PROCESSED/NC/ct182-955F-24_hr1_prof_PROCESSED.nc,ct182-955F-24,99,2025-02-12 14:20:00,-50.7462,72.1881,True,False
/Volumes/Data/Work/SEALTAGS/Prydz/ct182/v5_20251106/PROCESSED/NC/ct182-955F-24_hr1_prof_PROCESSED.nc,ct182-955F-24,100,2025-02-13 02:10:00,-50.6741,72.0954,True,False
/Volumes/Data/Work/SEALTAGS/Prydz/ct182/v5_20251106/PROCESSED/NC/ct182-955F-24_hr1_prof_PROCESSED.nc,ct182-955F-24,101,2025-02-13 14:20:00,-50.6348,72.4914,True,False
/Volumes/Data/Work/SEALTAGS/Prydz/ct182/v5_20251106/PROCESSED/NC/ct182-955F-24_hr1_prof_PROCESSED.nc,ct182-955F-24,102,2025-02-14 02:20:00,-50.6381,72.7337,True,False
/Volumes/Data/Work/SEALTAGS/Prydz/ct182/v5_20251106/PROCESSED/NC/ct182-955F-24_hr1_prof_PROCESSED.nc,ct182-955F-24,103,2025-02-14 14:10:00,-50.7207,72.3318,True,False
/Volumes/Data/Work/SEALTAGS/Prydz/ct182/v5_20251106/PROCESSED/NC/ct182-955F-24_hr1_prof_PROCESSED.nc,ct182-955F-24,104,2025-02-15 02:10:00,-50.9138,72.5115,True,False
/Volumes/Data/Work/SEALTAGS/Prydz/ct182/v5_20251106/PROCESSED/NC/ct182-955F-24_hr1_prof_PROCESSED.nc,ct182-955F-24,105,2025-02-15 14:10:00,-50.7122,72.1466,True,False
/Volumes/Data/Work/SEALTAGS/Prydz/ct182/v5_20251106/PROCESSED/NC/ct182-955F-24_hr1_prof_PROCESSED.nc,ct182-955F-24,106,2025-02-16 02:00:00,-50.7457,71.6017,True,False
/Volumes/Data/Work/SEALTAGS/Prydz/ct182/v5_20251106/PROCESSED/NC/ct182-955F-24_hr1_prof_PROCESSED.nc,ct182-955F-24,107,2025-02-16 14:20:00,-50.8524,72.0089,True,False
/Volumes/Data/Work/SEALTAGS/Prydz/ct182/v5_20251106/PROCESSED/NC/ct182-955F-24_hr1_prof_PROCESSED.nc,ct182-955F-24,108,2025-02-17 02:10:00,-51.1555,72.2708,True,False
/Volumes/Data/Work/SEALTAGS/Prydz/ct182/v5_20251106/PROCESSED/NC/ct182-955F-24_hr1_prof_PROCESSED.nc,ct182-955F-24,109,2025-02-17 14:20:00,-50.927,72.6216,True,False
/Volumes/Data/Work/SEALTAGS/Prydz/ct182/v5_20251106/PROCESSED/NC/ct182-955F-24_hr1_prof_PROCESSED.nc,ct182-955F-24,110,2025-02-18 02:10:00,-51.197,72.222,True,False
/Volumes/Data/Work/SEALTAGS/Prydz/ct182/v5_20251106/PROCESSED/NC/ct182-955F-24_hr1_prof_PROCESSED.nc,ct182-955F-24,111,2025-02-18 14:20:00,-50.8475,72.4788,True,False
/Volumes/Data/Work/SEALTAGS/Prydz/ct182/v5_20251106/PROCESSED/NC/ct182-955F-24_hr1_prof_PROCESSED.nc,ct182-955F-24,112,2025-02-19 14:20:00,-50.5511,72.3243,True,False
/Volumes/Data/Work/SEALTAGS/Prydz/ct182/v5_20251106/PROCESSED/NC/ct182-955F-24_hr1_prof_PROCESSED.nc,ct182-955F-24,113,2025-02-20 02:20:00,-50.8974,71.7986,True,False
/Volumes/Data/Work/SEALTAGS/Prydz/ct182/v5_20251106/PROCESSED/NC/ct182-955F-24_hr1_prof_PROCESSED.nc,ct182-955F-24,114,2025-02-20 14:10:00,-50.9098,72.0271,True,False
/Volumes/Data/Work/SEALTAGS/Prydz/ct182/v5_20251106/PROCESSED/NC/ct182-955F-24_hr1_prof_PROCESSED.nc,ct182-955F-24,115,2025-02-21 02:20:00,-50.982,71.7477,True,False
/Volumes/Data/Work/SEALTAGS/Prydz/ct182/v5_20251106/PROCESSED/NC/ct182-955F-24_hr1_prof_PROCESSED.nc,ct182-955F-24,116,2025-02-21 14:20:00,-50.9554,72.2971,True,False
/Volumes/Data/Work/SEALTAGS/Prydz/ct182/v5_20251106/PROCESSED/NC/ct182-955F-24_hr1_prof_PROCESSED.nc,ct182-955F-24,117,2025-02-22 14:20:00,-50.7407,72.4551,False,False
/Volumes/Data/Work/SEALTAGS/Prydz/ct182/v5_20251106/PROCESSED/NC/ct182-955F-24_hr1_prof_PROCESSED.nc,ct182-955F-24,118,2025-02-23 03:20:00,-50.8395,71.8669,True,False
/Volumes/Data/Work/SEALTAGS/Prydz/ct182/v5_20251106/PROCESSED/NC/ct182-955F-24_hr1_prof_PROCESSED.nc,ct182-955F-24,119,2025-02-23 04:20:00,-50.806,71.9121,True,False
/Volumes/Data/Work/SEALTAGS/Prydz/ct182/v5_20251106/PROCESSED/NC/ct182-955F-24_hr1_prof_PROCESSED.nc,ct182-955F-24,120,2025-02-23 14:20:00,-50.7136,71.3899,True,False
/Volumes/Data/Work/SEALTAGS/Prydz/ct182/v5_20251106/PROCESSED/NC/ct182-955F-24_hr1_prof_PROCESSED.nc,ct182-955F-24,121,2025-02-24 02:10:00,-50.736,72.3701,True,False
/Volumes/Data/Work/SEALTAGS/Prydz/ct182/v5_20251106/PROCESSED/NC/ct182-955F-24_hr1_prof_PROCESSED.nc,ct182-955F-24,122,2025-02-24 14:20:00,-50.7277,71.6796,False,False
/Volumes/Data/Work/SEALTAGS/Prydz/ct182/v5_20251106/PROCESSED/NC/ct182-955F-24_hr1_prof_PROCESSED.nc,ct182-955F-24,123,2025-02-25 02:20:00,-50.8468,72.0509,True,False
/Volumes/Data/Work/SEALTAGS/Prydz/ct182/v5_20251106/PROCESSED/NC/ct182-955F-24_hr1_prof_PROCESSED.nc,ct182-955F-24,124,2025-02-25 14:20:00,-50.9268,72.1173,False,False
/Volumes/Data/Work/SEALTAGS/Prydz/ct182/v5_20251106/PROCESSED/NC/ct182-955F-24_hr1_prof_PROCESSED.nc,ct182-955F-24,125,2025-02-26 02:10:00,-50.9531,72.3787,True,False
/Volumes/Data/Work/SEALTAGS/Prydz/ct182/v5_20251106/PROCESSED/NC/ct182-955F-24_hr1_prof_PROCESSED.nc,ct182-955F-24,126,2025-02-26 15:10:00,-50.8439,71.9915,False,False
/Volumes/Data/Work/SEALTAGS/Prydz/ct182/v5_20251106/PROCESSED/NC/ct182-955F-24_hr1_prof_PROCESSED.nc,ct182-955F-24,127,2025-02-27 15:10:00,-50.8373,72.5553,False,False
/Volumes/Data/Work/SEALTAGS/Prydz/ct182/v5_20251106/PROCESSED/NC/ct182-955F-24_hr1_prof_PROCESSED.nc,ct182-955F-24,128,2025-02-27 15:40:00,-50.846,72.5733,False,False
/Volumes/Data/Work/SEALTAGS/Prydz/ct182/v5_20251106/PROCESSED/NC/ct182-955F-24_hr1_prof_PROCESSED.nc,ct182-955F-24,129,2025-02-28 02:20:00,-50.8876,72.3306,True,False
/Volumes/Data/Work/SEALTAGS/Prydz/ct182/v5_20251106/PROCESSED/NC/ct182-955F-24_hr1_prof_PROCESSED.nc,ct182-955F-24,130,2025-02-28 14:10:00,-50.8475,72.2483,False,False
/Volumes/Data/Work/SEALTAGS/Prydz/ct182/v5_20251106/PROCESSED/NC/ct182-955F-24_hr1_prof_PROCESSED.nc,ct182-955F-24,131,2025-03-01 02:20:00,-50.7704,72.134,True,False
/Volumes/Data/Work/SEALTAGS/Prydz/ct182/v5_20251106/PROCESSED/NC/ct182-955F-24_hr1_prof_PROCESSED.nc,ct182-955F-24,132,2025-03-01 14:20:00,-50.8135,71.7678,False,False
/Volumes/Data/Work/SEALTAGS/Prydz/ct182/v5_20251106/PROCESSED/NC/ct182-955F-24_hr1_prof_PROCESSED.nc,ct182-955F-24,133,2025-03-02 02:10:00,-50.8683,71.4808,True,False
/Volumes/Data/Work/SEALTAGS/Prydz/ct182/v5_20251106/PROCESSED/NC/ct182-955F-24_hr1_prof_PROCESSED.nc,ct182-955F-24,134,2025-03-02 14:20:00,-50.5115,71.4753,False,False
/Volumes/Data/Work/SEALTAGS/Prydz/ct182/v5_20251106/PROCESSED/NC/ct182-955F-24_hr1_prof_PROCESSED.nc,ct182-955F-24,135,2025-03-03 02:20:00,-50.3888,71.8318,True,False
/Volumes/Data/Work/SEALTAGS/Prydz/ct182/v5_20251106/PROCESSED/NC/ct182-955F-24_hr1_prof_PROCESSED.nc,ct182-955F-24,136,2025-03-03 15:20:00,-50.3966,71.4672,False,False
/Volumes/Data/Work/SEALTAGS/Prydz/ct182/v5_20251106/PROCESSED/NC/ct182-955F-24_hr1_prof_PROCESSED.nc,ct182-955F-24,137,2025-03-04 02:10:00,-50.7306,71.9807,True,False
/Volumes/Data/Work/SEALTAGS/Prydz/ct182/v5_20251106/PROCESSED/NC/ct182-955F-24_hr1_prof_PROCESSED.nc,ct182-955F-24,138,2025-03-04 15:40:00,-50.6555,71.8733,False,False
/Volumes/Data/Work/SEALTAGS/Prydz/ct182/v5_20251106/PROCESSED/NC/ct182-955F-24_hr1_prof_PROCESSED.nc,ct182-955F-24,139,2025-03-05 02:00:00,-50.6785,71.1773,True,False
/Volumes/Data/Work/SEALTAGS/Prydz/ct182/v5_20251106/PROCESSED/NC/ct182-955F-24_hr1_prof_PROCESSED.nc,ct182-955F-24,140,2025-03-05 14:20:00,-50.6791,71.711,False,False
/Volumes/Data/Work/SEALTAGS/Prydz/ct182/v5_20251106/PROCESSED/NC/ct182-955F-24_hr1_prof_PROCESSED.nc,ct182-955F-24,141,2025-03-06 02:10:00,-50.7355,71.585,True,False
/Volumes/Data/Work/SEALTAGS/Prydz/ct182/v5_20251106/PROCESSED/NC/ct182-955F-24_hr1_prof_PROCESSED.nc,ct182-955F-24,142,2025-03-06 14:10:00,-50.4128,71.9402,False,False
/Volumes/Data/Work/SEALTAGS/Prydz/ct182/v5_20251106/PROCESSED/NC/ct182-955F-24_hr1_prof_PROCESSED.nc,ct182-955F-24,143,2025-03-07 02:00:00,-50.3748,71.2323,True,False
/Volumes/Data/Work/SEALTAGS/Prydz/ct182/v5_20251106/PROCESSED/NC/ct182-955F-24_hr1_prof_PROCESSED.nc,ct182-955F-24,144,2025-03-07 14:00:00,-50.5482,70.8617,False,False
/Volumes/Data/Work/SEALTAGS/Prydz/ct182/v5_20251106/PROCESSED/NC/ct182-955F-24_hr1_prof_PROCESSED.nc,ct182-955F-24,145,2025-03-08 01:40:00,-50.5244,70.4569,True,False
/Volumes/Data/Work/SEALTAGS/Prydz/ct182/v5_20251106/PROCESSED/NC/ct182-955F-24_hr1_prof_PROCESSED.nc,ct182-955F-24,146,2025-03-08 13:20:00,-50.3051,70.0328,True,False
/Volumes/Data/Work/SEALTAGS/Prydz/ct182/v5_20251106/PROCESSED/NC/ct182-955F-24_hr1_prof_PROCESSED.nc,ct182-955F-24,147,2025-03-09 01:30:00,-50.7115,70.0549,True,False
/Volumes/Data/Work/SEALTAGS/Prydz/ct182/v5_20251106/PROCESSED/NC/ct182-955F-24_hr1_prof_PROCESSED.nc,ct182-955F-24,148,2025-03-09 13:30:00,-50.7732,70.6433,True,False
/Volumes/Data/Work/SEALTAGS/Prydz/ct182/v5_20251106/PROCESSED/NC/ct182-955F-24_hr1_prof_PROCESSED.nc,ct182-955F-24,149,2025-03-10 01:30:00,-50.5416,70.4772,True,False
/Volumes/Data/Work/SEALTAGS/Prydz/ct182/v5_20251106/PROCESSED/NC/ct182-955F-24_hr1_prof_PROCESSED.nc,ct182-955F-24,150,2025-03-10 13:30:00,-50.8182,70.5261,True,False
/Volumes/Data/Work/SEALTAGS/Prydz/ct182/v5_20251106/PROCESSED/NC/ct182-955F-24_hr1_prof_PROCESSED.nc,ct182-955F-24,151,2025-03-11 01:10:00,-50.5214,70.3538,True,False
/Volumes/Data/Work/SEALTAGS/Prydz/ct182/v5_20251106/PROCESSED/NC/ct182-955F-24_hr1_prof_PROCESSED.nc,ct182-955F-24,152,2025-03-11 14:30:00,-50.7883,70.2938,False,False
/Volumes/Data/Work/SEALTAGS/Prydz/ct182/v5_20251106/PROCESSED/NC/ct182-955F-24_hr1_prof_PROCESSED.nc,ct182-955F-24,153,2025-03-12 02:10:00,-50.5604,71.0053,True,False
/Volumes/Data/Work/SEALTAGS/Prydz/ct182/v5_20251106/PROCESSED/NC/ct182-955F-24_hr1_prof_PROCESSED.nc,ct182-955F-24,154,2025-03-12 15:00:00,-50.7965,70.6189,False,False
/Volumes/Data/Work/SEALTAGS/Prydz/ct182/v5_20251106/PROCESSED/NC/ct182-955F-24_hr1_prof_PROCESSED.nc,ct182-955F-24,155,2025-03-12 16:20:00,-50.7492,70.7614,False,False
/Volumes/Data/Work/SEALTAGS/Prydz/ct182/v5_20251106/PROCESSED/NC/ct182-955F-24_hr1_prof_PROCESSED.nc,ct182-955F-24,156,2025-03-12 21:20:00,-50.5326,70.79,False,False
/Volumes/Data/Work/SEALTAGS/Prydz/ct182/v5_20251106/PROCESSED/NC/ct182-955F-24_hr1_prof_PROCESSED.nc,ct182-955F-24,157,2025-03-13 01:10:00,-50.547,70.5375,True,False
/Volumes/Data/Work/SEALTAGS/Prydz/ct182/v5_20251106/PROCESSED/NC/ct182-955F-24_hr1_prof_PROCESSED.nc,ct182-955F-24,158,2025-03-13 14:30:00,-50.7247,69.6146,False,False
/Volumes/Data/Work/SEALTAGS/Prydz/ct182/v5_20251106/PROCESSED/NC/ct182-955F-24_hr1_prof_PROCESSED.nc,ct182-955F-24,159,2025-03-14 01:40:00,-50.5275,70.3855,True,False
/Volumes/Data/Work/SEALTAGS/Prydz/ct182/v5_20251106/PROCESSED/NC/ct182-955F-24_hr1_prof_PROCESSED.nc,ct182-955F-24,160,2025-03-15 02:30:00,-50.7546,70.8081,True,False
/Volumes/Data/Work/SEALTAGS/Prydz/ct182/v5_20251106/PROCESSED/NC/ct182-955F-24_hr1_prof_PROCESSED.nc,ct182-955F-24,161,2025-03-15 14:10:00,-50.8979,70.9437,False,False
/Volumes/Data/Work/SEALTAGS/Prydz/ct182/v5_20251106/PROCESSED/NC/ct182-955F-24_hr1_prof_PROCESSED.nc,ct182-955F-24,162,2025-03-16 02:10:00,-50.7297,70.6873,True,False
/Volumes/Data/Work/SEALTAGS/Prydz/ct182/v5_20251106/PROCESSED/NC/ct182-955F-24_hr1_prof_PROCESSED.nc,ct182-955F-24,163,2025-03-16 08:30:00,-50.6991,70.4905,True,False
/Volumes/Data/Work/SEALTAGS/Prydz/ct182/v5_20251106/PROCESSED/NC/ct182-955F-24_hr1_prof_PROCESSED.nc,ct182-955F-24,164,2025-03-16 13:20:00,-50.5794,70.3107,True,False
/Volumes/Data/Work/SEALTAGS/Prydz/ct182/v5_20251106/PROCESSED/NC/ct182-955F-24_hr1_prof_PROCESSED.nc,ct182-955F-24,165,2025-03-17 02:20:00,-50.2541,70.1855,True,False
/Volumes/Data/Work/SEALTAGS/Prydz/ct182/v5_20251106/PROCESSED/NC/ct182-955F-24_hr1_prof_PROCESSED.nc,ct182-955F-24,166,2025-03-17 14:30:00,-50.3309,70.5292,False,False
/Volumes/Data/Work/SEALTAGS/Prydz/ct182/v5_20251106/PROCESSED/NC/ct182-955F-24_hr1_prof_PROCESSED.nc,ct182-955F-24,167,2025-03-18 02:20:00,-50.1669,70.8699,True,False
/Volumes/Data/Work/SEALTAGS/Prydz/ct182/v5_20251106/PROCESSED/NC/ct182-955F-24_hr1_prof_PROCESSED.nc,ct182-955F-24,168,2025-03-18 14:20:00,-50.3362,70.6828,False,False
/Volumes/Data/Work/SEALTAGS/Prydz/ct182/v5_20251106/PROCESSED/NC/ct182-955F-24_hr1_prof_PROCESSED.nc,ct182-955F-24,169,2025-03-18 20:30:00,-50.3399,70.9879,False,False
/Volumes/Data/Work/SEALTAGS/Prydz/ct182/v5_20251106/PROCESSED/NC/ct182-955F-24_hr1_prof_PROCESSED.nc,ct182-955F-24,170,2025-03-19 02:10:00,-50.1248,71.3847,True,False
/Volumes/Data/Work/SEALTAGS/Prydz/ct182/v5_20251106/PROCESSED/NC/ct182-955F-24_hr1_prof_PROCESSED.nc,ct182-955F-24,171,2025-03-19 14:20:00,-50.1254,71.5255,False,False
/Volumes/Data/Work/SEALTAGS/Prydz/ct182/v5_20251106/PROCESSED/NC/ct182-955F-24_hr1_prof_PROCESSED.nc,ct182-955F-24,172,2025-03-20 02:30:00,-50.1193,71.349,True,False
/Volumes/Data/Work/SEALTAGS/Prydz/ct182/v5_20251106/PROCESSED/NC/ct182-955F-24_hr1_prof_PROCESSED.nc,ct182-955F-24,173,2025-03-20 14:10:00,-49.985,71.1935,False,False
/Volumes/Data/Work/SEALTAGS/Prydz/ct182/v5_20251106/PROCESSED/NC/ct182-955F-24_hr1_prof_PROCESSED.nc,ct182-955F-24,174,2025-03-21 02:50:00,-49.8157,70.6919,True,False
/Volumes/Data/Work/SEALTAGS/Prydz/ct182/v5_20251106/PROCESSED/NC/ct182-955F-24_hr1_prof_PROCESSED.nc,ct182-955F-24,175,2025-03-21 14:20:00,-49.7599,70.6108,False,False
/Volumes/Data/Work/SEALTAGS/Prydz/ct182/v5_20251106/PROCESSED/NC/ct182-955F-24_hr1_prof_PROCESSED.nc,ct182-955F-24,176,2025-03-22 02:00:00,-50.1558,71.0599,True,False
/Volumes/Data/Work/SEALTAGS/Prydz/ct182/v5_20251106/PROCESSED/NC/ct182-955F-24_hr1_prof_PROCESSED.nc,ct182-955F-24,177,2025-03-22 14:10:00,-50.1654,71.3846,False,False
/Volumes/Data/Work/SEALTAGS/Prydz/ct182/v5_20251106/PROCESSED/NC/ct182-955F-24_hr1_prof_PROCESSED.nc,ct182-955F-24,178,2025-03-23 02:10:00,-50.0865,71.424,True,False
/Volumes/Data/Work/SEALTAGS/Prydz/ct182/v5_20251106/PROCESSED/NC/ct182-955F-24_hr1_prof_PROCESSED.nc,ct182-955F-24,179,2025-03-23 14:00:00,-50.1374,70.9323,False,False
/Volumes/Data/Work/SEALTAGS/Prydz/ct182/v5_20251106/PROCESSED/NC/ct182-955F-24_hr1_prof_PROCESSED.nc,ct182-955F-24,180,2025-03-24 02:10:00,-50.3043,71.3405,True,False
/Volumes/Data/Work/SEALTAGS/Prydz/ct182/v5_20251106/PROCESSED/NC/ct182-955F-24_hr1_prof_PROCESSED.nc,ct182-955F-24,181,2025-03-24 14:20:00,-50.516,70.6182,False,False
/Volumes/Data/Work/SEALTAGS/Prydz/ct182/v5_20251106/PROCESSED/NC/ct182-955F-24_hr1_prof_PROCESSED.nc,ct182-955F-24,182,2025-03-25 02:00:00,-50.331,70.773,True,False
/Volumes/Data/Work/SEALTAGS/Prydz/ct182/v5_20251106/PROCESSED/NC/ct182-955F-24_hr1_prof_PROCESSED.nc,ct182-955F-24,183,2025-03-25 15:10:00,-50.3387,70.3221,False,False
/Volumes/Data/Work/SEALTAGS/Prydz/ct182/v5_20251106/PROCESSED/NC/ct182-955F-24_hr1_prof_PROCESSED.nc,ct182-955F-24,184,2025-03-26 02:00:00,-50.5307,70.7739,True,False
/Volumes/Data/Work/SEALTAGS/Prydz/ct182/v5_20251106/PROCESSED/NC/ct182-955F-24_hr1_prof_PROCESSED.nc,ct182-955F-24,185,2025-03-26 13:40:00,-50.7503,70.7679,False,False
/Volumes/Data/Work/SEALTAGS/Prydz/ct182/v5_20251106/PROCESSED/NC/ct182-955F-24_hr1_prof_PROCESSED.nc,ct182-955F-24,186,2025-03-27 01:00:00,-50.7401,70.5469,False,False
/Volumes/Data/Work/SEALTAGS/Prydz/ct182/v5_20251106/PROCESSED/NC/ct182-955F-24_hr1_prof_PROCESSED.nc,ct182-955F-24,187,2025-03-27 14:30:00,-50.5944,70.4727,False,False
/Volumes/Data/Work/SEALTAGS/Prydz/ct182/v5_20251106/PROCESSED/NC/ct182-955F-24_hr1_prof_PROCESSED.nc,ct182-955F-24,188,2025-03-28 02:40:00,-50.3857,70.6917,True,False
/Volumes/Data/Work/SEALTAGS/Prydz/ct182/v5_20251106/PROCESSED/NC/ct182-955F-24_hr1_prof_PROCESSED.nc,ct182-955F-24,189,2025-03-28 14:10:00,-50.4102,70.9864,False,False
/Volumes/Data/Work/SEALTAGS/Prydz/ct182/v5_20251106/PROCESSED/NC/ct182-955F-24_hr1_prof_PROCESSED.nc,ct182-955F-24,190,2025-03-29 12:00:00,-50.5505,70.705,True,False
/Volumes/Data/Work/SEALTAGS/Prydz/ct182/v5_20251106/PROCESSED/NC/ct182-955F-24_hr1_prof_PROCESSED.nc,ct182-955F-24,191,2025-03-30 02:40:00,-50.6044,70.7156,True,False
/Volumes/Data/Work/SEALTAGS/Prydz/ct182/v5_20251106/PROCESSED/NC/ct182-955F-24_hr1_prof_PROCESSED.nc,ct182-955F-24,192,2025-03-30 14:20:00,-50.5476,70.5152,False,False
/Volumes/Data/Work/SEALTAGS/Prydz/ct182/v5_20251106/PROCESSED/NC/ct182-955F-24_hr1_prof_PROCESSED.nc,ct182-955F-24,193,2025-03-31 01:30:00,-50.8158,70.7294,False,False
/Volumes/Data/Work/SEALTAGS/Prydz/ct182/v5_20251106/PROCESSED/NC/ct182-955F-24_hr1_prof_PROCESSED.nc,ct182-955F-24,194,2025-03-31 13:10:00,-50.8241,70.601,False,False
/Volumes/Data/Work/SEALTAGS/Prydz/ct182/v5_20251106/PROCESSED/NC/ct182-955F-24_hr1_prof_PROCESSED.nc,ct182-955F-24,195,2025-03-31 15:00:00,-50.9321,70.63,False,False
/Volumes/Data/Work/SEALTAGS/Prydz/ct182/v5_20251106/PROCESSED/NC/ct182-955F-24_hr1_prof_PROCESSED.nc,ct182-955F-24,196,2025-04-01 02:10:00,-51.136,70.8186,True,False
/Volumes/Data/Work/SEALTAGS/Prydz/ct182/v5_20251106/PROCESSED/NC/ct182-955F-24_hr1_prof_PROCESSED.nc,ct182-955F-24,197,2025-04-01 12:30:00,-51.1648,70.5739,True,False
/Volumes/Data/Work/SEALTAGS/Prydz/ct182/v5_20251106/PROCESSED/NC/ct182-955F-24_hr1_prof_PROCESSED.nc,ct182-955F-24,198,2025-04-01 18:00:00,-51.1382,70.212,False,False
/Volumes/Data/Work/SEALTAGS/Prydz/ct182/v5_20251106/PROCESSED/NC/ct182-955F-24_hr1_prof_PROCESSED.nc,ct182-955F-24,199,2025-04-02 02:40:00,-51.0348,69.7145,True,False
/Volumes/Data/Work/SEALTAGS/Prydz/ct182/v5_20251106/PROCESSED/NC/ct182-955F-24_hr1_prof_PROCESSED.nc,ct182-955F-24,200,2025-04-02 07:30:00,-50.907,69.7604,True,False
/Volumes/Data/Work/SEALTAGS/Prydz/ct182/v5_20251106/PROCESSED/NC/ct182-955F-24_hr1_prof_PROCESSED.nc,ct182-955F-24,201,2025-04-03 02:40:00,-51.488,70.5914,True,False
/Volumes/Data/Work/SEALTAGS/Prydz/ct182/v5_20251106/PROCESSED/NC/ct182-955F-24_hr1_prof_PROCESSED.nc,ct182-955F-24,202,2025-04-03 05:20:00,-51.5443,70.5429,True,False
/Volumes/Data/Work/SEALTAGS/Prydz/ct182/v5_20251106/PROCESSED/NC/ct182-955F-24_hr1_prof_PROCESSED.nc,ct182-955F-24,203,2025-04-03 13:40:00,-51.4149,70.3217,False,False
/Volumes/Data/Work/SEALTAGS/Prydz/ct182/v5_20251106/PROCESSED/NC/ct182-955F-24_hr1_prof_PROCESSED.nc,ct182-955F-24,204,2025-04-03 14:20:00,-51.3659,70.3176,False,False
/Volumes/Data/Work/SEALTAGS/Prydz/ct182/v5_20251106/PROCESSED/NC/ct182-955F-24_hr1_prof_PROCESSED.nc,ct182-955F-24,205,2025-04-04 12:10:00,-51.2269,69.8417,True,False
/Volumes/Data/Work/SEALTAGS/Prydz/ct182/v5_20251106/PROCESSED/NC/ct182-955F-24_hr1_prof_PROCESSED.nc,ct182-955F-24,206,2025-04-04 23:40:00,-50.9371,70.2123,False,False
/Volumes/Data/Work/SEALTAGS/Prydz/ct182/v5_20251106/PROCESSED/NC/ct182-955F-24_hr1_prof_PROCESSED.nc,ct182-955F-24,207,2025-04-05 00:20:00,-50.9203,70.2411,False,False
/Volumes/Data/Work/SEALTAGS/Prydz/ct182/v5_20251106/PROCESSED/NC/ct182-955F-24_hr1_prof_PROCESSED.nc,ct182-955F-24,208,2025-04-05 12:30:00,-50.8375,70.2714,True,False
/Volumes/Data/Work/SEALTAGS/Prydz/ct182/v5_20251106/PROCESSED/NC/ct182-955F-24_hr1_prof_PROCESSED.nc,ct182-955F-24,209,2025-04-06 01:00:00,-51.1264,70.0288,False,False
/Volumes/Data/Work/SEALTAGS/Prydz/ct182/v5_20251106/PROCESSED/NC/ct182-955F-24_hr1_prof_PROCESSED.nc,ct182-955F-24,210,2025-04-06 04:00:00,-51.0692,70.0826,True,False
/Volumes/Data/Work/SEALTAGS/Prydz/ct182/v5_20251106/PROCESSED/NC/ct182-955F-24_hr1_prof_PROCESSED.nc,ct182-955F-24,211,2025-04-06 13:20:00,-51.1265,70.1978,False,False
/Volumes/Data/Work/SEALTAGS/Prydz/ct182/v5_20251106/PROCESSED/NC/ct182-955F-24_hr1_prof_PROCESSED.nc,ct182-955F-24,212,2025-04-07 12:10:00,-50.9617,70.2118,True,False
/Volumes/Data/Work/SEALTAGS/Prydz/ct182/v5_20251106/PROCESSED/NC/ct182-955F-24_hr1_prof_PROCESSED.nc,ct182-955F-24,213,2025-04-07 18:10:00,-50.9511,70.1881,False,False
/Volumes/Data/Work/SEALTAGS/Prydz/ct182/v5_20251106/PROCESSED/NC/ct182-955F-24_hr1_prof_PROCESSED.nc,ct182-955F-24,214,2025-04-08 04:10:00,-50.8388,69.9275,True,False
/Volumes/Data/Work/SEALTAGS/Prydz/ct182/v5_20251106/PROCESSED/NC/ct182-955F-24_hr1_prof_PROCESSED.nc,ct182-955F-24,215,2025-04-08 13:00:00,-51.008,70.1968,False,False
/Volumes/Data/Work/SEALTAGS/Prydz/ct182/v5_20251106/PROCESSED/NC/ct182-955F-24_hr1_prof_PROCESSED.nc,ct182-955F-24,216,2025-04-09 13:30:00,-50.6965,70.5222,False,False
/Volumes/Data/Work/SEALTAGS/Prydz/ct182/v5_20251106/PROCESSED/NC/ct182-955F-24_hr1_prof_PROCESSED.nc,ct182-955F-24,217,2025-04-10 13:20:00,-51.1043,70.0942,False,False
/Volumes/Data/Work/SEALTAGS/Prydz/ct182/v5_20251106/PROCESSED/NC/ct182-955F-24_hr1_prof_PROCESSED.nc,ct182-955F-24,218,2025-04-11 01:20:00,-50.8885,69.6571,False,False
/Volumes/Data/Work/SEALTAGS/Prydz/ct182/v5_20251106/PROCESSED/NC/ct182-955F-24_hr1_prof_PROCESSED.nc,ct182-955F-24,219,2025-04-12 02:20:00,-50.8441,70.8789,True,False
/Volumes/Data/Work/SEALTAGS/Prydz/ct182/v5_20251106/PROCESSED/NC/ct182-955F-24_hr1_prof_PROCESSED.nc,ct182-955F-24,220,2025-04-12 06:10:00,-50.7727,70.8282,True,False
/Volumes/Data/Work/SEALTAGS/Prydz/ct182/v5_20251106/PROCESSED/NC/ct182-955F-24_hr1_prof_PROCESSED.nc,ct182-955F-24,221,2025-04-12 14:20:00,-50.5533,70.3471,False,False
/Volumes/Data/Work/SEALTAGS/Prydz/ct182/v5_20251106/PROCESSED/NC/ct182-955F-24_hr1_prof_PROCESSED.nc,ct182-955F-24,222,2025-04-12 19:50:00,-50.748,70.2965,False,False
/Volumes/Data/Work/SEALTAGS/Prydz/ct182/v5_20251106/PROCESSED/NC/ct182-955F-24_hr1_prof_PROCESSED.nc,ct182-955F-24,223,2025-04-13 02:10:00,-50.9039,70.1677,True,False
/Volumes/Data/Work/SEALTAGS/Prydz/ct182/v5_20251106/PROCESSED/NC/ct182-955F-24_hr1_prof_PROCESSED.nc,ct182-955F-24,224,2025-04-13 13:10:00,-50.9326,69.9508,False,False
/Volumes/Data/Work/SEALTAGS/Prydz/ct182/v5_20251106/PROCESSED/NC/ct182-955F-24_hr1_prof_PROCESSED.nc,ct182-955F-24,225,2025-04-13 23:00:00,-50.8104,69.7592,False,False
/Volumes/Data/Work/SEALTAGS/Prydz/ct182/v5_20251106/PROCESSED/NC/ct182-955F-24_hr1_prof_PROCESSED.nc,ct182-955F-24,226,2025-04-14 00:10:00,-50.8137,69.8386,False,False
/Volumes/Data/Work/SEALTAGS/Prydz/ct182/v5_20251106/PROCESSED/NC/ct182-955F-24_hr1_prof_PROCESSED.nc,ct182-955F-24,227,2025-04-14 13:30:00,-51.3038,70.1182,False,False
/Volumes/Data/Work/SEALTAGS/Prydz/ct182/v5_20251106/PROCESSED/NC/ct182-955F-24_hr1_prof_PROCESSED.nc,ct182-955F-24,228,2025-04-14 15:00:00,-51.2402,69.989,False,False
/Volumes/Data/Work/SEALTAGS/Prydz/ct182/v5_20251106/PROCESSED/NC/ct182-955F-24_hr1_prof_PROCESSED.nc,ct182-955F-24,229,2025-04-15 00:10:00,-50.8252,69.121,False,False
/Volumes/Data/Work/SEALTAGS/Prydz/ct182/v5_20251106/PROCESSED/NC/ct182-955F-24_hr1_prof_PROCESSED.nc,ct182-955F-24,230,2025-04-15 13:30:00,-50.801,69.6481,False,False
/Volumes/Data/Work/SEALTAGS/Prydz/ct182/v5_20251106/PROCESSED/NC/ct182-955F-24_hr1_prof_PROCESSED.nc,ct182-955F-24,231,2025-04-16 00:30:00,-50.8691,69.9637,False,False
/Volumes/Data/Work/SEALTAGS/Prydz/ct182/v5_20251106/PROCESSED/NC/ct182-955F-24_hr1_prof_PROCESSED.nc,ct182-955F-24,232,2025-04-16 13:50:00,-51.0169,70.0149,False,False
/Volumes/Data/Work/SEALTAGS/Prydz/ct182/v5_20251106/PROCESSED/NC/ct182-955F-24_hr1_prof_PROCESSED.nc,ct182-955F-24,233,2025-04-16 16:50:00,-51.0833,70.1569,False,False
/Volumes/Data/Work/SEALTAGS/Prydz/ct182/v5_20251106/PROCESSED/NC/ct182-955F-24_hr1_prof_PROCESSED.nc,ct182-955F-24,234,2025-04-17 06:20:00,-50.7915,70.2437,True,False
/Volumes/Data/Work/SEALTAGS/Prydz/ct182/v5_20251106/PROCESSED/NC/ct182-955F-24_hr1_prof_PROCESSED.nc,ct182-955F-24,235,2025-04-18 00:30:00,-51.1345,70.276,False,False
/Volumes/Data/Work/SEALTAGS/Prydz/ct182/v5_20251106/PROCESSED/NC/ct182-955F-24_hr1_prof_PROCESSED.nc,ct182-955F-24,236,2025-04-18 12:30:00,-51.0643,70.3004,False,False
/Volumes/Data/Work/SEALTAGS/Prydz/ct182/v5_20251106/PROCESSED/NC/ct182-955F-24_hr1_prof_PROCESSED.nc,ct182-955F-24,237,2025-04-19 00:20:00,-51.0345,70.2368,False,False
/Volumes/Data/Work/SEALTAGS/Prydz/ct182/v5_20251106/PROCESSED/NC/ct182-955F-24_hr1_prof_PROCESSED.nc,ct182-955F-24,238,2025-04-19 05:00:00,-51.0495,69.7777,True,False
/Volumes/Data/Work/SEALTAGS/Prydz/ct182/v5_20251106/PROCESSED/NC/ct182-955F-24_hr1_prof_PROCESSED.nc,ct182-955F-24,239,2025-04-19 07:50:00,-51.0387,69.8029,True,False
/Volumes/Data/Work/SEALTAGS/Prydz/ct182/v5_20251106/PROCESSED/NC/ct182-955F-24_hr1_prof_PROCESSED.nc,ct182-955F-24,240,2025-04-19 18:40:00,-51.0344,69.8366,False,False
/Volumes/Data/Work/SEALTAGS/Prydz/ct182/v5_20251106/PROCESSED/NC/ct182-955F-24_hr1_prof_PROCESSED.nc,ct182-955F-24,241,2025-04-20 01:40:00,-51.0924,69.5775,False,False
/Volumes/Data/Work/SEALTAGS/Prydz/ct182/v5_20251106/PROCESSED/NC/ct182-955F-24_hr1_prof_PROCESSED.nc,ct182-955F-24,242,2025-04-20 12:30:00,-51.1048,69.6606,False,False
/Volumes/Data/Work/SEALTAGS/Prydz/ct182/v5_20251106/PROCESSED/NC/ct182-955F-24_hr1_prof_PROCESSED.nc,ct182-955F-24,243,2025-04-20 17:00:00,-51.1276,69.8111,False,False
/Volumes/Data/Work/SEALTAGS/Prydz/ct182/v5_20251106/PROCESSED/NC/ct182-955F-24_hr1_prof_PROCESSED.nc,ct182-955F-24,244,2025-04-20 18:20:00,-51.1424,69.8327,False,False
/Volumes/Data/Work/SEALTAGS/Prydz/ct182/v5_20251106/PROCESSED/NC/ct182-955F-24_hr1_prof_PROCESSED.nc,ct182-955F-24,245,2025-04-21 03:20:00,-50.997,69.7956,True,False
/Volumes/Data/Work/SEALTAGS/Prydz/ct182/v5_20251106/PROCESSED/NC/ct182-955F-24_hr1_prof_PROCESSED.nc,ct182-955F-24,246,2025-04-21 08:30:00,-50.8326,69.568,True,False
/Volumes/Data/Work/SEALTAGS/Prydz/ct182/v5_20251106/PROCESSED/NC/ct182-955F-24_hr1_prof_PROCESSED.nc,ct182-955F-24,247,2025-04-21 12:50:00,-50.8634,69.7464,False,False
/Volumes/Data/Work/SEALTAGS/Prydz/ct182/v5_20251106/PROCESSED/NC/ct182-955F-24_hr1_prof_PROCESSED.nc,ct182-955F-24,248,2025-04-22 01:50:00,-51.1687,70.1937,False,False
/Volumes/Data/Work/SEALTAGS/Prydz/ct182/v5_20251106/PROCESSED/NC/ct182-955F-24_hr1_prof_PROCESSED.nc,ct182-955F-24,249,2025-04-22 18:10:00,-50.9825,70.2167,False,False
/Volumes/Data/Work/SEALTAGS/Prydz/ct182/v5_20251106/PROCESSED/NC/ct182-955F-24_hr1_prof_PROCESSED.nc,ct182-955F-24,250,2025-04-22 23:40:00,-51.0395,70.161,False,False
/Volumes/Data/Work/SEALTAGS/Prydz/ct182/v5_20251106/PROCESSED/NC/ct182-955F-24_hr1_prof_PROCESSED.nc,ct182-955F-24,251,2025-04-23 12:10:00,-50.8277,69.7657,True,False
/Volumes/Data/Work/SEALTAGS/Prydz/ct182/v5_20251106/PROCESSED/NC/ct182-955F-24_hr1_prof_PROCESSED.nc,ct182-955F-24,252,2025-04-24 05:50:00,-50.7456,69.7644,True,False
/Volumes/Data/Work/SEALTAGS/Prydz/ct182/v5_20251106/PROCESSED/NC/ct182-955F-24_hr1_prof_PROCESSED.nc,ct182-955F-24,253,2025-04-24 12:10:00,-50.9243,69.6989,True,False
/Volumes/Data/Work/SEALTAGS/Prydz/ct182/v5_20251106/PROCESSED/NC/ct182-955F-24_hr1_prof_PROCESSED.nc,ct182-955F-24,254,2025-04-25 00:30:00,-51.1909,70.3757,False,False
/Volumes/Data/Work/SEALTAGS/Prydz/ct182/v5_20251106/PROCESSED/NC/ct182-955F-24_hr1_prof_PROCESSED.nc,ct182-955F-24,255,2025-04-25 08:30:00,-51.0992,70.5086,True,False
/Volumes/Data/Work/SEALTAGS/Prydz/ct182/v5_20251106/PROCESSED/NC/ct182-955F-24_hr1_prof_PROCESSED.nc,ct182-955F-24,256,2025-04-25 12:10:00,-50.9608,70.3258,True,False
/Volumes/Data/Work/SEALTAGS/Prydz/ct182/v5_20251106/PROCESSED/NC/ct182-955F-24_hr1_prof_PROCESSED.nc,ct182-955F-24,257,2025-04-25 12:50:00,-50.9356,70.2925,False,False
/Volumes/Data/Work/SEALTAGS/Prydz/ct182/v5_20251106/PROCESSED/NC/ct182-955F-24_hr1_prof_PROCESSED.nc,ct182-955F-24,258,2025-04-26 02:30:00,-50.8243,70.4191,True,False
/Volumes/Data/Work/SEALTAGS/Prydz/ct182/v5_20251106/PROCESSED/NC/ct182-955F-24_hr1_prof_PROCESSED.nc,ct182-955F-24,259,2025-04-26 17:10:00,-50.9019,70.3478,False,False
/Volumes/Data/Work/SEALTAGS/Prydz/ct182/v5_20251106/PROCESSED/NC/ct182-955F-24_hr1_prof_PROCESSED.nc,ct182-955F-24,260,2025-04-26 19:20:00,-50.8654,70.2803,False,False
/Volumes/Data/Work/SEALTAGS/Prydz/ct182/v5_20251106/PROCESSED/NC/ct182-955F-24_hr1_prof_PROCESSED.nc,ct182-955F-24,261,2025-04-27 00:10:00,-50.9098,70.3147,False,False
/Volumes/Data/Work/SEALTAGS/Prydz/ct182/v5_20251106/PROCESSED/NC/ct182-955F-24_hr1_prof_PROCESSED.nc,ct182-955F-24,262,2025-04-27 23:00:00,-50.9706,69.4224,False,False
/Volumes/Data/Work/SEALTAGS/Prydz/ct182/v5_20251106/PROCESSED/NC/ct182-955F-24_hr1_prof_PROCESSED.nc,ct182-955F-24,263,2025-04-28 02:50:00,-50.9662,69.6493,True,False
/Volumes/Data/Work/SEALTAGS/Prydz/ct182/v5_20251106/PROCESSED/NC/ct182-955F-24_hr1_prof_PROCESSED.nc,ct182-955F-24,264,2025-04-28 12:20:00,-50.9806,70.0585,False,False
/Volumes/Data/Work/SEALTAGS/Prydz/ct182/v5_20251106/PROCESSED/NC/ct182-955F-24_hr1_prof_PROCESSED.nc,ct182-955F-24,265,2025-04-28 16:40:00,-50.9947,69.9097,False,False
/Volumes/Data/Work/SEALTAGS/Prydz/ct182/v5_20251106/PROCESSED/NC/ct182-955F-24_hr1_prof_PROCESSED.nc,ct182-955F-24,266,2025-04-28 20:10:00,-51.0455,69.9043,False,False
/Volumes/Data/Work/SEALTAGS/Prydz/ct182/v5_20251106/PROCESSED/NC/ct182-955F-24_hr1_prof_PROCESSED.nc,ct182-955F-24,267,2025-04-29 00:40:00,-51.1437,69.9942,False,False
/Volumes/Data/Work/SEALTAGS/Prydz/ct182/v5_20251106/PROCESSED/NC/ct182-955F-24_hr1_prof_PROCESSED.nc,ct182-955F-24,268,2025-04-29 12:00:00,-51.0668,69.7309,True,False
/Volumes/Data/Work/SEALTAGS/Prydz/ct182/v5_20251106/PROCESSED/NC/ct182-955F-24_hr1_prof_PROCESSED.nc,ct182-955F-24,269,2025-04-30 12:20:00,-50.8597,69.9568,False,False
/Volumes/Data/Work/SEALTAGS/Prydz/ct182/v5_20251106/PROCESSED/NC/ct182-955F-24_hr1_prof_PROCESSED.nc,ct182-955F-24,270,2025-05-01 00:20:00,-50.795,70.0824,False,False
/Volumes/Data/Work/SEALTAGS/Prydz/ct182/v5_20251106/PROCESSED/NC/ct182-955F-24_hr1_prof_PROCESSED.nc,ct182-955F-24,271,2025-05-01 10:40:00,-50.8617,69.91,True,False
/Volumes/Data/Work/SEALTAGS/Prydz/ct182/v5_20251106/PROCESSED/NC/ct182-955F-24_hr1_prof_PROCESSED.nc,ct182-955F-24,272,2025-05-01 11:20:00,-50.8664,69.9017,True,False
/Volumes/Data/Work/SEALTAGS/Prydz/ct182/v5_20251106/PROCESSED/NC/ct182-955F-24_hr1_prof_PROCESSED.nc,ct182-955F-24,273,2025-05-01 12:10:00,-50.8723,69.8912,False,False
/Volumes/Data/Work/SEALTAGS/Prydz/ct182/v5_20251106/PROCESSED/NC/ct182-955F-24_hr1_prof_PROCESSED.nc,ct182-955F-24,274,2025-05-01 15:50:00,-50.9465,70.075,False,False
/Volumes/Data/Work/SEALTAGS/Prydz/ct182/v5_20251106/PROCESSED/NC/ct182-955F-24_hr1_prof_PROCESSED.nc,ct182-955F-24,275,2025-05-02 01:10:00,-50.693,70.2596,False,False
/Volumes/Data/Work/SEALTAGS/Prydz/ct182/v5_20251106/PROCESSED/NC/ct182-955F-24_hr1_prof_PROCESSED.nc,ct182-955F-24,276,2025-05-02 04:20:00,-50.7121,70.2007,True,False
/Volumes/Data/Work/SEALTAGS/Prydz/ct182/v5_20251106/PROCESSED/NC/ct182-955F-24_hr1_prof_PROCESSED.nc,ct182-955F-24,277,2025-05-02 14:30:00,-50.7424,70.3385,False,False
/Volumes/Data/Work/SEALTAGS/Prydz/ct182/v5_20251106/PROCESSED/NC/ct182-955F-24_hr1_prof_PROCESSED.nc,ct182-955F-24,278,2025-05-02 15:10:00,-50.7568,70.3257,False,False
/Volumes/Data/Work/SEALTAGS/Prydz/ct182/v5_20251106/PROCESSED/NC/ct182-955F-24_hr1_prof_PROCESSED.nc,ct182-955F-24,279,2025-05-03 02:50:00,-51.1704,69.3912,True,False
/Volumes/Data/Work/SEALTAGS/Prydz/ct182/v5_20251106/PROCESSED/NC/ct182-955F-24_hr1_prof_PROCESSED.nc,ct182-955F-24,280,2025-05-03 13:40:00,-51.1196,69.3933,False,False
/Volumes/Data/Work/SEALTAGS/Prydz/ct182/v5_20251106/PROCESSED/NC/ct182-955F-24_hr1_prof_PROCESSED.nc,ct182-955F-24,281,2025-05-04 03:20:00,-50.7412,70.3007,True,False
/Volumes/Data/Work/SEALTAGS/Prydz/ct182/v5_20251106/PROCESSED/NC/ct182-955F-24_hr1_prof_PROCESSED.nc,ct182-955F-24,282,2025-05-04 13:20:00,-50.9296,70.0784,False,False
/Volumes/Data/Work/SEALTAGS/Prydz/ct182/v5_20251106/PROCESSED/NC/ct182-955F-24_hr1_prof_PROCESSED.nc,ct182-955F-24,283,2025-05-05 00:50:00,-51.2063,70.2927,False,False
/Volumes/Data/Work/SEALTAGS/Prydz/ct182/v5_20251106/PROCESSED/NC/ct182-955F-24_hr1_prof_PROCESSED.nc,ct182-955F-24,284,2025-05-05 04:00:00,-51.3189,70.5033,True,False
/Volumes/Data/Work/SEALTAGS/Prydz/ct182/v5_20251106/PROCESSED/NC/ct182-955F-24_hr1_prof_PROCESSED.nc,ct182-955F-24,285,2025-05-05 12:50:00,-51.2491,70.3333,False,False
/Volumes/Data/Work/SEALTAGS/Prydz/ct182/v5_20251106/PROCESSED/NC/ct182-955F-24_hr1_prof_PROCESSED.nc,ct182-955F-24,286,2025-05-06 15:10:00,-51.0479,70.1619,False,False
/Volumes/Data/Work/SEALTAGS/Prydz/ct182/v5_20251106/PROCESSED/NC/ct182-955F-24_hr1_prof_PROCESSED.nc,ct182-955F-24,287,2025-05-06 19:20:00,-51.0765,69.8692,False,False
/Volumes/Data/Work/SEALTAGS/Prydz/ct182/v5_20251106/PROCESSED/NC/ct182-955F-24_hr1_prof_PROCESSED.nc,ct182-955F-24,288,2025-05-07 08:00:00,-50.8076,69.6959,True,False
/Volumes/Data/Work/SEALTAGS/Prydz/ct182/v5_20251106/PROCESSED/NC/ct182-955F-24_hr1_prof_PROCESSED.nc,ct182-955F-24,289,2025-05-07 12:10:00,-50.9115,69.6607,False,False
/Volumes/Data/Work/SEALTAGS/Prydz/ct182/v5_20251106/PROCESSED/NC/ct182-955F-24_hr1_prof_PROCESSED.nc,ct182-955F-24,290,2025-05-08 01:20:00,-50.7724,69.7333,False,False
/Volumes/Data/Work/SEALTAGS/Prydz/ct182/v5_20251106/PROCESSED/NC/ct182-955F-24_hr1_prof_PROCESSED.nc,ct182-955F-24,291,2025-05-08 14:40:00,-51.18,70.027,False,False
/Volumes/Data/Work/SEALTAGS/Prydz/ct182/v5_20251106/PROCESSED/NC/ct182-955F-24_hr1_prof_PROCESSED.nc,ct182-955F-24,292,2025-05-08 17:10:00,-51.1384,69.9902,False,False
/Volumes/Data/Work/SEALTAGS/Prydz/ct182/v5_20251106/PROCESSED/NC/ct182-955F-24_hr1_prof_PROCESSED.nc,ct182-955F-24,293,2025-05-09 03:00:00,-50.9676,69.8327,True,False
/Volumes/Data/Work/SEALTAGS/Prydz/ct182/v5_20251106/PROCESSED/NC/ct182-955F-24_hr1_prof_PROCESSED.nc,ct182-955F-24,294,2025-05-10 13:30:00,-51.1941,69.7783,False,False
/Volumes/Data/Work/SEALTAGS/Prydz/ct182/v5_20251106/PROCESSED/NC/ct182-955F-24_hr1_prof_PROCESSED.nc,ct182-955F-24,295,2025-05-10 22:30:00,-51.1153,70.2056,False,False
/Volumes/Data/Work/SEALTAGS/Prydz/ct182/v5_20251106/PROCESSED/NC/ct182-955F-24_hr1_prof_PROCESSED.nc,ct182-955F-24,296,2025-05-11 02:40:00,-51.1122,70.4259,False,False
/Volumes/Data/Work/SEALTAGS/Prydz/ct182/v5_20251106/PROCESSED/NC/ct182-955F-24_hr1_prof_PROCESSED.nc,ct182-955F-24,297,2025-05-11 14:20:00,-50.8241,70.5217,False,False
/Volumes/Data/Work/SEALTAGS/Prydz/ct182/v5_20251106/PROCESSED/NC/ct182-955F-24_hr1_prof_PROCESSED.nc,ct182-955F-24,298,2025-05-11 17:20:00,-50.7389,70.7907,False,False
/Volumes/Data/Work/SEALTAGS/Prydz/ct182/v5_20251106/PROCESSED/NC/ct182-955F-24_hr1_prof_PROCESSED.nc,ct182-955F-24,299,2025-05-12 01:50:00,-50.9345,70.1922,False,False
/Volumes/Data/Work/SEALTAGS/Prydz/ct182/v5_20251106/PROCESSED/NC/ct182-955F-24_hr1_prof_PROCESSED.nc,ct182-955F-24,300,2025-05-12 12:40:00,-50.949,70.1913,False,False
/Volumes/Data/Work/SEALTAGS/Prydz/ct182/v5_20251106/PROCESSED/NC/ct182-955F-24_hr1_prof_PROCESSED.nc,ct182-955F-24,301,2025-05-13 04:30:00,-50.9551,69.4821,True,False
/Volumes/Data/Work/SEALTAGS/Prydz/ct182/v5_20251106/PROCESSED/NC/ct182-955F-24_hr1_prof_PROCESSED.nc,ct182-955F-24,302,2025-05-13 08:00:00,-50.9837,69.5133,True,False
/Volumes/Data/Work/SEALTAGS/Prydz/ct182/v5_20251106/PROCESSED/NC/ct182-955F-24_hr1_prof_PROCESSED.nc,ct182-955F-24,303,2025-05-13 15:20:00,-51.0436,69.5789,False,False
/Volumes/Data/Work/SEALTAGS/Prydz/ct182/v5_20251106/PROCESSED/NC/ct182-955F-24_hr1_prof_PROCESSED.nc,ct182-955F-24,304,2025-05-13 21:20:00,-51.1087,69.6331,False,False
/Volumes/Data/Work/SEALTAGS/Prydz/ct182/v5_20251106/PROCESSED/NC/ct182-955F-24_hr1_prof_PROCESSED.nc,ct182-955F-24,305,2025-05-15 01:40:00,-50.5236,70.2859,False,False
/Volumes/Data/Work/SEALTAGS/Prydz/ct182/v5_20251106/PROCESSED/NC/ct182-955F-24_hr1_prof_PROCESSED.nc,ct182-955F-24,306,2025-05-15 14:30:00,-50.4866,70.5588,False,False
/Volumes/Data/Work/SEALTAGS/Prydz/ct182/v5_20251106/PROCESSED/NC/ct182-955F-24_hr1_prof_PROCESSED.nc,ct182-955F-24,307,2025-05-16 09:00:00,-49.8505,70.2631,True,False
/Volumes/Data/Work/SEALTAGS/Prydz/ct182/v5_20251106/PROCESSED/NC/ct182-966F-24_hr1_prof_PROCESSED.nc,ct182-966F-24,1,2025-01-27 09:10:00,-49.4253,70.1582,True,False
/Volumes/Data/Work/SEALTAGS/Prydz/ct182/v5_20251106/PROCESSED/NC/ct182-966F-24_hr1_prof_PROCESSED.nc,ct182-966F-24,2,2025-01-27 21:10:00,-49.7471,70.2585,False,False
/Volumes/Data/Work/SEALTAGS/Prydz/ct182/v5_20251106/PROCESSED/NC/ct182-966F-24_hr1_prof_PROCESSED.nc,ct182-966F-24,3,2025-01-27 22:40:00,-49.8192,70.2658,False,False
/Volumes/Data/Work/SEALTAGS/Prydz/ct182/v5_20251106/PROCESSED/NC/ct182-966F-24_hr1_prof_PROCESSED.nc,ct182-966F-24,4,2025-01-27 23:30:00,-49.8593,70.2698,False,False
/Volumes/Data/Work/SEALTAGS/Prydz/ct182/v5_20251106/PROCESSED/NC/ct182-966F-24_hr1_prof_PROCESSED.nc,ct182-966F-24,5,2025-01-28 03:10:00,-49.9893,70.3754,True,False
/Volumes/Data/Work/SEALTAGS/Prydz/ct182/v5_20251106/PROCESSED/NC/ct182-966F-24_hr1_prof_PROCESSED.nc,ct182-966F-24,6,2025-01-28 04:20:00,-50.0392,70.3778,True,False
/Volumes/Data/Work/SEALTAGS/Prydz/ct182/v5_20251106/PROCESSED/NC/ct182-966F-24_hr1_prof_PROCESSED.nc,ct182-966F-24,7,2025-01-28 07:10:00,-50.2045,70.5543,True,False
/Volumes/Data/Work/SEALTAGS/Prydz/ct182/v5_20251106/PROCESSED/NC/ct182-966F-24_hr1_prof_PROCESSED.nc,ct182-966F-24,8,2025-01-28 14:20:00,-50.4929,70.6872,True,False
/Volumes/Data/Work/SEALTAGS/Prydz/ct182/v5_20251106/PROCESSED/NC/ct182-966F-24_hr1_prof_PROCESSED.nc,ct182-966F-24,9,2025-01-29 03:10:00,-51.0914,70.6476,True,False
/Volumes/Data/Work/SEALTAGS/Prydz/ct182/v5_20251106/PROCESSED/NC/ct182-966F-24_hr1_prof_PROCESSED.nc,ct182-966F-24,10,2025-01-29 14:30:00,-51.5475,70.8816,True,False
/Volumes/Data/Work/SEALTAGS/Prydz/ct182/v5_20251106/PROCESSED/NC/ct182-966F-24_hr1_prof_PROCESSED.nc,ct182-966F-24,11,2025-01-30 00:00:00,-51.996,70.5639,True,False
/Volumes/Data/Work/SEALTAGS/Prydz/ct182/v5_20251106/PROCESSED/NC/ct182-966F-24_hr1_prof_PROCESSED.nc,ct182-966F-24,12,2025-01-30 15:30:00,-52.78,71.0279,False,False
/Volumes/Data/Work/SEALTAGS/Prydz/ct182/v5_20251106/PROCESSED/NC/ct182-966F-24_hr1_prof_PROCESSED.nc,ct182-966F-24,13,2025-01-31 03:10:00,-53.0895,71.3034,True,False
/Volumes/Data/Work/SEALTAGS/Prydz/ct182/v5_20251106/PROCESSED/NC/ct182-966F-24_hr1_prof_PROCESSED.nc,ct182-966F-24,14,2025-01-31 03:30:00,-53.1158,71.2997,True,False
/Volumes/Data/Work/SEALTAGS/Prydz/ct182/v5_20251106/PROCESSED/NC/ct182-966F-24_hr1_prof_PROCESSED.nc,ct182-966F-24,15,2025-01-31 06:10:00,-53.0987,71.348,True,False
/Volumes/Data/Work/SEALTAGS/Prydz/ct182/v5_20251106/PROCESSED/NC/ct182-966F-24_hr1_prof_PROCESSED.nc,ct182-966F-24,16,2025-01-31 15:10:00,-53.6852,71.6205,True,False
/Volumes/Data/Work/SEALTAGS/Prydz/ct182/v5_20251106/PROCESSED/NC/ct182-966F-24_hr1_prof_PROCESSED.nc,ct182-966F-24,17,2025-01-31 19:50:00,-53.8169,71.6893,False,False
/Volumes/Data/Work/SEALTAGS/Prydz/ct182/v5_20251106/PROCESSED/NC/ct182-966F-24_hr1_prof_PROCESSED.nc,ct182-966F-24,18,2025-02-01 03:00:00,-54.037,71.7509,True,False
/Volumes/Data/Work/SEALTAGS/Prydz/ct182/v5_20251106/PROCESSED/NC/ct182-966F-24_hr1_prof_PROCESSED.nc,ct182-966F-24,19,2025-02-01 04:20:00,-54.0948,71.8141,True,False
/Volumes/Data/Work/SEALTAGS/Prydz/ct182/v5_20251106/PROCESSED/NC/ct182-966F-24_hr1_prof_PROCESSED.nc,ct182-966F-24,20,2025-02-01 05:20:00,-54.1578,71.8305,True,False
/Volumes/Data/Work/SEALTAGS/Prydz/ct182/v5_20251106/PROCESSED/NC/ct182-966F-24_hr1_prof_PROCESSED.nc,ct182-966F-24,21,2025-02-01 15:10:00,-54.6274,71.8715,True,False
/Volumes/Data/Work/SEALTAGS/Prydz/ct182/v5_20251106/PROCESSED/NC/ct182-966F-24_hr1_prof_PROCESSED.nc,ct182-966F-24,22,2025-02-01 15:30:00,-54.6483,71.8709,False,False
/Volumes/Data/Work/SEALTAGS/Prydz/ct182/v5_20251106/PROCESSED/NC/ct182-966F-24_hr1_prof_PROCESSED.nc,ct182-966F-24,23,2025-02-02 03:00:00,-54.9889,72.3029,True,False
/Volumes/Data/Work/SEALTAGS/Prydz/ct182/v5_20251106/PROCESSED/NC/ct182-966F-24_hr1_prof_PROCESSED.nc,ct182-966F-24,24,2025-02-02 14:50:00,-55.5572,72.9484,True,False
/Volumes/Data/Work/SEALTAGS/Prydz/ct182/v5_20251106/PROCESSED/NC/ct182-966F-24_hr1_prof_PROCESSED.nc,ct182-966F-24,25,2025-02-03 00:20:00,-55.8826,72.9382,True,False
/Volumes/Data/Work/SEALTAGS/Prydz/ct182/v5_20251106/PROCESSED/NC/ct182-966F-24_hr1_prof_PROCESSED.nc,ct182-966F-24,26,2025-02-03 14:50:00,-56.4752,73.1526,True,False
/Volumes/Data/Work/SEALTAGS/Prydz/ct182/v5_20251106/PROCESSED/NC/ct182-966F-24_hr1_prof_PROCESSED.nc,ct182-966F-24,27,2025-02-04 03:00:00,-57.0459,73.5971,True,False
/Volumes/Data/Work/SEALTAGS/Prydz/ct182/v5_20251106/PROCESSED/NC/ct182-966F-24_hr1_prof_PROCESSED.nc,ct182-966F-24,28,2025-02-04 07:10:00,-57.2249,73.6544,True,False
/Volumes/Data/Work/SEALTAGS/Prydz/ct182/v5_20251106/PROCESSED/NC/ct182-966F-24_hr1_prof_PROCESSED.nc,ct182-966F-24,29,2025-02-04 15:00:00,-57.4431,74.0573,True,False
/Volumes/Data/Work/SEALTAGS/Prydz/ct182/v5_20251106/PROCESSED/NC/ct182-966F-24_hr1_prof_PROCESSED.nc,ct182-966F-24,30,2025-02-04 17:20:00,-57.6214,74.0679,False,False
/Volumes/Data/Work/SEALTAGS/Prydz/ct182/v5_20251106/PROCESSED/NC/ct182-966F-24_hr1_prof_PROCESSED.nc,ct182-966F-24,31,2025-02-05 01:40:00,-58.0745,74.4691,True,False
/Volumes/Data/Work/SEALTAGS/Prydz/ct182/v5_20251106/PROCESSED/NC/ct182-966F-24_hr1_prof_PROCESSED.nc,ct182-966F-24,32,2025-02-05 15:00:00,-58.8012,74.7339,True,False
/Volumes/Data/Work/SEALTAGS/Prydz/ct182/v5_20251106/PROCESSED/NC/ct182-966F-24_hr1_prof_PROCESSED.nc,ct182-966F-24,33,2025-02-05 17:40:00,-58.893,74.7796,False,False
/Volumes/Data/Work/SEALTAGS/Prydz/ct182/v5_20251106/PROCESSED/NC/ct182-966F-24_hr1_prof_PROCESSED.nc,ct182-966F-24,34,2025-02-05 20:40:00,-58.9744,74.8076,False,False
/Volumes/Data/Work/SEALTAGS/Prydz/ct182/v5_20251106/PROCESSED/NC/ct182-966F-24_hr1_prof_PROCESSED.nc,ct182-966F-24,35,2025-02-06 00:00:00,-59.0749,74.8939,True,False
/Volumes/Data/Work/SEALTAGS/Prydz/ct182/v5_20251106/PROCESSED/NC/ct182-966F-24_hr1_prof_PROCESSED.nc,ct182-966F-24,36,2025-02-06 15:00:00,-59.859,75.4272,True,False
/Volumes/Data/Work/SEALTAGS/Prydz/ct182/v5_20251106/PROCESSED/NC/ct182-966F-24_hr1_prof_PROCESSED.nc,ct182-966F-24,37,2025-02-06 22:30:00,-60.2208,75.4525,False,False
/Volumes/Data/Work/SEALTAGS/Prydz/ct182/v5_20251106/PROCESSED/NC/ct182-966F-24_hr1_prof_PROCESSED.nc,ct182-966F-24,38,2025-02-07 02:50:00,-60.3615,75.6079,True,False
/Volumes/Data/Work/SEALTAGS/Prydz/ct182/v5_20251106/PROCESSED/NC/ct182-966F-24_hr1_prof_PROCESSED.nc,ct182-966F-24,39,2025-02-07 15:20:00,-61.0089,75.8739,False,False
/Volumes/Data/Work/SEALTAGS/Prydz/ct182/v5_20251106/PROCESSED/NC/ct182-966F-24_hr1_prof_PROCESSED.nc,ct182-966F-24,40,2025-02-08 02:00:00,-61.5,76.1482,True,False
/Volumes/Data/Work/SEALTAGS/Prydz/ct182/v5_20251106/PROCESSED/NC/ct182-966F-24_hr1_prof_PROCESSED.nc,ct182-966F-24,41,2025-02-08 10:10:00,-61.7682,76.4032,True,False
/Volumes/Data/Work/SEALTAGS/Prydz/ct182/v5_20251106/PROCESSED/NC/ct182-966F-24_hr1_prof_PROCESSED.nc,ct182-966F-24,42,2025-02-08 15:00:00,-62.06,76.6482,True,False
/Volumes/Data/Work/SEALTAGS/Prydz/ct182/v5_20251106/PROCESSED/NC/ct182-966F-24_hr1_prof_PROCESSED.nc,ct182-966F-24,43,2025-02-08 15:20:00,-62.0802,76.6651,False,False
/Volumes/Data/Work/SEALTAGS/Prydz/ct182/v5_20251106/PROCESSED/NC/ct182-966F-24_hr1_prof_PROCESSED.nc,ct182-966F-24,44,2025-02-09 03:20:00,-62.7403,77.1113,True,False
/Volumes/Data/Work/SEALTAGS/Prydz/ct182/v5_20251106/PROCESSED/NC/ct182-966F-24_hr1_prof_PROCESSED.nc,ct182-966F-24,45,2025-02-09 03:50:00,-62.7714,77.1069,True,False
/Volumes/Data/Work/SEALTAGS/Prydz/ct182/v5_20251106/PROCESSED/NC/ct182-966F-24_hr1_prof_PROCESSED.nc,ct182-966F-24,46,2025-02-09 15:30:00,-63.2411,77.7953,False,False
/Volumes/Data/Work/SEALTAGS/Prydz/ct182/v5_20251106/PROCESSED/NC/ct182-966F-24_hr1_prof_PROCESSED.nc,ct182-966F-24,47,2025-02-09 19:10:00,-63.4675,77.6849,False,False
/Volumes/Data/Work/SEALTAGS/Prydz/ct182/v5_20251106/PROCESSED/NC/ct182-966F-24_hr1_prof_PROCESSED.nc,ct182-966F-24,48,2025-02-10 02:20:00,-63.8475,78.0925,True,False
/Volumes/Data/Work/SEALTAGS/Prydz/ct182/v5_20251106/PROCESSED/NC/ct182-966F-24_hr1_prof_PROCESSED.nc,ct182-966F-24,49,2025-02-10 02:50:00,-63.8394,78.0626,True,False
/Volumes/Data/Work/SEALTAGS/Prydz/ct182/v5_20251106/PROCESSED/NC/ct182-966F-24_hr1_prof_PROCESSED.nc,ct182-966F-24,50,2025-02-10 15:10:00,-64.4146,78.3043,True,False
/Volumes/Data/Work/SEALTAGS/Prydz/ct182/v5_20251106/PROCESSED/NC/ct182-966F-24_hr1_prof_PROCESSED.nc,ct182-966F-24,51,2025-02-10 22:50:00,-64.7378,78.1699,True,False
/Volumes/Data/Work/SEALTAGS/Prydz/ct182/v5_20251106/PROCESSED/NC/ct182-966F-24_hr1_prof_PROCESSED.nc,ct182-966F-24,52,2025-02-10 23:20:00,-64.7572,78.1884,True,False
/Volumes/Data/Work/SEALTAGS/Prydz/ct182/v5_20251106/PROCESSED/NC/ct182-966F-24_hr1_prof_PROCESSED.nc,ct182-966F-24,53,2025-02-11 02:20:00,-64.8736,78.2995,True,False
/Volumes/Data/Work/SEALTAGS/Prydz/ct182/v5_20251106/PROCESSED/NC/ct182-966F-24_hr1_prof_PROCESSED.nc,ct182-966F-24,54,2025-02-11 04:00:00,-64.9085,78.238,True,False
/Volumes/Data/Work/SEALTAGS/Prydz/ct182/v5_20251106/PROCESSED/NC/ct182-966F-24_hr1_prof_PROCESSED.nc,ct182-966F-24,55,2025-02-11 13:40:00,-65.3572,78.7547,True,False
/Volumes/Data/Work/SEALTAGS/Prydz/ct182/v5_20251106/PROCESSED/NC/ct182-966F-24_hr1_prof_PROCESSED.nc,ct182-966F-24,56,2025-02-11 16:30:00,-65.4791,78.7093,False,False
/Volumes/Data/Work/SEALTAGS/Prydz/ct182/v5_20251106/PROCESSED/NC/ct182-966F-24_hr1_prof_PROCESSED.nc,ct182-966F-24,57,2025-02-12 03:50:00,-65.8389,79.4147,True,False
/Volumes/Data/Work/SEALTAGS/Prydz/ct182/v5_20251106/PROCESSED/NC/ct182-966F-24_hr1_prof_PROCESSED.nc,ct182-966F-24,58,2025-02-12 10:10:00,-65.9295,79.7892,True,False
/Volumes/Data/Work/SEALTAGS/Prydz/ct182/v5_20251106/PROCESSED/NC/ct182-966F-24_hr1_prof_PROCESSED.nc,ct182-966F-24,59,2025-02-12 14:10:00,-66.1153,80.3839,True,False
/Volumes/Data/Work/SEALTAGS/Prydz/ct182/v5_20251106/PROCESSED/NC/ct182-966F-24_hr1_prof_PROCESSED.nc,ct182-966F-24,60,2025-02-13 05:40:00,-66.3347,80.9445,True,False
/Volumes/Data/Work/SEALTAGS/Prydz/ct182/v5_20251106/PROCESSED/NC/ct182-966F-24_hr1_prof_PROCESSED.nc,ct182-966F-24,61,2025-02-13 06:00:00,-66.3522,80.9433,True,False
/Volumes/Data/Work/SEALTAGS/Prydz/ct182/v5_20251106/PROCESSED/NC/ct182-966F-24_hr1_prof_PROCESSED.nc,ct182-966F-24,62,2025-02-13 07:10:00,-66.4134,80.939,True,False
/Volumes/Data/Work/SEALTAGS/Prydz/ct182/v5_20251106/PROCESSED/NC/ct182-966F-24_hr1_prof_PROCESSED.nc,ct182-966F-24,63,2025-02-13 07:40:00,-66.4273,80.9454,True,False
/Volumes/Data/Work/SEALTAGS/Prydz/ct182/v5_20251106/PROCESSED/NC/ct182-966F-24_hr1_prof_PROCESSED.nc,ct182-966F-24,64,2025-02-13 09:30:00,-66.4575,80.9828,True,False
/Volumes/Data/Work/SEALTAGS/Prydz/ct182/v5_20251106/PROCESSED/NC/ct182-966F-24_hr1_prof_PROCESSED.nc,ct182-966F-24,65,2025-02-13 14:30:00,-66.6066,81.2063,True,False
/Volumes/Data/Work/SEALTAGS/Prydz/ct182/v5_20251106/PROCESSED/NC/ct182-966F-24_hr1_prof_PROCESSED.nc,ct182-966F-24,66,2025-02-14 01:20:00,-66.7994,81.4074,True,False
/Volumes/Data/Work/SEALTAGS/Prydz/ct182/v5_20251106/PROCESSED/NC/ct182-966F-24_hr1_prof_PROCESSED.nc,ct182-966F-24,67,2025-02-14 15:10:00,-66.8992,81.4841,False,False
/Volumes/Data/Work/SEALTAGS/Prydz/ct182/v5_20251106/PROCESSED/NC/ct182-966F-24_hr1_prof_PROCESSED.nc,ct182-966F-24,68,2025-02-15 02:50:00,-66.7823,81.4402,True,False
/Volumes/Data/Work/SEALTAGS/Prydz/ct182/v5_20251106/PROCESSED/NC/ct182-966F-24_hr1_prof_PROCESSED.nc,ct182-966F-24,69,2025-02-15 16:40:00,-66.8562,81.6875,False,False
/Volumes/Data/Work/SEALTAGS/Prydz/ct182/v5_20251106/PROCESSED/NC/ct182-966F-24_hr1_prof_PROCESSED.nc,ct182-966F-24,70,2025-02-15 19:50:00,-66.8536,81.731,False,False
/Volumes/Data/Work/SEALTAGS/Prydz/ct182/v5_20251106/PROCESSED/NC/ct182-966F-24_hr1_prof_PROCESSED.nc,ct182-966F-24,71,2025-02-16 03:00:00,-66.8075,81.415,True,False
/Volumes/Data/Work/SEALTAGS/Prydz/ct182/v5_20251106/PROCESSED/NC/ct182-966F-24_hr1_prof_PROCESSED.nc,ct182-966F-24,72,2025-02-16 05:10:00,-66.7306,81.307,True,False
/Volumes/Data/Work/SEALTAGS/Prydz/ct182/v5_20251106/PROCESSED/NC/ct182-966F-24_hr1_prof_PROCESSED.nc,ct182-966F-24,73,2025-02-16 05:40:00,-66.7474,81.3275,True,False
/Volumes/Data/Work/SEALTAGS/Prydz/ct182/v5_20251106/PROCESSED/NC/ct182-966F-24_hr1_prof_PROCESSED.nc,ct182-966F-24,74,2025-02-16 07:00:00,-66.8212,81.4206,True,False
/Volumes/Data/Work/SEALTAGS/Prydz/ct182/v5_20251106/PROCESSED/NC/ct182-966F-24_hr1_prof_PROCESSED.nc,ct182-966F-24,75,2025-02-16 15:10:00,-66.7694,81.2671,False,False
/Volumes/Data/Work/SEALTAGS/Prydz/ct182/v5_20251106/PROCESSED/NC/ct182-966F-24_hr1_prof_PROCESSED.nc,ct182-966F-24,76,2025-02-16 15:40:00,-66.7527,81.2982,False,False
/Volumes/Data/Work/SEALTAGS/Prydz/ct182/v5_20251106/PROCESSED/NC/ct182-966F-24_hr1_prof_PROCESSED.nc,ct182-966F-24,77,2025-02-17 03:10:00,-66.7387,81.02,True,False
/Volumes/Data/Work/SEALTAGS/Prydz/ct182/v5_20251106/PROCESSED/NC/ct182-966F-24_hr1_prof_PROCESSED.nc,ct182-966F-24,78,2025-02-17 04:50:00,-66.7667,80.8762,True,False
/Volumes/Data/Work/SEALTAGS/Prydz/ct182/v5_20251106/PROCESSED/NC/ct182-966F-24_hr1_prof_PROCESSED.nc,ct182-966F-24,79,2025-02-17 05:30:00,-66.7864,80.8086,True,False
/Volumes/Data/Work/SEALTAGS/Prydz/ct182/v5_20251106/PROCESSED/NC/ct182-966F-24_hr1_prof_PROCESSED.nc,ct182-966F-24,80,2025-02-17 14:40:00,-67.0893,80.4669,True,False
/Volumes/Data/Work/SEALTAGS/Prydz/ct182/v5_20251106/PROCESSED/NC/ct182-966F-24_hr1_prof_PROCESSED.nc,ct182-966F-24,81,2025-02-17 15:10:00,-67.1076,80.4639,False,False
/Volumes/Data/Work/SEALTAGS/Prydz/ct182/v5_20251106/PROCESSED/NC/ct182-966F-24_hr1_prof_PROCESSED.nc,ct182-966F-24,82,2025-02-17 20:10:00,-67.0926,80.6803,False,False
/Volumes/Data/Work/SEALTAGS/Prydz/ct182/v5_20251106/PROCESSED/NC/ct182-966F-24_hr1_prof_PROCESSED.nc,ct182-966F-24,83,2025-02-18 04:30:00,-67.1374,80.486,True,False
/Volumes/Data/Work/SEALTAGS/Prydz/ct182/v5_20251106/PROCESSED/NC/ct182-966F-24_hr1_prof_PROCESSED.nc,ct182-966F-24,84,2025-02-18 15:00:00,-67.1344,80.2613,False,False
/Volumes/Data/Work/SEALTAGS/Prydz/ct182/v5_20251106/PROCESSED/NC/ct182-966F-24_hr1_prof_PROCESSED.nc,ct182-966F-24,85,2025-02-18 15:20:00,-67.1247,80.2752,False,False
/Volumes/Data/Work/SEALTAGS/Prydz/ct182/v5_20251106/PROCESSED/NC/ct182-966F-24_hr1_prof_PROCESSED.nc,ct182-966F-24,86,2025-02-19 01:20:00,-67.129,80.5613,True,False
/Volumes/Data/Work/SEALTAGS/Prydz/ct182/v5_20251106/PROCESSED/NC/ct182-966F-24_hr1_prof_PROCESSED.nc,ct182-966F-24,87,2025-02-19 15:10:00,-67.091,80.2672,False,False
/Volumes/Data/Work/SEALTAGS/Prydz/ct182/v5_20251106/PROCESSED/NC/ct182-966F-24_hr1_prof_PROCESSED.nc,ct182-966F-24,88,2025-02-19 21:30:00,-67.069,80.4392,False,False
/Volumes/Data/Work/SEALTAGS/Prydz/ct182/v5_20251106/PROCESSED/NC/ct182-966F-24_hr1_prof_PROCESSED.nc,ct182-966F-24,89,2025-02-19 22:50:00,-67.0703,80.4464,False,False
/Volumes/Data/Work/SEALTAGS/Prydz/ct182/v5_20251106/PROCESSED/NC/ct182-966F-24_hr1_prof_PROCESSED.nc,ct182-966F-24,90,2025-02-20 02:10:00,-67.1031,80.3621,True,False
/Volumes/Data/Work/SEALTAGS/Prydz/ct182/v5_20251106/PROCESSED/NC/ct182-966F-24_hr1_prof_PROCESSED.nc,ct182-966F-24,91,2025-02-20 14:30:00,-67.0565,80.2038,True,False
/Volumes/Data/Work/SEALTAGS/Prydz/ct182/v5_20251106/PROCESSED/NC/ct182-966F-24_hr1_prof_PROCESSED.nc,ct182-966F-24,92,2025-02-21 02:10:00,-67.1161,80.382,True,False
/Volumes/Data/Work/SEALTAGS/Prydz/ct182/v5_20251106/PROCESSED/NC/ct182-966F-24_hr1_prof_PROCESSED.nc,ct182-966F-24,93,2025-02-21 13:40:00,-67.1342,80.3277,True,False
/Volumes/Data/Work/SEALTAGS/Prydz/ct182/v5_20251106/PROCESSED/NC/ct182-966F-24_hr1_prof_PROCESSED.nc,ct182-966F-24,94,2025-02-22 02:10:00,-67.1086,79.829,True,False
/Volumes/Data/Work/SEALTAGS/Prydz/ct182/v5_20251106/PROCESSED/NC/ct182-966F-24_hr1_prof_PROCESSED.nc,ct182-966F-24,95,2025-02-22 14:10:00,-67.2706,79.8072,True,False
/Volumes/Data/Work/SEALTAGS/Prydz/ct182/v5_20251106/PROCESSED/NC/ct182-966F-24_hr1_prof_PROCESSED.nc,ct182-966F-24,96,2025-02-23 00:10:00,-67.2892,79.9096,True,False
/Volumes/Data/Work/SEALTAGS/Prydz/ct182/v5_20251106/PROCESSED/NC/ct182-966F-24_hr1_prof_PROCESSED.nc,ct182-966F-24,97,2025-02-23 02:30:00,-67.3239,79.841,True,False
/Volumes/Data/Work/SEALTAGS/Prydz/ct182/v5_20251106/PROCESSED/NC/ct182-966F-24_hr1_prof_PROCESSED.nc,ct182-966F-24,98,2025-02-23 03:00:00,-67.3137,79.7727,True,False
/Volumes/Data/Work/SEALTAGS/Prydz/ct182/v5_20251106/PROCESSED/NC/ct182-966F-24_hr1_prof_PROCESSED.nc,ct182-966F-24,99,2025-02-23 14:20:00,-67.381,79.3568,True,False
/Volumes/Data/Work/SEALTAGS/Prydz/ct182/v5_20251106/PROCESSED/NC/ct182-966F-24_hr1_prof_PROCESSED.nc,ct182-966F-24,100,2025-02-24 02:20:00,-67.4708,79.3111,True,False
/Volumes/Data/Work/SEALTAGS/Prydz/ct182/v5_20251106/PROCESSED/NC/ct182-966F-24_hr1_prof_PROCESSED.nc,ct182-966F-24,101,2025-02-24 04:00:00,-67.4115,79.2201,True,False
/Volumes/Data/Work/SEALTAGS/Prydz/ct182/v5_20251106/PROCESSED/NC/ct182-966F-24_hr1_prof_PROCESSED.nc,ct182-966F-24,102,2025-02-24 14:50:00,-67.5015,78.9142,False,False
/Volumes/Data/Work/SEALTAGS/Prydz/ct182/v5_20251106/PROCESSED/NC/ct182-966F-24_hr1_prof_PROCESSED.nc,ct182-966F-24,103,2025-02-24 15:40:00,-67.5211,78.7978,False,False
/Volumes/Data/Work/SEALTAGS/Prydz/ct182/v5_20251106/PROCESSED/NC/ct182-966F-24_hr1_prof_PROCESSED.nc,ct182-966F-24,104,2025-02-25 02:10:00,-67.5014,79.3445,True,False
/Volumes/Data/Work/SEALTAGS/Prydz/ct182/v5_20251106/PROCESSED/NC/ct182-966F-24_hr1_prof_PROCESSED.nc,ct182-966F-24,105,2025-02-25 15:00:00,-67.5887,79.2246,False,False
/Volumes/Data/Work/SEALTAGS/Prydz/ct182/v5_20251106/PROCESSED/NC/ct182-966F-24_hr1_prof_PROCESSED.nc,ct182-966F-24,106,2025-02-26 02:10:00,-67.6162,79.1248,True,False
/Volumes/Data/Work/SEALTAGS/Prydz/ct182/v5_20251106/PROCESSED/NC/ct182-966F-24_hr1_prof_PROCESSED.nc,ct182-966F-24,107,2025-02-26 15:00:00,-67.5309,78.9801,False,False
/Volumes/Data/Work/SEALTAGS/Prydz/ct182/v5_20251106/PROCESSED/NC/ct182-966F-24_hr1_prof_PROCESSED.nc,ct182-966F-24,108,2025-02-26 15:50:00,-67.5788,78.9707,False,False
/Volumes/Data/Work/SEALTAGS/Prydz/ct182/v5_20251106/PROCESSED/NC/ct182-966F-24_hr1_prof_PROCESSED.nc,ct182-966F-24,109,2025-02-26 16:20:00,-67.5773,78.996,False,False
/Volumes/Data/Work/SEALTAGS/Prydz/ct182/v5_20251106/PROCESSED/NC/ct182-966F-24_hr1_prof_PROCESSED.nc,ct182-966F-24,110,2025-02-27 02:20:00,-67.6083,78.813,True,False
/Volumes/Data/Work/SEALTAGS/Prydz/ct182/v5_20251106/PROCESSED/NC/ct182-966F-24_hr1_prof_PROCESSED.nc,ct182-966F-24,111,2025-02-27 12:00:00,-67.6522,78.8455,True,False
/Volumes/Data/Work/SEALTAGS/Prydz/ct182/v5_20251106/PROCESSED/NC/ct182-966F-24_hr1_prof_PROCESSED.nc,ct182-966F-24,112,2025-02-28 02:20:00,-67.4749,78.9584,True,False
/Volumes/Data/Work/SEALTAGS/Prydz/ct182/v5_20251106/PROCESSED/NC/ct182-966F-24_hr1_prof_PROCESSED.nc,ct182-966F-24,113,2025-02-28 15:10:00,-67.5643,79.3329,False,False
/Volumes/Data/Work/SEALTAGS/Prydz/ct182/v5_20251106/PROCESSED/NC/ct182-966F-24_hr1_prof_PROCESSED.nc,ct182-966F-24,114,2025-03-01 02:20:00,-67.4134,79.5933,True,False
/Volumes/Data/Work/SEALTAGS/Prydz/ct182/v5_20251106/PROCESSED/NC/ct182-966F-24_hr1_prof_PROCESSED.nc,ct182-966F-24,115,2025-03-01 06:20:00,-67.3446,79.6236,True,False
/Volumes/Data/Work/SEALTAGS/Prydz/ct182/v5_20251106/PROCESSED/NC/ct182-966F-24_hr1_prof_PROCESSED.nc,ct182-966F-24,116,2025-03-01 14:50:00,-67.2532,79.8976,False,False
/Volumes/Data/Work/SEALTAGS/Prydz/ct182/v5_20251106/PROCESSED/NC/ct182-966F-24_hr1_prof_PROCESSED.nc,ct182-966F-24,117,2025-03-02 02:00:00,-67.1336,80.021,True,False
/Volumes/Data/Work/SEALTAGS/Prydz/ct182/v5_20251106/PROCESSED/NC/ct182-966F-24_hr1_prof_PROCESSED.nc,ct182-966F-24,118,2025-03-02 04:00:00,-67.178,80.1558,True,False
/Volumes/Data/Work/SEALTAGS/Prydz/ct182/v5_20251106/PROCESSED/NC/ct182-966F-24_hr1_prof_PROCESSED.nc,ct182-966F-24,119,2025-03-02 14:00:00,-67.1183,80.3677,True,False
/Volumes/Data/Work/SEALTAGS/Prydz/ct182/v5_20251106/PROCESSED/NC/ct182-966F-24_hr1_prof_PROCESSED.nc,ct182-966F-24,120,2025-03-02 21:10:00,-67.126,80.687,False,False
/Volumes/Data/Work/SEALTAGS/Prydz/ct182/v5_20251106/PROCESSED/NC/ct182-966F-24_hr1_prof_PROCESSED.nc,ct182-966F-24,121,2025-03-03 01:10:00,-67.1173,80.6407,True,False
/Volumes/Data/Work/SEALTAGS/Prydz/ct182/v5_20251106/PROCESSED/NC/ct182-966F-24_hr1_prof_PROCESSED.nc,ct182-966F-24,122,2025-03-03 13:10:00,-67.0537,80.9872,True,False
/Volumes/Data/Work/SEALTAGS/Prydz/ct182/v5_20251106/PROCESSED/NC/ct182-966F-24_hr1_prof_PROCESSED.nc,ct182-966F-24,123,2025-03-03 17:30:00,-67.1401,81.1457,False,False
/Volumes/Data/Work/SEALTAGS/Prydz/ct182/v5_20251106/PROCESSED/NC/ct182-966F-24_hr1_prof_PROCESSED.nc,ct182-966F-24,124,2025-03-04 04:00:00,-67.2247,81.6932,True,False
/Volumes/Data/Work/SEALTAGS/Prydz/ct182/v5_20251106/PROCESSED/NC/ct182-966F-24_hr1_prof_PROCESSED.nc,ct182-966F-24,125,2025-03-04 04:30:00,-67.2119,81.7495,True,False
/Volumes/Data/Work/SEALTAGS/Prydz/ct182/v5_20251106/PROCESSED/NC/ct182-966F-24_hr1_prof_PROCESSED.nc,ct182-966F-24,126,2025-03-04 05:30:00,-67.2204,81.8357,True,False
/Volumes/Data/Work/SEALTAGS/Prydz/ct182/v5_20251106/PROCESSED/NC/ct182-966F-24_hr1_prof_PROCESSED.nc,ct182-966F-24,127,2025-03-04 05:50:00,-67.2254,81.863,True,False
/Volumes/Data/Work/SEALTAGS/Prydz/ct182/v5_20251106/PROCESSED/NC/ct182-966F-24_hr1_prof_PROCESSED.nc,ct182-966F-24,128,2025-03-04 13:40:00,-67.2571,82.1399,True,False
/Volumes/Data/Work/SEALTAGS/Prydz/ct182/v5_20251106/PROCESSED/NC/ct182-966F-24_hr1_prof_PROCESSED.nc,ct182-966F-24,129,2025-03-05 01:50:00,-67.185,81.2393,True,False
/Volumes/Data/Work/SEALTAGS/Prydz/ct182/v5_20251106/PROCESSED/NC/ct182-966F-24_hr1_prof_PROCESSED.nc,ct182-966F-24,130,2025-03-05 21:20:00,-67.2051,80.2191,False,False
/Volumes/Data/Work/SEALTAGS/Prydz/ct182/v5_20251106/PROCESSED/NC/ct182-966F-24_hr1_prof_PROCESSED.nc,ct182-966F-24,131,2025-03-06 02:20:00,-67.2164,79.9914,True,False
/Volumes/Data/Work/SEALTAGS/Prydz/ct182/v5_20251106/PROCESSED/NC/ct182-966F-24_hr1_prof_PROCESSED.nc,ct182-966F-24,132,2025-03-06 11:50:00,-67.2467,79.5453,True,False
/Volumes/Data/Work/SEALTAGS/Prydz/ct182/v5_20251106/PROCESSED/NC/ct182-966F-24_hr1_prof_PROCESSED.nc,ct182-966F-24,133,2025-03-06 13:10:00,-67.3001,79.557,True,False
/Volumes/Data/Work/SEALTAGS/Prydz/ct182/v5_20251106/PROCESSED/NC/ct182-966F-24_hr1_prof_PROCESSED.nc,ct182-966F-24,134,2025-03-07 02:10:00,-67.4188,79.3099,True,False
/Volumes/Data/Work/SEALTAGS/Prydz/ct182/v5_20251106/PROCESSED/NC/ct182-966F-24_hr1_prof_PROCESSED.nc,ct182-966F-24,135,2025-03-07 10:20:00,-67.512,78.9981,True,False
/Volumes/Data/Work/SEALTAGS/Prydz/ct182/v5_20251106/PROCESSED/NC/ct182-966F-24_hr1_prof_PROCESSED.nc,ct182-966F-24,136,2025-03-08 02:20:00,-67.5588,78.8573,True,False
/Volumes/Data/Work/SEALTAGS/Prydz/ct182/v5_20251106/PROCESSED/NC/ct182-966F-24_hr1_prof_PROCESSED.nc,ct182-966F-24,137,2025-03-08 14:20:00,-67.5496,79.0385,False,False
/Volumes/Data/Work/SEALTAGS/Prydz/ct182/v5_20251106/PROCESSED/NC/ct182-966F-24_hr1_prof_PROCESSED.nc,ct182-966F-24,138,2025-03-08 21:30:00,-67.629,78.6414,False,False
/Volumes/Data/Work/SEALTAGS/Prydz/ct182/v5_20251106/PROCESSED/NC/ct182-966F-24_hr1_prof_PROCESSED.nc,ct182-966F-24,139,2025-03-09 02:00:00,-67.7238,78.6216,True,False
/Volumes/Data/Work/SEALTAGS/Prydz/ct182/v5_20251106/PROCESSED/NC/ct182-966F-24_hr1_prof_PROCESSED.nc,ct182-966F-24,140,2025-03-09 02:30:00,-67.7218,78.5847,True,False
/Volumes/Data/Work/SEALTAGS/Prydz/ct182/v5_20251106/PROCESSED/NC/ct182-966F-24_hr1_prof_PROCESSED.nc,ct182-966F-24,141,2025-03-09 14:10:00,-67.8271,78.059,False,False
/Volumes/Data/Work/SEALTAGS/Prydz/ct182/v5_20251106/PROCESSED/NC/ct182-966F-24_hr1_prof_PROCESSED.nc,ct182-966F-24,142,2025-03-10 02:20:00,-67.8792,78.137,True,False
/Volumes/Data/Work/SEALTAGS/Prydz/ct182/v5_20251106/PROCESSED/NC/ct182-966F-24_hr1_prof_PROCESSED.nc,ct182-966F-24,143,2025-03-10 06:30:00,-67.8476,78.09,True,False
/Volumes/Data/Work/SEALTAGS/Prydz/ct182/v5_20251106/PROCESSED/NC/ct182-966F-24_hr1_prof_PROCESSED.nc,ct182-966F-24,144,2025-03-10 15:30:00,-67.9554,78.0809,False,False
/Volumes/Data/Work/SEALTAGS/Prydz/ct182/v5_20251106/PROCESSED/NC/ct182-966F-24_hr1_prof_PROCESSED.nc,ct182-966F-24,145,2025-03-11 02:20:00,-67.877,78.0987,True,False
/Volumes/Data/Work/SEALTAGS/Prydz/ct182/v5_20251106/PROCESSED/NC/ct182-966F-24_hr1_prof_PROCESSED.nc,ct182-966F-24,146,2025-03-11 14:20:00,-68.0556,77.7864,False,False
/Volumes/Data/Work/SEALTAGS/Prydz/ct182/v5_20251106/PROCESSED/NC/ct182-966F-24_hr1_prof_PROCESSED.nc,ct182-966F-24,147,2025-03-12 02:10:00,-68.1604,77.5975,True,False
/Volumes/Data/Work/SEALTAGS/Prydz/ct182/v5_20251106/PROCESSED/NC/ct182-966F-24_hr1_prof_PROCESSED.nc,ct182-966F-24,148,2025-03-12 14:00:00,-68.359,77.4145,False,False
/Volumes/Data/Work/SEALTAGS/Prydz/ct182/v5_20251106/PROCESSED/NC/ct182-966F-24_hr1_prof_PROCESSED.nc,ct182-966F-24,149,2025-03-13 02:20:00,-68.4904,77.1877,True,False
/Volumes/Data/Work/SEALTAGS/Prydz/ct182/v5_20251106/PROCESSED/NC/ct182-966F-24_hr1_prof_PROCESSED.nc,ct182-966F-24,150,2025-03-13 10:20:00,-68.5947,77.0465,True,False
/Volumes/Data/Work/SEALTAGS/Prydz/ct182/v5_20251106/PROCESSED/NC/ct182-966F-24_hr1_prof_PROCESSED.nc,ct182-966F-24,151,2025-03-13 13:20:00,-68.5987,77.0886,True,False
/Volumes/Data/Work/SEALTAGS/Prydz/ct182/v5_20251106/PROCESSED/NC/ct182-966F-24_hr1_prof_PROCESSED.nc,ct182-966F-24,152,2025-03-14 01:30:00,-68.6384,76.9933,True,False
/Volumes/Data/Work/SEALTAGS/Prydz/ct182/v5_20251106/PROCESSED/NC/ct182-966F-24_hr1_prof_PROCESSED.nc,ct182-966F-24,153,2025-03-14 13:40:00,-68.8744,76.7645,False,False
/Volumes/Data/Work/SEALTAGS/Prydz/ct182/v5_20251106/PROCESSED/NC/ct182-966F-24_hr1_prof_PROCESSED.nc,ct182-966F-24,154,2025-03-15 01:20:00,-68.8581,76.1643,True,False
/Volumes/Data/Work/SEALTAGS/Prydz/ct182/v5_20251106/PROCESSED/NC/ct182-966F-24_hr1_prof_PROCESSED.nc,ct182-966F-24,155,2025-03-15 14:50:00,-68.8334,75.5319,False,False
/Volumes/Data/Work/SEALTAGS/Prydz/ct182/v5_20251106/PROCESSED/NC/ct182-966F-24_hr1_prof_PROCESSED.nc,ct182-966F-24,156,2025-03-16 05:50:00,-68.9312,74.9808,True,False
/Volumes/Data/Work/SEALTAGS/Prydz/ct182/v5_20251106/PROCESSED/NC/ct182-966F-24_hr1_prof_PROCESSED.nc,ct182-966F-24,157,2025-03-16 15:00:00,-69.0491,74.8461,False,False
/Volumes/Data/Work/SEALTAGS/Prydz/ct182/v5_20251106/PROCESSED/NC/ct182-966F-24_hr1_prof_PROCESSED.nc,ct182-966F-24,158,2025-03-17 01:20:00,-69.0454,74.824,True,False
/Volumes/Data/Work/SEALTAGS/Prydz/ct182/v5_20251106/PROCESSED/NC/ct182-966F-24_hr1_prof_PROCESSED.nc,ct182-966F-24,159,2025-03-17 14:20:00,-68.8682,74.603,False,False
/Volumes/Data/Work/SEALTAGS/Prydz/ct182/v5_20251106/PROCESSED/NC/ct182-966F-24_hr1_prof_PROCESSED.nc,ct182-966F-24,160,2025-03-18 02:50:00,-68.7715,74.6765,True,False
/Volumes/Data/Work/SEALTAGS/Prydz/ct182/v5_20251106/PROCESSED/NC/ct182-966F-24_hr1_prof_PROCESSED.nc,ct182-966F-24,161,2025-03-18 14:10:00,-68.7523,74.5249,False,False
/Volumes/Data/Work/SEALTAGS/Prydz/ct182/v5_20251106/PROCESSED/NC/ct182-966F-24_hr1_prof_PROCESSED.nc,ct182-966F-24,162,2025-03-19 02:20:00,-68.5969,74.4004,True,False
/Volumes/Data/Work/SEALTAGS/Prydz/ct182/v5_20251106/PROCESSED/NC/ct182-966F-24_hr1_prof_PROCESSED.nc,ct182-966F-24,163,2025-03-19 14:00:00,-68.5471,74.1417,False,False
/Volumes/Data/Work/SEALTAGS/Prydz/ct182/v5_20251106/PROCESSED/NC/ct182-966F-24_hr1_prof_PROCESSED.nc,ct182-966F-24,164,2025-03-19 14:30:00,-68.5468,74.1432,False,False
/Volumes/Data/Work/SEALTAGS/Prydz/ct182/v5_20251106/PROCESSED/NC/ct182-966F-24_hr1_prof_PROCESSED.nc,ct182-966F-24,165,2025-03-20 02:00:00,-68.4943,74.2733,True,False
/Volumes/Data/Work/SEALTAGS/Prydz/ct182/v5_20251106/PROCESSED/NC/ct182-966F-24_hr1_prof_PROCESSED.nc,ct182-966F-24,166,2025-03-20 14:00:00,-68.4511,73.9944,False,False
/Volumes/Data/Work/SEALTAGS/Prydz/ct182/v5_20251106/PROCESSED/NC/ct182-966F-24_hr1_prof_PROCESSED.nc,ct182-966F-24,167,2025-03-21 02:20:00,-68.4121,74.287,True,False
/Volumes/Data/Work/SEALTAGS/Prydz/ct182/v5_20251106/PROCESSED/NC/ct182-966F-24_hr1_prof_PROCESSED.nc,ct182-966F-24,168,2025-03-21 14:10:00,-68.2783,74.2932,False,False
/Volumes/Data/Work/SEALTAGS/Prydz/ct182/v5_20251106/PROCESSED/NC/ct182-966F-24_hr1_prof_PROCESSED.nc,ct182-966F-24,169,2025-03-22 02:10:00,-68.3718,74.0917,True,False
/Volumes/Data/Work/SEALTAGS/Prydz/ct182/v5_20251106/PROCESSED/NC/ct182-966F-24_hr1_prof_PROCESSED.nc,ct182-966F-24,170,2025-03-22 14:00:00,-68.3985,74.5667,False,False
/Volumes/Data/Work/SEALTAGS/Prydz/ct182/v5_20251106/PROCESSED/NC/ct182-966F-24_hr1_prof_PROCESSED.nc,ct182-966F-24,171,2025-03-23 02:40:00,-68.4607,74.312,True,False
/Volumes/Data/Work/SEALTAGS/Prydz/ct182/v5_20251106/PROCESSED/NC/ct182-966F-24_hr1_prof_PROCESSED.nc,ct182-966F-24,172,2025-03-24 07:50:00,-68.4234,74.4596,True,False
/Volumes/Data/Work/SEALTAGS/Prydz/ct182/v5_20251106/PROCESSED/NC/ct182-966F-24_hr1_prof_PROCESSED.nc,ct182-966F-24,173,2025-03-24 14:30:00,-68.3535,74.5803,False,False
/Volumes/Data/Work/SEALTAGS/Prydz/ct182/v5_20251106/PROCESSED/NC/ct182-966F-24_hr1_prof_PROCESSED.nc,ct182-966F-24,174,2025-03-25 02:10:00,-68.2556,74.7587,True,False
/Volumes/Data/Work/SEALTAGS/Prydz/ct182/v5_20251106/PROCESSED/NC/ct182-966F-24_hr1_prof_PROCESSED.nc,ct182-966F-24,175,2025-03-25 14:10:00,-68.304,75.0727,False,False
/Volumes/Data/Work/SEALTAGS/Prydz/ct182/v5_20251106/PROCESSED/NC/ct182-966F-24_hr1_prof_PROCESSED.nc,ct182-966F-24,176,2025-03-26 02:10:00,-68.2527,75.0246,True,False
/Volumes/Data/Work/SEALTAGS/Prydz/ct182/v5_20251106/PROCESSED/NC/ct182-966F-24_hr1_prof_PROCESSED.nc,ct182-966F-24,177,2025-03-26 15:10:00,-68.3167,75.0235,False,False
/Volumes/Data/Work/SEALTAGS/Prydz/ct182/v5_20251106/PROCESSED/NC/ct182-966F-24_hr1_prof_PROCESSED.nc,ct182-966F-24,178,2025-03-26 15:40:00,-68.3243,75.0144,False,False
/Volumes/Data/Work/SEALTAGS/Prydz/ct182/v5_20251106/PROCESSED/NC/ct182-966F-24_hr1_prof_PROCESSED.nc,ct182-966F-24,179,2025-03-27 03:10:00,-68.2486,75.5012,True,False
/Volumes/Data/Work/SEALTAGS/Prydz/ct182/v5_20251106/PROCESSED/NC/ct182-966F-24_hr1_prof_PROCESSED.nc,ct182-966F-24,180,2025-03-27 04:00:00,-68.2464,75.5089,True,False
/Volumes/Data/Work/SEALTAGS/Prydz/ct182/v5_20251106/PROCESSED/NC/ct182-966F-24_hr1_prof_PROCESSED.nc,ct182-966F-24,181,2025-03-27 14:30:00,-68.3807,75.7393,False,False
/Volumes/Data/Work/SEALTAGS/Prydz/ct182/v5_20251106/PROCESSED/NC/ct182-966F-24_hr1_prof_PROCESSED.nc,ct182-966F-24,182,2025-03-28 02:20:00,-68.5073,76.2889,True,False
/Volumes/Data/Work/SEALTAGS/Prydz/ct182/v5_20251106/PROCESSED/NC/ct182-966F-24_hr1_prof_PROCESSED.nc,ct182-966F-24,183,2025-03-28 14:30:00,-68.4623,76.9955,False,False
/Volumes/Data/Work/SEALTAGS/Prydz/ct182/v5_20251106/PROCESSED/NC/ct182-966F-24_hr1_prof_PROCESSED.nc,ct182-966F-24,184,2025-03-29 02:10:00,-68.3916,77.4991,True,False
/Volumes/Data/Work/SEALTAGS/Prydz/ct182/v5_20251106/PROCESSED/NC/ct182-966F-24_hr1_prof_PROCESSED.nc,ct182-966F-24,185,2025-03-29 14:40:00,-68.4146,77.5701,False,False
/Volumes/Data/Work/SEALTAGS/Prydz/ct182/v5_20251106/PROCESSED/NC/ct182-966F-24_hr1_prof_PROCESSED.nc,ct182-966F-24,186,2025-03-30 02:20:00,-68.3658,77.5448,True,False
/Volumes/Data/Work/SEALTAGS/Prydz/ct182/v5_20251106/PROCESSED/NC/ct182-966F-24_hr1_prof_PROCESSED.nc,ct182-966F-24,187,2025-03-30 14:10:00,-68.3834,77.5047,False,False
/Volumes/Data/Work/SEALTAGS/Prydz/ct182/v5_20251106/PROCESSED/NC/ct182-966F-24_hr1_prof_PROCESSED.nc,ct182-966F-24,188,2025-03-31 02:20:00,-68.3582,77.7055,True,False
/Volumes/Data/Work/SEALTAGS/Prydz/ct182/v5_20251106/PROCESSED/NC/ct182-966F-24_hr1_prof_PROCESSED.nc,ct182-966F-24,189,2025-03-31 14:30:00,-68.4269,77.5921,False,False
/Volumes/Data/Work/SEALTAGS/Prydz/ct182/v5_20251106/PROCESSED/NC/ct182-966F-24_hr1_prof_PROCESSED.nc,ct182-966F-24,190,2025-04-01 03:30:00,-68.1851,77.9443,True,False
/Volumes/Data/Work/SEALTAGS/Prydz/ct182/v5_20251106/PROCESSED/NC/ct182-966F-24_hr1_prof_PROCESSED.nc,ct182-966F-24,191,2025-04-01 05:20:00,-68.1573,78.0764,True,False
/Volumes/Data/Work/SEALTAGS/Prydz/ct182/v5_20251106/PROCESSED/NC/ct182-966F-24_hr1_prof_PROCESSED.nc,ct182-966F-24,192,2025-04-01 14:40:00,-68.0597,78.0252,False,False
/Volumes/Data/Work/SEALTAGS/Prydz/ct182/v5_20251106/PROCESSED/NC/ct182-966F-24_hr1_prof_PROCESSED.nc,ct182-966F-24,193,2025-04-01 17:20:00,-68.0265,78.0416,False,False
/Volumes/Data/Work/SEALTAGS/Prydz/ct182/v5_20251106/PROCESSED/NC/ct182-966F-24_hr1_prof_PROCESSED.nc,ct182-966F-24,194,2025-04-02 03:20:00,-67.9865,78.1405,True,False
/Volumes/Data/Work/SEALTAGS/Prydz/ct182/v5_20251106/PROCESSED/NC/ct182-966F-24_hr1_prof_PROCESSED.nc,ct182-966F-24,195,2025-04-02 15:30:00,-68.0087,78.5617,False,False
/Volumes/Data/Work/SEALTAGS/Prydz/ct182/v5_20251106/PROCESSED/NC/ct182-966F-24_hr1_prof_PROCESSED.nc,ct182-966F-24,196,2025-04-02 19:20:00,-68.0063,78.6029,False,False
/Volumes/Data/Work/SEALTAGS/Prydz/ct182/v5_20251106/PROCESSED/NC/ct182-966F-24_hr1_prof_PROCESSED.nc,ct182-966F-24,197,2025-04-03 03:10:00,-67.9085,78.6287,True,False
/Volumes/Data/Work/SEALTAGS/Prydz/ct182/v5_20251106/PROCESSED/NC/ct182-966F-24_hr1_prof_PROCESSED.nc,ct182-966F-24,198,2025-04-03 15:20:00,-67.7781,78.7511,False,False
/Volumes/Data/Work/SEALTAGS/Prydz/ct182/v5_20251106/PROCESSED/NC/ct182-966F-24_hr1_prof_PROCESSED.nc,ct182-966F-24,199,2025-04-04 03:20:00,-67.799,78.7798,True,False
/Volumes/Data/Work/SEALTAGS/Prydz/ct182/v5_20251106/PROCESSED/NC/ct182-969F-24_hr1_prof_PROCESSED.nc,ct182-969F-24,1,2024-12-31 22:00:00,-49.5011,70.3346,False,False
/Volumes/Data/Work/SEALTAGS/Prydz/ct182/v5_20251106/PROCESSED/NC/ct182-969F-24_hr1_prof_PROCESSED.nc,ct182-969F-24,2,2024-12-31 22:40:00,-49.5356,70.3668,False,False
/Volumes/Data/Work/SEALTAGS/Prydz/ct182/v5_20251106/PROCESSED/NC/ct182-969F-24_hr1_prof_PROCESSED.nc,ct182-969F-24,3,2024-12-31 23:30:00,-49.5787,70.4071,True,False
/Volumes/Data/Work/SEALTAGS/Prydz/ct182/v5_20251106/PROCESSED/NC/ct182-969F-24_hr1_prof_PROCESSED.nc,ct182-969F-24,4,2025-01-01 04:10:00,-49.799,70.646,True,False
/Volumes/Data/Work/SEALTAGS/Prydz/ct182/v5_20251106/PROCESSED/NC/ct182-969F-24_hr1_prof_PROCESSED.nc,ct182-969F-24,5,2025-01-01 05:10:00,-49.8398,70.7336,True,False
/Volumes/Data/Work/SEALTAGS/Prydz/ct182/v5_20251106/PROCESSED/NC/ct182-969F-24_hr1_prof_PROCESSED.nc,ct182-969F-24,6,2025-01-01 06:00:00,-49.8737,70.8066,True,False
/Volumes/Data/Work/SEALTAGS/Prydz/ct182/v5_20251106/PROCESSED/NC/ct182-969F-24_hr1_prof_PROCESSED.nc,ct182-969F-24,7,2025-01-01 14:50:00,-50.0628,71.3683,True,False
/Volumes/Data/Work/SEALTAGS/Prydz/ct182/v5_20251106/PROCESSED/NC/ct182-969F-24_hr1_prof_PROCESSED.nc,ct182-969F-24,8,2025-01-02 03:30:00,-50.3763,71.8074,True,False
/Volumes/Data/Work/SEALTAGS/Prydz/ct182/v5_20251106/PROCESSED/NC/ct182-969F-24_hr1_prof_PROCESSED.nc,ct182-969F-24,9,2025-01-02 14:20:00,-50.6503,72.0855,True,False
/Volumes/Data/Work/SEALTAGS/Prydz/ct182/v5_20251106/PROCESSED/NC/ct182-969F-24_hr1_prof_PROCESSED.nc,ct182-969F-24,10,2025-01-03 02:10:00,-50.9392,72.5132,True,False
/Volumes/Data/Work/SEALTAGS/Prydz/ct182/v5_20251106/PROCESSED/NC/ct182-969F-24_hr1_prof_PROCESSED.nc,ct182-969F-24,11,2025-01-03 17:40:00,-51.3837,72.9055,False,False
/Volumes/Data/Work/SEALTAGS/Prydz/ct182/v5_20251106/PROCESSED/NC/ct182-969F-24_hr1_prof_PROCESSED.nc,ct182-969F-24,12,2025-01-03 21:40:00,-51.5701,72.8314,False,False
/Volumes/Data/Work/SEALTAGS/Prydz/ct182/v5_20251106/PROCESSED/NC/ct182-969F-24_hr1_prof_PROCESSED.nc,ct182-969F-24,13,2025-01-04 15:20:00,-51.9241,73.3381,True,False
/Volumes/Data/Work/SEALTAGS/Prydz/ct182/v5_20251106/PROCESSED/NC/ct182-969F-24_hr1_prof_PROCESSED.nc,ct182-969F-24,14,2025-01-04 15:40:00,-51.9305,73.3637,False,False
/Volumes/Data/Work/SEALTAGS/Prydz/ct182/v5_20251106/PROCESSED/NC/ct182-969F-24_hr1_prof_PROCESSED.nc,ct182-969F-24,15,2025-01-05 08:10:00,-52.3749,73.6571,True,False
/Volumes/Data/Work/SEALTAGS/Prydz/ct182/v5_20251106/PROCESSED/NC/ct182-969F-24_hr1_prof_PROCESSED.nc,ct182-969F-24,16,2025-01-05 21:20:00,-52.8486,74.2503,False,False
/Volumes/Data/Work/SEALTAGS/Prydz/ct182/v5_20251106/PROCESSED/NC/ct182-969F-24_hr1_prof_PROCESSED.nc,ct182-969F-24,17,2025-01-05 21:40:00,-52.8591,74.2753,False,False
/Volumes/Data/Work/SEALTAGS/Prydz/ct182/v5_20251106/PROCESSED/NC/ct182-969F-24_hr1_prof_PROCESSED.nc,ct182-969F-24,18,2025-01-06 03:40:00,-53.065,74.6154,True,False
/Volumes/Data/Work/SEALTAGS/Prydz/ct182/v5_20251106/PROCESSED/NC/ct182-969F-24_hr1_prof_PROCESSED.nc,ct182-969F-24,19,2025-01-06 04:10:00,-53.072,74.6071,True,False
/Volumes/Data/Work/SEALTAGS/Prydz/ct182/v5_20251106/PROCESSED/NC/ct182-969F-24_hr1_prof_PROCESSED.nc,ct182-969F-24,20,2025-01-06 14:00:00,-52.8326,74.7359,True,False
/Volumes/Data/Work/SEALTAGS/Prydz/ct182/v5_20251106/PROCESSED/NC/ct182-969F-24_hr1_prof_PROCESSED.nc,ct182-969F-24,21,2025-01-07 02:20:00,-52.8521,75.1904,True,False
/Volumes/Data/Work/SEALTAGS/Prydz/ct182/v5_20251106/PROCESSED/NC/ct182-969F-24_hr1_prof_PROCESSED.nc,ct182-969F-24,22,2025-01-07 14:10:00,-52.9142,75.381,True,False
/Volumes/Data/Work/SEALTAGS/Prydz/ct182/v5_20251106/PROCESSED/NC/ct182-969F-24_hr1_prof_PROCESSED.nc,ct182-969F-24,23,2025-01-08 02:20:00,-52.9021,75.226,True,False
/Volumes/Data/Work/SEALTAGS/Prydz/ct182/v5_20251106/PROCESSED/NC/ct182-969F-24_hr1_prof_PROCESSED.nc,ct182-969F-24,24,2025-01-08 14:10:00,-52.885,75.2295,True,False
/Volumes/Data/Work/SEALTAGS/Prydz/ct182/v5_20251106/PROCESSED/NC/ct182-969F-24_hr1_prof_PROCESSED.nc,ct182-969F-24,25,2025-01-09 02:10:00,-52.8552,75.3639,True,False
/Volumes/Data/Work/SEALTAGS/Prydz/ct182/v5_20251106/PROCESSED/NC/ct182-969F-24_hr1_prof_PROCESSED.nc,ct182-969F-24,26,2025-01-09 14:10:00,-52.8515,75.066,True,False
/Volumes/Data/Work/SEALTAGS/Prydz/ct182/v5_20251106/PROCESSED/NC/ct182-969F-24_hr1_prof_PROCESSED.nc,ct182-969F-24,27,2025-01-09 17:50:00,-52.7498,74.9048,False,False
/Volumes/Data/Work/SEALTAGS/Prydz/ct182/v5_20251106/PROCESSED/NC/ct182-969F-24_hr1_prof_PROCESSED.nc,ct182-969F-24,28,2025-01-09 21:40:00,-52.7365,74.93,False,False
/Volumes/Data/Work/SEALTAGS/Prydz/ct182/v5_20251106/PROCESSED/NC/ct182-969F-24_hr1_prof_PROCESSED.nc,ct182-969F-24,29,2025-01-10 02:00:00,-52.7418,74.9615,True,False
/Volumes/Data/Work/SEALTAGS/Prydz/ct182/v5_20251106/PROCESSED/NC/ct182-969F-24_hr1_prof_PROCESSED.nc,ct182-969F-24,30,2025-01-10 14:20:00,-52.8382,75.4035,True,False
/Volumes/Data/Work/SEALTAGS/Prydz/ct182/v5_20251106/PROCESSED/NC/ct182-969F-24_hr1_prof_PROCESSED.nc,ct182-969F-24,31,2025-01-11 14:00:00,-52.9978,75.379,True,False
/Volumes/Data/Work/SEALTAGS/Prydz/ct182/v5_20251106/PROCESSED/NC/ct182-969F-24_hr1_prof_PROCESSED.nc,ct182-969F-24,32,2025-01-12 02:10:00,-52.9309,75.2863,True,False
/Volumes/Data/Work/SEALTAGS/Prydz/ct182/v5_20251106/PROCESSED/NC/ct182-969F-24_hr1_prof_PROCESSED.nc,ct182-969F-24,33,2025-01-12 14:20:00,-52.9145,75.375,True,False
/Volumes/Data/Work/SEALTAGS/Prydz/ct182/v5_20251106/PROCESSED/NC/ct182-969F-24_hr1_prof_PROCESSED.nc,ct182-969F-24,34,2025-01-13 02:20:00,-52.8361,75.5469,True,False
/Volumes/Data/Work/SEALTAGS/Prydz/ct182/v5_20251106/PROCESSED/NC/ct182-969F-24_hr1_prof_PROCESSED.nc,ct182-969F-24,35,2025-01-13 14:20:00,-52.8847,75.2864,True,False
/Volumes/Data/Work/SEALTAGS/Prydz/ct182/v5_20251106/PROCESSED/NC/ct182-969F-24_hr1_prof_PROCESSED.nc,ct182-969F-24,36,2025-01-14 02:00:00,-52.8275,75.3491,True,False
/Volumes/Data/Work/SEALTAGS/Prydz/ct182/v5_20251106/PROCESSED/NC/ct182-969F-24_hr1_prof_PROCESSED.nc,ct182-969F-24,37,2025-01-14 14:20:00,-52.8269,75.3961,True,False
/Volumes/Data/Work/SEALTAGS/Prydz/ct182/v5_20251106/PROCESSED/NC/ct182-969F-24_hr1_prof_PROCESSED.nc,ct182-969F-24,38,2025-01-15 02:20:00,-52.8986,75.295,True,False
/Volumes/Data/Work/SEALTAGS/Prydz/ct182/v5_20251106/PROCESSED/NC/ct182-969F-24_hr1_prof_PROCESSED.nc,ct182-969F-24,39,2025-01-15 14:20:00,-53.0449,75.444,True,False
/Volumes/Data/Work/SEALTAGS/Prydz/ct182/v5_20251106/PROCESSED/NC/ct182-969F-24_hr1_prof_PROCESSED.nc,ct182-969F-24,40,2025-01-16 02:20:00,-53.039,75.4561,True,False
/Volumes/Data/Work/SEALTAGS/Prydz/ct182/v5_20251106/PROCESSED/NC/ct182-969F-24_hr1_prof_PROCESSED.nc,ct182-969F-24,41,2025-01-16 15:10:00,-52.9718,75.2774,True,False
/Volumes/Data/Work/SEALTAGS/Prydz/ct182/v5_20251106/PROCESSED/NC/ct182-969F-24_hr1_prof_PROCESSED.nc,ct182-969F-24,42,2025-01-17 02:00:00,-52.8587,75.451,True,False
/Volumes/Data/Work/SEALTAGS/Prydz/ct182/v5_20251106/PROCESSED/NC/ct182-969F-24_hr1_prof_PROCESSED.nc,ct182-969F-24,43,2025-01-17 15:00:00,-52.6708,75.4169,True,False
/Volumes/Data/Work/SEALTAGS/Prydz/ct182/v5_20251106/PROCESSED/NC/ct182-969F-24_hr1_prof_PROCESSED.nc,ct182-969F-24,44,2025-01-18 02:40:00,-52.7215,75.4107,True,False
/Volumes/Data/Work/SEALTAGS/Prydz/ct182/v5_20251106/PROCESSED/NC/ct182-969F-24_hr1_prof_PROCESSED.nc,ct182-969F-24,45,2025-01-18 15:00:00,-52.8036,75.2749,True,False
/Volumes/Data/Work/SEALTAGS/Prydz/ct182/v5_20251106/PROCESSED/NC/ct182-969F-24_hr1_prof_PROCESSED.nc,ct182-969F-24,46,2025-01-19 14:20:00,-52.9366,75.106,True,False
/Volumes/Data/Work/SEALTAGS/Prydz/ct182/v5_20251106/PROCESSED/NC/ct182-969F-24_hr1_prof_PROCESSED.nc,ct182-969F-24,47,2025-01-20 03:10:00,-52.7612,75.0521,True,False
/Volumes/Data/Work/SEALTAGS/Prydz/ct182/v5_20251106/PROCESSED/NC/ct182-969F-24_hr1_prof_PROCESSED.nc,ct182-969F-24,48,2025-01-20 04:10:00,-52.7707,75.0506,True,False
/Volumes/Data/Work/SEALTAGS/Prydz/ct182/v5_20251106/PROCESSED/NC/ct182-969F-24_hr1_prof_PROCESSED.nc,ct182-969F-24,49,2025-01-20 14:10:00,-52.8535,74.7407,True,False
/Volumes/Data/Work/SEALTAGS/Prydz/ct182/v5_20251106/PROCESSED/NC/ct182-969F-24_hr1_prof_PROCESSED.nc,ct182-969F-24,50,2025-01-20 21:10:00,-52.8285,74.8897,False,False
/Volumes/Data/Work/SEALTAGS/Prydz/ct182/v5_20251106/PROCESSED/NC/ct182-969F-24_hr1_prof_PROCESSED.nc,ct182-969F-24,51,2025-01-21 02:20:00,-52.8618,74.8428,True,False
/Volumes/Data/Work/SEALTAGS/Prydz/ct182/v5_20251106/PROCESSED/NC/ct182-969F-24_hr1_prof_PROCESSED.nc,ct182-969F-24,52,2025-01-21 02:40:00,-52.8681,74.8448,True,False
/Volumes/Data/Work/SEALTAGS/Prydz/ct182/v5_20251106/PROCESSED/NC/ct182-969F-24_hr1_prof_PROCESSED.nc,ct182-969F-24,53,2025-01-21 14:20:00,-52.9647,74.7524,True,False
/Volumes/Data/Work/SEALTAGS/Prydz/ct182/v5_20251106/PROCESSED/NC/ct182-969F-24_hr1_prof_PROCESSED.nc,ct182-969F-24,54,2025-01-22 02:20:00,-52.834,74.869,True,False
/Volumes/Data/Work/SEALTAGS/Prydz/ct182/v5_20251106/PROCESSED/NC/ct182-969F-24_hr1_prof_PROCESSED.nc,ct182-969F-24,55,2025-01-22 07:00:00,-52.7676,74.6035,True,False
/Volumes/Data/Work/SEALTAGS/Prydz/ct182/v5_20251106/PROCESSED/NC/ct182-969F-24_hr1_prof_PROCESSED.nc,ct182-969F-24,56,2025-01-22 14:20:00,-52.7775,74.7303,True,False
/Volumes/Data/Work/SEALTAGS/Prydz/ct182/v5_20251106/PROCESSED/NC/ct182-969F-24_hr1_prof_PROCESSED.nc,ct182-969F-24,57,2025-01-22 15:40:00,-52.7771,74.7394,False,False
/Volumes/Data/Work/SEALTAGS/Prydz/ct182/v5_20251106/PROCESSED/NC/ct182-969F-24_hr1_prof_PROCESSED.nc,ct182-969F-24,58,2025-01-23 03:10:00,-52.7147,75.092,True,False
/Volumes/Data/Work/SEALTAGS/Prydz/ct182/v5_20251106/PROCESSED/NC/ct182-969F-24_hr1_prof_PROCESSED.nc,ct182-969F-24,59,2025-01-23 15:20:00,-52.7988,75.2498,False,False
/Volumes/Data/Work/SEALTAGS/Prydz/ct182/v5_20251106/PROCESSED/NC/ct182-969F-24_hr1_prof_PROCESSED.nc,ct182-969F-24,60,2025-01-23 23:20:00,-52.763,75.3779,True,False
/Volumes/Data/Work/SEALTAGS/Prydz/ct182/v5_20251106/PROCESSED/NC/ct182-969F-24_hr1_prof_PROCESSED.nc,ct182-969F-24,61,2025-01-24 02:20:00,-52.8105,75.5353,True,False
/Volumes/Data/Work/SEALTAGS/Prydz/ct182/v5_20251106/PROCESSED/NC/ct182-969F-24_hr1_prof_PROCESSED.nc,ct182-969F-24,62,2025-01-24 14:20:00,-52.8741,75.6591,True,False
/Volumes/Data/Work/SEALTAGS/Prydz/ct182/v5_20251106/PROCESSED/NC/ct182-969F-24_hr1_prof_PROCESSED.nc,ct182-969F-24,63,2025-01-25 03:10:00,-52.7512,75.0664,True,False
/Volumes/Data/Work/SEALTAGS/Prydz/ct182/v5_20251106/PROCESSED/NC/ct182-969F-24_hr1_prof_PROCESSED.nc,ct182-969F-24,64,2025-01-25 06:30:00,-52.8014,75.0399,True,False
/Volumes/Data/Work/SEALTAGS/Prydz/ct182/v5_20251106/PROCESSED/NC/ct182-969F-24_hr1_prof_PROCESSED.nc,ct182-969F-24,65,2025-01-25 14:20:00,-52.8293,74.9932,True,False
/Volumes/Data/Work/SEALTAGS/Prydz/ct182/v5_20251106/PROCESSED/NC/ct182-969F-24_hr1_prof_PROCESSED.nc,ct182-969F-24,66,2025-01-25 22:30:00,-52.8563,74.9764,False,False
/Volumes/Data/Work/SEALTAGS/Prydz/ct182/v5_20251106/PROCESSED/NC/ct182-969F-24_hr1_prof_PROCESSED.nc,ct182-969F-24,67,2025-01-26 02:50:00,-52.828,75.0018,True,False
/Volumes/Data/Work/SEALTAGS/Prydz/ct182/v5_20251106/PROCESSED/NC/ct182-969F-24_hr1_prof_PROCESSED.nc,ct182-969F-24,68,2025-01-26 05:50:00,-52.8745,74.914,True,False
/Volumes/Data/Work/SEALTAGS/Prydz/ct182/v5_20251106/PROCESSED/NC/ct182-969F-24_hr1_prof_PROCESSED.nc,ct182-969F-24,69,2025-01-26 14:00:00,-52.96,74.9,True,False
/Volumes/Data/Work/SEALTAGS/Prydz/ct182/v5_20251106/PROCESSED/NC/ct182-969F-24_hr1_prof_PROCESSED.nc,ct182-969F-24,70,2025-01-27 02:10:00,-52.7601,75.1913,True,False
/Volumes/Data/Work/SEALTAGS/Prydz/ct182/v5_20251106/PROCESSED/NC/ct182-969F-24_hr1_prof_PROCESSED.nc,ct182-969F-24,71,2025-01-27 14:10:00,-52.8215,75.295,True,False
/Volumes/Data/Work/SEALTAGS/Prydz/ct182/v5_20251106/PROCESSED/NC/ct182-969F-24_hr1_prof_PROCESSED.nc,ct182-969F-24,72,2025-01-28 02:30:00,-52.8654,75.4286,True,False
/Volumes/Data/Work/SEALTAGS/Prydz/ct182/v5_20251106/PROCESSED/NC/ct182-969F-24_hr1_prof_PROCESSED.nc,ct182-969F-24,73,2025-01-28 15:10:00,-52.8218,75.2152,False,False
/Volumes/Data/Work/SEALTAGS/Prydz/ct182/v5_20251106/PROCESSED/NC/ct182-969F-24_hr1_prof_PROCESSED.nc,ct182-969F-24,74,2025-01-28 21:00:00,-52.8254,75.4551,False,False
/Volumes/Data/Work/SEALTAGS/Prydz/ct182/v5_20251106/PROCESSED/NC/ct182-969F-24_hr1_prof_PROCESSED.nc,ct182-969F-24,75,2025-01-29 02:10:00,-52.9206,75.425,True,False
/Volumes/Data/Work/SEALTAGS/Prydz/ct182/v5_20251106/PROCESSED/NC/ct182-969F-24_hr1_prof_PROCESSED.nc,ct182-969F-24,76,2025-01-29 14:20:00,-52.8114,75.3301,True,False
/Volumes/Data/Work/SEALTAGS/Prydz/ct182/v5_20251106/PROCESSED/NC/ct182-969F-24_hr1_prof_PROCESSED.nc,ct182-969F-24,77,2025-01-30 02:20:00,-52.7515,75.3857,True,False
/Volumes/Data/Work/SEALTAGS/Prydz/ct182/v5_20251106/PROCESSED/NC/ct182-969F-24_hr1_prof_PROCESSED.nc,ct182-969F-24,78,2025-01-30 14:10:00,-52.8397,75.3844,True,False
/Volumes/Data/Work/SEALTAGS/Prydz/ct182/v5_20251106/PROCESSED/NC/ct182-969F-24_hr1_prof_PROCESSED.nc,ct182-969F-24,79,2025-01-31 02:20:00,-52.8157,75.4915,True,False
/Volumes/Data/Work/SEALTAGS/Prydz/ct182/v5_20251106/PROCESSED/NC/ct182-969F-24_hr1_prof_PROCESSED.nc,ct182-969F-24,80,2025-01-31 14:20:00,-52.6839,75.5219,True,False
/Volumes/Data/Work/SEALTAGS/Prydz/ct182/v5_20251106/PROCESSED/NC/ct182-969F-24_hr1_prof_PROCESSED.nc,ct182-969F-24,81,2025-02-01 02:10:00,-52.7532,75.474,True,False
/Volumes/Data/Work/SEALTAGS/Prydz/ct182/v5_20251106/PROCESSED/NC/ct182-969F-24_hr1_prof_PROCESSED.nc,ct182-969F-24,82,2025-02-01 14:10:00,-52.9456,75.1217,True,False
/Volumes/Data/Work/SEALTAGS/Prydz/ct182/v5_20251106/PROCESSED/NC/ct182-969F-24_hr1_prof_PROCESSED.nc,ct182-969F-24,83,2025-02-02 03:10:00,-52.8078,75.1216,True,False
/Volumes/Data/Work/SEALTAGS/Prydz/ct182/v5_20251106/PROCESSED/NC/ct182-969F-24_hr1_prof_PROCESSED.nc,ct182-969F-24,84,2025-02-02 14:20:00,-52.9422,74.9683,True,False
/Volumes/Data/Work/SEALTAGS/Prydz/ct182/v5_20251106/PROCESSED/NC/ct182-969F-24_hr1_prof_PROCESSED.nc,ct182-969F-24,85,2025-02-03 03:00:00,-52.7442,74.9717,True,False
/Volumes/Data/Work/SEALTAGS/Prydz/ct182/v5_20251106/PROCESSED/NC/ct182-969F-24_hr1_prof_PROCESSED.nc,ct182-969F-24,86,2025-02-03 06:30:00,-52.8235,75.0173,True,False
/Volumes/Data/Work/SEALTAGS/Prydz/ct182/v5_20251106/PROCESSED/NC/ct182-969F-24_hr1_prof_PROCESSED.nc,ct182-969F-24,87,2025-02-04 03:00:00,-52.7387,75.2726,True,False
/Volumes/Data/Work/SEALTAGS/Prydz/ct182/v5_20251106/PROCESSED/NC/ct182-969F-24_hr1_prof_PROCESSED.nc,ct182-969F-24,88,2025-02-04 14:10:00,-52.7913,75.3711,True,False
/Volumes/Data/Work/SEALTAGS/Prydz/ct182/v5_20251106/PROCESSED/NC/ct182-969F-24_hr1_prof_PROCESSED.nc,ct182-969F-24,89,2025-02-05 02:00:00,-52.7732,75.4438,True,False
/Volumes/Data/Work/SEALTAGS/Prydz/ct182/v5_20251106/PROCESSED/NC/ct182-969F-24_hr1_prof_PROCESSED.nc,ct182-969F-24,90,2025-02-06 03:00:00,-52.7001,74.9547,True,False
/Volumes/Data/Work/SEALTAGS/Prydz/ct182/v5_20251106/PROCESSED/NC/ct182-969F-24_hr1_prof_PROCESSED.nc,ct182-969F-24,91,2025-02-06 09:50:00,-52.7593,74.985,True,False
/Volumes/Data/Work/SEALTAGS/Prydz/ct182/v5_20251106/PROCESSED/NC/ct182-969F-24_hr1_prof_PROCESSED.nc,ct182-969F-24,92,2025-02-06 14:20:00,-52.839,75.1268,True,False
/Volumes/Data/Work/SEALTAGS/Prydz/ct182/v5_20251106/PROCESSED/NC/ct182-969F-24_hr1_prof_PROCESSED.nc,ct182-969F-24,93,2025-02-07 02:30:00,-52.9266,75.4078,True,False
/Volumes/Data/Work/SEALTAGS/Prydz/ct182/v5_20251106/PROCESSED/NC/ct182-969F-24_hr1_prof_PROCESSED.nc,ct182-969F-24,94,2025-02-07 14:10:00,-53.0782,75.4097,True,False
/Volumes/Data/Work/SEALTAGS/Prydz/ct182/v5_20251106/PROCESSED/NC/ct182-969F-24_hr1_prof_PROCESSED.nc,ct182-969F-24,95,2025-02-08 02:10:00,-52.7966,75.4125,True,False
/Volumes/Data/Work/SEALTAGS/Prydz/ct182/v5_20251106/PROCESSED/NC/ct182-969F-24_hr1_prof_PROCESSED.nc,ct182-969F-24,96,2025-02-08 15:20:00,-52.5953,75.6152,False,False
/Volumes/Data/Work/SEALTAGS/Prydz/ct182/v5_20251106/PROCESSED/NC/ct182-969F-24_hr1_prof_PROCESSED.nc,ct182-969F-24,97,2025-02-09 03:10:00,-52.6589,75.1468,True,False
/Volumes/Data/Work/SEALTAGS/Prydz/ct182/v5_20251106/PROCESSED/NC/ct182-969F-24_hr1_prof_PROCESSED.nc,ct182-969F-24,98,2025-02-09 09:30:00,-52.7388,75.0555,True,False
/Volumes/Data/Work/SEALTAGS/Prydz/ct182/v5_20251106/PROCESSED/NC/ct182-969F-24_hr1_prof_PROCESSED.nc,ct182-969F-24,99,2025-02-09 14:00:00,-52.8066,75.1791,True,False
/Volumes/Data/Work/SEALTAGS/Prydz/ct182/v5_20251106/PROCESSED/NC/ct182-969F-24_hr1_prof_PROCESSED.nc,ct182-969F-24,100,2025-02-10 14:30:00,-52.946,75.2086,True,False
/Volumes/Data/Work/SEALTAGS/Prydz/ct182/v5_20251106/PROCESSED/NC/ct182-969F-24_hr1_prof_PROCESSED.nc,ct182-969F-24,101,2025-02-11 02:20:00,-52.8591,75.2589,True,False
/Volumes/Data/Work/SEALTAGS/Prydz/ct182/v5_20251106/PROCESSED/NC/ct182-969F-24_hr1_prof_PROCESSED.nc,ct182-969F-24,102,2025-02-11 15:00:00,-52.9279,75.284,False,False
/Volumes/Data/Work/SEALTAGS/Prydz/ct182/v5_20251106/PROCESSED/NC/ct182-969F-24_hr1_prof_PROCESSED.nc,ct182-969F-24,103,2025-02-11 16:20:00,-52.8884,75.3316,False,False
/Volumes/Data/Work/SEALTAGS/Prydz/ct182/v5_20251106/PROCESSED/NC/ct182-969F-24_hr1_prof_PROCESSED.nc,ct182-969F-24,104,2025-02-12 02:20:00,-52.7986,75.0458,True,False
/Volumes/Data/Work/SEALTAGS/Prydz/ct182/v5_20251106/PROCESSED/NC/ct182-969F-24_hr1_prof_PROCESSED.nc,ct182-969F-24,105,2025-02-12 14:40:00,-52.8413,75.0229,False,False
/Volumes/Data/Work/SEALTAGS/Prydz/ct182/v5_20251106/PROCESSED/NC/ct182-969F-24_hr1_prof_PROCESSED.nc,ct182-969F-24,106,2025-02-12 16:00:00,-52.8944,75.0335,False,False
/Volumes/Data/Work/SEALTAGS/Prydz/ct182/v5_20251106/PROCESSED/NC/ct182-969F-24_hr1_prof_PROCESSED.nc,ct182-969F-24,107,2025-02-13 02:20:00,-52.8695,74.7384,True,False
/Volumes/Data/Work/SEALTAGS/Prydz/ct182/v5_20251106/PROCESSED/NC/ct182-969F-24_hr1_prof_PROCESSED.nc,ct182-969F-24,108,2025-02-13 14:30:00,-52.9804,74.6674,True,False
/Volumes/Data/Work/SEALTAGS/Prydz/ct182/v5_20251106/PROCESSED/NC/ct182-969F-24_hr1_prof_PROCESSED.nc,ct182-969F-24,109,2025-02-13 15:20:00,-53.0152,74.6281,False,False
/Volumes/Data/Work/SEALTAGS/Prydz/ct182/v5_20251106/PROCESSED/NC/ct182-969F-24_hr1_prof_PROCESSED.nc,ct182-969F-24,110,2025-02-13 18:10:00,-53.0725,74.5588,False,False
/Volumes/Data/Work/SEALTAGS/Prydz/ct182/v5_20251106/PROCESSED/NC/ct182-969F-24_hr1_prof_PROCESSED.nc,ct182-969F-24,111,2025-02-14 02:00:00,-52.974,74.5236,True,False
/Volumes/Data/Work/SEALTAGS/Prydz/ct182/v5_20251106/PROCESSED/NC/ct182-969F-24_hr1_prof_PROCESSED.nc,ct182-969F-24,112,2025-02-14 03:40:00,-52.9868,74.5222,True,False
/Volumes/Data/Work/SEALTAGS/Prydz/ct182/v5_20251106/PROCESSED/NC/ct182-969F-24_hr1_prof_PROCESSED.nc,ct182-969F-24,113,2025-02-14 14:10:00,-52.9902,74.7084,True,False
/Volumes/Data/Work/SEALTAGS/Prydz/ct182/v5_20251106/PROCESSED/NC/ct182-969F-24_hr1_prof_PROCESSED.nc,ct182-969F-24,114,2025-02-14 16:50:00,-52.9602,75.0503,False,False
/Volumes/Data/Work/SEALTAGS/Prydz/ct182/v5_20251106/PROCESSED/NC/ct182-969F-24_hr1_prof_PROCESSED.nc,ct182-969F-24,115,2025-02-15 02:10:00,-52.9458,75.273,True,False
/Volumes/Data/Work/SEALTAGS/Prydz/ct182/v5_20251106/PROCESSED/NC/ct182-969F-24_hr1_prof_PROCESSED.nc,ct182-969F-24,116,2025-02-15 14:50:00,-53.05,75.3314,False,False
/Volumes/Data/Work/SEALTAGS/Prydz/ct182/v5_20251106/PROCESSED/NC/ct182-969F-24_hr1_prof_PROCESSED.nc,ct182-969F-24,117,2025-02-16 02:30:00,-52.8141,75.507,True,False
/Volumes/Data/Work/SEALTAGS/Prydz/ct182/v5_20251106/PROCESSED/NC/ct182-969F-24_hr1_prof_PROCESSED.nc,ct182-969F-24,118,2025-02-16 14:10:00,-52.7102,75.4941,True,False
/Volumes/Data/Work/SEALTAGS/Prydz/ct182/v5_20251106/PROCESSED/NC/ct182-969F-24_hr1_prof_PROCESSED.nc,ct182-969F-24,119,2025-02-17 03:00:00,-52.6501,75.5022,True,False
/Volumes/Data/Work/SEALTAGS/Prydz/ct182/v5_20251106/PROCESSED/NC/ct182-969F-24_hr1_prof_PROCESSED.nc,ct182-969F-24,120,2025-02-17 08:40:00,-52.6314,75.4887,True,False
/Volumes/Data/Work/SEALTAGS/Prydz/ct182/v5_20251106/PROCESSED/NC/ct182-969F-24_hr1_prof_PROCESSED.nc,ct182-969F-24,121,2025-02-17 14:30:00,-52.7311,75.5683,False,False
/Volumes/Data/Work/SEALTAGS/Prydz/ct182/v5_20251106/PROCESSED/NC/ct182-969F-24_hr1_prof_PROCESSED.nc,ct182-969F-24,122,2025-02-18 14:40:00,-52.9842,75.3245,False,False
/Volumes/Data/Work/SEALTAGS/Prydz/ct182/v5_20251106/PROCESSED/NC/ct182-969F-24_hr1_prof_PROCESSED.nc,ct182-969F-24,123,2025-02-18 23:50:00,-52.9693,75.5636,False,False
/Volumes/Data/Work/SEALTAGS/Prydz/ct182/v5_20251106/PROCESSED/NC/ct182-969F-24_hr1_prof_PROCESSED.nc,ct182-969F-24,124,2025-02-19 01:20:00,-52.9595,75.6271,True,False
/Volumes/Data/Work/SEALTAGS/Prydz/ct182/v5_20251106/PROCESSED/NC/ct182-969F-24_hr1_prof_PROCESSED.nc,ct182-969F-24,125,2025-02-19 14:10:00,-52.797,75.3667,True,False
/Volumes/Data/Work/SEALTAGS/Prydz/ct182/v5_20251106/PROCESSED/NC/ct182-969F-24_hr1_prof_PROCESSED.nc,ct182-969F-24,126,2025-02-19 22:30:00,-52.7612,74.9676,False,False
/Volumes/Data/Work/SEALTAGS/Prydz/ct182/v5_20251106/PROCESSED/NC/ct182-969F-24_hr1_prof_PROCESSED.nc,ct182-969F-24,127,2025-02-20 02:40:00,-52.7585,74.8613,True,False
/Volumes/Data/Work/SEALTAGS/Prydz/ct182/v5_20251106/PROCESSED/NC/ct182-969F-24_hr1_prof_PROCESSED.nc,ct182-969F-24,128,2025-02-20 14:20:00,-52.7676,74.9832,False,False
/Volumes/Data/Work/SEALTAGS/Prydz/ct182/v5_20251106/PROCESSED/NC/ct182-969F-24_hr1_prof_PROCESSED.nc,ct182-969F-24,129,2025-02-21 02:20:00,-52.6027,75.0074,True,False
/Volumes/Data/Work/SEALTAGS/Prydz/ct182/v5_20251106/PROCESSED/NC/ct182-969F-24_hr1_prof_PROCESSED.nc,ct182-969F-24,130,2025-02-21 15:20:00,-52.8955,74.8243,False,False
/Volumes/Data/Work/SEALTAGS/Prydz/ct182/v5_20251106/PROCESSED/NC/ct182-969F-24_hr1_prof_PROCESSED.nc,ct182-969F-24,131,2025-02-22 02:10:00,-52.9506,74.4813,True,False
/Volumes/Data/Work/SEALTAGS/Prydz/ct182/v5_20251106/PROCESSED/NC/ct182-969F-24_hr1_prof_PROCESSED.nc,ct182-969F-24,132,2025-02-22 07:00:00,-52.9573,74.5421,True,False
/Volumes/Data/Work/SEALTAGS/Prydz/ct182/v5_20251106/PROCESSED/NC/ct182-969F-24_hr1_prof_PROCESSED.nc,ct182-969F-24,133,2025-02-22 14:30:00,-52.9911,74.3978,False,False
/Volumes/Data/Work/SEALTAGS/Prydz/ct182/v5_20251106/PROCESSED/NC/ct182-969F-24_hr1_prof_PROCESSED.nc,ct182-969F-24,134,2025-02-23 02:10:00,-53.1166,74.176,True,False
/Volumes/Data/Work/SEALTAGS/Prydz/ct182/v5_20251106/PROCESSED/NC/ct182-969F-24_hr1_prof_PROCESSED.nc,ct182-969F-24,135,2025-02-23 03:30:00,-53.1173,74.1971,True,False
/Volumes/Data/Work/SEALTAGS/Prydz/ct182/v5_20251106/PROCESSED/NC/ct182-969F-24_hr1_prof_PROCESSED.nc,ct182-969F-24,136,2025-02-23 14:20:00,-53.1191,74.1326,False,False
/Volumes/Data/Work/SEALTAGS/Prydz/ct182/v5_20251106/PROCESSED/NC/ct182-969F-24_hr1_prof_PROCESSED.nc,ct182-969F-24,137,2025-02-27 18:00:00,-53.1593,73.7126,False,False
/Volumes/Data/Work/SEALTAGS/Prydz/ct182/v5_20251106/PROCESSED/NC/ct182-969F-24_hr1_prof_PROCESSED.nc,ct182-969F-24,138,2025-02-27 18:40:00,-53.1417,73.8128,False,False
/Volumes/Data/Work/SEALTAGS/Prydz/ct182/v5_20251106/PROCESSED/NC/ct182-969F-24_hr1_prof_PROCESSED.nc,ct182-969F-24,139,2025-02-27 19:20:00,-53.1544,73.8796,False,False
/Volumes/Data/Work/SEALTAGS/Prydz/ct182/v5_20251106/PROCESSED/NC/ct182-969F-24_hr1_prof_PROCESSED.nc,ct182-969F-24,140,2025-02-28 01:20:00,-53.1941,73.9462,True,False
/Volumes/Data/Work/SEALTAGS/Prydz/ct182/v5_20251106/PROCESSED/NC/ct182-969F-24_hr1_prof_PROCESSED.nc,ct182-969F-24,141,2025-02-28 16:00:00,-53.102,74.1742,False,False
/Volumes/Data/Work/SEALTAGS/Prydz/ct182/v5_20251106/PROCESSED/NC/ct182-969F-24_hr1_prof_PROCESSED.nc,ct182-969F-24,142,2025-02-28 17:00:00,-53.0819,74.2271,False,False
/Volumes/Data/Work/SEALTAGS/Prydz/ct182/v5_20251106/PROCESSED/NC/ct182-969F-24_hr1_prof_PROCESSED.nc,ct182-969F-24,143,2025-03-01 02:20:00,-52.9662,74.4956,True,False
/Volumes/Data/Work/SEALTAGS/Prydz/ct182/v5_20251106/PROCESSED/NC/ct182-969F-24_hr1_prof_PROCESSED.nc,ct182-969F-24,144,2025-03-01 18:20:00,-52.7917,74.9604,False,False
/Volumes/Data/Work/SEALTAGS/Prydz/ct182/v5_20251106/PROCESSED/NC/ct182-969F-24_hr1_prof_PROCESSED.nc,ct182-969F-24,145,2025-03-02 03:20:00,-52.7356,75.0488,True,False
/Volumes/Data/Work/SEALTAGS/Prydz/ct182/v5_20251106/PROCESSED/NC/ct182-969F-24_hr1_prof_PROCESSED.nc,ct182-969F-24,146,2025-03-02 15:10:00,-52.7986,75.1868,False,False
/Volumes/Data/Work/SEALTAGS/Prydz/ct182/v5_20251106/PROCESSED/NC/ct182-969F-24_hr1_prof_PROCESSED.nc,ct182-969F-24,147,2025-03-03 03:00:00,-52.6739,74.9708,True,False
/Volumes/Data/Work/SEALTAGS/Prydz/ct182/v5_20251106/PROCESSED/NC/ct182-969F-24_hr1_prof_PROCESSED.nc,ct182-969F-24,148,2025-03-03 15:20:00,-52.7268,74.772,False,False
/Volumes/Data/Work/SEALTAGS/Prydz/ct182/v5_20251106/PROCESSED/NC/ct182-969F-24_hr1_prof_PROCESSED.nc,ct182-969F-24,149,2025-03-03 16:30:00,-52.7252,74.7571,False,False
/Volumes/Data/Work/SEALTAGS/Prydz/ct182/v5_20251106/PROCESSED/NC/ct182-969F-24_hr1_prof_PROCESSED.nc,ct182-969F-24,150,2025-03-04 02:20:00,-52.9115,74.6399,True,False
/Volumes/Data/Work/SEALTAGS/Prydz/ct182/v5_20251106/PROCESSED/NC/ct182-969F-24_hr1_prof_PROCESSED.nc,ct182-969F-24,151,2025-03-04 16:50:00,-52.791,74.6206,False,False
/Volumes/Data/Work/SEALTAGS/Prydz/ct182/v5_20251106/PROCESSED/NC/ct182-969F-24_hr1_prof_PROCESSED.nc,ct182-969F-24,152,2025-03-05 07:40:00,-52.7166,74.5607,True,False
/Volumes/Data/Work/SEALTAGS/Prydz/ct182/v5_20251106/PROCESSED/NC/ct182-969F-24_hr1_prof_PROCESSED.nc,ct182-969F-24,153,2025-03-05 23:50:00,-52.5947,74.6887,False,False
/Volumes/Data/Work/SEALTAGS/Prydz/ct182/v5_20251106/PROCESSED/NC/ct182-969F-24_hr1_prof_PROCESSED.nc,ct182-969F-24,154,2025-03-06 02:30:00,-52.6162,74.7645,True,False
/Volumes/Data/Work/SEALTAGS/Prydz/ct182/v5_20251106/PROCESSED/NC/ct182-969F-24_hr1_prof_PROCESSED.nc,ct182-969F-24,155,2025-03-06 15:00:00,-52.6204,74.95,False,False
/Volumes/Data/Work/SEALTAGS/Prydz/ct182/v5_20251106/PROCESSED/NC/ct182-969F-24_hr1_prof_PROCESSED.nc,ct182-969F-24,156,2025-03-07 03:10:00,-52.611,74.8617,True,False
/Volumes/Data/Work/SEALTAGS/Prydz/ct182/v5_20251106/PROCESSED/NC/ct182-969F-24_hr1_prof_PROCESSED.nc,ct182-969F-24,157,2025-03-07 07:40:00,-52.652,74.9537,True,False
/Volumes/Data/Work/SEALTAGS/Prydz/ct182/v5_20251106/PROCESSED/NC/ct182-969F-24_hr1_prof_PROCESSED.nc,ct182-969F-24,158,2025-03-07 15:00:00,-52.6461,74.7698,False,False
/Volumes/Data/Work/SEALTAGS/Prydz/ct182/v5_20251106/PROCESSED/NC/ct182-969F-24_hr1_prof_PROCESSED.nc,ct182-969F-24,159,2025-03-07 16:10:00,-52.6537,74.7383,False,False
/Volumes/Data/Work/SEALTAGS/Prydz/ct182/v5_20251106/PROCESSED/NC/ct182-969F-24_hr1_prof_PROCESSED.nc,ct182-969F-24,160,2025-03-08 00:10:00,-52.6449,74.7823,False,False
/Volumes/Data/Work/SEALTAGS/Prydz/ct182/v5_20251106/PROCESSED/NC/ct182-969F-24_hr1_prof_PROCESSED.nc,ct182-969F-24,161,2025-03-08 15:20:00,-52.5521,74.8567,False,False
/Volumes/Data/Work/SEALTAGS/Prydz/ct182/v5_20251106/PROCESSED/NC/ct182-969F-24_hr1_prof_PROCESSED.nc,ct182-969F-24,162,2025-03-08 19:30:00,-52.6576,74.9052,False,False
/Volumes/Data/Work/SEALTAGS/Prydz/ct182/v5_20251106/PROCESSED/NC/ct182-969F-24_hr1_prof_PROCESSED.nc,ct182-969F-24,163,2025-03-09 14:20:00,-52.7791,74.9715,False,False
/Volumes/Data/Work/SEALTAGS/Prydz/ct182/v5_20251106/PROCESSED/NC/ct182-969F-24_hr1_prof_PROCESSED.nc,ct182-969F-24,164,2025-03-10 02:20:00,-52.7262,74.9713,True,False
/Volumes/Data/Work/SEALTAGS/Prydz/ct182/v5_20251106/PROCESSED/NC/ct182-969F-24_hr1_prof_PROCESSED.nc,ct182-969F-24,165,2025-03-10 14:10:00,-52.652,74.8691,False,False
/Volumes/Data/Work/SEALTAGS/Prydz/ct182/v5_20251106/PROCESSED/NC/ct182-969F-24_hr1_prof_PROCESSED.nc,ct182-969F-24,166,2025-03-11 02:10:00,-52.8476,74.9117,True,False
/Volumes/Data/Work/SEALTAGS/Prydz/ct182/v5_20251106/PROCESSED/NC/ct182-969F-24_hr1_prof_PROCESSED.nc,ct182-969F-24,167,2025-03-11 14:50:00,-52.6844,74.9207,False,False
/Volumes/Data/Work/SEALTAGS/Prydz/ct182/v5_20251106/PROCESSED/NC/ct182-969F-24_hr1_prof_PROCESSED.nc,ct182-969F-24,168,2025-03-12 02:30:00,-52.8037,74.9857,True,False
/Volumes/Data/Work/SEALTAGS/Prydz/ct182/v5_20251106/PROCESSED/NC/ct182-969F-24_hr1_prof_PROCESSED.nc,ct182-969F-24,169,2025-03-12 14:30:00,-52.9372,74.9767,False,False
/Volumes/Data/Work/SEALTAGS/Prydz/ct182/v5_20251106/PROCESSED/NC/ct182-969F-24_hr1_prof_PROCESSED.nc,ct182-969F-24,170,2025-03-13 02:40:00,-52.8517,74.874,True,False
/Volumes/Data/Work/SEALTAGS/Prydz/ct182/v5_20251106/PROCESSED/NC/ct182-969F-24_hr1_prof_PROCESSED.nc,ct182-969F-24,171,2025-03-13 14:20:00,-52.7506,74.7226,False,False
/Volumes/Data/Work/SEALTAGS/Prydz/ct182/v5_20251106/PROCESSED/NC/ct182-969F-24_hr1_prof_PROCESSED.nc,ct182-969F-24,172,2025-03-13 23:40:00,-52.7337,74.6911,False,False
/Volumes/Data/Work/SEALTAGS/Prydz/ct182/v5_20251106/PROCESSED/NC/ct182-969F-24_hr1_prof_PROCESSED.nc,ct182-969F-24,173,2025-03-14 02:10:00,-52.7695,74.7817,True,False
/Volumes/Data/Work/SEALTAGS/Prydz/ct182/v5_20251106/PROCESSED/NC/ct182-969F-24_hr1_prof_PROCESSED.nc,ct182-969F-24,174,2025-03-14 15:10:00,-52.7463,74.717,False,False
/Volumes/Data/Work/SEALTAGS/Prydz/ct182/v5_20251106/PROCESSED/NC/ct182-969F-24_hr1_prof_PROCESSED.nc,ct182-969F-24,175,2025-03-14 16:10:00,-52.7125,74.7259,False,False
/Volumes/Data/Work/SEALTAGS/Prydz/ct182/v5_20251106/PROCESSED/NC/ct182-969F-24_hr1_prof_PROCESSED.nc,ct182-969F-24,176,2025-03-15 09:20:00,-52.7514,74.5522,True,False
/Volumes/Data/Work/SEALTAGS/Prydz/ct182/v5_20251106/PROCESSED/NC/ct182-969F-24_hr1_prof_PROCESSED.nc,ct182-969F-24,177,2025-03-15 10:40:00,-52.7851,74.5351,True,False
/Volumes/Data/Work/SEALTAGS/Prydz/ct182/v5_20251106/PROCESSED/NC/ct182-969F-24_hr1_prof_PROCESSED.nc,ct182-969F-24,178,2025-03-15 12:20:00,-52.8336,74.5027,True,False
/Volumes/Data/Work/SEALTAGS/Prydz/ct182/v5_20251106/PROCESSED/NC/ct182-969F-24_hr1_prof_PROCESSED.nc,ct182-969F-24,179,2025-03-15 16:30:00,-52.8969,74.5179,False,False
/Volumes/Data/Work/SEALTAGS/Prydz/ct182/v5_20251106/PROCESSED/NC/ct182-969F-24_hr1_prof_PROCESSED.nc,ct182-969F-24,180,2025-03-16 13:30:00,-53.0054,74.4114,False,False
/Volumes/Data/Work/SEALTAGS/Prydz/ct182/v5_20251106/PROCESSED/NC/ct182-969F-24_hr1_prof_PROCESSED.nc,ct182-969F-24,181,2025-03-17 04:00:00,-53.085,74.7783,True,False
/Volumes/Data/Work/SEALTAGS/Prydz/ct182/v5_20251106/PROCESSED/NC/ct182-969F-24_hr1_prof_PROCESSED.nc,ct182-969F-24,182,2025-03-17 15:10:00,-52.9652,74.438,False,False
/Volumes/Data/Work/SEALTAGS/Prydz/ct182/v5_20251106/PROCESSED/NC/ct182-969F-24_hr1_prof_PROCESSED.nc,ct182-969F-24,183,2025-03-18 09:00:00,-52.9372,74.2603,True,False
/Volumes/Data/Work/SEALTAGS/Prydz/ct182/v5_20251106/PROCESSED/NC/ct182-969F-24_hr1_prof_PROCESSED.nc,ct182-969F-24,184,2025-03-18 21:00:00,-52.9255,74.3117,False,False
/Volumes/Data/Work/SEALTAGS/Prydz/ct182/v5_20251106/PROCESSED/NC/ct182-969F-24_hr1_prof_PROCESSED.nc,ct182-969F-24,185,2025-03-19 09:20:00,-52.9791,74.1642,True,False
/Volumes/Data/Work/SEALTAGS/Prydz/ct182/v5_20251106/PROCESSED/NC/ct182-969F-24_hr1_prof_PROCESSED.nc,ct182-969F-24,186,2025-03-19 11:10:00,-52.9728,74.2106,True,False
/Volumes/Data/Work/SEALTAGS/Prydz/ct182/v5_20251106/PROCESSED/NC/ct182-969F-24_hr1_prof_PROCESSED.nc,ct182-969F-24,187,2025-03-19 15:50:00,-52.9652,74.3301,False,False
/Volumes/Data/Work/SEALTAGS/Prydz/ct182/v5_20251106/PROCESSED/NC/ct182-969F-24_hr1_prof_PROCESSED.nc,ct182-969F-24,188,2025-03-20 09:10:00,-52.9363,74.3438,True,False
/Volumes/Data/Work/SEALTAGS/Prydz/ct182/v5_20251106/PROCESSED/NC/ct182-969F-24_hr1_prof_PROCESSED.nc,ct182-969F-24,189,2025-03-20 10:20:00,-52.9122,74.456,True,False
/Volumes/Data/Work/SEALTAGS/Prydz/ct182/v5_20251106/PROCESSED/NC/ct182-969F-24_hr1_prof_PROCESSED.nc,ct182-969F-24,190,2025-03-20 21:00:00,-52.9266,74.2091,False,False
/Volumes/Data/Work/SEALTAGS/Prydz/ct182/v5_20251106/PROCESSED/NC/ct182-969F-24_hr1_prof_PROCESSED.nc,ct182-969F-24,191,2025-03-20 21:10:00,-52.9159,74.2116,False,False
/Volumes/Data/Work/SEALTAGS/Prydz/ct182/v5_20251106/PROCESSED/NC/ct182-969F-24_hr1_prof_PROCESSED.nc,ct182-969F-24,192,2025-03-21 07:30:00,-52.9499,74.0754,True,False
/Volumes/Data/Work/SEALTAGS/Prydz/ct182/v5_20251106/PROCESSED/NC/ct182-969F-24_hr1_prof_PROCESSED.nc,ct182-969F-24,193,2025-03-21 21:00:00,-52.9888,74.2619,False,False
/Volumes/Data/Work/SEALTAGS/Prydz/ct182/v5_20251106/PROCESSED/NC/ct182-969F-24_hr1_prof_PROCESSED.nc,ct182-969F-24,194,2025-03-21 21:20:00,-52.9889,74.2698,False,False
/Volumes/Data/Work/SEALTAGS/Prydz/ct182/v5_20251106/PROCESSED/NC/ct182-969F-24_hr1_prof_PROCESSED.nc,ct182-969F-24,195,2025-03-21 22:30:00,-52.9855,74.3031,False,False
/Volumes/Data/Work/SEALTAGS/Prydz/ct182/v5_20251106/PROCESSED/NC/ct182-969F-24_hr1_prof_PROCESSED.nc,ct182-969F-24,196,2025-03-22 21:00:00,-52.9741,74.2117,False,False
/Volumes/Data/Work/SEALTAGS/Prydz/ct182/v5_20251106/PROCESSED/NC/ct182-969F-24_hr1_prof_PROCESSED.nc,ct182-969F-24,197,2025-03-23 07:10:00,-52.9306,74.2665,True,False
/Volumes/Data/Work/SEALTAGS/Prydz/ct182/v5_20251106/PROCESSED/NC/ct182-969F-24_hr1_prof_PROCESSED.nc,ct182-969F-24,198,2025-03-23 08:00:00,-52.9402,74.3021,True,False
/Volumes/Data/Work/SEALTAGS/Prydz/ct182/v5_20251106/PROCESSED/NC/ct182-969F-24_hr1_prof_PROCESSED.nc,ct182-969F-24,199,2025-03-23 09:10:00,-52.9537,74.3519,True,False
/Volumes/Data/Work/SEALTAGS/Prydz/ct182/v5_20251106/PROCESSED/NC/ct182-969F-24_hr1_prof_PROCESSED.nc,ct182-969F-24,200,2025-03-24 09:40:00,-52.7824,74.453,True,False
/Volumes/Data/Work/SEALTAGS/Prydz/ct182/v5_20251106/PROCESSED/NC/ct182-969F-24_hr1_prof_PROCESSED.nc,ct182-969F-24,201,2025-03-24 15:30:00,-52.7152,74.8296,False,False
/Volumes/Data/Work/SEALTAGS/Prydz/ct182/v5_20251106/PROCESSED/NC/ct182-969F-24_hr1_prof_PROCESSED.nc,ct182-969F-24,202,2025-03-24 16:50:00,-52.6735,74.9158,False,False
/Volumes/Data/Work/SEALTAGS/Prydz/ct182/v5_20251106/PROCESSED/NC/ct182-969F-24_hr1_prof_PROCESSED.nc,ct182-969F-24,203,2025-03-25 02:00:00,-52.6655,74.8755,True,False
/Volumes/Data/Work/SEALTAGS/Prydz/ct182/v5_20251106/PROCESSED/NC/ct182-969F-24_hr1_prof_PROCESSED.nc,ct182-969F-24,204,2025-03-25 14:30:00,-52.6824,74.6942,False,False
/Volumes/Data/Work/SEALTAGS/Prydz/ct182/v5_20251106/PROCESSED/NC/ct182-969F-24_hr1_prof_PROCESSED.nc,ct182-969F-24,205,2025-03-26 02:20:00,-52.7296,74.7442,True,False
/Volumes/Data/Work/SEALTAGS/Prydz/ct182/v5_20251106/PROCESSED/NC/ct182-969F-24_hr1_prof_PROCESSED.nc,ct182-969F-24,206,2025-03-26 14:50:00,-52.8199,74.9323,False,False
/Volumes/Data/Work/SEALTAGS/Prydz/ct182/v5_20251106/PROCESSED/NC/ct182-969F-24_hr1_prof_PROCESSED.nc,ct182-969F-24,207,2025-03-27 03:20:00,-52.619,74.8522,True,False
/Volumes/Data/Work/SEALTAGS/Prydz/ct182/v5_20251106/PROCESSED/NC/ct182-969F-24_hr1_prof_PROCESSED.nc,ct182-969F-24,208,2025-03-27 04:50:00,-52.5535,74.8632,True,False
/Volumes/Data/Work/SEALTAGS/Prydz/ct182/v5_20251106/PROCESSED/NC/ct182-969F-24_hr1_prof_PROCESSED.nc,ct182-969F-24,209,2025-03-27 17:20:00,-52.616,74.7328,False,False
/Volumes/Data/Work/SEALTAGS/Prydz/ct182/v5_20251106/PROCESSED/NC/ct182-969F-24_hr1_prof_PROCESSED.nc,ct182-969F-24,210,2025-03-27 18:00:00,-52.6563,74.7324,False,False
/Volumes/Data/Work/SEALTAGS/Prydz/ct182/v5_20251106/PROCESSED/NC/ct182-969F-24_hr1_prof_PROCESSED.nc,ct182-969F-24,211,2025-03-28 02:10:00,-52.6715,74.9869,True,False
/Volumes/Data/Work/SEALTAGS/Prydz/ct182/v5_20251106/PROCESSED/NC/ct182-969F-24_hr1_prof_PROCESSED.nc,ct182-969F-24,212,2025-03-28 21:20:00,-52.678,74.491,False,False
/Volumes/Data/Work/SEALTAGS/Prydz/ct182/v5_20251106/PROCESSED/NC/ct182-969F-24_hr1_prof_PROCESSED.nc,ct182-969F-24,213,2025-03-29 03:30:00,-52.6258,74.7361,True,False
/Volumes/Data/Work/SEALTAGS/Prydz/ct182/v5_20251106/PROCESSED/NC/ct182-969F-24_hr1_prof_PROCESSED.nc,ct182-969F-24,214,2025-03-30 03:30:00,-52.8087,74.5021,True,False
/Volumes/Data/Work/SEALTAGS/Prydz/ct182/v5_20251106/PROCESSED/NC/ct182-969F-24_hr1_prof_PROCESSED.nc,ct182-969F-24,215,2025-03-30 11:20:00,-52.8478,74.4465,True,False
/Volumes/Data/Work/SEALTAGS/Prydz/ct182/v5_20251106/PROCESSED/NC/ct182-969F-24_hr1_prof_PROCESSED.nc,ct182-969F-24,216,2025-03-30 14:50:00,-52.8975,74.4158,False,False
/Volumes/Data/Work/SEALTAGS/Prydz/ct182/v5_20251106/PROCESSED/NC/ct182-969F-24_hr1_prof_PROCESSED.nc,ct182-969F-24,217,2025-03-30 16:20:00,-52.9185,74.5077,False,False
/Volumes/Data/Work/SEALTAGS/Prydz/ct182/v5_20251106/PROCESSED/NC/ct182-969F-24_hr1_prof_PROCESSED.nc,ct182-969F-24,218,2025-03-31 09:20:00,-52.9721,74.3598,True,False
/Volumes/Data/Work/SEALTAGS/Prydz/ct182/v5_20251106/PROCESSED/NC/ct182-969F-24_hr1_prof_PROCESSED.nc,ct182-969F-24,219,2025-03-31 10:00:00,-52.9676,74.3533,True,False
/Volumes/Data/Work/SEALTAGS/Prydz/ct182/v5_20251106/PROCESSED/NC/ct182-969F-24_hr1_prof_PROCESSED.nc,ct182-969F-24,220,2025-04-01 04:40:00,-52.9845,74.1709,True,False
/Volumes/Data/Work/SEALTAGS/Prydz/ct182/v5_20251106/PROCESSED/NC/ct182-969F-24_hr1_prof_PROCESSED.nc,ct182-969F-24,221,2025-04-05 19:30:00,-53.2795,73.578,False,False
/Volumes/Data/Work/SEALTAGS/Prydz/ct182/v5_20251106/PROCESSED/NC/ct182-969F-24_hr1_prof_PROCESSED.nc,ct182-969F-24,222,2025-04-05 20:00:00,-53.2885,73.5661,False,False
/Volumes/Data/Work/SEALTAGS/Prydz/ct182/v5_20251106/PROCESSED/NC/ct182-969F-24_hr1_prof_PROCESSED.nc,ct182-969F-24,223,2025-04-05 20:30:00,-53.2975,73.5542,False,False
/Volumes/Data/Work/SEALTAGS/Prydz/ct182/v5_20251106/PROCESSED/NC/ct182-969F-24_hr1_prof_PROCESSED.nc,ct182-969F-24,224,2025-04-06 10:30:00,-53.2362,73.5829,True,False
/Volumes/Data/Work/SEALTAGS/Prydz/ct182/v5_20251106/PROCESSED/NC/ct182-969F-24_hr1_prof_PROCESSED.nc,ct182-969F-24,225,2025-04-06 15:30:00,-53.2754,73.6752,False,False
/Volumes/Data/Work/SEALTAGS/Prydz/ct182/v5_20251106/PROCESSED/NC/ct182-969F-24_hr1_prof_PROCESSED.nc,ct182-969F-24,226,2025-04-07 10:10:00,-53.2549,73.6745,True,False
/Volumes/Data/Work/SEALTAGS/Prydz/ct182/v5_20251106/PROCESSED/NC/ct182-969F-24_hr1_prof_PROCESSED.nc,ct182-969F-24,227,2025-04-07 15:20:00,-53.2747,73.6621,False,False
/Volumes/Data/Work/SEALTAGS/Prydz/ct182/v5_20251106/PROCESSED/NC/ct182-969F-24_hr1_prof_PROCESSED.nc,ct182-969F-24,228,2025-04-07 20:00:00,-53.2834,73.7193,False,False
/Volumes/Data/Work/SEALTAGS/Prydz/ct182/v5_20251106/PROCESSED/NC/ct182-969F-24_hr1_prof_PROCESSED.nc,ct182-969F-24,229,2025-04-08 09:20:00,-53.222,73.8453,True,False
/Volumes/Data/Work/SEALTAGS/Prydz/ct182/v5_20251106/PROCESSED/NC/ct182-969F-24_hr1_prof_PROCESSED.nc,ct182-969F-24,230,2025-04-08 11:30:00,-53.2296,73.8496,True,False
/Volumes/Data/Work/SEALTAGS/Prydz/ct182/v5_20251106/PROCESSED/NC/ct182-969F-24_hr1_prof_PROCESSED.nc,ct182-969F-24,231,2025-04-08 17:10:00,-53.2693,73.9186,False,False
/Volumes/Data/Work/SEALTAGS/Prydz/ct182/v5_20251106/PROCESSED/NC/ct182-969F-24_hr1_prof_PROCESSED.nc,ct182-969F-24,232,2025-04-09 03:30:00,-53.2729,73.754,True,False
/Volumes/Data/Work/SEALTAGS/Prydz/ct182/v5_20251106/PROCESSED/NC/ct182-969F-24_hr1_prof_PROCESSED.nc,ct182-969F-24,233,2025-04-09 16:00:00,-53.2931,73.713,False,False
/Volumes/Data/Work/SEALTAGS/Prydz/ct182/v5_20251106/PROCESSED/NC/ct182-969F-24_hr1_prof_PROCESSED.nc,ct182-969F-24,234,2025-04-10 03:20:00,-53.2657,73.6317,True,False
/Volumes/Data/Work/SEALTAGS/Prydz/ct182/v5_20251106/PROCESSED/NC/ct182-969F-24_hr1_prof_PROCESSED.nc,ct182-969F-24,235,2025-04-10 04:00:00,-53.2577,73.6356,True,False
/Volumes/Data/Work/SEALTAGS/Prydz/ct182/v5_20251106/PROCESSED/NC/ct182-969F-24_hr1_prof_PROCESSED.nc,ct182-969F-24,236,2025-04-10 15:00:00,-53.2882,73.5093,False,False
/Volumes/Data/Work/SEALTAGS/Prydz/ct182/v5_20251106/PROCESSED/NC/ct182-969F-24_hr1_prof_PROCESSED.nc,ct182-969F-24,237,2025-04-11 03:40:00,-53.2628,73.5645,True,False
/Volumes/Data/Work/SEALTAGS/Prydz/ct182/v5_20251106/PROCESSED/NC/ct182-969F-24_hr1_prof_PROCESSED.nc,ct182-969F-24,238,2025-04-11 09:00:00,-53.2578,73.6314,True,False
/Volumes/Data/Work/SEALTAGS/Prydz/ct182/v5_20251106/PROCESSED/NC/ct182-969F-24_hr1_prof_PROCESSED.nc,ct182-969F-24,239,2025-04-11 15:20:00,-53.3327,73.5224,False,False
/Volumes/Data/Work/SEALTAGS/Prydz/ct182/v5_20251106/PROCESSED/NC/ct182-969F-24_hr1_prof_PROCESSED.nc,ct182-969F-24,240,2025-04-12 03:30:00,-53.2786,73.3265,True,False
/Volumes/Data/Work/SEALTAGS/Prydz/ct182/v5_20251106/PROCESSED/NC/ct182-969F-24_hr1_prof_PROCESSED.nc,ct182-969F-24,241,2025-04-13 04:20:00,-53.278,73.1735,True,False
/Volumes/Data/Work/SEALTAGS/Prydz/ct182/v5_20251106/PROCESSED/NC/ct182-969F-24_hr1_prof_PROCESSED.nc,ct182-969F-24,242,2025-04-13 05:10:00,-53.2742,73.1744,True,False
/Volumes/Data/Work/SEALTAGS/Prydz/ct182/v5_20251106/PROCESSED/NC/ct182-969F-24_hr1_prof_PROCESSED.nc,ct182-969F-24,243,2025-04-13 14:40:00,-53.2975,73.3663,False,False
/Volumes/Data/Work/SEALTAGS/Prydz/ct182/v5_20251106/PROCESSED/NC/ct182-969F-24_hr1_prof_PROCESSED.nc,ct182-969F-24,244,2025-04-14 07:40:00,-53.1577,73.3709,True,False
/Volumes/Data/Work/SEALTAGS/Prydz/ct182/v5_20251106/PROCESSED/NC/ct182-969F-24_hr1_prof_PROCESSED.nc,ct182-969F-24,245,2025-04-14 21:10:00,-53.2468,73.6398,False,False
/Volumes/Data/Work/SEALTAGS/Prydz/ct182/v5_20251106/PROCESSED/NC/ct182-969F-24_hr1_prof_PROCESSED.nc,ct182-969F-24,246,2025-04-14 23:50:00,-53.2267,73.6239,False,False
/Volumes/Data/Work/SEALTAGS/Prydz/ct182/v5_20251106/PROCESSED/NC/ct182-969F-24_hr1_prof_PROCESSED.nc,ct182-969F-24,247,2025-04-15 03:10:00,-53.2759,73.4513,True,False
/Volumes/Data/Work/SEALTAGS/Prydz/ct182/v5_20251106/PROCESSED/NC/ct182-969F-24_hr1_prof_PROCESSED.nc,ct182-969F-24,248,2025-04-15 05:20:00,-53.3039,73.3823,True,False
/Volumes/Data/Work/SEALTAGS/Prydz/ct182/v5_20251106/PROCESSED/NC/ct182-969F-24_hr1_prof_PROCESSED.nc,ct182-969F-24,249,2025-04-15 15:40:00,-53.2995,73.531,False,False
/Volumes/Data/Work/SEALTAGS/Prydz/ct182/v5_20251106/PROCESSED/NC/ct182-969F-24_hr1_prof_PROCESSED.nc,ct182-969F-24,250,2025-04-15 21:10:00,-53.2505,73.482,False,False
/Volumes/Data/Work/SEALTAGS/Prydz/ct182/v5_20251106/PROCESSED/NC/ct182-969F-24_hr1_prof_PROCESSED.nc,ct182-969F-24,251,2025-04-16 10:10:00,-53.2906,73.465,True,False
/Volumes/Data/Work/SEALTAGS/Prydz/ct182/v5_20251106/PROCESSED/NC/ct182-969F-24_hr1_prof_PROCESSED.nc,ct182-969F-24,252,2025-04-16 10:30:00,-53.2943,73.4598,True,False
/Volumes/Data/Work/SEALTAGS/Prydz/ct182/v5_20251106/PROCESSED/NC/ct182-969F-24_hr1_prof_PROCESSED.nc,ct182-969F-24,253,2025-04-16 11:40:00,-53.307,73.4414,True,False
/Volumes/Data/Work/SEALTAGS/Prydz/ct182/v5_20251106/PROCESSED/NC/ct182-969F-24_hr1_prof_PROCESSED.nc,ct182-969F-24,254,2025-04-16 15:40:00,-53.2968,73.4032,False,False
/Volumes/Data/Work/SEALTAGS/Prydz/ct182/v5_20251106/PROCESSED/NC/ct182-969F-24_hr1_prof_PROCESSED.nc,ct182-969F-24,255,2025-04-17 03:20:00,-53.2813,73.7189,True,False
/Volumes/Data/Work/SEALTAGS/Prydz/ct182/v5_20251106/PROCESSED/NC/ct182-969F-24_hr1_prof_PROCESSED.nc,ct182-969F-24,256,2025-04-18 03:30:00,-53.2412,73.4545,True,False
/Volumes/Data/Work/SEALTAGS/Prydz/ct182/v5_20251106/PROCESSED/NC/ct182-969F-24_hr1_prof_PROCESSED.nc,ct182-969F-24,257,2025-04-18 20:20:00,-53.2744,72.9577,False,False
/Volumes/Data/Work/SEALTAGS/Prydz/ct182/v5_20251106/PROCESSED/NC/ct182-969F-24_hr1_prof_PROCESSED.nc,ct182-969F-24,258,2025-04-19 03:20:00,-53.2448,72.877,True,False
/Volumes/Data/Work/SEALTAGS/Prydz/ct182/v5_20251106/PROCESSED/NC/ct182-969F-24_hr1_prof_PROCESSED.nc,ct182-969F-24,259,2025-04-19 15:10:00,-53.222,72.399,False,False
/Volumes/Data/Work/SEALTAGS/Prydz/ct182/v5_20251106/PROCESSED/NC/ct182-969F-24_hr1_prof_PROCESSED.nc,ct182-969F-24,260,2025-04-19 17:40:00,-53.2616,72.8279,False,False
/Volumes/Data/Work/SEALTAGS/Prydz/ct182/v5_20251106/PROCESSED/NC/ct182-969F-24_hr1_prof_PROCESSED.nc,ct182-969F-24,261,2025-04-19 18:40:00,-53.2508,72.8704,False,False
/Volumes/Data/Work/SEALTAGS/Prydz/ct182/v5_20251106/PROCESSED/NC/ct182-969F-24_hr1_prof_PROCESSED.nc,ct182-969F-24,262,2025-04-20 03:50:00,-53.1996,73.1027,True,False
/Volumes/Data/Work/SEALTAGS/Prydz/ct182/v5_20251106/PROCESSED/NC/ct182-969F-24_hr1_prof_PROCESSED.nc,ct182-969F-24,263,2025-04-20 06:20:00,-53.2833,73.1112,True,False
/Volumes/Data/Work/SEALTAGS/Prydz/ct182/v5_20251106/PROCESSED/NC/ct182-969F-24_hr1_prof_PROCESSED.nc,ct182-969F-24,264,2025-04-20 21:10:00,-53.032,73.276,False,False
/Volumes/Data/Work/SEALTAGS/Prydz/ct182/v5_20251106/PROCESSED/NC/ct182-969F-24_hr1_prof_PROCESSED.nc,ct182-969F-24,265,2025-04-21 09:20:00,-52.8779,73.3624,True,False
/Volumes/Data/Work/SEALTAGS/Prydz/ct182/v5_20251106/PROCESSED/NC/ct182-969F-24_hr1_prof_PROCESSED.nc,ct182-969F-24,266,2025-04-21 20:20:00,-52.9585,74.0615,False,False
/Volumes/Data/Work/SEALTAGS/Prydz/ct182/v5_20251106/PROCESSED/NC/ct182-969F-24_hr1_prof_PROCESSED.nc,ct182-969F-24,267,2025-04-22 00:00:00,-53.0154,74.2412,False,False
/Volumes/Data/Work/SEALTAGS/Prydz/ct182/v5_20251106/PROCESSED/NC/ct182-969F-24_hr1_prof_PROCESSED.nc,ct182-969F-24,268,2025-04-22 15:20:00,-52.9378,74.4565,False,False
/Volumes/Data/Work/SEALTAGS/Prydz/ct182/v5_20251106/PROCESSED/NC/ct182-969F-24_hr1_prof_PROCESSED.nc,ct182-969F-24,269,2025-04-23 03:40:00,-53.0307,74.2388,True,False
/Volumes/Data/Work/SEALTAGS/Prydz/ct182/v5_20251106/PROCESSED/NC/ct182-969F-24_hr1_prof_PROCESSED.nc,ct182-969F-24,270,2025-04-23 06:00:00,-53.0581,74.2345,True,False
/Volumes/Data/Work/SEALTAGS/Prydz/ct182/v5_20251106/PROCESSED/NC/ct182-969F-24_hr1_prof_PROCESSED.nc,ct182-969F-24,271,2025-04-24 09:10:00,-52.8586,74.3094,True,False
/Volumes/Data/Work/SEALTAGS/Prydz/ct182/v5_20251106/PROCESSED/NC/ct182-969F-24_hr1_prof_PROCESSED.nc,ct182-969F-24,272,2025-04-24 17:20:00,-52.7409,74.4593,False,False
/Volumes/Data/Work/SEALTAGS/Prydz/ct182/v5_20251106/PROCESSED/NC/ct182-969F-24_hr1_prof_PROCESSED.nc,ct182-969F-24,273,2025-04-25 03:40:00,-52.6741,74.8323,True,False
/Volumes/Data/Work/SEALTAGS/Prydz/ct182/v5_20251106/PROCESSED/NC/ct182-969F-24_hr1_prof_PROCESSED.nc,ct182-969F-24,274,2025-04-26 09:00:00,-52.7575,74.4631,True,False
/Volumes/Data/Work/SEALTAGS/Prydz/ct182/v5_20251106/PROCESSED/NC/ct182-969F-24_hr1_prof_PROCESSED.nc,ct182-969F-24,275,2025-04-26 09:50:00,-52.7537,74.4756,True,False
/Volumes/Data/Work/SEALTAGS/Prydz/ct182/v5_20251106/PROCESSED/NC/ct182-969F-24_hr1_prof_PROCESSED.nc,ct182-969F-24,276,2025-04-26 16:10:00,-52.8002,74.5957,False,False
/Volumes/Data/Work/SEALTAGS/Prydz/ct182/v5_20251106/PROCESSED/NC/ct182-969F-24_hr1_prof_PROCESSED.nc,ct182-969F-24,277,2025-04-27 08:10:00,-52.7548,74.5783,True,False
/Volumes/Data/Work/SEALTAGS/Prydz/ct182/v5_20251106/PROCESSED/NC/ct182-969F-24_hr1_prof_PROCESSED.nc,ct182-969F-24,278,2025-04-27 10:20:00,-52.7453,74.6155,True,False
/Volumes/Data/Work/SEALTAGS/Prydz/ct182/v5_20251106/PROCESSED/NC/ct182-969F-24_hr1_prof_PROCESSED.nc,ct182-969F-24,279,2025-04-27 11:30:00,-52.7415,74.6352,True,False
/Volumes/Data/Work/SEALTAGS/Prydz/ct182/v5_20251106/PROCESSED/NC/ct182-969F-24_hr1_prof_PROCESSED.nc,ct182-969F-24,280,2025-04-27 15:40:00,-52.7593,74.7222,False,False
/Volumes/Data/Work/SEALTAGS/Prydz/ct182/v5_20251106/PROCESSED/NC/ct182-969F-24_hr1_prof_PROCESSED.nc,ct182-969F-24,281,2025-04-28 10:40:00,-52.6995,74.8012,True,False
/Volumes/Data/Work/SEALTAGS/Prydz/ct182/v5_20251106/PROCESSED/NC/ct182-969F-24_hr1_prof_PROCESSED.nc,ct182-969F-24,282,2025-04-28 14:50:00,-52.7505,74.8124,False,False
/Volumes/Data/Work/SEALTAGS/Prydz/ct182/v5_20251106/PROCESSED/NC/ct182-969F-24_hr1_prof_PROCESSED.nc,ct182-969F-24,283,2025-04-29 09:40:00,-52.8089,74.3256,True,False
/Volumes/Data/Work/SEALTAGS/Prydz/ct182/v5_20251106/PROCESSED/NC/ct182-969F-24_hr1_prof_PROCESSED.nc,ct182-969F-24,284,2025-04-29 20:10:00,-53.0187,74.3147,False,False
/Volumes/Data/Work/SEALTAGS/Prydz/ct182/v5_20251106/PROCESSED/NC/ct182-969F-24_hr1_prof_PROCESSED.nc,ct182-969F-24,285,2025-04-30 05:10:00,-53.0384,74.2082,True,False
/Volumes/Data/Work/SEALTAGS/Prydz/ct182/v5_20251106/PROCESSED/NC/ct182-969F-24_hr1_prof_PROCESSED.nc,ct182-969F-24,286,2025-04-30 06:00:00,-53.029,74.2108,True,False
/Volumes/Data/Work/SEALTAGS/Prydz/ct182/v5_20251106/PROCESSED/NC/ct182-969F-24_hr1_prof_PROCESSED.nc,ct182-969F-24,287,2025-04-30 15:50:00,-53.0978,74.1206,False,False
/Volumes/Data/Work/SEALTAGS/Prydz/ct182/v5_20251106/PROCESSED/NC/ct182-969F-24_hr1_prof_PROCESSED.nc,ct182-969F-24,288,2025-05-01 03:00:00,-53.1933,74.0404,True,False
/Volumes/Data/Work/SEALTAGS/Prydz/ct182/v5_20251106/PROCESSED/NC/ct182-969F-24_hr1_prof_PROCESSED.nc,ct182-969F-24,289,2025-05-01 03:40:00,-53.1708,73.9951,True,False
/Volumes/Data/Work/SEALTAGS/Prydz/ct182/v5_20251106/PROCESSED/NC/ct182-969F-24_hr1_prof_PROCESSED.nc,ct182-969F-24,290,2025-05-13 22:10:00,-53.0503,73.9569,False,False
/Volumes/Data/Work/SEALTAGS/Prydz/ct182/v5_20251106/PROCESSED/NC/ct182-969F-24_hr1_prof_PROCESSED.nc,ct182-969F-24,291,2025-05-14 03:10:00,-52.9971,74.0668,True,False
/Volumes/Data/Work/SEALTAGS/Prydz/ct182/v5_20251106/PROCESSED/NC/ct182-969F-24_hr1_prof_PROCESSED.nc,ct182-969F-24,292,2025-05-14 15:10:00,-52.9669,74.0368,False,False
/Volumes/Data/Work/SEALTAGS/Prydz/ct182/v5_20251106/PROCESSED/NC/ct182-969F-24_hr1_prof_PROCESSED.nc,ct182-969F-24,293,2025-05-15 09:20:00,-52.904,74.2389,True,False
/Volumes/Data/Work/SEALTAGS/Prydz/ct182/v5_20251106/PROCESSED/NC/ct182-969F-24_hr1_prof_PROCESSED.nc,ct182-969F-24,294,2025-05-16 09:10:00,-52.8933,74.3545,True,False
/Volumes/Data/Work/SEALTAGS/Prydz/ct182/v5_20251106/PROCESSED/NC/ct182-969F-24_hr1_prof_PROCESSED.nc,ct182-969F-24,295,2025-05-16 20:30:00,-52.8636,74.4553,False,False
/Volumes/Data/Work/SEALTAGS/Prydz/ct182/v5_20251106/PROCESSED/NC/ct182-969F-24_hr1_prof_PROCESSED.nc,ct182-969F-24,296,2025-05-17 08:20:00,-52.9291,74.4127,True,False
/Volumes/Data/Work/SEALTAGS/Prydz/ct182/v5_20251106/PROCESSED/NC/ct182-969F-24_hr1_prof_PROCESSED.nc,ct182-969F-24,297,2025-05-17 15:20:00,-52.7777,74.6278,False,False
/Volumes/Data/Work/SEALTAGS/Prydz/ct182/v5_20251106/PROCESSED/NC/ct182-969F-24_hr1_prof_PROCESSED.nc,ct182-969F-24,298,2025-05-18 06:10:00,-52.6988,74.5539,True,False
/Volumes/Data/Work/SEALTAGS/Prydz/ct182/v5_20251106/PROCESSED/NC/ct182-969F-24_hr1_prof_PROCESSED.nc,ct182-969F-24,299,2025-05-18 15:10:00,-52.693,74.5544,False,False
/Volumes/Data/Work/SEALTAGS/Prydz/ct182/v5_20251106/PROCESSED/NC/ct182-969F-24_hr1_prof_PROCESSED.nc,ct182-969F-24,300,2025-05-19 08:10:00,-52.7056,74.4338,True,False
/Volumes/Data/Work/SEALTAGS/Prydz/ct182/v5_20251106/PROCESSED/NC/ct182-969F-24_hr1_prof_PROCESSED.nc,ct182-969F-24,301,2025-05-19 18:40:00,-52.7756,74.7361,False,False
/Volumes/Data/Work/SEALTAGS/Prydz/ct182/v5_20251106/PROCESSED/NC/ct182-969F-24_hr1_prof_PROCESSED.nc,ct182-969F-24,302,2025-05-20 02:20:00,-52.6959,74.9053,False,False
/Volumes/Data/Work/SEALTAGS/Prydz/ct182/v5_20251106/PROCESSED/NC/ct182-969F-24_hr1_prof_PROCESSED.nc,ct182-969F-24,303,2025-05-20 15:50:00,-52.6031,74.761,False,False
/Volumes/Data/Work/SEALTAGS/Prydz/ct182/v5_20251106/PROCESSED/NC/ct182-969F-24_hr1_prof_PROCESSED.nc,ct182-969F-24,304,2025-05-21 08:30:00,-52.7539,74.5496,True,False
/Volumes/Data/Work/SEALTAGS/Prydz/ct182/v5_20251106/PROCESSED/NC/ct182-969F-24_hr1_prof_PROCESSED.nc,ct182-969F-24,305,2025-05-22 09:30:00,-52.5733,74.5531,True,False
/Volumes/Data/Work/SEALTAGS/Prydz/ct182/v5_20251106/PROCESSED/NC/ct182-969F-24_hr1_prof_PROCESSED.nc,ct182-969F-24,306,2025-05-22 15:20:00,-52.6035,74.8072,False,False
/Volumes/Data/Work/SEALTAGS/Prydz/ct182/v5_20251106/PROCESSED/NC/ct182-969F-24_hr1_prof_PROCESSED.nc,ct182-969F-24,307,2025-05-22 17:00:00,-52.6019,74.843,False,False
/Volumes/Data/Work/SEALTAGS/Prydz/ct182/v5_20251106/PROCESSED/NC/ct182-969F-24_hr1_prof_PROCESSED.nc,ct182-969F-24,308,2025-05-22 17:50:00,-52.6518,74.8809,False,False
/Volumes/Data/Work/SEALTAGS/Prydz/ct182/v5_20251106/PROCESSED/NC/ct182-969F-24_hr1_prof_PROCESSED.nc,ct182-969F-24,309,2025-05-23 08:30:00,-52.6664,74.4766,True,False
/Volumes/Data/Work/SEALTAGS/Prydz/ct182/v5_20251106/PROCESSED/NC/ct182-969F-24_hr1_prof_PROCESSED.nc,ct182-969F-24,310,2025-05-23 20:30:00,-52.6581,74.7741,False,False
/Volumes/Data/Work/SEALTAGS/Prydz/ct182/v5_20251106/PROCESSED/NC/ct182-969F-24_hr1_prof_PROCESSED.nc,ct182-969F-24,311,2025-05-24 09:10:00,-52.609,74.5792,True,False
/Volumes/Data/Work/SEALTAGS/Prydz/ct182/v5_20251106/PROCESSED/NC/ct182-969F-24_hr1_prof_PROCESSED.nc,ct182-969F-24,312,2025-05-24 21:00:00,-52.6326,74.6139,False,False
/Volumes/Data/Work/SEALTAGS/Prydz/ct182/v5_20251106/PROCESSED/NC/ct182-969F-24_hr1_prof_PROCESSED.nc,ct182-969F-24,313,2025-05-25 08:50:00,-52.6169,74.6707,True,False
/Volumes/Data/Work/SEALTAGS/Prydz/ct182/v5_20251106/PROCESSED/NC/ct182-969F-24_hr1_prof_PROCESSED.nc,ct182-969F-24,314,2025-05-25 21:10:00,-52.643,74.6713,False,False
/Volumes/Data/Work/SEALTAGS/Prydz/ct182/v5_20251106/PROCESSED/NC/ct182-969F-24_hr1_prof_PROCESSED.nc,ct182-969F-24,315,2025-05-26 08:50:00,-52.6543,74.6996,True,False
/Volumes/Data/Work/SEALTAGS/Prydz/ct182/v5_20251106/PROCESSED/NC/ct182-969F-24_hr1_prof_PROCESSED.nc,ct182-969F-24,316,2025-05-26 20:50:00,-52.665,74.5301,False,False
/Volumes/Data/Work/SEALTAGS/Prydz/ct182/v5_20251106/PROCESSED/NC/ct182-969F-24_hr1_prof_PROCESSED.nc,ct182-969F-24,317,2025-05-27 09:20:00,-52.672,74.7062,True,False
/Volumes/Data/Work/SEALTAGS/Prydz/ct182/v5_20251106/PROCESSED/NC/ct182-969F-24_hr1_prof_PROCESSED.nc,ct182-969F-24,318,2025-05-27 15:20:00,-52.6795,74.7269,False,False
/Volumes/Data/Work/SEALTAGS/Prydz/ct182/v5_20251106/PROCESSED/NC/ct182-969F-24_hr1_prof_PROCESSED.nc,ct182-969F-24,319,2025-05-28 09:00:00,-52.6625,74.5458,True,False
/Volumes/Data/Work/SEALTAGS/Prydz/ct182/v5_20251106/PROCESSED/NC/ct182-969F-24_hr1_prof_PROCESSED.nc,ct182-969F-24,320,2025-05-28 15:40:00,-52.737,74.6358,False,False
/Volumes/Data/Work/SEALTAGS/Prydz/ct182/v5_20251106/PROCESSED/NC/ct182-969F-24_hr1_prof_PROCESSED.nc,ct182-969F-24,321,2025-05-29 09:10:00,-52.9072,74.3224,True,False
/Volumes/Data/Work/SEALTAGS/Prydz/ct182/v5_20251106/PROCESSED/NC/ct182-969F-24_hr1_prof_PROCESSED.nc,ct182-969F-24,322,2025-05-29 21:10:00,-52.9576,74.2211,False,False
/Volumes/Data/Work/SEALTAGS/Prydz/ct182/v5_20251106/PROCESSED/NC/ct182-969F-24_hr1_prof_PROCESSED.nc,ct182-969F-24,323,2025-05-30 09:20:00,-52.9285,74.2603,True,False
/Volumes/Data/Work/SEALTAGS/Prydz/ct182/v5_20251106/PROCESSED/NC/ct182-969F-24_hr1_prof_PROCESSED.nc,ct182-969F-24,324,2025-05-30 21:30:00,-52.8955,74.294,False,False
/Volumes/Data/Work/SEALTAGS/Prydz/ct182/v5_20251106/PROCESSED/NC/ct182-969F-24_hr1_prof_PROCESSED.nc,ct182-969F-24,325,2025-05-31 09:00:00,-52.9611,74.2575,True,False
/Volumes/Data/Work/SEALTAGS/Prydz/ct182/v5_20251106/PROCESSED/NC/ct182-969F-24_hr1_prof_PROCESSED.nc,ct182-969F-24,326,2025-05-31 21:20:00,-52.9967,74.3959,False,False
/Volumes/Data/Work/SEALTAGS/Prydz/ct182/v5_20251106/PROCESSED/NC/ct182-969F-24_hr1_prof_PROCESSED.nc,ct182-969F-24,327,2025-06-01 09:30:00,-52.9249,74.2694,True,False
/Volumes/Data/Work/SEALTAGS/Prydz/ct182/v5_20251106/PROCESSED/NC/ct182-969F-24_hr1_prof_PROCESSED.nc,ct182-969F-24,328,2025-06-01 21:20:00,-52.9603,74.3148,False,False
/Volumes/Data/Work/SEALTAGS/Prydz/ct182/v5_20251106/PROCESSED/NC/ct182-969F-24_hr1_prof_PROCESSED.nc,ct182-969F-24,329,2025-06-02 09:30:00,-52.9271,74.339,True,False
/Volumes/Data/Work/SEALTAGS/Prydz/ct182/v5_20251106/PROCESSED/NC/ct182-969F-24_hr1_prof_PROCESSED.nc,ct182-969F-24,330,2025-06-02 18:20:00,-52.7592,74.6545,False,False
/Volumes/Data/Work/SEALTAGS/Prydz/ct182/v5_20251106/PROCESSED/NC/ct182-969F-24_hr1_prof_PROCESSED.nc,ct182-969F-24,331,2025-06-03 09:20:00,-52.8149,74.2292,True,False
/Volumes/Data/Work/SEALTAGS/Prydz/ct182/v5_20251106/PROCESSED/NC/ct182-969F-24_hr1_prof_PROCESSED.nc,ct182-969F-24,332,2025-06-03 11:50:00,-52.8186,74.2582,False,False
/Volumes/Data/Work/SEALTAGS/Prydz/ct182/v5_20251106/PROCESSED/NC/ct182-969F-24_hr1_prof_PROCESSED.nc,ct182-969F-24,333,2025-06-03 15:20:00,-52.8718,74.278,False,False
/Volumes/Data/Work/SEALTAGS/Prydz/ct182/v5_20251106/PROCESSED/NC/ct182-969F-24_hr1_prof_PROCESSED.nc,ct182-969F-24,334,2025-06-04 09:00:00,-52.7227,74.2308,True,False
/Volumes/Data/Work/SEALTAGS/Prydz/ct182/v5_20251106/PROCESSED/NC/ct182-969F-24_hr1_prof_PROCESSED.nc,ct182-969F-24,335,2025-06-04 15:10:00,-52.7161,74.5306,False,False
/Volumes/Data/Work/SEALTAGS/Prydz/ct182/v5_20251106/PROCESSED/NC/ct182-969F-24_hr1_prof_PROCESSED.nc,ct182-969F-24,336,2025-06-05 08:40:00,-52.7694,74.4679,True,False
/Volumes/Data/Work/SEALTAGS/Prydz/ct182/v5_20251106/PROCESSED/NC/ct182-969F-24_hr1_prof_PROCESSED.nc,ct182-969F-24,337,2025-06-05 12:00:00,-52.7751,74.4823,False,False
/Volumes/Data/Work/SEALTAGS/Prydz/ct182/v5_20251106/PROCESSED/NC/ct182-969F-24_hr1_prof_PROCESSED.nc,ct182-969F-24,338,2025-06-05 15:10:00,-52.7906,74.5996,False,False
/Volumes/Data/Work/SEALTAGS/Prydz/ct182/v5_20251106/PROCESSED/NC/ct182-969F-24_hr1_prof_PROCESSED.nc,ct182-969F-24,339,2025-06-06 09:10:00,-52.6008,74.2589,True,False
/Volumes/Data/Work/SEALTAGS/Prydz/ct182/v5_20251106/PROCESSED/NC/ct182-969F-24_hr1_prof_PROCESSED.nc,ct182-969F-24,340,2025-06-06 21:20:00,-52.7846,74.4493,False,False
/Volumes/Data/Work/SEALTAGS/Prydz/ct182/v5_20251106/PROCESSED/NC/ct182-969F-24_hr1_prof_PROCESSED.nc,ct182-969F-24,341,2025-06-07 09:20:00,-52.877,74.259,True,False
/Volumes/Data/Work/SEALTAGS/Prydz/ct182/v5_20251106/PROCESSED/NC/ct182-969F-24_hr1_prof_PROCESSED.nc,ct182-969F-24,342,2025-06-07 10:10:00,-52.8825,74.2725,True,False
/Volumes/Data/Work/SEALTAGS/Prydz/ct182/v5_20251106/PROCESSED/NC/ct182-969F-24_hr1_prof_PROCESSED.nc,ct182-969F-24,343,2025-06-07 16:00:00,-52.8296,74.5451,False,False
/Volumes/Data/Work/SEALTAGS/Prydz/ct182/v5_20251106/PROCESSED/NC/ct182-969F-24_hr1_prof_PROCESSED.nc,ct182-969F-24,344,2025-06-08 09:30:00,-52.8528,74.3645,True,False
/Volumes/Data/Work/SEALTAGS/Prydz/ct182/v5_20251106/PROCESSED/NC/ct182-969F-24_hr1_prof_PROCESSED.nc,ct182-969F-24,345,2025-06-08 15:30:00,-52.9878,74.3667,False,False
/Volumes/Data/Work/SEALTAGS/Prydz/ct182/v5_20251106/PROCESSED/NC/ct182-969F-24_hr1_prof_PROCESSED.nc,ct182-969F-24,346,2025-06-09 03:40:00,-52.8504,74.3931,True,False
/Volumes/Data/Work/SEALTAGS/Prydz/ct182/v5_20251106/PROCESSED/NC/ct182-969F-24_hr1_prof_PROCESSED.nc,ct182-969F-24,347,2025-06-09 21:20:00,-52.7927,74.294,False,False
/Volumes/Data/Work/SEALTAGS/Prydz/ct182/v5_20251106/PROCESSED/NC/ct182-969F-24_hr1_prof_PROCESSED.nc,ct182-969F-24,348,2025-06-10 09:30:00,-52.9624,74.2698,True,False
/Volumes/Data/Work/SEALTAGS/Prydz/ct182/v5_20251106/PROCESSED/NC/ct182-969F-24_hr1_prof_PROCESSED.nc,ct182-969F-24,349,2025-06-11 09:10:00,-52.887,74.1751,True,False
/Volumes/Data/Work/SEALTAGS/Prydz/ct182/v5_20251106/PROCESSED/NC/ct182-969F-24_hr1_prof_PROCESSED.nc,ct182-969F-24,350,2025-06-11 18:20:00,-52.8308,73.8605,False,False
/Volumes/Data/Work/SEALTAGS/Prydz/ct182/v5_20251106/PROCESSED/NC/ct182-969F-24_hr1_prof_PROCESSED.nc,ct182-969F-24,351,2025-06-12 17:00:00,-52.9205,74.4102,False,False
/Volumes/Data/Work/SEALTAGS/Prydz/ct182/v5_20251106/PROCESSED/NC/ct182-969F-24_hr1_prof_PROCESSED.nc,ct182-969F-24,352,2025-06-13 09:20:00,-52.7805,74.2439,True,False
/Volumes/Data/Work/SEALTAGS/Prydz/ct182/v5_20251106/PROCESSED/NC/ct182-969F-24_hr1_prof_PROCESSED.nc,ct182-969F-24,353,2025-06-13 21:00:00,-52.9836,74.5217,False,False
/Volumes/Data/Work/SEALTAGS/Prydz/ct182/v5_20251106/PROCESSED/NC/ct182-969F-24_hr1_prof_PROCESSED.nc,ct182-969F-24,354,2025-06-14 16:00:00,-52.8591,74.5953,False,False
/Volumes/Data/Work/SEALTAGS/Prydz/ct182/v5_20251106/PROCESSED/NC/ct182-969F-24_hr1_prof_PROCESSED.nc,ct182-969F-24,355,2025-06-15 09:20:00,-52.9065,74.242,True,False
/Volumes/Data/Work/SEALTAGS/Prydz/ct182/v5_20251106/PROCESSED/NC/ct182-969F-24_hr1_prof_PROCESSED.nc,ct182-969F-24,356,2025-06-15 19:20:00,-52.8921,74.4553,False,False
/Volumes/Data/Work/SEALTAGS/Prydz/ct182/v5_20251106/PROCESSED/NC/ct182-969F-24_hr1_prof_PROCESSED.nc,ct182-969F-24,357,2025-06-16 09:40:00,-52.8841,74.2552,True,False
/Volumes/Data/Work/SEALTAGS/Prydz/ct182/v5_20251106/PROCESSED/NC/ct182-969F-24_hr1_prof_PROCESSED.nc,ct182-969F-24,358,2025-06-17 09:00:00,-52.8134,74.3071,True,False
/Volumes/Data/Work/SEALTAGS/Prydz/ct182/v5_20251106/PROCESSED/NC/ct182-969F-24_hr1_prof_PROCESSED.nc,ct182-969F-24,359,2025-06-17 18:40:00,-52.8863,74.2554,False,False
/Volumes/Data/Work/SEALTAGS/Prydz/ct182/v5_20251106/PROCESSED/NC/ct182-969F-24_hr1_prof_PROCESSED.nc,ct182-969F-24,360,2025-06-18 09:00:00,-52.7897,74.312,True,False
/Volumes/Data/Work/SEALTAGS/Prydz/ct182/v5_20251106/PROCESSED/NC/ct182-969F-24_hr1_prof_PROCESSED.nc,ct182-969F-24,361,2025-06-18 20:30:00,-52.8306,74.4063,False,False
/Volumes/Data/Work/SEALTAGS/Prydz/ct182/v5_20251106/PROCESSED/NC/ct182-969F-24_hr1_prof_PROCESSED.nc,ct182-969F-24,362,2025-06-19 09:10:00,-52.7866,74.3685,True,False
/Volumes/Data/Work/SEALTAGS/Prydz/ct182/v5_20251106/PROCESSED/NC/ct182-969F-24_hr1_prof_PROCESSED.nc,ct182-969F-24,363,2025-06-19 11:40:00,-52.7992,74.3089,False,False
/Volumes/Data/Work/SEALTAGS/Prydz/ct182/v5_20251106/PROCESSED/NC/ct182-969F-24_hr1_prof_PROCESSED.nc,ct182-969F-24,364,2025-06-19 15:40:00,-52.7834,74.5034,False,False
/Volumes/Data/Work/SEALTAGS/Prydz/ct182/v5_20251106/PROCESSED/NC/ct182-969F-24_hr1_prof_PROCESSED.nc,ct182-969F-24,365,2025-06-20 21:20:00,-52.9504,74.2565,False,False
/Volumes/Data/Work/SEALTAGS/Prydz/ct182/v5_20251106/PROCESSED/NC/ct182-969F-24_hr1_prof_PROCESSED.nc,ct182-969F-24,366,2025-06-21 15:10:00,-52.7298,74.5423,False,False
/Volumes/Data/Work/SEALTAGS/Prydz/ct182/v5_20251106/PROCESSED/NC/ct182-969F-24_hr1_prof_PROCESSED.nc,ct182-969F-24,367,2025-06-22 09:20:00,-52.7714,74.261,True,False
/Volumes/Data/Work/SEALTAGS/Prydz/ct182/v5_20251106/PROCESSED/NC/ct182-969F-24_hr1_prof_PROCESSED.nc,ct182-969F-24,368,2025-06-23 09:00:00,-52.7243,74.8093,True,False
/Volumes/Data/Work/SEALTAGS/Prydz/ct182/v5_20251106/PROCESSED/NC/ct182-969F-24_hr1_prof_PROCESSED.nc,ct182-969F-24,369,2025-06-23 15:30:00,-52.7185,74.7352,False,False
/Volumes/Data/Work/SEALTAGS/Prydz/ct182/v5_20251106/PROCESSED/NC/ct182-969F-24_hr1_prof_PROCESSED.nc,ct182-969F-24,370,2025-06-24 09:20:00,-52.7729,74.3503,True,False
/Volumes/Data/Work/SEALTAGS/Prydz/ct182/v5_20251106/PROCESSED/NC/ct182-969F-24_hr1_prof_PROCESSED.nc,ct182-969F-24,371,2025-06-25 09:00:00,-52.8303,74.3161,True,False
/Volumes/Data/Work/SEALTAGS/Prydz/ct182/v5_20251106/PROCESSED/NC/ct182-969F-24_hr1_prof_PROCESSED.nc,ct182-969F-24,372,2025-06-25 15:50:00,-52.8802,74.3744,False,False
/Volumes/Data/Work/SEALTAGS/Prydz/ct182/v5_20251106/PROCESSED/NC/ct182-969F-24_hr1_prof_PROCESSED.nc,ct182-969F-24,373,2025-06-25 17:00:00,-52.8973,74.3515,False,False
/Volumes/Data/Work/SEALTAGS/Prydz/ct182/v5_20251106/PROCESSED/NC/ct182-969F-24_hr1_prof_PROCESSED.nc,ct182-969F-24,374,2025-06-26 15:40:00,-52.7426,74.7016,False,False
/Volumes/Data/Work/SEALTAGS/Prydz/ct182/v5_20251106/PROCESSED/NC/ct182-969F-24_hr1_prof_PROCESSED.nc,ct182-969F-24,375,2025-06-27 09:30:00,-52.8699,74.0616,True,False
/Volumes/Data/Work/SEALTAGS/Prydz/ct182/v5_20251106/PROCESSED/NC/ct182-969F-24_hr1_prof_PROCESSED.nc,ct182-969F-24,376,2025-06-28 09:10:00,-52.913,74.1421,True,False
/Volumes/Data/Work/SEALTAGS/Prydz/ct182/v5_20251106/PROCESSED/NC/ct182-969F-24_hr1_prof_PROCESSED.nc,ct182-969F-24,377,2025-06-28 17:50:00,-52.9954,74.1358,False,False
/Volumes/Data/Work/SEALTAGS/Prydz/ct182/v5_20251106/PROCESSED/NC/ct182-969F-24_hr1_prof_PROCESSED.nc,ct182-969F-24,378,2025-07-07 10:50:00,-52.9825,73.947,True,False
/Volumes/Data/Work/SEALTAGS/Prydz/ct182/v5_20251106/PROCESSED/NC/ct182-969F-24_hr1_prof_PROCESSED.nc,ct182-969F-24,379,2025-07-07 11:50:00,-52.964,73.9724,False,False
/Volumes/Data/Work/SEALTAGS/Prydz/ct182/v5_20251106/PROCESSED/NC/ct182-969F-24_hr1_prof_PROCESSED.nc,ct182-969F-24,380,2025-07-08 09:20:00,-52.8605,74.3863,True,False
/Volumes/Data/Work/SEALTAGS/Prydz/ct182/v5_20251106/PROCESSED/NC/ct182-969F-24_hr1_prof_PROCESSED.nc,ct182-969F-24,381,2025-07-08 21:10:00,-52.7715,74.4791,False,False
/Volumes/Data/Work/SEALTAGS/Prydz/ct182/v5_20251106/PROCESSED/NC/ct182-969F-24_hr1_prof_PROCESSED.nc,ct182-969F-24,382,2025-07-09 09:10:00,-52.8472,74.1721,True,False
/Volumes/Data/Work/SEALTAGS/Prydz/ct182/v5_20251106/PROCESSED/NC/ct182-969F-24_hr1_prof_PROCESSED.nc,ct182-969F-24,383,2025-07-10 09:20:00,-52.7714,74.4612,True,False
/Volumes/Data/Work/SEALTAGS/Prydz/ct182/v5_20251106/PROCESSED/NC/ct182-969F-24_hr1_prof_PROCESSED.nc,ct182-969F-24,384,2025-07-10 16:00:00,-52.7266,74.5068,False,False
/Volumes/Data/Work/SEALTAGS/Prydz/ct182/v5_20251106/PROCESSED/NC/ct182-969F-24_hr1_prof_PROCESSED.nc,ct182-969F-24,385,2025-07-11 09:10:00,-52.6628,74.4267,True,False
/Volumes/Data/Work/SEALTAGS/Prydz/ct182/v5_20251106/PROCESSED/NC/ct182-969F-24_hr1_prof_PROCESSED.nc,ct182-969F-24,386,2025-07-11 17:50:00,-52.8144,74.4406,False,False
/Volumes/Data/Work/SEALTAGS/Prydz/ct182/v5_20251106/PROCESSED/NC/ct182-969F-24_hr1_prof_PROCESSED.nc,ct182-969F-24,387,2025-07-12 08:30:00,-52.7159,74.5447,True,False
/Volumes/Data/Work/SEALTAGS/Prydz/ct182/v5_20251106/PROCESSED/NC/ct182-969F-24_hr1_prof_PROCESSED.nc,ct182-969F-24,388,2025-07-12 15:30:00,-52.7034,74.5751,False,False
/Volumes/Data/Work/SEALTAGS/Prydz/ct182/v5_20251106/PROCESSED/NC/ct182-969F-24_hr1_prof_PROCESSED.nc,ct182-969F-24,389,2025-07-13 08:10:00,-52.7488,74.4229,True,False
/Volumes/Data/Work/SEALTAGS/Prydz/ct182/v5_20251106/PROCESSED/NC/ct182-969F-24_hr1_prof_PROCESSED.nc,ct182-969F-24,390,2025-07-14 08:20:00,-52.6588,74.5036,True,False
/Volumes/Data/Work/SEALTAGS/Prydz/ct182/v5_20251106/PROCESSED/NC/ct182-969F-24_hr1_prof_PROCESSED.nc,ct182-969F-24,391,2025-07-14 20:10:00,-52.5937,74.5209,False,False
/Volumes/Data/Work/SEALTAGS/Prydz/ct182/v5_20251106/PROCESSED/NC/ct182-969F-24_hr1_prof_PROCESSED.nc,ct182-969F-24,392,2025-07-16 09:00:00,-52.7179,74.509,True,False
/Volumes/Data/Work/SEALTAGS/Prydz/ct182/v5_20251106/PROCESSED/NC/ct182-969F-24_hr1_prof_PROCESSED.nc,ct182-969F-24,393,2025-07-16 21:00:00,-52.7219,74.5003,False,False
/Volumes/Data/Work/SEALTAGS/Prydz/ct182/v5_20251106/PROCESSED/NC/ct182-969F-24_hr1_prof_PROCESSED.nc,ct182-969F-24,394,2025-07-17 09:40:00,-52.7653,74.4904,True,False
/Volumes/Data/Work/SEALTAGS/Prydz/ct182/v5_20251106/PROCESSED/NC/ct182-969F-24_hr1_prof_PROCESSED.nc,ct182-969F-24,395,2025-07-17 21:10:00,-52.6898,74.574,False,False
/Volumes/Data/Work/SEALTAGS/Prydz/ct182/v5_20251106/PROCESSED/NC/ct182-969F-24_hr1_prof_PROCESSED.nc,ct182-969F-24,396,2025-07-18 20:10:00,-52.6908,74.1736,False,False
/Volumes/Data/Work/SEALTAGS/Prydz/ct182/v5_20251106/PROCESSED/NC/ct182-969F-24_hr1_prof_PROCESSED.nc,ct182-969F-24,397,2025-07-19 09:40:00,-52.7941,74.2042,True,False
/Volumes/Data/Work/SEALTAGS/Prydz/ct182/v5_20251106/PROCESSED/NC/ct182-969F-24_hr1_prof_PROCESSED.nc,ct182-969F-24,398,2025-07-20 09:20:00,-52.6548,74.6451,True,False
/Volumes/Data/Work/SEALTAGS/Prydz/ct182/v5_20251106/PROCESSED/NC/ct182-970F-24_hr1_prof_PROCESSED.nc,ct182-970F-24,1,2025-01-21 22:10:00,-49.4488,70.297,False,False
/Volumes/Data/Work/SEALTAGS/Prydz/ct182/v5_20251106/PROCESSED/NC/ct182-970F-24_hr1_prof_PROCESSED.nc,ct182-970F-24,2,2025-01-22 00:30:00,-49.5523,70.3201,True,False
/Volumes/Data/Work/SEALTAGS/Prydz/ct182/v5_20251106/PROCESSED/NC/ct182-970F-24_hr1_prof_PROCESSED.nc,ct182-970F-24,3,2025-01-22 01:00:00,-49.5848,70.3259,True,False
/Volumes/Data/Work/SEALTAGS/Prydz/ct182/v5_20251106/PROCESSED/NC/ct182-970F-24_hr1_prof_PROCESSED.nc,ct182-970F-24,4,2025-01-22 02:40:00,-49.6941,70.3448,True,False
/Volumes/Data/Work/SEALTAGS/Prydz/ct182/v5_20251106/PROCESSED/NC/ct182-970F-24_hr1_prof_PROCESSED.nc,ct182-970F-24,5,2025-01-22 04:40:00,-49.794,70.4031,True,False
/Volumes/Data/Work/SEALTAGS/Prydz/ct182/v5_20251106/PROCESSED/NC/ct182-970F-24_hr1_prof_PROCESSED.nc,ct182-970F-24,6,2025-01-22 09:00:00,-49.9705,70.4877,True,False
/Volumes/Data/Work/SEALTAGS/Prydz/ct182/v5_20251106/PROCESSED/NC/ct182-970F-24_hr1_prof_PROCESSED.nc,ct182-970F-24,7,2025-01-22 09:50:00,-50.0155,70.5021,True,False
/Volumes/Data/Work/SEALTAGS/Prydz/ct182/v5_20251106/PROCESSED/NC/ct182-970F-24_hr1_prof_PROCESSED.nc,ct182-970F-24,8,2025-01-22 14:40:00,-50.2056,70.6664,True,False
/Volumes/Data/Work/SEALTAGS/Prydz/ct182/v5_20251106/PROCESSED/NC/ct182-970F-24_hr1_prof_PROCESSED.nc,ct182-970F-24,9,2025-01-22 18:40:00,-50.3939,70.7009,False,False
/Volumes/Data/Work/SEALTAGS/Prydz/ct182/v5_20251106/PROCESSED/NC/ct182-970F-24_hr1_prof_PROCESSED.nc,ct182-970F-24,10,2025-01-23 02:30:00,-50.5926,71.0711,True,False
/Volumes/Data/Work/SEALTAGS/Prydz/ct182/v5_20251106/PROCESSED/NC/ct182-970F-24_hr1_prof_PROCESSED.nc,ct182-970F-24,11,2025-01-23 14:10:00,-50.8656,71.3084,True,False
/Volumes/Data/Work/SEALTAGS/Prydz/ct182/v5_20251106/PROCESSED/NC/ct182-970F-24_hr1_prof_PROCESSED.nc,ct182-970F-24,12,2025-01-24 09:30:00,-51.3453,71.7339,True,False
/Volumes/Data/Work/SEALTAGS/Prydz/ct182/v5_20251106/PROCESSED/NC/ct182-970F-24_hr1_prof_PROCESSED.nc,ct182-970F-24,13,2025-01-24 10:00:00,-51.3761,71.7579,True,False
/Volumes/Data/Work/SEALTAGS/Prydz/ct182/v5_20251106/PROCESSED/NC/ct182-970F-24_hr1_prof_PROCESSED.nc,ct182-970F-24,14,2025-01-24 15:10:00,-51.5801,71.9727,True,False
/Volumes/Data/Work/SEALTAGS/Prydz/ct182/v5_20251106/PROCESSED/NC/ct182-970F-24_hr1_prof_PROCESSED.nc,ct182-970F-24,15,2025-01-24 15:50:00,-51.5918,71.9909,False,False
/Volumes/Data/Work/SEALTAGS/Prydz/ct182/v5_20251106/PROCESSED/NC/ct182-970F-24_hr1_prof_PROCESSED.nc,ct182-970F-24,16,2025-01-25 02:10:00,-51.7139,72.7328,True,False
/Volumes/Data/Work/SEALTAGS/Prydz/ct182/v5_20251106/PROCESSED/NC/ct182-970F-24_hr1_prof_PROCESSED.nc,ct182-970F-24,17,2025-01-25 14:10:00,-51.98,72.5112,True,False
/Volumes/Data/Work/SEALTAGS/Prydz/ct182/v5_20251106/PROCESSED/NC/ct182-970F-24_hr1_prof_PROCESSED.nc,ct182-970F-24,18,2025-01-26 01:20:00,-52.0792,72.1473,True,False
/Volumes/Data/Work/SEALTAGS/Prydz/ct182/v5_20251106/PROCESSED/NC/ct182-970F-24_hr1_prof_PROCESSED.nc,ct182-970F-24,19,2025-01-26 14:10:00,-52.2668,72.2528,True,False
/Volumes/Data/Work/SEALTAGS/Prydz/ct182/v5_20251106/PROCESSED/NC/ct182-970F-24_hr1_prof_PROCESSED.nc,ct182-970F-24,20,2025-01-27 01:10:00,-52.0149,72.2328,True,False
/Volumes/Data/Work/SEALTAGS/Prydz/ct182/v5_20251106/PROCESSED/NC/ct182-970F-24_hr1_prof_PROCESSED.nc,ct182-970F-24,21,2025-01-27 14:10:00,-51.9539,72.0722,True,False
/Volumes/Data/Work/SEALTAGS/Prydz/ct182/v5_20251106/PROCESSED/NC/ct182-970F-24_hr1_prof_PROCESSED.nc,ct182-970F-24,22,2025-01-28 02:10:00,-52.0858,72.1731,True,False
/Volumes/Data/Work/SEALTAGS/Prydz/ct182/v5_20251106/PROCESSED/NC/ct182-970F-24_hr1_prof_PROCESSED.nc,ct182-970F-24,23,2025-01-28 13:00:00,-52.1452,72.1785,True,False
/Volumes/Data/Work/SEALTAGS/Prydz/ct182/v5_20251106/PROCESSED/NC/ct182-970F-24_hr1_prof_PROCESSED.nc,ct182-970F-24,24,2025-01-29 04:20:00,-52.0354,72.495,True,False
/Volumes/Data/Work/SEALTAGS/Prydz/ct182/v5_20251106/PROCESSED/NC/ct182-970F-24_hr1_prof_PROCESSED.nc,ct182-970F-24,25,2025-01-29 05:10:00,-52.0335,72.5582,True,False
/Volumes/Data/Work/SEALTAGS/Prydz/ct182/v5_20251106/PROCESSED/NC/ct182-970F-24_hr1_prof_PROCESSED.nc,ct182-970F-24,26,2025-01-30 02:10:00,-52.0972,72.1498,True,False
/Volumes/Data/Work/SEALTAGS/Prydz/ct182/v5_20251106/PROCESSED/NC/ct182-970F-24_hr1_prof_PROCESSED.nc,ct182-970F-24,27,2025-01-30 14:10:00,-51.9698,72.2172,True,False
/Volumes/Data/Work/SEALTAGS/Prydz/ct182/v5_20251106/PROCESSED/NC/ct182-970F-24_hr1_prof_PROCESSED.nc,ct182-970F-24,28,2025-01-31 01:20:00,-52.0977,72.1964,True,False
/Volumes/Data/Work/SEALTAGS/Prydz/ct182/v5_20251106/PROCESSED/NC/ct182-970F-24_hr1_prof_PROCESSED.nc,ct182-970F-24,29,2025-01-31 14:00:00,-51.9314,72.2138,True,False
/Volumes/Data/Work/SEALTAGS/Prydz/ct182/v5_20251106/PROCESSED/NC/ct182-970F-24_hr1_prof_PROCESSED.nc,ct182-970F-24,30,2025-02-01 02:00:00,-52.0246,72.132,True,False
/Volumes/Data/Work/SEALTAGS/Prydz/ct182/v5_20251106/PROCESSED/NC/ct182-970F-24_hr1_prof_PROCESSED.nc,ct182-970F-24,31,2025-02-01 14:00:00,-51.9884,72.1127,True,False
/Volumes/Data/Work/SEALTAGS/Prydz/ct182/v5_20251106/PROCESSED/NC/ct182-970F-24_hr1_prof_PROCESSED.nc,ct182-970F-24,32,2025-02-02 02:10:00,-52.0312,72.0017,True,False
/Volumes/Data/Work/SEALTAGS/Prydz/ct182/v5_20251106/PROCESSED/NC/ct182-970F-24_hr1_prof_PROCESSED.nc,ct182-970F-24,33,2025-02-02 14:00:00,-51.9337,71.9522,True,False
/Volumes/Data/Work/SEALTAGS/Prydz/ct182/v5_20251106/PROCESSED/NC/ct182-970F-24_hr1_prof_PROCESSED.nc,ct182-970F-24,34,2025-02-02 14:30:00,-51.926,71.9363,True,False
/Volumes/Data/Work/SEALTAGS/Prydz/ct182/v5_20251106/PROCESSED/NC/ct182-970F-24_hr1_prof_PROCESSED.nc,ct182-970F-24,35,2025-02-03 02:00:00,-51.8885,72.0528,True,False
/Volumes/Data/Work/SEALTAGS/Prydz/ct182/v5_20251106/PROCESSED/NC/ct182-970F-24_hr1_prof_PROCESSED.nc,ct182-970F-24,36,2025-02-03 13:20:00,-51.9717,72.0773,True,False
/Volumes/Data/Work/SEALTAGS/Prydz/ct182/v5_20251106/PROCESSED/NC/ct182-970F-24_hr1_prof_PROCESSED.nc,ct182-970F-24,37,2025-02-04 14:10:00,-52.0097,72.1419,True,False
/Volumes/Data/Work/SEALTAGS/Prydz/ct182/v5_20251106/PROCESSED/NC/ct182-970F-24_hr1_prof_PROCESSED.nc,ct182-970F-24,38,2025-02-05 01:10:00,-52.0962,72.2143,True,False
/Volumes/Data/Work/SEALTAGS/Prydz/ct182/v5_20251106/PROCESSED/NC/ct182-970F-24_hr1_prof_PROCESSED.nc,ct182-970F-24,39,2025-02-05 13:20:00,-51.9919,72.1261,True,False
/Volumes/Data/Work/SEALTAGS/Prydz/ct182/v5_20251106/PROCESSED/NC/ct182-970F-24_hr1_prof_PROCESSED.nc,ct182-970F-24,40,2025-02-06 02:20:00,-51.989,72.1083,True,False
/Volumes/Data/Work/SEALTAGS/Prydz/ct182/v5_20251106/PROCESSED/NC/ct182-970F-24_hr1_prof_PROCESSED.nc,ct182-970F-24,41,2025-02-06 14:00:00,-52.0127,72.1329,True,False
/Volumes/Data/Work/SEALTAGS/Prydz/ct182/v5_20251106/PROCESSED/NC/ct182-970F-24_hr1_prof_PROCESSED.nc,ct182-970F-24,42,2025-02-06 14:30:00,-52.0171,72.1408,True,False
/Volumes/Data/Work/SEALTAGS/Prydz/ct182/v5_20251106/PROCESSED/NC/ct182-970F-24_hr1_prof_PROCESSED.nc,ct182-970F-24,43,2025-02-07 01:10:00,-52.0975,72.2175,True,False
/Volumes/Data/Work/SEALTAGS/Prydz/ct182/v5_20251106/PROCESSED/NC/ct182-970F-24_hr1_prof_PROCESSED.nc,ct182-970F-24,44,2025-02-07 13:10:00,-52.1669,72.1668,True,False
/Volumes/Data/Work/SEALTAGS/Prydz/ct182/v5_20251106/PROCESSED/NC/ct182-970F-24_hr1_prof_PROCESSED.nc,ct182-970F-24,45,2025-02-08 01:00:00,-52.2568,71.9841,True,False
/Volumes/Data/Work/SEALTAGS/Prydz/ct182/v5_20251106/PROCESSED/NC/ct182-970F-24_hr1_prof_PROCESSED.nc,ct182-970F-24,46,2025-02-08 13:20:00,-52.0827,72.1539,True,False
/Volumes/Data/Work/SEALTAGS/Prydz/ct182/v5_20251106/PROCESSED/NC/ct182-970F-24_hr1_prof_PROCESSED.nc,ct182-970F-24,47,2025-02-09 13:20:00,-51.94,72.0655,True,False
/Volumes/Data/Work/SEALTAGS/Prydz/ct182/v5_20251106/PROCESSED/NC/ct182-970F-24_hr1_prof_PROCESSED.nc,ct182-970F-24,48,2025-02-10 01:10:00,-52.1095,71.9412,True,False
/Volumes/Data/Work/SEALTAGS/Prydz/ct182/v5_20251106/PROCESSED/NC/ct182-970F-24_hr1_prof_PROCESSED.nc,ct182-970F-24,49,2025-02-10 14:20:00,-52.0765,72.2619,True,False
/Volumes/Data/Work/SEALTAGS/Prydz/ct182/v5_20251106/PROCESSED/NC/ct182-970F-24_hr1_prof_PROCESSED.nc,ct182-970F-24,50,2025-02-11 02:20:00,-52.0141,72.4144,True,False
/Volumes/Data/Work/SEALTAGS/Prydz/ct182/v5_20251106/PROCESSED/NC/ct182-970F-24_hr1_prof_PROCESSED.nc,ct182-970F-24,51,2025-02-11 14:20:00,-51.899,72.5606,True,False
/Volumes/Data/Work/SEALTAGS/Prydz/ct182/v5_20251106/PROCESSED/NC/ct182-970F-24_hr1_prof_PROCESSED.nc,ct182-970F-24,52,2025-02-12 02:10:00,-51.8313,72.8182,True,False
/Volumes/Data/Work/SEALTAGS/Prydz/ct182/v5_20251106/PROCESSED/NC/ct182-970F-24_hr1_prof_PROCESSED.nc,ct182-970F-24,53,2025-02-12 14:10:00,-51.8707,72.4614,True,False
/Volumes/Data/Work/SEALTAGS/Prydz/ct182/v5_20251106/PROCESSED/NC/ct182-970F-24_hr1_prof_PROCESSED.nc,ct182-970F-24,54,2025-02-13 02:20:00,-52.0276,72.1925,True,False
/Volumes/Data/Work/SEALTAGS/Prydz/ct182/v5_20251106/PROCESSED/NC/ct182-970F-24_hr1_prof_PROCESSED.nc,ct182-970F-24,55,2025-02-13 14:10:00,-52.0131,72.4935,True,False
/Volumes/Data/Work/SEALTAGS/Prydz/ct182/v5_20251106/PROCESSED/NC/ct182-970F-24_hr1_prof_PROCESSED.nc,ct182-970F-24,56,2025-02-14 02:10:00,-51.852,72.4159,True,False
/Volumes/Data/Work/SEALTAGS/Prydz/ct182/v5_20251106/PROCESSED/NC/ct182-970F-24_hr1_prof_PROCESSED.nc,ct182-970F-24,57,2025-02-14 14:00:00,-51.8946,72.0834,True,False
/Volumes/Data/Work/SEALTAGS/Prydz/ct182/v5_20251106/PROCESSED/NC/ct182-970F-24_hr1_prof_PROCESSED.nc,ct182-970F-24,58,2025-02-15 02:20:00,-51.9813,72.1366,True,False
/Volumes/Data/Work/SEALTAGS/Prydz/ct182/v5_20251106/PROCESSED/NC/ct182-970F-24_hr1_prof_PROCESSED.nc,ct182-970F-24,59,2025-02-15 13:30:00,-52.0494,72.1512,True,False
/Volumes/Data/Work/SEALTAGS/Prydz/ct182/v5_20251106/PROCESSED/NC/ct182-970F-24_hr1_prof_PROCESSED.nc,ct182-970F-24,60,2025-02-16 02:20:00,-51.9241,72.1251,True,False
/Volumes/Data/Work/SEALTAGS/Prydz/ct182/v5_20251106/PROCESSED/NC/ct182-970F-24_hr1_prof_PROCESSED.nc,ct182-970F-24,61,2025-02-16 14:30:00,-51.9404,72.2563,True,False
/Volumes/Data/Work/SEALTAGS/Prydz/ct182/v5_20251106/PROCESSED/NC/ct182-970F-24_hr1_prof_PROCESSED.nc,ct182-970F-24,62,2025-02-17 02:00:00,-51.9831,72.3343,True,False
/Volumes/Data/Work/SEALTAGS/Prydz/ct182/v5_20251106/PROCESSED/NC/ct182-970F-24_hr1_prof_PROCESSED.nc,ct182-970F-24,63,2025-02-17 14:10:00,-51.9617,72.3312,True,False
/Volumes/Data/Work/SEALTAGS/Prydz/ct182/v5_20251106/PROCESSED/NC/ct182-970F-24_hr1_prof_PROCESSED.nc,ct182-970F-24,64,2025-02-18 02:00:00,-52.0042,72.362,True,False
/Volumes/Data/Work/SEALTAGS/Prydz/ct182/v5_20251106/PROCESSED/NC/ct182-970F-24_hr1_prof_PROCESSED.nc,ct182-970F-24,65,2025-02-18 14:10:00,-52.0459,72.3076,True,False
/Volumes/Data/Work/SEALTAGS/Prydz/ct182/v5_20251106/PROCESSED/NC/ct182-970F-24_hr1_prof_PROCESSED.nc,ct182-970F-24,66,2025-02-19 02:10:00,-52.0355,72.3,True,False
/Volumes/Data/Work/SEALTAGS/Prydz/ct182/v5_20251106/PROCESSED/NC/ct182-970F-24_hr1_prof_PROCESSED.nc,ct182-970F-24,67,2025-02-19 14:10:00,-52.0315,72.189,True,False
/Volumes/Data/Work/SEALTAGS/Prydz/ct182/v5_20251106/PROCESSED/NC/ct182-970F-24_hr1_prof_PROCESSED.nc,ct182-970F-24,68,2025-02-20 02:10:00,-51.9384,72.3878,True,False
/Volumes/Data/Work/SEALTAGS/Prydz/ct182/v5_20251106/PROCESSED/NC/ct182-970F-24_hr1_prof_PROCESSED.nc,ct182-970F-24,69,2025-02-20 13:20:00,-51.9636,72.346,True,False
/Volumes/Data/Work/SEALTAGS/Prydz/ct182/v5_20251106/PROCESSED/NC/ct182-970F-24_hr1_prof_PROCESSED.nc,ct182-970F-24,70,2025-02-21 02:10:00,-52.1553,72.19,True,False
/Volumes/Data/Work/SEALTAGS/Prydz/ct182/v5_20251106/PROCESSED/NC/ct182-970F-24_hr1_prof_PROCESSED.nc,ct182-970F-24,71,2025-02-21 14:10:00,-52.0118,72.3292,True,False
/Volumes/Data/Work/SEALTAGS/Prydz/ct182/v5_20251106/PROCESSED/NC/ct182-970F-24_hr1_prof_PROCESSED.nc,ct182-970F-24,72,2025-02-22 02:10:00,-51.9818,72.3073,True,False
/Volumes/Data/Work/SEALTAGS/Prydz/ct182/v5_20251106/PROCESSED/NC/ct182-970F-24_hr1_prof_PROCESSED.nc,ct182-970F-24,73,2025-02-22 14:10:00,-51.988,72.3206,True,False
/Volumes/Data/Work/SEALTAGS/Prydz/ct182/v5_20251106/PROCESSED/NC/ct182-970F-24_hr1_prof_PROCESSED.nc,ct182-970F-24,74,2025-02-23 02:20:00,-51.9879,72.3338,True,False
/Volumes/Data/Work/SEALTAGS/Prydz/ct182/v5_20251106/PROCESSED/NC/ct182-970F-24_hr1_prof_PROCESSED.nc,ct182-970F-24,75,2025-02-23 14:20:00,-51.9885,72.4255,False,False
/Volumes/Data/Work/SEALTAGS/Prydz/ct182/v5_20251106/PROCESSED/NC/ct182-970F-24_hr1_prof_PROCESSED.nc,ct182-970F-24,76,2025-02-24 02:20:00,-51.9474,72.2922,True,False
/Volumes/Data/Work/SEALTAGS/Prydz/ct182/v5_20251106/PROCESSED/NC/ct182-970F-24_hr1_prof_PROCESSED.nc,ct182-970F-24,77,2025-02-24 14:10:00,-52.0374,72.3744,True,False
/Volumes/Data/Work/SEALTAGS/Prydz/ct182/v5_20251106/PROCESSED/NC/ct182-970F-24_hr1_prof_PROCESSED.nc,ct182-970F-24,78,2025-02-25 02:20:00,-52.0825,72.2894,True,False
/Volumes/Data/Work/SEALTAGS/Prydz/ct182/v5_20251106/PROCESSED/NC/ct182-970F-24_hr1_prof_PROCESSED.nc,ct182-970F-24,79,2025-02-25 14:20:00,-52.0913,72.4638,False,False
/Volumes/Data/Work/SEALTAGS/Prydz/ct182/v5_20251106/PROCESSED/NC/ct182-970F-24_hr1_prof_PROCESSED.nc,ct182-970F-24,80,2025-02-26 02:20:00,-52.0177,72.5061,True,False
/Volumes/Data/Work/SEALTAGS/Prydz/ct182/v5_20251106/PROCESSED/NC/ct182-970F-24_hr1_prof_PROCESSED.nc,ct182-970F-24,81,2025-02-26 14:20:00,-52.137,72.346,False,False
/Volumes/Data/Work/SEALTAGS/Prydz/ct182/v5_20251106/PROCESSED/NC/ct182-970F-24_hr1_prof_PROCESSED.nc,ct182-970F-24,82,2025-02-27 02:10:00,-52.1967,72.2321,True,False
/Volumes/Data/Work/SEALTAGS/Prydz/ct182/v5_20251106/PROCESSED/NC/ct182-970F-24_hr1_prof_PROCESSED.nc,ct182-970F-24,83,2025-02-27 14:20:00,-52.0493,72.3021,False,False
/Volumes/Data/Work/SEALTAGS/Prydz/ct182/v5_20251106/PROCESSED/NC/ct182-970F-24_hr1_prof_PROCESSED.nc,ct182-970F-24,84,2025-02-28 02:40:00,-52.0876,72.4226,True,False
/Volumes/Data/Work/SEALTAGS/Prydz/ct182/v5_20251106/PROCESSED/NC/ct182-970F-24_hr1_prof_PROCESSED.nc,ct182-970F-24,85,2025-02-28 14:40:00,-52.0517,72.4355,False,False
/Volumes/Data/Work/SEALTAGS/Prydz/ct182/v5_20251106/PROCESSED/NC/ct182-970F-24_hr1_prof_PROCESSED.nc,ct182-970F-24,86,2025-03-01 02:20:00,-51.9026,72.374,True,False
/Volumes/Data/Work/SEALTAGS/Prydz/ct182/v5_20251106/PROCESSED/NC/ct182-970F-24_hr1_prof_PROCESSED.nc,ct182-970F-24,87,2025-03-01 14:20:00,-51.9007,72.2235,False,False
/Volumes/Data/Work/SEALTAGS/Prydz/ct182/v5_20251106/PROCESSED/NC/ct182-970F-24_hr1_prof_PROCESSED.nc,ct182-970F-24,88,2025-03-02 01:30:00,-51.88,72.0821,True,False
/Volumes/Data/Work/SEALTAGS/Prydz/ct182/v5_20251106/PROCESSED/NC/ct182-970F-24_hr1_prof_PROCESSED.nc,ct182-970F-24,89,2025-03-02 13:20:00,-51.7974,72.1233,True,False
/Volumes/Data/Work/SEALTAGS/Prydz/ct182/v5_20251106/PROCESSED/NC/ct182-970F-24_hr1_prof_PROCESSED.nc,ct182-970F-24,90,2025-03-03 02:10:00,-52.0298,72.092,True,False
/Volumes/Data/Work/SEALTAGS/Prydz/ct182/v5_20251106/PROCESSED/NC/ct182-970F-24_hr1_prof_PROCESSED.nc,ct182-970F-24,91,2025-03-03 13:30:00,-52.0634,72.1607,True,False
/Volumes/Data/Work/SEALTAGS/Prydz/ct182/v5_20251106/PROCESSED/NC/ct182-970F-24_hr1_prof_PROCESSED.nc,ct182-970F-24,92,2025-03-04 02:30:00,-51.8779,72.2879,True,False
/Volumes/Data/Work/SEALTAGS/Prydz/ct182/v5_20251106/PROCESSED/NC/ct182-970F-24_hr1_prof_PROCESSED.nc,ct182-970F-24,93,2025-03-04 13:40:00,-51.8022,72.2762,True,False
/Volumes/Data/Work/SEALTAGS/Prydz/ct182/v5_20251106/PROCESSED/NC/ct182-970F-24_hr1_prof_PROCESSED.nc,ct182-970F-24,94,2025-03-05 01:30:00,-51.9365,72.0149,True,False
/Volumes/Data/Work/SEALTAGS/Prydz/ct182/v5_20251106/PROCESSED/NC/ct182-970F-24_hr1_prof_PROCESSED.nc,ct182-970F-24,95,2025-03-05 13:20:00,-52.1177,72.1387,True,False
/Volumes/Data/Work/SEALTAGS/Prydz/ct182/v5_20251106/PROCESSED/NC/ct182-970F-24_hr1_prof_PROCESSED.nc,ct182-970F-24,96,2025-03-06 01:10:00,-51.9825,72.14,True,False
/Volumes/Data/Work/SEALTAGS/Prydz/ct182/v5_20251106/PROCESSED/NC/ct182-970F-24_hr1_prof_PROCESSED.nc,ct182-970F-24,97,2025-03-06 13:00:00,-52.0366,72.1253,True,False
/Volumes/Data/Work/SEALTAGS/Prydz/ct182/v5_20251106/PROCESSED/NC/ct182-970F-24_hr1_prof_PROCESSED.nc,ct182-970F-24,98,2025-03-07 01:20:00,-52.0651,72.1268,True,False
/Volumes/Data/Work/SEALTAGS/Prydz/ct182/v5_20251106/PROCESSED/NC/ct182-970F-24_hr1_prof_PROCESSED.nc,ct182-970F-24,99,2025-03-07 13:20:00,-52.0847,72.0878,True,False
/Volumes/Data/Work/SEALTAGS/Prydz/ct182/v5_20251106/PROCESSED/NC/ct182-970F-24_hr1_prof_PROCESSED.nc,ct182-970F-24,100,2025-03-08 02:10:00,-52.0713,72.1757,True,False
/Volumes/Data/Work/SEALTAGS/Prydz/ct182/v5_20251106/PROCESSED/NC/ct182-970F-24_hr1_prof_PROCESSED.nc,ct182-970F-24,101,2025-03-08 13:20:00,-52.0367,72.1263,True,False
/Volumes/Data/Work/SEALTAGS/Prydz/ct182/v5_20251106/PROCESSED/NC/ct182-970F-24_hr1_prof_PROCESSED.nc,ct182-970F-24,102,2025-03-09 01:20:00,-52.0523,72.209,True,False
/Volumes/Data/Work/SEALTAGS/Prydz/ct182/v5_20251106/PROCESSED/NC/ct182-970F-24_hr1_prof_PROCESSED.nc,ct182-970F-24,103,2025-03-09 13:30:00,-51.9829,72.0669,True,False
/Volumes/Data/Work/SEALTAGS/Prydz/ct182/v5_20251106/PROCESSED/NC/ct182-970F-24_hr1_prof_PROCESSED.nc,ct182-970F-24,104,2025-03-10 01:30:00,-52.0327,72.0738,True,False
/Volumes/Data/Work/SEALTAGS/Prydz/ct182/v5_20251106/PROCESSED/NC/ct182-970F-24_hr1_prof_PROCESSED.nc,ct182-970F-24,105,2025-03-10 13:10:00,-52.0517,72.0628,True,False
/Volumes/Data/Work/SEALTAGS/Prydz/ct182/v5_20251106/PROCESSED/NC/ct182-970F-24_hr1_prof_PROCESSED.nc,ct182-970F-24,106,2025-03-11 02:30:00,-52.0127,72.0113,True,False
/Volumes/Data/Work/SEALTAGS/Prydz/ct182/v5_20251106/PROCESSED/NC/ct182-970F-24_hr1_prof_PROCESSED.nc,ct182-970F-24,107,2025-03-11 13:20:00,-52.0946,72.1585,True,False
/Volumes/Data/Work/SEALTAGS/Prydz/ct182/v5_20251106/PROCESSED/NC/ct182-970F-24_hr1_prof_PROCESSED.nc,ct182-970F-24,108,2025-03-12 01:20:00,-52.0235,72.0905,True,False
/Volumes/Data/Work/SEALTAGS/Prydz/ct182/v5_20251106/PROCESSED/NC/ct182-970F-24_hr1_prof_PROCESSED.nc,ct182-970F-24,109,2025-03-12 13:40:00,-52.0201,72.2629,True,False
/Volumes/Data/Work/SEALTAGS/Prydz/ct182/v5_20251106/PROCESSED/NC/ct182-970F-24_hr1_prof_PROCESSED.nc,ct182-970F-24,110,2025-03-13 01:20:00,-52.0188,72.2021,True,False
/Volumes/Data/Work/SEALTAGS/Prydz/ct182/v5_20251106/PROCESSED/NC/ct182-970F-24_hr1_prof_PROCESSED.nc,ct182-970F-24,111,2025-03-13 13:10:00,-52.0357,72.1208,True,False
/Volumes/Data/Work/SEALTAGS/Prydz/ct182/v5_20251106/PROCESSED/NC/ct182-970F-24_hr1_prof_PROCESSED.nc,ct182-970F-24,112,2025-03-14 02:20:00,-52.0294,72.0176,True,False
/Volumes/Data/Work/SEALTAGS/Prydz/ct182/v5_20251106/PROCESSED/NC/ct182-970F-24_hr1_prof_PROCESSED.nc,ct182-970F-24,113,2025-03-14 13:20:00,-52.0537,72.1268,True,False
/Volumes/Data/Work/SEALTAGS/Prydz/ct182/v5_20251106/PROCESSED/NC/ct182-970F-24_hr1_prof_PROCESSED.nc,ct182-970F-24,114,2025-03-15 02:30:00,-52.0415,72.0727,True,False
/Volumes/Data/Work/SEALTAGS/Prydz/ct182/v5_20251106/PROCESSED/NC/ct182-970F-24_hr1_prof_PROCESSED.nc,ct182-970F-24,115,2025-03-15 14:20:00,-51.9324,72.0135,False,False
/Volumes/Data/Work/SEALTAGS/Prydz/ct182/v5_20251106/PROCESSED/NC/ct182-970F-24_hr1_prof_PROCESSED.nc,ct182-970F-24,116,2025-03-16 01:20:00,-52.0552,72.0896,True,False
/Volumes/Data/Work/SEALTAGS/Prydz/ct182/v5_20251106/PROCESSED/NC/ct182-970F-24_hr1_prof_PROCESSED.nc,ct182-970F-24,117,2025-03-16 13:30:00,-52.0635,72.112,True,False
/Volumes/Data/Work/SEALTAGS/Prydz/ct182/v5_20251106/PROCESSED/NC/ct182-970F-24_hr1_prof_PROCESSED.nc,ct182-970F-24,118,2025-03-17 01:10:00,-52.0007,72.1104,True,False
/Volumes/Data/Work/SEALTAGS/Prydz/ct182/v5_20251106/PROCESSED/NC/ct182-970F-24_hr1_prof_PROCESSED.nc,ct182-970F-24,119,2025-03-17 13:20:00,-52.005,72.1005,True,False
/Volumes/Data/Work/SEALTAGS/Prydz/ct182/v5_20251106/PROCESSED/NC/ct182-970F-24_hr1_prof_PROCESSED.nc,ct182-970F-24,120,2025-03-18 01:30:00,-52.1106,72.2387,True,False
/Volumes/Data/Work/SEALTAGS/Prydz/ct182/v5_20251106/PROCESSED/NC/ct182-970F-24_hr1_prof_PROCESSED.nc,ct182-970F-24,121,2025-03-18 13:10:00,-52.0355,72.034,True,False
/Volumes/Data/Work/SEALTAGS/Prydz/ct182/v5_20251106/PROCESSED/NC/ct182-970F-24_hr1_prof_PROCESSED.nc,ct182-970F-24,122,2025-03-19 02:30:00,-52.0141,72.1545,True,False
/Volumes/Data/Work/SEALTAGS/Prydz/ct182/v5_20251106/PROCESSED/NC/ct182-970F-24_hr1_prof_PROCESSED.nc,ct182-970F-24,123,2025-03-19 14:10:00,-51.9663,72.0794,False,False
/Volumes/Data/Work/SEALTAGS/Prydz/ct182/v5_20251106/PROCESSED/NC/ct182-970F-24_hr1_prof_PROCESSED.nc,ct182-970F-24,124,2025-03-20 01:20:00,-51.9101,72.0026,True,False
/Volumes/Data/Work/SEALTAGS/Prydz/ct182/v5_20251106/PROCESSED/NC/ct182-970F-24_hr1_prof_PROCESSED.nc,ct182-970F-24,125,2025-03-20 13:30:00,-51.9962,72.1916,False,False
/Volumes/Data/Work/SEALTAGS/Prydz/ct182/v5_20251106/PROCESSED/NC/ct182-970F-24_hr1_prof_PROCESSED.nc,ct182-970F-24,126,2025-03-21 01:40:00,-51.9883,72.2073,True,False
/Volumes/Data/Work/SEALTAGS/Prydz/ct182/v5_20251106/PROCESSED/NC/ct182-970F-24_hr1_prof_PROCESSED.nc,ct182-970F-24,127,2025-03-21 15:50:00,-52.0188,72.084,False,False
/Volumes/Data/Work/SEALTAGS/Prydz/ct182/v5_20251106/PROCESSED/NC/ct182-970F-24_hr1_prof_PROCESSED.nc,ct182-970F-24,128,2025-03-22 02:20:00,-51.9721,72.1321,True,False
/Volumes/Data/Work/SEALTAGS/Prydz/ct182/v5_20251106/PROCESSED/NC/ct182-970F-24_hr1_prof_PROCESSED.nc,ct182-970F-24,129,2025-03-22 14:30:00,-52.0315,72.1244,False,False
/Volumes/Data/Work/SEALTAGS/Prydz/ct182/v5_20251106/PROCESSED/NC/ct182-970F-24_hr1_prof_PROCESSED.nc,ct182-970F-24,130,2025-03-23 01:40:00,-51.9534,71.9347,True,False
/Volumes/Data/Work/SEALTAGS/Prydz/ct182/v5_20251106/PROCESSED/NC/ct182-970F-24_hr1_prof_PROCESSED.nc,ct182-970F-24,131,2025-03-23 13:10:00,-51.9886,72.0795,True,False
/Volumes/Data/Work/SEALTAGS/Prydz/ct182/v5_20251106/PROCESSED/NC/ct182-970F-24_hr1_prof_PROCESSED.nc,ct182-970F-24,132,2025-03-24 02:20:00,-51.9742,72.1954,True,False
/Volumes/Data/Work/SEALTAGS/Prydz/ct182/v5_20251106/PROCESSED/NC/ct182-970F-24_hr1_prof_PROCESSED.nc,ct182-970F-24,133,2025-03-24 14:10:00,-51.9534,72.2103,False,False
/Volumes/Data/Work/SEALTAGS/Prydz/ct182/v5_20251106/PROCESSED/NC/ct182-970F-24_hr1_prof_PROCESSED.nc,ct182-970F-24,134,2025-03-25 01:10:00,-51.9657,72.0756,False,False
/Volumes/Data/Work/SEALTAGS/Prydz/ct182/v5_20251106/PROCESSED/NC/ct182-970F-24_hr1_prof_PROCESSED.nc,ct182-970F-24,135,2025-03-25 13:40:00,-52.0525,72.0856,False,False
/Volumes/Data/Work/SEALTAGS/Prydz/ct182/v5_20251106/PROCESSED/NC/ct182-970F-24_hr1_prof_PROCESSED.nc,ct182-970F-24,136,2025-03-26 01:50:00,-52.0785,72.1104,True,False
/Volumes/Data/Work/SEALTAGS/Prydz/ct182/v5_20251106/PROCESSED/NC/ct182-970F-24_hr1_prof_PROCESSED.nc,ct182-970F-24,137,2025-03-26 13:20:00,-52.032,72.1867,False,False
/Volumes/Data/Work/SEALTAGS/Prydz/ct182/v5_20251106/PROCESSED/NC/ct182-970F-24_hr1_prof_PROCESSED.nc,ct182-970F-24,138,2025-03-27 01:10:00,-51.9801,72.1888,False,False
/Volumes/Data/Work/SEALTAGS/Prydz/ct182/v5_20251106/PROCESSED/NC/ct182-970F-24_hr1_prof_PROCESSED.nc,ct182-970F-24,139,2025-03-27 13:30:00,-52.0521,72.1844,False,False
/Volumes/Data/Work/SEALTAGS/Prydz/ct182/v5_20251106/PROCESSED/NC/ct182-970F-24_hr1_prof_PROCESSED.nc,ct182-970F-24,140,2025-03-28 01:50:00,-52.0587,72.0148,True,False
/Volumes/Data/Work/SEALTAGS/Prydz/ct182/v5_20251106/PROCESSED/NC/ct182-970F-24_hr1_prof_PROCESSED.nc,ct182-970F-24,141,2025-03-28 13:20:00,-52.0144,72.1121,False,False
/Volumes/Data/Work/SEALTAGS/Prydz/ct182/v5_20251106/PROCESSED/NC/ct182-970F-24_hr1_prof_PROCESSED.nc,ct182-970F-24,142,2025-03-29 02:40:00,-51.9749,72.1647,True,False
/Volumes/Data/Work/SEALTAGS/Prydz/ct182/v5_20251106/PROCESSED/NC/ct182-970F-24_hr1_prof_PROCESSED.nc,ct182-970F-24,143,2025-03-29 13:30:00,-52.0033,72.0771,False,False
/Volumes/Data/Work/SEALTAGS/Prydz/ct182/v5_20251106/PROCESSED/NC/ct182-970F-24_hr1_prof_PROCESSED.nc,ct182-970F-24,144,2025-03-30 01:10:00,-52.0305,72.0579,False,False
/Volumes/Data/Work/SEALTAGS/Prydz/ct182/v5_20251106/PROCESSED/NC/ct182-970F-24_hr1_prof_PROCESSED.nc,ct182-970F-24,145,2025-03-31 01:40:00,-51.9961,72.1361,True,False
/Volumes/Data/Work/SEALTAGS/Prydz/ct182/v5_20251106/PROCESSED/NC/ct182-970F-24_hr1_prof_PROCESSED.nc,ct182-970F-24,146,2025-04-01 03:10:00,-52.0144,72.0247,True,False
/Volumes/Data/Work/SEALTAGS/Prydz/ct182/v5_20251106/PROCESSED/NC/ct182-970F-24_hr1_prof_PROCESSED.nc,ct182-970F-24,147,2025-04-01 03:50:00,-52.016,72.0425,True,False
/Volumes/Data/Work/SEALTAGS/Prydz/ct182/v5_20251106/PROCESSED/NC/ct182-970F-24_hr1_prof_PROCESSED.nc,ct182-970F-24,148,2025-04-01 13:50:00,-52.0183,72.1439,False,False
/Volumes/Data/Work/SEALTAGS/Prydz/ct182/v5_20251106/PROCESSED/NC/ct182-970F-24_hr1_prof_PROCESSED.nc,ct182-970F-24,149,2025-04-02 03:10:00,-52.0282,72.1159,True,False
/Volumes/Data/Work/SEALTAGS/Prydz/ct182/v5_20251106/PROCESSED/NC/ct182-970F-24_hr1_prof_PROCESSED.nc,ct182-970F-24,150,2025-04-02 05:00:00,-51.9821,72.0604,True,False
/Volumes/Data/Work/SEALTAGS/Prydz/ct182/v5_20251106/PROCESSED/NC/ct182-970F-24_hr1_prof_PROCESSED.nc,ct182-970F-24,151,2025-04-02 14:30:00,-52.0032,72.1793,False,False
/Volumes/Data/Work/SEALTAGS/Prydz/ct182/v5_20251106/PROCESSED/NC/ct182-970F-24_hr1_prof_PROCESSED.nc,ct182-970F-24,152,2025-04-03 01:10:00,-52.0114,72.0418,False,False
/Volumes/Data/Work/SEALTAGS/Prydz/ct182/v5_20251106/PROCESSED/NC/ct182-970F-24_hr1_prof_PROCESSED.nc,ct182-970F-24,153,2025-04-03 13:40:00,-52.0116,72.055,False,False
/Volumes/Data/Work/SEALTAGS/Prydz/ct182/v5_20251106/PROCESSED/NC/ct182-970F-24_hr1_prof_PROCESSED.nc,ct182-970F-24,154,2025-04-04 01:30:00,-52.0446,72.0033,False,False
/Volumes/Data/Work/SEALTAGS/Prydz/ct182/v5_20251106/PROCESSED/NC/ct182-970F-24_hr1_prof_PROCESSED.nc,ct182-970F-24,155,2025-04-04 13:20:00,-52.0439,72.1233,False,False
/Volumes/Data/Work/SEALTAGS/Prydz/ct182/v5_20251106/PROCESSED/NC/ct182-970F-24_hr1_prof_PROCESSED.nc,ct182-970F-24,156,2025-04-05 01:10:00,-52.0301,72.2079,False,False
/Volumes/Data/Work/SEALTAGS/Prydz/ct182/v5_20251106/PROCESSED/NC/ct182-970F-24_hr1_prof_PROCESSED.nc,ct182-970F-24,157,2025-04-05 13:30:00,-52.1214,72.148,False,False
/Volumes/Data/Work/SEALTAGS/Prydz/ct182/v5_20251106/PROCESSED/NC/ct182-970F-24_hr1_prof_PROCESSED.nc,ct182-970F-24,158,2025-04-06 02:10:00,-51.9794,72.0578,True,False
/Volumes/Data/Work/SEALTAGS/Prydz/ct182/v5_20251106/PROCESSED/NC/ct182-970F-24_hr1_prof_PROCESSED.nc,ct182-970F-24,159,2025-04-06 14:10:00,-51.9245,72.3431,False,False
/Volumes/Data/Work/SEALTAGS/Prydz/ct182/v5_20251106/PROCESSED/NC/ct182-970F-24_hr1_prof_PROCESSED.nc,ct182-970F-24,160,2025-04-07 02:40:00,-51.7913,72.3856,True,False
/Volumes/Data/Work/SEALTAGS/Prydz/ct182/v5_20251106/PROCESSED/NC/ct182-970F-24_hr1_prof_PROCESSED.nc,ct182-970F-24,161,2025-04-07 13:30:00,-51.6914,72.299,False,False
/Volumes/Data/Work/SEALTAGS/Prydz/ct182/v5_20251106/PROCESSED/NC/ct182-970F-24_hr1_prof_PROCESSED.nc,ct182-970F-24,162,2025-04-08 02:10:00,-51.7932,72.1946,True,False
/Volumes/Data/Work/SEALTAGS/Prydz/ct182/v5_20251106/PROCESSED/NC/ct182-970F-24_hr1_prof_PROCESSED.nc,ct182-970F-24,163,2025-04-08 13:20:00,-51.7868,72.1982,False,False
/Volumes/Data/Work/SEALTAGS/Prydz/ct182/v5_20251106/PROCESSED/NC/ct182-970F-24_hr1_prof_PROCESSED.nc,ct182-970F-24,164,2025-04-09 01:40:00,-51.7841,72.3505,False,False
/Volumes/Data/Work/SEALTAGS/Prydz/ct182/v5_20251106/PROCESSED/NC/ct182-970F-24_hr1_prof_PROCESSED.nc,ct182-970F-24,165,2025-04-09 14:10:00,-51.6142,72.2812,False,False
/Volumes/Data/Work/SEALTAGS/Prydz/ct182/v5_20251106/PROCESSED/NC/ct182-970F-24_hr1_prof_PROCESSED.nc,ct182-970F-24,166,2025-04-10 01:10:00,-51.5208,72.2931,False,False
/Volumes/Data/Work/SEALTAGS/Prydz/ct182/v5_20251106/PROCESSED/NC/ct182-970F-24_hr1_prof_PROCESSED.nc,ct182-970F-24,167,2025-04-10 13:10:00,-51.575,72.14,False,False
/Volumes/Data/Work/SEALTAGS/Prydz/ct182/v5_20251106/PROCESSED/NC/ct182-970F-24_hr1_prof_PROCESSED.nc,ct182-970F-24,168,2025-04-11 01:40:00,-51.7022,72.1643,False,False
/Volumes/Data/Work/SEALTAGS/Prydz/ct182/v5_20251106/PROCESSED/NC/ct182-970F-24_hr1_prof_PROCESSED.nc,ct182-970F-24,169,2025-04-11 13:40:00,-51.7145,72.0607,False,False
/Volumes/Data/Work/SEALTAGS/Prydz/ct182/v5_20251106/PROCESSED/NC/ct182-970F-24_hr1_prof_PROCESSED.nc,ct182-970F-24,170,2025-04-12 01:50:00,-51.8576,71.95,False,False
/Volumes/Data/Work/SEALTAGS/Prydz/ct182/v5_20251106/PROCESSED/NC/ct182-970F-24_hr1_prof_PROCESSED.nc,ct182-970F-24,171,2025-04-12 13:10:00,-52.0116,71.8921,False,False
/Volumes/Data/Work/SEALTAGS/Prydz/ct182/v5_20251106/PROCESSED/NC/ct182-970F-24_hr1_prof_PROCESSED.nc,ct182-970F-24,172,2025-04-13 01:10:00,-51.9978,72.0858,False,False
/Volumes/Data/Work/SEALTAGS/Prydz/ct182/v5_20251106/PROCESSED/NC/ct182-970F-24_hr1_prof_PROCESSED.nc,ct182-970F-24,173,2025-04-13 07:00:00,-51.8655,71.9841,True,False
/Volumes/Data/Work/SEALTAGS/Prydz/ct182/v5_20251106/PROCESSED/NC/ct182-970F-24_hr1_prof_PROCESSED.nc,ct182-970F-24,174,2025-04-13 13:30:00,-51.8369,72.0632,False,False
/Volumes/Data/Work/SEALTAGS/Prydz/ct182/v5_20251106/PROCESSED/NC/ct182-970F-24_hr1_prof_PROCESSED.nc,ct182-970F-24,175,2025-04-14 04:10:00,-51.8831,72.023,True,False
/Volumes/Data/Work/SEALTAGS/Prydz/ct182/v5_20251106/PROCESSED/NC/ct182-970F-24_hr1_prof_PROCESSED.nc,ct182-970F-24,176,2025-04-14 12:40:00,-51.8347,71.949,False,False
/Volumes/Data/Work/SEALTAGS/Prydz/ct182/v5_20251106/PROCESSED/NC/ct182-970F-24_hr1_prof_PROCESSED.nc,ct182-970F-24,177,2025-04-15 02:50:00,-51.8,71.9801,True,False
/Volumes/Data/Work/SEALTAGS/Prydz/ct182/v5_20251106/PROCESSED/NC/ct182-970F-24_hr1_prof_PROCESSED.nc,ct182-970F-24,178,2025-04-15 12:40:00,-51.8446,72.0736,False,False
/Volumes/Data/Work/SEALTAGS/Prydz/ct182/v5_20251106/PROCESSED/NC/ct182-970F-24_hr1_prof_PROCESSED.nc,ct182-970F-24,179,2025-04-16 02:20:00,-51.8873,71.9641,True,False
/Volumes/Data/Work/SEALTAGS/Prydz/ct182/v5_20251106/PROCESSED/NC/ct182-970F-24_hr1_prof_PROCESSED.nc,ct182-970F-24,180,2025-04-16 03:10:00,-51.8506,71.908,True,False
/Volumes/Data/Work/SEALTAGS/Prydz/ct182/v5_20251106/PROCESSED/NC/ct182-970F-24_hr1_prof_PROCESSED.nc,ct182-970F-24,181,2025-04-16 13:10:00,-51.7104,71.8874,False,False
/Volumes/Data/Work/SEALTAGS/Prydz/ct182/v5_20251106/PROCESSED/NC/ct182-970F-24_hr1_prof_PROCESSED.nc,ct182-970F-24,182,2025-04-17 01:40:00,-51.7418,72.1088,False,False
/Volumes/Data/Work/SEALTAGS/Prydz/ct182/v5_20251106/PROCESSED/NC/ct182-970F-24_hr1_prof_PROCESSED.nc,ct182-970F-24,183,2025-04-17 10:20:00,-51.8437,71.8386,True,False
/Volumes/Data/Work/SEALTAGS/Prydz/ct182/v5_20251106/PROCESSED/NC/ct182-970F-24_hr1_prof_PROCESSED.nc,ct182-970F-24,184,2025-04-17 13:40:00,-51.8174,71.9251,False,False
/Volumes/Data/Work/SEALTAGS/Prydz/ct182/v5_20251106/PROCESSED/NC/ct182-970F-24_hr1_prof_PROCESSED.nc,ct182-970F-24,185,2025-04-18 00:10:00,-51.8312,72.0104,False,False
/Volumes/Data/Work/SEALTAGS/Prydz/ct182/v5_20251106/PROCESSED/NC/ct182-970F-24_hr1_prof_PROCESSED.nc,ct182-970F-24,186,2025-04-18 13:30:00,-51.7643,72.0028,False,False
/Volumes/Data/Work/SEALTAGS/Prydz/ct182/v5_20251106/PROCESSED/NC/ct182-970F-24_hr1_prof_PROCESSED.nc,ct182-970F-24,187,2025-04-19 01:40:00,-51.8582,71.9683,False,False
/Volumes/Data/Work/SEALTAGS/Prydz/ct182/v5_20251106/PROCESSED/NC/ct182-970F-24_hr1_prof_PROCESSED.nc,ct182-970F-24,188,2025-04-19 13:20:00,-51.9661,71.9928,False,False
/Volumes/Data/Work/SEALTAGS/Prydz/ct182/v5_20251106/PROCESSED/NC/ct182-970F-24_hr1_prof_PROCESSED.nc,ct182-970F-24,189,2025-04-20 01:10:00,-51.9175,71.979,False,False
/Volumes/Data/Work/SEALTAGS/Prydz/ct182/v5_20251106/PROCESSED/NC/ct182-970F-24_hr1_prof_PROCESSED.nc,ct182-970F-24,190,2025-04-20 13:20:00,-51.9897,71.9456,False,False
/Volumes/Data/Work/SEALTAGS/Prydz/ct182/v5_20251106/PROCESSED/NC/ct182-970F-24_hr1_prof_PROCESSED.nc,ct182-970F-24,191,2025-04-21 01:20:00,-51.9034,72.0076,False,False
/Volumes/Data/Work/SEALTAGS/Prydz/ct182/v5_20251106/PROCESSED/NC/ct182-970F-24_hr1_prof_PROCESSED.nc,ct182-970F-24,192,2025-04-21 07:40:00,-51.8217,71.88,True,False
/Volumes/Data/Work/SEALTAGS/Prydz/ct182/v5_20251106/PROCESSED/NC/ct182-970F-24_hr1_prof_PROCESSED.nc,ct182-970F-24,193,2025-04-21 13:40:00,-51.8885,71.9624,False,False
/Volumes/Data/Work/SEALTAGS/Prydz/ct182/v5_20251106/PROCESSED/NC/ct182-970F-24_hr1_prof_PROCESSED.nc,ct182-970F-24,194,2025-04-22 00:30:00,-51.8006,72.0728,False,False
/Volumes/Data/Work/SEALTAGS/Prydz/ct182/v5_20251106/PROCESSED/NC/ct182-970F-24_hr1_prof_PROCESSED.nc,ct182-970F-24,195,2025-04-22 13:30:00,-51.7602,72.0782,False,False
/Volumes/Data/Work/SEALTAGS/Prydz/ct182/v5_20251106/PROCESSED/NC/ct182-970F-24_hr1_prof_PROCESSED.nc,ct182-970F-24,196,2025-04-23 01:30:00,-51.7585,72.2846,False,False
/Volumes/Data/Work/SEALTAGS/Prydz/ct182/v5_20251106/PROCESSED/NC/ct182-970F-24_hr1_prof_PROCESSED.nc,ct182-970F-24,197,2025-04-23 13:30:00,-51.7892,72.2201,False,False
/Volumes/Data/Work/SEALTAGS/Prydz/ct182/v5_20251106/PROCESSED/NC/ct182-970F-24_hr1_prof_PROCESSED.nc,ct182-970F-24,198,2025-04-24 01:40:00,-51.7866,72.253,False,False
/Volumes/Data/Work/SEALTAGS/Prydz/ct182/v5_20251106/PROCESSED/NC/ct182-970F-24_hr1_prof_PROCESSED.nc,ct182-970F-24,199,2025-04-24 13:40:00,-51.6261,72.2069,False,False
/Volumes/Data/Work/SEALTAGS/Prydz/ct182/v5_20251106/PROCESSED/NC/ct182-970F-24_hr1_prof_PROCESSED.nc,ct182-970F-24,200,2025-04-25 03:20:00,-51.2133,72.0632,True,False
/Volumes/Data/Work/SEALTAGS/Prydz/ct182/v5_20251106/PROCESSED/NC/ct182-970F-24_hr1_prof_PROCESSED.nc,ct182-970F-24,201,2025-04-25 08:00:00,-51.069,71.9075,True,False
/Volumes/Data/Work/SEALTAGS/Prydz/ct182/v5_20251106/PROCESSED/NC/ct182-970F-24_hr1_prof_PROCESSED.nc,ct182-970F-24,202,2025-04-25 14:40:00,-50.8776,71.5939,False,False
/Volumes/Data/Work/SEALTAGS/Prydz/ct182/v5_20251106/PROCESSED/NC/ct182-970F-24_hr1_prof_PROCESSED.nc,ct182-970F-24,203,2025-04-26 14:10:00,-50.4457,70.9317,False,False
/Volumes/Data/Work/SEALTAGS/Prydz/ct182/v5_20251106/PROCESSED/NC/ct182-970F-24_hr1_prof_PROCESSED.nc,ct182-970F-24,204,2025-04-27 02:50:00,-50.2454,70.8473,True,False
/Volumes/Data/Work/SEALTAGS/Prydz/ct182/v5_20251106/PROCESSED/NC/ct182-970F-24_hr1_prof_PROCESSED.nc,ct182-970F-24,205,2025-04-27 14:20:00,-50.3442,70.9373,False,False
/Volumes/Data/Work/SEALTAGS/Prydz/ct182/v5_20251106/PROCESSED/NC/ct182-970F-24_hr1_prof_PROCESSED.nc,ct182-970F-24,206,2025-04-28 03:10:00,-49.998,70.6692,True,False
